{"type": "FeatureCollection", "features": [{"type": "Feature", "id": "BF-00001", "properties": {"id": "BF-00001", "layer": "BUILDING_FOOTPRINT", "building_type": "existing_retained", "area_sqm": 358.6, "source_id": "OSM-DERIVED-CORRIDOR-20260808", "source_type": "osm", "confidence": "medium", "geometry_role": "existing_condition"}, "geometry": {"type": "Polygon", "coordinates": [[[116.3482451, 39.9423432], [116.34832990000001, 39.9421055], [116.34818200000001, 39.9420745], [116.3480972, 39.9423122], [116.3482451, 39.9423432]]]}}, {"type": "Feature", "id": "BF-00002", "properties": {"id": "BF-00002", "layer": "BUILDING_FOOTPRINT", "building_type": "existing_retained", "area_sqm": 4949.8, "source_id": "OSM-DERIVED-CORRIDOR-20260808", "source_type": "osm", "confidence": "medium", "geometry_role": "existing_condition"}, "geometry": {"type": "Polygon", "coordinates": [[[116.33350000000002, 39.990465], [116.3335062, 39.9901513], [116.33350830000002, 39.990041399999996], [116.33282640000002, 39.99002660000001], [116.3328203, 39.9902591], [116.33320599999999, 39.990264200000006], [116.3331962, 39.9909368], [116.3327986, 39.99093], [116.3327904, 39.99116889999999], [116.3331161, 39.9911792], [116.3333916, 39.99118789999999], [116.3334873, 39.991112699999995], [116.33350000000002, 39.990465]]]}}, {"type": "Feature", "id": "BF-00003", "properties": {"id": "BF-00003", "layer": "BUILDING_FOOTPRINT", "building_type": "existing_retained", "area_sqm": 2741.1, "source_id": "OSM-DERIVED-CORRIDOR-20260808", "source_type": "osm", "confidence": "medium", "geometry_role": "existing_condition"}, "geometry": {"type": "Polygon", "coordinates": [[[116.33174790000001, 39.9922247], [116.33176867124007, 39.99159847405818], [116.33172298321152, 39.99159747252252], [116.33167640336477, 39.991596451418566], [116.33167634607918, 39.99159644799304], [116.33167628950608, 39.9915964402646], [116.33167623419043, 39.991596428307695], [116.3316761806651, 39.9915964122375], [116.33167612944573, 39.99159639220881], [116.33167608102568, 39.99159636841459], [116.33167603587137, 39.99159634108402], [116.3316759944178, 39.991596310480396], [116.33167595706429, 39.99159627689851], [116.33167592417067, 39.99159624066187], [116.3316758960538, 39.99159620211954], [116.33167587298452, 39.99159616164279], [116.33167585518504, 39.991596119621526], [116.33167584282688, 39.99159607646059], [116.33167583602905, 39.991596032575686], [116.33167583485702, 39.99159598838959], [116.3316766148142, 39.991575087080804], [116.33167906289962, 39.99150966085094], [116.33167906738299, 39.99150961670634], [116.33167907748151, 39.99150957311386], [116.33167909309746, 39.99150953049502], [116.33167911407995, 39.99150948926193], [116.33167914022602, 39.99150944981331], [116.33167917128283, 39.99150941253058], [116.33167920695013, 39.99150937777428], [116.33167924688301, 39.991509345880466], [116.33167929069533, 39.99150931715756], [116.33167933796344, 39.991509291883276], [116.3316793882303, 39.991509270302025], [116.33167944100983, 39.99150925262248], [116.33167949579165, 39.99150923901559], [116.3316795520461, 39.991509229612944], [116.33167960922918, 39.991509224505435], [116.33167966678796, 39.9915092237425], [116.33172596343299, 39.99151036205546], [116.33177155660152, 39.99151148305368], [116.3317895, 39.990970499999996], [116.3315576, 39.99096099999999], [116.33150729999998, 39.99221909999999], [116.33174790000001, 39.9922247]]]}}, {"type": "Feature", "id": "BF-00004", "properties": {"id": "BF-00004", "layer": "BUILDING_FOOTPRINT", "building_type": "existing_retained", "area_sqm": 3568.1, "source_id": "OSM-DERIVED-CORRIDOR-20260808", "source_type": "osm", "confidence": "medium", "geometry_role": "existing_condition"}, "geometry": {"type": "MultiPolygon", "coordinates": [[[[116.3340411, 39.97529310000001], [116.3340547083344, 39.97521672821857], [116.33389060861889, 39.97521505048025], [116.33383929856663, 39.97521452584395], [116.33383924031035, 39.975214523008596], [116.33383918271086, 39.97521451572287], [116.33383912634115, 39.97521450405924], [116.33383907176187, 39.97521448813372], [116.33383901951596, 39.97521446810471], [116.33383897012304, 39.975214444171456], [116.33383892407447, 39.97521441657199], [116.33383888182826, 39.97521438558085], [116.3338388438046, 39.9752143515063], [116.33383881038169, 39.975214314687285], [116.33383878189207, 39.975214275490025], [116.33383875861901, 39.97521423430438], [116.33383874079408, 39.975214191540054], [116.33383872859454, 39.9752141476224], [116.33383872214179, 39.975214102988254], [116.33383872149993, 39.975214058081555], [116.3338387266754, 39.975214013349024], [116.33384444535399, 39.97518248833588], [116.33385142033131, 39.97514403775933], [116.33385619059337, 39.975117763968896], [116.33373874767405, 39.97511840865431], [116.33361880000001, 39.975842500000006], [116.33393899999999, 39.9758742], [116.3340411, 39.97529310000001]]], [[[116.3341151, 39.97487779999999], [116.3341701, 39.9745566], [116.33383630000002, 39.974529499999996], [116.33374460794573, 39.97508303138099], [116.33386384835812, 39.975075586260985], [116.33386973143274, 39.97504318321736], [116.33388558619677, 39.97495585752606], [116.33388559729454, 39.97495581294128], [116.33388561417058, 39.97495576944274], [116.33388563665339, 39.974955727472455], [116.33388566451453, 39.97495568745701], [116.33388569747073, 39.97495564980309], [116.33388573518715, 39.97495561489334], [116.33388577728044, 39.97495558308258], [116.33388582332284, 39.974955554694084], [116.33388587284637, 39.97495553001639], [116.33388592534776, 39.974955509300244], [116.33388598029342, 39.97495549275625], [116.33388603712494, 39.974955480552495], [116.33388609526473, 39.97495547281305], [116.33388615412193, 39.974955469616525], [116.333934712635, 39.974954720581394], [116.33410185344408, 39.97495214220966], [116.3341151, 39.97487779999999]]]]}}, {"type": "Feature", "id": "BF-00005", "properties": {"id": "BF-00005", "layer": "BUILDING_FOOTPRINT", "building_type": "existing_retained", "area_sqm": 2728.1, "source_id": "OSM-DERIVED-CORRIDOR-20260808", "source_type": "osm", "confidence": "medium", "geometry_role": "existing_condition"}, "geometry": {"type": "Polygon", "coordinates": [[[116.33906930000002, 39.9658279], [116.33920110000001, 39.96471630000001], [116.3389446, 39.964698399999996], [116.33892660000001, 39.9648504], [116.33882669999998, 39.96569160000001], [116.3388127, 39.96581010000001], [116.33906930000002, 39.9658279]]]}}, {"type": "Feature", "id": "BF-00006", "properties": {"id": "BF-00006", "layer": "BUILDING_FOOTPRINT", "building_type": "existing_retained", "area_sqm": 6625.8, "source_id": "OSM-DERIVED-CORRIDOR-20260808", "source_type": "osm", "confidence": "medium", "geometry_role": "existing_condition"}, "geometry": {"type": "Polygon", "coordinates": [[[116.34210539999998, 39.982772999999995], [116.3421085, 39.9826856], [116.34215780000001, 39.9826866], [116.34215159999998, 39.982865999999994], [116.34297480000001, 39.9828828], [116.3429776, 39.9828005], [116.34300159999998, 39.9823818], [116.3431598, 39.98238429999999], [116.343158, 39.98229069999999], [116.34316599999998, 39.9822193], [116.342634, 39.982207900000006], [116.3420671, 39.98219580000001], [116.3420653, 39.9822483], [116.3419476, 39.9822459], [116.34192949999999, 39.9827694], [116.34210539999998, 39.982772999999995]]]}}, {"type": "Feature", "id": "BF-00007", "properties": {"id": "BF-00007", "layer": "BUILDING_FOOTPRINT", "building_type": "existing_retained", "area_sqm": 1081.8, "source_id": "OSM-DERIVED-CORRIDOR-20260808", "source_type": "osm", "confidence": "medium", "geometry_role": "existing_condition"}, "geometry": {"type": "Polygon", "coordinates": [[[116.3386963, 39.98019519999999], [116.33908850000002, 39.980206899999985], [116.3390973, 39.9800625], [116.33831519999998, 39.98003469999999], [116.3383064, 39.9801791], [116.3386963, 39.98019519999999]]]}}, {"type": "Feature", "id": "BF-00008", "properties": {"id": "BF-00008", "layer": "BUILDING_FOOTPRINT", "building_type": "existing_retained", "area_sqm": 960.0, "source_id": "OSM-DERIVED-CORRIDOR-20260808", "source_type": "osm", "confidence": "medium", "geometry_role": "existing_condition"}, "geometry": {"type": "Polygon", "coordinates": [[[116.3468716, 39.94182620000001], [116.3469485, 39.9416447], [116.34648412405902, 39.94155172450184], [116.34642966881283, 39.94169330734909], [116.34640774128586, 39.941779651566584], [116.3468716, 39.94182620000001]]]}}, {"type": "Feature", "id": "BF-00009", "properties": {"id": "BF-00009", "layer": "BUILDING_FOOTPRINT", "building_type": "existing_retained", "area_sqm": 883.2, "source_id": "OSM-DERIVED-CORRIDOR-20260808", "source_type": "osm", "confidence": "medium", "geometry_role": "existing_condition"}, "geometry": {"type": "Polygon", "coordinates": [[[116.3517909, 39.9452051], [116.3523294, 39.94520849999999], [116.35233050000001, 39.9450365], [116.3517896, 39.94503219999999], [116.3517909, 39.9452051]]]}}, {"type": "Feature", "id": "BF-00010", "properties": {"id": "BF-00010", "layer": "BUILDING_FOOTPRINT", "building_type": "existing_retained", "area_sqm": 601.8, "source_id": "OSM-DERIVED-CORRIDOR-20260808", "source_type": "osm", "confidence": "medium", "geometry_role": "existing_condition"}, "geometry": {"type": "Polygon", "coordinates": [[[116.35291459999999, 39.945033299999984], [116.3525499, 39.9450333], [116.3525524, 39.94520769999998], [116.35291099999999, 39.9452096], [116.35291459999999, 39.945033299999984]]]}}, {"type": "Feature", "id": "BF-00011", "properties": {"id": "BF-00011", "layer": "BUILDING_FOOTPRINT", "building_type": "existing_retained", "area_sqm": 2981.0, "source_id": "OSM-DERIVED-CORRIDOR-20260808", "source_type": "osm", "confidence": "medium", "geometry_role": "existing_condition"}, "geometry": {"type": "Polygon", "coordinates": [[[116.3513634, 39.94608000000001], [116.35333520000002, 39.94605839999999], [116.353337, 39.9459054], [116.3513613, 39.945914699999996], [116.3513634, 39.94608000000001]]]}}, {"type": "Feature", "id": "BF-00012", "properties": {"id": "BF-00012", "layer": "BUILDING_FOOTPRINT", "building_type": "existing_retained", "area_sqm": 7706.3, "source_id": "OSM-DERIVED-CORRIDOR-20260808", "source_type": "osm", "confidence": "medium", "geometry_role": "existing_condition"}, "geometry": {"type": "Polygon", "coordinates": [[[116.3539922, 39.94497799999999], [116.3549461, 39.9452503], [116.3548547, 39.9453339], [116.3546858, 39.9454911], [116.3536886, 39.9452098], [116.3536225, 39.9453499], [116.35454520000002, 39.9456129], [116.35432989999998, 39.94582669999999], [116.3536258, 39.94563380000001], [116.35363260000001, 39.94594430000001], [116.3537492, 39.94594049999999], [116.35374050000001, 39.9457958], [116.3543743, 39.945968], [116.3550098, 39.945376800000005], [116.35558159999998, 39.944843899999995], [116.35440000000001, 39.9445114], [116.3543336, 39.9446534], [116.35529319999999, 39.9449184], [116.3550835, 39.94511239999999], [116.35406280000001, 39.9448313], [116.3539922, 39.94497799999999]]]}}, {"type": "Feature", "id": "BF-00013", "properties": {"id": "BF-00013", "layer": "BUILDING_FOOTPRINT", "building_type": "existing_retained", "area_sqm": 1028.7, "source_id": "OSM-DERIVED-CORRIDOR-20260808", "source_type": "osm", "confidence": "medium", "geometry_role": "existing_condition"}, "geometry": {"type": "Polygon", "coordinates": [[[116.3532021, 39.9447596], [116.3538265, 39.944938], [116.3539033, 39.9447864], [116.35327880000001, 39.9446079], [116.3532021, 39.9447596]]]}}, {"type": "Feature", "id": "BF-00014", "properties": {"id": "BF-00014", "layer": "BUILDING_FOOTPRINT", "building_type": "existing_retained", "area_sqm": 1219.9, "source_id": "OSM-DERIVED-CORRIDOR-20260808", "source_type": "osm", "confidence": "medium", "geometry_role": "existing_condition"}, "geometry": {"type": "Polygon", "coordinates": [[[116.35330570000002, 39.944358099999995], [116.35414299999998, 39.9445963], [116.35420830000001, 39.9444614], [116.35337099999998, 39.9442231], [116.35330570000002, 39.944358099999995]]]}}, {"type": "Feature", "id": "BF-00015", "properties": {"id": "BF-00015", "layer": "BUILDING_FOOTPRINT", "building_type": "existing_retained", "area_sqm": 1168.7, "source_id": "OSM-DERIVED-CORRIDOR-20260808", "source_type": "osm", "confidence": "medium", "geometry_role": "existing_condition"}, "geometry": {"type": "Polygon", "coordinates": [[[116.35223419999998, 39.94540030000001], [116.35149780000002, 39.945396800000005], [116.3514974, 39.94556479999999], [116.3522314, 39.9455673], [116.35223419999998, 39.94540030000001]]]}}, {"type": "Feature", "id": "BF-00016", "properties": {"id": "BF-00016", "layer": "BUILDING_FOOTPRINT", "building_type": "existing_retained", "area_sqm": 830.8, "source_id": "OSM-DERIVED-CORRIDOR-20260808", "source_type": "osm", "confidence": "medium", "geometry_role": "existing_condition"}, "geometry": {"type": "Polygon", "coordinates": [[[116.3526642, 39.945569500000005], [116.3531704, 39.9455719], [116.353171, 39.9453991], [116.3526631, 39.945397], [116.3526642, 39.945569500000005]]]}}, {"type": "Feature", "id": "BF-00017", "properties": {"id": "BF-00017", "layer": "BUILDING_FOOTPRINT", "building_type": "existing_retained", "area_sqm": 140.9, "source_id": "OSM-DERIVED-CORRIDOR-20260808", "source_type": "osm", "confidence": "medium", "geometry_role": "existing_condition"}, "geometry": {"type": "Polygon", "coordinates": [[[116.33350249999998, 39.981339600000005], [116.33351170000002, 39.98126709999999], [116.3333087, 39.9812519], [116.3332995, 39.981324400000005], [116.33350249999998, 39.981339600000005]]]}}, {"type": "Feature", "id": "BF-00018", "properties": {"id": "BF-00018", "layer": "BUILDING_FOOTPRINT", "building_type": "existing_retained", "area_sqm": 420.5, "source_id": "OSM-DERIVED-CORRIDOR-20260808", "source_type": "osm", "confidence": "medium", "geometry_role": "existing_condition"}, "geometry": {"type": "Polygon", "coordinates": [[[116.3336283, 39.98134900000001], [116.3336778, 39.9809607], [116.3335647, 39.9809523], [116.3335152, 39.98134060000001], [116.3336283, 39.98134900000001]]]}}, {"type": "Feature", "id": "BF-00019", "properties": {"id": "BF-00019", "layer": "BUILDING_FOOTPRINT", "building_type": "existing_retained", "area_sqm": 715.9, "source_id": "OSM-DERIVED-CORRIDOR-20260808", "source_type": "osm", "confidence": "medium", "geometry_role": "existing_condition"}, "geometry": {"type": "Polygon", "coordinates": [[[116.3336229, 39.9816087], [116.3336521, 39.98139629999999], [116.3336309, 39.9813946], [116.3333007, 39.98136790000001], [116.33327149999998, 39.98158039999999], [116.3336229, 39.9816087]]]}}, {"type": "Feature", "id": "BF-00020", "properties": {"id": "BF-00020", "layer": "BUILDING_FOOTPRINT", "building_type": "existing_retained", "area_sqm": 448.0, "source_id": "OSM-DERIVED-CORRIDOR-20260808", "source_type": "osm", "confidence": "medium", "geometry_role": "existing_condition"}, "geometry": {"type": "Polygon", "coordinates": [[[116.3334707, 39.9857057], [116.33347150000002, 39.9856449], [116.3335185, 39.985645299999995], [116.3335199, 39.985542499999994], [116.3332137, 39.98554010000001], [116.3332115, 39.9857037], [116.3334707, 39.9857057]]]}}, {"type": "Feature", "id": "BF-00021", "properties": {"id": "BF-00021", "layer": "BUILDING_FOOTPRINT", "building_type": "existing_retained", "area_sqm": 430.9, "source_id": "OSM-DERIVED-CORRIDOR-20260808", "source_type": "osm", "confidence": "medium", "geometry_role": "existing_condition"}, "geometry": {"type": "Polygon", "coordinates": [[[116.33594880000001, 39.98573879999999], [116.33579949999998, 39.9857367], [116.33579229999998, 39.986040999999986], [116.3359415, 39.9860431], [116.33594880000001, 39.98573879999999]]]}}, {"type": "Feature", "id": "BF-00022", "properties": {"id": "BF-00022", "layer": "BUILDING_FOOTPRINT", "building_type": "existing_retained", "area_sqm": 897.1, "source_id": "OSM-DERIVED-CORRIDOR-20260808", "source_type": "osm", "confidence": "medium", "geometry_role": "existing_condition"}, "geometry": {"type": "Polygon", "coordinates": [[[116.3362734, 39.9857577], [116.3370914, 39.9857788], [116.3370965, 39.98566329999999], [116.33627850000002, 39.98564220000001], [116.3362734, 39.9857577]]]}}, {"type": "Feature", "id": "BF-00023", "properties": {"id": "BF-00023", "layer": "BUILDING_FOOTPRINT", "building_type": "existing_retained", "area_sqm": 442.6, "source_id": "OSM-DERIVED-CORRIDOR-20260808", "source_type": "osm", "confidence": "medium", "geometry_role": "existing_condition"}, "geometry": {"type": "Polygon", "coordinates": [[[116.3350966, 39.985821], [116.335282, 39.985692199999995], [116.3351185, 39.985554099999995], [116.3349331, 39.98568289999999], [116.3350966, 39.985821]]]}}, {"type": "Feature", "id": "BF-00024", "properties": {"id": "BF-00024", "layer": "BUILDING_FOOTPRINT", "building_type": "existing_retained", "area_sqm": 1355.2, "source_id": "OSM-DERIVED-CORRIDOR-20260808", "source_type": "osm", "confidence": "medium", "geometry_role": "existing_condition"}, "geometry": {"type": "Polygon", "coordinates": [[[116.3357005, 39.986093], [116.33571210000001, 39.985832499999994], [116.33564990000002, 39.985831199999986], [116.3356516, 39.9856908], [116.3355787, 39.98563479999999], [116.335447, 39.98563330000001], [116.33544500000002, 39.9857571], [116.33547569999999, 39.98578479999998], [116.33549310000001, 39.985819899999996], [116.3354933, 39.9858458], [116.3354804, 39.985876600000005], [116.3354516, 39.985898199999994], [116.33541930000001, 39.985910700000005], [116.33538380000002, 39.9859179], [116.3353498, 39.98591619999999], [116.33532059999999, 39.9859056], [116.33530319999998, 39.9858844], [116.33522640000001, 39.985884399999996], [116.33522750000002, 39.986089299999996], [116.3357005, 39.986093]]]}}, {"type": "Feature", "id": "BF-00025", "properties": {"id": "BF-00025", "layer": "BUILDING_FOOTPRINT", "building_type": "existing_retained", "area_sqm": 951.7, "source_id": "OSM-DERIVED-CORRIDOR-20260808", "source_type": "osm", "confidence": "medium", "geometry_role": "existing_condition"}, "geometry": {"type": "Polygon", "coordinates": [[[116.338684, 39.98595420000001], [116.3386923, 39.9857858], [116.33809730000002, 39.9857686], [116.338089, 39.985937], [116.338684, 39.98595420000001]]]}}, {"type": "Feature", "id": "BF-00026", "properties": {"id": "BF-00026", "layer": "BUILDING_FOOTPRINT", "building_type": "existing_retained", "area_sqm": 1616.3, "source_id": "OSM-DERIVED-CORRIDOR-20260808", "source_type": "osm", "confidence": "medium", "geometry_role": "existing_condition"}, "geometry": {"type": "Polygon", "coordinates": [[[116.3389979, 39.98596469999999], [116.33969, 39.9859748], [116.33969610000001, 39.985728699999996], [116.33900399999999, 39.98571849999998], [116.3389979, 39.98596469999999]]]}}, {"type": "Feature", "id": "BF-00027", "properties": {"id": "BF-00027", "layer": "BUILDING_FOOTPRINT", "building_type": "existing_retained", "area_sqm": 3759.9, "source_id": "OSM-DERIVED-CORRIDOR-20260808", "source_type": "osm", "confidence": "medium", "geometry_role": "existing_condition"}, "geometry": {"type": "Polygon", "coordinates": [[[116.34313019999999, 39.986645799999984], [116.3431516, 39.9860846], [116.3424458, 39.9860688], [116.3424244, 39.98662999999999], [116.34313019999999, 39.986645799999984]]]}}, {"type": "Feature", "id": "BF-00028", "properties": {"id": "BF-00028", "layer": "BUILDING_FOOTPRINT", "building_type": "existing_retained", "area_sqm": 4282.9, "source_id": "OSM-DERIVED-CORRIDOR-20260808", "source_type": "osm", "confidence": "medium", "geometry_role": "existing_condition"}, "geometry": {"type": "Polygon", "coordinates": [[[116.3383101, 39.976103599999995], [116.338348, 39.976207399999986], [116.33852120000002, 39.976313700000006], [116.3387197, 39.976374], [116.3387268, 39.97637489999999], [116.33873549999998, 39.97637610000001], [116.3388046, 39.97638519999999], [116.3388343, 39.9763891], [116.33886150000001, 39.97639259999999], [116.3388914, 39.97639650000001], [116.33894030000002, 39.976403], [116.3389924, 39.9764033], [116.339008, 39.9764034], [116.33906280000001, 39.976403700000006], [116.33913390000001, 39.976404099999996], [116.33921630000002, 39.97640449999999], [116.339218, 39.97632320000001], [116.3392192, 39.97626799999999], [116.3392204, 39.97620920000001], [116.3392217, 39.9761478], [116.3392286, 39.9758183], [116.3387008, 39.9758163], [116.3386315, 39.975839], [116.33850860000001, 39.975879099999986], [116.33835430000002, 39.975990100000004], [116.3383101, 39.976103599999995]]]}}, {"type": "Feature", "id": "BF-00029", "properties": {"id": "BF-00029", "layer": "BUILDING_FOOTPRINT", "building_type": "existing_retained", "area_sqm": 344.4, "source_id": "OSM-DERIVED-CORRIDOR-20260808", "source_type": "osm", "confidence": "medium", "geometry_role": "existing_condition"}, "geometry": {"type": "Polygon", "coordinates": [[[116.3355748, 39.97637379999999], [116.3357168, 39.976194699999986], [116.3356376, 39.9761124], [116.33555990000002, 39.97617060000001], [116.33546910000001, 39.976277599999996], [116.33543360000002, 39.9763403], [116.3355748, 39.97637379999999]]]}}, {"type": "Feature", "id": "BF-00030", "properties": {"id": "BF-00030", "layer": "BUILDING_FOOTPRINT", "building_type": "existing_retained", "area_sqm": 379.6, "source_id": "OSM-DERIVED-CORRIDOR-20260808", "source_type": "osm", "confidence": "medium", "geometry_role": "existing_condition"}, "geometry": {"type": "Polygon", "coordinates": [[[116.33372359999998, 39.974753899999996], [116.33373919999998, 39.97475360000001], [116.3337393, 39.974659599999995], [116.3337943, 39.974660099999994], [116.3338096, 39.974564300000004], [116.3335563, 39.9745641], [116.33356270000002, 39.974753], [116.33372359999998, 39.974753899999996]]]}}, {"type": "Feature", "id": "BF-00031", "properties": {"id": "BF-00031", "layer": "BUILDING_FOOTPRINT", "building_type": "existing_retained", "area_sqm": 1383.5, "source_id": "OSM-DERIVED-CORRIDOR-20260808", "source_type": "osm", "confidence": "medium", "geometry_role": "existing_condition"}, "geometry": {"type": "Polygon", "coordinates": [[[116.3471756, 39.9456013], [116.34737040000002, 39.9449836], [116.3471474, 39.9449423], [116.34695259999998, 39.9455599], [116.3471756, 39.9456013]]]}}, {"type": "Feature", "id": "BF-00032", "properties": {"id": "BF-00032", "layer": "BUILDING_FOOTPRINT", "building_type": "existing_retained", "area_sqm": 3423.1, "source_id": "OSM-DERIVED-CORRIDOR-20260808", "source_type": "osm", "confidence": "medium", "geometry_role": "existing_condition"}, "geometry": {"type": "Polygon", "coordinates": [[[116.34225659999998, 39.97943909999999], [116.34263909999999, 39.97945429999999], [116.3426854, 39.97877149999999], [116.3421583, 39.97875049999998], [116.342112, 39.9794333], [116.34225659999998, 39.97943909999999]]]}}, {"type": "Feature", "id": "BF-00033", "properties": {"id": "BF-00033", "layer": "BUILDING_FOOTPRINT", "building_type": "existing_retained", "area_sqm": 1478.4, "source_id": "OSM-DERIVED-CORRIDOR-20260808", "source_type": "osm", "confidence": "medium", "geometry_role": "existing_condition"}, "geometry": {"type": "Polygon", "coordinates": [[[116.332789, 39.9982821], [116.332802, 39.99791090000001], [116.33238230000002, 39.99790229999999], [116.33236929999998, 39.998273499999996], [116.332789, 39.9982821]]]}}, {"type": "Feature", "id": "BF-00034", "properties": {"id": "BF-00034", "layer": "BUILDING_FOOTPRINT", "building_type": "existing_retained", "area_sqm": 1489.8, "source_id": "OSM-DERIVED-CORRIDOR-20260808", "source_type": "osm", "confidence": "medium", "geometry_role": "existing_condition"}, "geometry": {"type": "Polygon", "coordinates": [[[116.333354, 39.99871160000001], [116.3333655, 39.99839469999999], [116.3328701, 39.9983842], [116.33285860000001, 39.99870109999999], [116.333354, 39.99871160000001]]]}}, {"type": "Feature", "id": "BF-00035", "properties": {"id": "BF-00035", "layer": "BUILDING_FOOTPRINT", "building_type": "existing_retained", "area_sqm": 852.0, "source_id": "OSM-DERIVED-CORRIDOR-20260808", "source_type": "osm", "confidence": "medium", "geometry_role": "existing_condition"}, "geometry": {"type": "Polygon", "coordinates": [[[116.33899820000002, 40.00065819999999], [116.338999, 40.0005078], [116.33841020000001, 40.00048790000001], [116.33839919999998, 40.00063970000001], [116.33899820000002, 40.00065819999999]]]}}, {"type": "Feature", "id": "BF-00036", "properties": {"id": "BF-00036", "layer": "BUILDING_FOOTPRINT", "building_type": "existing_retained", "area_sqm": 1393.6, "source_id": "OSM-DERIVED-CORRIDOR-20260808", "source_type": "osm", "confidence": "medium", "geometry_role": "existing_condition"}, "geometry": {"type": "Polygon", "coordinates": [[[116.3397567, 40.0006841], [116.3399576, 40.000695500000006], [116.33996830000001, 40.00048189999998], [116.3398825, 40.000412000000004], [116.33962500000001, 40.00042019999999], [116.33951229999998, 40.0005147], [116.33929769999999, 40.0005106], [116.33929380000001, 40.0006664], [116.3397567, 40.0006841]]]}}, {"type": "Feature", "id": "BF-00037", "properties": {"id": "BF-00037", "layer": "BUILDING_FOOTPRINT", "building_type": "existing_retained", "area_sqm": 314.0, "source_id": "OSM-DERIVED-CORRIDOR-20260808", "source_type": "osm", "confidence": "medium", "geometry_role": "existing_condition"}, "geometry": {"type": "Polygon", "coordinates": [[[116.33915570000002, 39.99979149999999], [116.33915819999999, 39.9997053], [116.33876670000001, 39.99970520000001], [116.3387694, 39.9997893], [116.33915570000002, 39.99979149999999]]]}}, {"type": "Feature", "id": "BF-00038", "properties": {"id": "BF-00038", "layer": "BUILDING_FOOTPRINT", "building_type": "existing_retained", "area_sqm": 1855.5, "source_id": "OSM-DERIVED-CORRIDOR-20260808", "source_type": "osm", "confidence": "medium", "geometry_role": "existing_condition"}, "geometry": {"type": "Polygon", "coordinates": [[[116.3403133, 40.0004093], [116.34032700000002, 40.0003366], [116.34108820000002, 40.00036659999999], [116.3410941, 40.00046809999999], [116.34125500000002, 40.0004681], [116.3412545, 40.00020630000001], [116.34019290000002, 40.0001804], [116.34018219999999, 40.000410599999995], [116.3403133, 40.0004093]]]}}, {"type": "Feature", "id": "BF-00039", "properties": {"id": "BF-00039", "layer": "BUILDING_FOOTPRINT", "building_type": "existing_retained", "area_sqm": 668.6, "source_id": "OSM-DERIVED-CORRIDOR-20260808", "source_type": "osm", "confidence": "medium", "geometry_role": "existing_condition"}, "geometry": {"type": "Polygon", "coordinates": [[[116.3412958, 39.999878700000004], [116.3413066, 39.999682500000006], [116.34094449999999, 39.9996743], [116.34093760000002, 39.9998692], [116.3412958, 39.999878700000004]]]}}, {"type": "Feature", "id": "BF-00040", "properties": {"id": "BF-00040", "layer": "BUILDING_FOOTPRINT", "building_type": "existing_retained", "area_sqm": 1694.2, "source_id": "OSM-DERIVED-CORRIDOR-20260808", "source_type": "osm", "confidence": "medium", "geometry_role": "existing_condition"}, "geometry": {"type": "Polygon", "coordinates": [[[116.3412096, 40.0010867], [116.3412096, 40.0007991], [116.3410213, 40.0008046], [116.340995, 40.0009347], [116.3405498, 40.0009388], [116.3405444, 40.000790900000005], [116.3403566, 40.0007867], [116.3403405, 40.00107029999999], [116.3412096, 40.0010867]]]}}, {"type": "Feature", "id": "BF-00041", "properties": {"id": "BF-00041", "layer": "BUILDING_FOOTPRINT", "building_type": "existing_retained", "area_sqm": 1740.5, "source_id": "OSM-DERIVED-CORRIDOR-20260808", "source_type": "osm", "confidence": "medium", "geometry_role": "existing_condition"}, "geometry": {"type": "Polygon", "coordinates": [[[116.3372826, 40.00030970000001], [116.3372891, 40.0002065], [116.3380777, 40.000214699999994], [116.3380777, 40.0002969], [116.3382118, 40.00029690000001], [116.3382172, 40.00007500000001], [116.33716579999998, 40.000046299999994], [116.33714430000002, 40.0003052], [116.3372826, 40.00030970000001]]]}}, {"type": "Feature", "id": "BF-00042", "properties": {"id": "BF-00042", "layer": "BUILDING_FOOTPRINT", "building_type": "existing_retained", "area_sqm": 1734.0, "source_id": "OSM-DERIVED-CORRIDOR-20260808", "source_type": "osm", "confidence": "medium", "geometry_role": "existing_condition"}, "geometry": {"type": "Polygon", "coordinates": [[[116.3379867, 40.00099529999999], [116.33798840000001, 40.000717499999986], [116.3377854, 40.00071199999999], [116.3377746, 40.0008434], [116.3373294, 40.0008352], [116.337324, 40.0006996], [116.3371355, 40.000697], [116.3371202, 40.00098319999999], [116.3379867, 40.00099529999999]]]}}, {"type": "Feature", "id": "BF-00043", "properties": {"id": "BF-00043", "layer": "BUILDING_FOOTPRINT", "building_type": "existing_retained", "area_sqm": 6930.6, "source_id": "OSM-DERIVED-CORRIDOR-20260808", "source_type": "osm", "confidence": "medium", "geometry_role": "existing_condition"}, "geometry": {"type": "Polygon", "coordinates": [[[116.34244880000001, 40.0057503], [116.34245720000001, 40.005310300000005], [116.3420997, 40.00530830000001], [116.3420979, 40.0054937], [116.34048790000001, 40.00548479999999], [116.3404897, 40.0053002], [116.34012220000001, 40.0052982], [116.340118, 40.00574009999999], [116.34244880000001, 40.0057503]]]}}, {"type": "Feature", "id": "BF-00044", "properties": {"id": "BF-00044", "layer": "BUILDING_FOOTPRINT", "building_type": "existing_retained", "area_sqm": 784.1, "source_id": "OSM-DERIVED-CORRIDOR-20260808", "source_type": "osm", "confidence": "medium", "geometry_role": "existing_condition"}, "geometry": {"type": "Polygon", "coordinates": [[[116.34238220000002, 40.005208399999994], [116.3423776, 40.0049046], [116.34210539999998, 40.004907100000004], [116.34211, 40.00521080000001], [116.34238220000002, 40.005208399999994]]]}}, {"type": "Feature", "id": "BF-00045", "properties": {"id": "BF-00045", "layer": "BUILDING_FOOTPRINT", "building_type": "existing_retained", "area_sqm": 800.3, "source_id": "OSM-DERIVED-CORRIDOR-20260808", "source_type": "osm", "confidence": "medium", "geometry_role": "existing_condition"}, "geometry": {"type": "Polygon", "coordinates": [[[116.3403881, 40.00520809999999], [116.3403937, 40.00487569999999], [116.34013990000001, 40.00487309999999], [116.34013420000001, 40.005205600000004], [116.3403881, 40.00520809999999]]]}}, {"type": "Feature", "id": "BF-00046", "properties": {"id": "BF-00046", "layer": "BUILDING_FOOTPRINT", "building_type": "existing_retained", "area_sqm": 1555.7, "source_id": "OSM-DERIVED-CORRIDOR-20260808", "source_type": "osm", "confidence": "medium", "geometry_role": "existing_condition"}, "geometry": {"type": "Polygon", "coordinates": [[[116.34135679999999, 40.0047009], [116.342389, 40.004702099999996], [116.3423893, 40.00454310000001], [116.34135710000001, 40.004542], [116.34135679999999, 40.0047009]]]}}, {"type": "Feature", "id": "BF-00047", "properties": {"id": "BF-00047", "layer": "BUILDING_FOOTPRINT", "building_type": "existing_retained", "area_sqm": 1779.5, "source_id": "OSM-DERIVED-CORRIDOR-20260808", "source_type": "osm", "confidence": "medium", "geometry_role": "existing_condition"}, "geometry": {"type": "Polygon", "coordinates": [[[116.34123580000002, 40.0046916], [116.3412344, 40.00452740000001], [116.3400911, 40.004533399999985], [116.3400926, 40.004697500000006], [116.34123580000002, 40.0046916]]]}}, {"type": "Feature", "id": "BF-00048", "properties": {"id": "BF-00048", "layer": "BUILDING_FOOTPRINT", "building_type": "existing_retained", "area_sqm": 4612.2, "source_id": "OSM-DERIVED-CORRIDOR-20260808", "source_type": "osm", "confidence": "medium", "geometry_role": "existing_condition"}, "geometry": {"type": "Polygon", "coordinates": [[[116.34028330000001, 40.00208729999999], [116.34022060000001, 40.00208799999999], [116.3402273, 40.002458399999995], [116.34065740000001, 40.00246060000001], [116.34065479999998, 40.0025361], [116.3408588, 40.00253849999999], [116.3408618, 40.0024571], [116.34136, 40.0024646], [116.3413694, 40.00213329999999], [116.3412509, 40.0021268], [116.3412534, 40.00204200000001], [116.3402824, 40.0020293], [116.34028330000001, 40.00208729999999]]]}}, {"type": "Feature", "id": "BF-00049", "properties": {"id": "BF-00049", "layer": "BUILDING_FOOTPRINT", "building_type": "existing_retained", "area_sqm": 1786.4, "source_id": "OSM-DERIVED-CORRIDOR-20260808", "source_type": "osm", "confidence": "medium", "geometry_role": "existing_condition"}, "geometry": {"type": "Polygon", "coordinates": [[[116.33593530000002, 40.00134249999999], [116.33594880000001, 40.0009837], [116.3354158, 40.0009766], [116.3354083, 40.00132829999999], [116.33593530000002, 40.00134249999999]]]}}, {"type": "Feature", "id": "BF-00050", "properties": {"id": "BF-00050", "layer": "BUILDING_FOOTPRINT", "building_type": "existing_retained", "area_sqm": 2944.7, "source_id": "OSM-DERIVED-CORRIDOR-20260808", "source_type": "osm", "confidence": "medium", "geometry_role": "existing_condition"}, "geometry": {"type": "Polygon", "coordinates": [[[116.33819920000002, 40.0017629], [116.3382129, 40.0014162], [116.337318, 40.00139539999999], [116.33730430000001, 40.00174210000001], [116.33819920000002, 40.0017629]]]}}, {"type": "Feature", "id": "BF-00051", "properties": {"id": "BF-00051", "layer": "BUILDING_FOOTPRINT", "building_type": "existing_retained", "area_sqm": 2393.7, "source_id": "OSM-DERIVED-CORRIDOR-20260808", "source_type": "osm", "confidence": "medium", "geometry_role": "existing_condition"}, "geometry": {"type": "Polygon", "coordinates": [[[116.34077689999998, 40.0018144], [116.3407786, 40.00177360000001], [116.3410592, 40.001780000000004], [116.34107, 40.001504399999995], [116.3407986, 40.00149809999999], [116.3408011, 40.0014365], [116.3403309, 40.0014256], [116.34031599999999, 40.0018037], [116.34077689999998, 40.0018144]]]}}, {"type": "Feature", "id": "BF-00052", "properties": {"id": "BF-00052", "layer": "BUILDING_FOOTPRINT", "building_type": "existing_retained", "area_sqm": 1391.2, "source_id": "OSM-DERIVED-CORRIDOR-20260808", "source_type": "osm", "confidence": "medium", "geometry_role": "existing_condition"}, "geometry": {"type": "Polygon", "coordinates": [[[116.3396939, 40.000843499999995], [116.3396974, 40.0007111], [116.3385898, 40.00069379999999], [116.3385862, 40.0008262], [116.3396939, 40.000843499999995]]]}}, {"type": "Feature", "id": "BF-00053", "properties": {"id": "BF-00053", "layer": "BUILDING_FOOTPRINT", "building_type": "existing_retained", "area_sqm": 4224.1, "source_id": "OSM-DERIVED-CORRIDOR-20260808", "source_type": "osm", "confidence": "medium", "geometry_role": "existing_condition"}, "geometry": {"type": "Polygon", "coordinates": [[[116.3416286, 40.001685099999996], [116.3416321, 40.0018148], [116.3419849, 40.00182290000001], [116.341992, 40.00164180000001], [116.3419567, 40.00164180000001], [116.3419567, 40.0013878], [116.3419144, 40.001387799999996], [116.3419144, 40.001293199999985], [116.3418262, 40.00129050000001], [116.3418262, 40.0012067], [116.3420943, 40.0012067], [116.3421084, 40.00093369999999], [116.3414098, 40.000914800000004], [116.3414027, 40.001198599999995], [116.3415862, 40.00120400000001], [116.34158269999999, 40.0012445], [116.3415792, 40.00138510000001], [116.34163910000001, 40.0013905], [116.3416321, 40.0014499], [116.3414733, 40.0014932], [116.34137449999999, 40.0015743], [116.341311, 40.00167969999998], [116.3416286, 40.001685099999996]]]}}, {"type": "Feature", "id": "BF-00054", "properties": {"id": "BF-00054", "layer": "BUILDING_FOOTPRINT", "building_type": "existing_retained", "area_sqm": 1951.9, "source_id": "OSM-DERIVED-CORRIDOR-20260808", "source_type": "osm", "confidence": "medium", "geometry_role": "existing_condition"}, "geometry": {"type": "Polygon", "coordinates": [[[116.3420511, 40.0024143], [116.3420499, 40.0024398], [116.342454, 40.00245090000001], [116.3424552, 40.00242510000001], [116.3425813, 40.002428599999995], [116.34259520000002, 40.00213180000001], [116.3424658, 40.0021282], [116.3424625, 40.0021984], [116.3420487, 40.00218710000001], [116.34205159999999, 40.0021263], [116.3418325, 40.0021203], [116.34181910000001, 40.00240789999999], [116.3420511, 40.0024143]]]}}, {"type": "Feature", "id": "BF-00055", "properties": {"id": "BF-00055", "layer": "BUILDING_FOOTPRINT", "building_type": "existing_retained", "area_sqm": 5567.4, "source_id": "OSM-DERIVED-CORRIDOR-20260808", "source_type": "osm", "confidence": "medium", "geometry_role": "existing_condition"}, "geometry": {"type": "Polygon", "coordinates": [[[116.34327240000002, 39.966925999999994], [116.3432721, 39.96696210000001], [116.3432329, 39.9669347], [116.3430326, 39.9669324], [116.3430316, 39.9669813], [116.3429218, 39.9669801], [116.34281660000002, 39.9669789], [116.3428175, 39.9669314], [116.34263669999999, 39.966929400000005], [116.3424997, 39.9670168], [116.34249479999998, 39.967632300000005], [116.34335319999998, 39.9676364], [116.34335900000002, 39.96692639999999], [116.34327240000002, 39.966925999999994]]]}}, {"type": "Feature", "id": "BF-00056", "properties": {"id": "BF-00056", "layer": "BUILDING_FOOTPRINT", "building_type": "existing_retained", "area_sqm": 4601.7, "source_id": "OSM-DERIVED-CORRIDOR-20260808", "source_type": "osm", "confidence": "medium", "geometry_role": "existing_condition"}, "geometry": {"type": "Polygon", "coordinates": [[[116.3423875, 39.97483489999999], [116.3434001, 39.974843299999996], [116.34340520000002, 39.974483199999995], [116.34278400000001, 39.974478], [116.3427883, 39.9741704], [116.342397, 39.974167099999995], [116.3423875, 39.97483489999999]]]}}, {"type": "Feature", "id": "BF-00057", "properties": {"id": "BF-00057", "layer": "BUILDING_FOOTPRINT", "building_type": "existing_retained", "area_sqm": 909.4, "source_id": "OSM-DERIVED-CORRIDOR-20260808", "source_type": "osm", "confidence": "medium", "geometry_role": "existing_condition"}, "geometry": {"type": "Polygon", "coordinates": [[[116.3445654, 39.966820199999994], [116.34527809999999, 39.96682019999999], [116.34527809999999, 39.9666857], [116.3445654, 39.96668569999999], [116.3445654, 39.966820199999994]]]}}, {"type": "Feature", "id": "BF-00058", "properties": {"id": "BF-00058", "layer": "BUILDING_FOOTPRINT", "building_type": "existing_retained", "area_sqm": 4064.0, "source_id": "OSM-DERIVED-CORRIDOR-20260808", "source_type": "osm", "confidence": "medium", "geometry_role": "existing_condition"}, "geometry": {"type": "Polygon", "coordinates": [[[116.34607280000002, 39.99909229999999], [116.3460838, 39.9986119], [116.34511850000001, 39.9986078], [116.3450917, 39.9990064], [116.34607280000002, 39.99909229999999]]]}}, {"type": "Feature", "id": "BF-00059", "properties": {"id": "BF-00059", "layer": "BUILDING_FOOTPRINT", "building_type": "existing_retained", "area_sqm": 790.4, "source_id": "OSM-DERIVED-CORRIDOR-20260808", "source_type": "osm", "confidence": "medium", "geometry_role": "existing_condition"}, "geometry": {"type": "Polygon", "coordinates": [[[116.34454990000002, 39.9990352], [116.3445713, 39.998644799999994], [116.3450649, 39.998648900000006], [116.3450751, 39.99857039999999], [116.3444855, 39.99856259999999], [116.34445330000001, 39.99902279999999], [116.34454990000002, 39.9990352]]]}}, {"type": "Feature", "id": "BF-00060", "properties": {"id": "BF-00060", "layer": "BUILDING_FOOTPRINT", "building_type": "existing_retained", "area_sqm": 516.3, "source_id": "OSM-DERIVED-CORRIDOR-20260808", "source_type": "osm", "confidence": "medium", "geometry_role": "existing_condition"}, "geometry": {"type": "Polygon", "coordinates": [[[116.3448551, 39.9991909], [116.34485569999998, 39.99905569999999], [116.34445330000001, 39.9990475], [116.34445330000001, 39.99918310000001], [116.3448551, 39.9991909]]]}}, {"type": "Feature", "id": "BF-00061", "properties": {"id": "BF-00061", "layer": "BUILDING_FOOTPRINT", "building_type": "existing_retained", "area_sqm": 1594.0, "source_id": "OSM-DERIVED-CORRIDOR-20260808", "source_type": "osm", "confidence": "medium", "geometry_role": "existing_condition"}, "geometry": {"type": "Polygon", "coordinates": [[[116.3459476, 40.000067], [116.34593900000002, 40.000239199999996], [116.34614280000001, 40.000239199999996], [116.3461482, 39.9998982], [116.3453757, 39.999889899999985], [116.3453596, 40.0000625], [116.3459476, 40.000067]]]}}, {"type": "Feature", "id": "BF-00062", "properties": {"id": "BF-00062", "layer": "BUILDING_FOOTPRINT", "building_type": "existing_retained", "area_sqm": 6274.3, "source_id": "OSM-DERIVED-CORRIDOR-20260808", "source_type": "osm", "confidence": "medium", "geometry_role": "existing_condition"}, "geometry": {"type": "Polygon", "coordinates": [[[116.3426777, 39.99909679999999], [116.344147, 39.9991457], [116.34413980000001, 39.9986867], [116.34272060000002, 39.99864070000001], [116.34268310000002, 39.99903930000001], [116.3426777, 39.99909679999999]]]}}, {"type": "Feature", "id": "BF-00063", "properties": {"id": "BF-00063", "layer": "BUILDING_FOOTPRINT", "building_type": "existing_retained", "area_sqm": 558.5, "source_id": "OSM-DERIVED-CORRIDOR-20260808", "source_type": "osm", "confidence": "medium", "geometry_role": "existing_condition"}, "geometry": {"type": "Polygon", "coordinates": [[[116.3453328, 40.000752899999995], [116.3453704, 40.000165300000006], [116.34526310000001, 40.0001735], [116.3452363, 40.0007406], [116.3453328, 40.000752899999995]]]}}, {"type": "Feature", "id": "BF-00064", "properties": {"id": "BF-00064", "layer": "BUILDING_FOOTPRINT", "building_type": "existing_retained", "area_sqm": 1861.5, "source_id": "OSM-DERIVED-CORRIDOR-20260808", "source_type": "osm", "confidence": "medium", "geometry_role": "existing_condition"}, "geometry": {"type": "Polygon", "coordinates": [[[116.3460514, 40.0007813], [116.3460567, 40.0003374], [116.34561710000001, 40.000337900000005], [116.34560639999998, 40.0007817], [116.3460514, 40.0007813]]]}}, {"type": "Feature", "id": "BF-00065", "properties": {"id": "BF-00065", "layer": "BUILDING_FOOTPRINT", "building_type": "existing_retained", "area_sqm": 2011.1, "source_id": "OSM-DERIVED-CORRIDOR-20260808", "source_type": "osm", "confidence": "medium", "geometry_role": "existing_condition"}, "geometry": {"type": "Polygon", "coordinates": [[[116.34418290000002, 40.00967080000001], [116.34418720000001, 40.00942419999999], [116.34329889999998, 40.00943250000001], [116.3433032, 40.009665799999986], [116.34418290000002, 40.00967080000001]]]}}, {"type": "Feature", "id": "BF-00066", "properties": {"id": "BF-00066", "layer": "BUILDING_FOOTPRINT", "building_type": "existing_retained", "area_sqm": 1732.1, "source_id": "OSM-DERIVED-CORRIDOR-20260808", "source_type": "osm", "confidence": "medium", "geometry_role": "existing_condition"}, "geometry": {"type": "Polygon", "coordinates": [[[116.34512659999999, 40.009586600000006], [116.3451394, 40.00936509999999], [116.34426019999998, 40.00938159999999], [116.34426019999998, 40.0095788], [116.34512659999999, 40.009586600000006]]]}}, {"type": "Feature", "id": "BF-00067", "properties": {"id": "BF-00067", "layer": "BUILDING_FOOTPRINT", "building_type": "existing_retained", "area_sqm": 4618.5, "source_id": "OSM-DERIVED-CORRIDOR-20260808", "source_type": "osm", "confidence": "medium", "geometry_role": "existing_condition"}, "geometry": {"type": "Polygon", "coordinates": [[[116.34576170000001, 40.00906929999999], [116.3457939, 40.00778729999999], [116.3454291, 40.00779549999999], [116.34536369999998, 40.0090689], [116.34576170000001, 40.00906929999999]]]}}, {"type": "Feature", "id": "BF-00068", "properties": {"id": "BF-00068", "layer": "BUILDING_FOOTPRINT", "building_type": "existing_retained", "area_sqm": 1347.9, "source_id": "OSM-DERIVED-CORRIDOR-20260808", "source_type": "osm", "confidence": "medium", "geometry_role": "existing_condition"}, "geometry": {"type": "Polygon", "coordinates": [[[116.34584389999999, 40.007423], [116.3458291, 40.0068728], [116.34557090000001, 40.00687680000001], [116.34558559999999, 40.0074271], [116.34584389999999, 40.007423]]]}}, {"type": "Feature", "id": "BF-00069", "properties": {"id": "BF-00069", "layer": "BUILDING_FOOTPRINT", "building_type": "existing_retained", "area_sqm": 7340.1, "source_id": "OSM-DERIVED-CORRIDOR-20260808", "source_type": "osm", "confidence": "medium", "geometry_role": "existing_condition"}, "geometry": {"type": "Polygon", "coordinates": [[[116.3408413, 39.9896028], [116.34087, 39.9890808], [116.33939009999999, 39.9890329], [116.3393614, 39.989555], [116.3408413, 39.9896028]]]}}, {"type": "Feature", "id": "BF-00070", "properties": {"id": "BF-00070", "layer": "BUILDING_FOOTPRINT", "building_type": "existing_retained", "area_sqm": 3063.6, "source_id": "OSM-DERIVED-CORRIDOR-20260808", "source_type": "osm", "confidence": "medium", "geometry_role": "existing_condition"}, "geometry": {"type": "Polygon", "coordinates": [[[116.3455906, 39.98919389999999], [116.3456307, 39.9883323], [116.34525620000001, 39.98832209999999], [116.3452162, 39.9891837], [116.3455906, 39.98919389999999]]]}}, {"type": "Feature", "id": "BF-00071", "properties": {"id": "BF-00071", "layer": "BUILDING_FOOTPRINT", "building_type": "existing_retained", "area_sqm": 2311.0, "source_id": "OSM-DERIVED-CORRIDOR-20260808", "source_type": "osm", "confidence": "medium", "geometry_role": "existing_condition"}, "geometry": {"type": "Polygon", "coordinates": [[[116.34585140000002, 39.9914752], [116.345863, 39.99124989999999], [116.34478339999998, 39.99121710000001], [116.34477169999998, 39.99144249999999], [116.34585140000002, 39.9914752]]]}}, {"type": "Feature", "id": "BF-00072", "properties": {"id": "BF-00072", "layer": "BUILDING_FOOTPRINT", "building_type": "existing_retained", "area_sqm": 1288.1, "source_id": "OSM-DERIVED-CORRIDOR-20260808", "source_type": "osm", "confidence": "medium", "geometry_role": "existing_condition"}, "geometry": {"type": "Polygon", "coordinates": [[[116.34592100000002, 39.990280599999984], [116.34592520000001, 39.99016410000001], [116.34635900000002, 39.990173399999996], [116.3463553, 39.99027610000001], [116.3465291, 39.990279799999996], [116.3465372, 39.990055999999996], [116.3457427, 39.9900393], [116.34573419999998, 39.990276699999995], [116.34592100000002, 39.990280599999984]]]}}, {"type": "Feature", "id": "BF-00073", "properties": {"id": "BF-00073", "layer": "BUILDING_FOOTPRINT", "building_type": "existing_retained", "area_sqm": 2367.7, "source_id": "OSM-DERIVED-CORRIDOR-20260808", "source_type": "osm", "confidence": "medium", "geometry_role": "existing_condition"}, "geometry": {"type": "Polygon", "coordinates": [[[116.34492430000002, 39.990596200000006], [116.3449269, 39.99054739999999], [116.3457313, 39.9905719], [116.3457285, 39.99062599999999], [116.34591770000002, 39.990631799999996], [116.34593269999999, 39.990343400000015], [116.3457346, 39.99033729999999], [116.3457319, 39.990390500000004], [116.34491920000002, 39.9903655], [116.3449215, 39.9903215], [116.34475929999999, 39.990316500000006], [116.344745, 39.9905908], [116.34492430000002, 39.990596200000006]]]}}, {"type": "Feature", "id": "BF-00074", "properties": {"id": "BF-00074", "layer": "BUILDING_FOOTPRINT", "building_type": "existing_retained", "area_sqm": 2676.4, "source_id": "OSM-DERIVED-CORRIDOR-20260808", "source_type": "osm", "confidence": "medium", "geometry_role": "existing_condition"}, "geometry": {"type": "Polygon", "coordinates": [[[116.34256079999999, 39.97867620000001], [116.34257790000001, 39.978057299999996], [116.3421222, 39.978049899999995], [116.34210509999998, 39.97866880000001], [116.34256079999999, 39.97867620000001]]]}}, {"type": "Feature", "id": "BF-00075", "properties": {"id": "BF-00075", "layer": "BUILDING_FOOTPRINT", "building_type": "existing_retained", "area_sqm": 2056.4, "source_id": "OSM-DERIVED-CORRIDOR-20260808", "source_type": "osm", "confidence": "medium", "geometry_role": "existing_condition"}, "geometry": {"type": "Polygon", "coordinates": [[[116.3437884, 39.9787233], [116.3438006, 39.97844930000001], [116.343516, 39.9784418], [116.34301049999999, 39.97842850000001], [116.34299820000001, 39.9787026], [116.3437884, 39.9787233]]]}}, {"type": "Feature", "id": "BF-00076", "properties": {"id": "BF-00076", "layer": "BUILDING_FOOTPRINT", "building_type": "existing_retained", "area_sqm": 5481.5, "source_id": "OSM-DERIVED-CORRIDOR-20260808", "source_type": "osm", "confidence": "medium", "geometry_role": "existing_condition"}, "geometry": {"type": "Polygon", "coordinates": [[[116.34308199999998, 39.97892230000001], [116.34285950000002, 39.9789158], [116.3428484, 39.979138199999994], [116.34284129999999, 39.97927999999999], [116.34307919999999, 39.979287], [116.34307109999999, 39.979450400000005], [116.3433473, 39.979458499999986], [116.34364810000001, 39.9794673], [116.3436566, 39.97929669999999], [116.3438765, 39.979303099999996], [116.34388380000001, 39.9791547], [116.34389400000002, 39.9789488], [116.34369510000002, 39.978943], [116.343704, 39.9787641], [116.3430908, 39.97874620000001], [116.34308199999998, 39.97892230000001]]]}}, {"type": "Feature", "id": "BF-00077", "properties": {"id": "BF-00077", "layer": "BUILDING_FOOTPRINT", "building_type": "existing_retained", "area_sqm": 316.2, "source_id": "OSM-DERIVED-CORRIDOR-20260808", "source_type": "osm", "confidence": "medium", "geometry_role": "existing_condition"}, "geometry": {"type": "Polygon", "coordinates": [[[116.3436044, 39.97829639999999], [116.34360759999998, 39.9781824], [116.3436104, 39.978085699999994], [116.3434522, 39.9780831], [116.3434463, 39.97829379999998], [116.3436044, 39.97829639999999]]]}}, {"type": "Feature", "id": "BF-00078", "properties": {"id": "BF-00078", "layer": "BUILDING_FOOTPRINT", "building_type": "existing_retained", "area_sqm": 495.5, "source_id": "OSM-DERIVED-CORRIDOR-20260808", "source_type": "osm", "confidence": "medium", "geometry_role": "existing_condition"}, "geometry": {"type": "Polygon", "coordinates": [[[116.3439416, 39.97830369999999], [116.34394990000001, 39.9780941], [116.34383250000002, 39.9780914], [116.3437009, 39.9780883], [116.3436926, 39.9782979], [116.3439416, 39.97830369999999]]]}}, {"type": "Feature", "id": "BF-00079", "properties": {"id": "BF-00079", "layer": "BUILDING_FOOTPRINT", "building_type": "existing_retained", "area_sqm": 436.0, "source_id": "OSM-DERIVED-CORRIDOR-20260808", "source_type": "osm", "confidence": "medium", "geometry_role": "existing_condition"}, "geometry": {"type": "Polygon", "coordinates": [[[116.338799, 39.9781125], [116.33879990000001, 39.9780088], [116.3383632, 39.97800099999999], [116.33835920000001, 39.97810699999999], [116.338799, 39.9781125]]]}}, {"type": "Feature", "id": "BF-00080", "properties": {"id": "BF-00080", "layer": "BUILDING_FOOTPRINT", "building_type": "existing_retained", "area_sqm": 474.6, "source_id": "OSM-DERIVED-CORRIDOR-20260808", "source_type": "osm", "confidence": "medium", "geometry_role": "existing_condition"}, "geometry": {"type": "Polygon", "coordinates": [[[116.33872820000002, 39.97929289999999], [116.3387338, 39.979176400000014], [116.33858959999999, 39.97917300000001], [116.3383824, 39.979168099999995], [116.33830690000002, 39.979166299999996], [116.33830130000001, 39.97928400000001], [116.33872820000002, 39.97929289999999]]]}}, {"type": "Feature", "id": "BF-00081", "properties": {"id": "BF-00081", "layer": "BUILDING_FOOTPRINT", "building_type": "existing_retained", "area_sqm": 525.4, "source_id": "OSM-DERIVED-CORRIDOR-20260808", "source_type": "osm", "confidence": "medium", "geometry_role": "existing_condition"}, "geometry": {"type": "Polygon", "coordinates": [[[116.3387482, 39.97963519999998], [116.33875250000001, 39.9795193], [116.33828120000001, 39.979510499999996], [116.33827270000002, 39.979628399999996], [116.3387482, 39.97963519999998]]]}}, {"type": "Feature", "id": "BF-00082", "properties": {"id": "BF-00082", "layer": "BUILDING_FOOTPRINT", "building_type": "existing_retained", "area_sqm": 491.9, "source_id": "OSM-DERIVED-CORRIDOR-20260808", "source_type": "osm", "confidence": "medium", "geometry_role": "existing_condition"}, "geometry": {"type": "Polygon", "coordinates": [[[116.3387836, 39.97846959999999], [116.3387899, 39.9783493], [116.3383504, 39.978345299999994], [116.3383441, 39.97846079999999], [116.3387836, 39.97846959999999]]]}}, {"type": "Feature", "id": "BF-00083", "properties": {"id": "BF-00083", "layer": "BUILDING_FOOTPRINT", "building_type": "existing_retained", "area_sqm": 1273.2, "source_id": "OSM-DERIVED-CORRIDOR-20260808", "source_type": "osm", "confidence": "medium", "geometry_role": "existing_condition"}, "geometry": {"type": "Polygon", "coordinates": [[[116.3381374, 39.978507099999995], [116.3381443, 39.9783843], [116.33705320000001, 39.978348600000004], [116.3370464, 39.9784714], [116.3381374, 39.978507099999995]]]}}, {"type": "Feature", "id": "BF-00084", "properties": {"id": "BF-00084", "layer": "BUILDING_FOOTPRINT", "building_type": "existing_retained", "area_sqm": 2458.5, "source_id": "OSM-DERIVED-CORRIDOR-20260808", "source_type": "osm", "confidence": "medium", "geometry_role": "existing_condition"}, "geometry": {"type": "Polygon", "coordinates": [[[116.3375118, 39.97947489999999], [116.3378708, 39.979486200000004], [116.33787850000002, 39.979342200000005], [116.33763100000002, 39.9793345], [116.33764009999999, 39.97916529999999], [116.33789599999999, 39.97917330000001], [116.33790430000002, 39.97901639999999], [116.3371862, 39.97899379999999], [116.33717800000001, 39.979147999999995], [116.3373899, 39.9791547], [116.33738110000002, 39.979318000000006], [116.33716720000001, 39.9793113], [116.3371591, 39.9794638], [116.3375118, 39.97947489999999]]]}}, {"type": "Feature", "id": "BF-00085", "properties": {"id": "BF-00085", "layer": "BUILDING_FOOTPRINT", "building_type": "existing_retained", "area_sqm": 1205.1, "source_id": "OSM-DERIVED-CORRIDOR-20260808", "source_type": "osm", "confidence": "medium", "geometry_role": "existing_condition"}, "geometry": {"type": "Polygon", "coordinates": [[[116.33813180000001, 39.97881540000001], [116.3381385, 39.9787008], [116.33703249999999, 39.9786631], [116.33702590000001, 39.9787778], [116.33813180000001, 39.97881540000001]]]}}, {"type": "Feature", "id": "BF-00086", "properties": {"id": "BF-00086", "layer": "BUILDING_FOOTPRINT", "building_type": "existing_retained", "area_sqm": 1185.7, "source_id": "OSM-DERIVED-CORRIDOR-20260808", "source_type": "osm", "confidence": "medium", "geometry_role": "existing_condition"}, "geometry": {"type": "Polygon", "coordinates": [[[116.33817449999998, 39.97818109999999], [116.3381821, 39.9780676], [116.3370824, 39.978034699999995], [116.3370749, 39.9781481], [116.33817449999998, 39.97818109999999]]]}}, {"type": "Feature", "id": "BF-00087", "properties": {"id": "BF-00087", "layer": "BUILDING_FOOTPRINT", "building_type": "existing_retained", "area_sqm": 1516.3, "source_id": "OSM-DERIVED-CORRIDOR-20260808", "source_type": "osm", "confidence": "medium", "geometry_role": "existing_condition"}, "geometry": {"type": "Polygon", "coordinates": [[[116.339509, 39.980186800000006], [116.3397077, 39.98019279999999], [116.33970090000001, 39.980253399999995], [116.3399789, 39.9802606], [116.34001920000001, 39.9802617], [116.3400533, 39.98026260000001], [116.340392, 39.980271399999985], [116.340395, 39.980205000000005], [116.34058740000002, 39.98021], [116.3407749, 39.9802149], [116.3407794, 39.98011350000001], [116.3403905, 39.98010339999999], [116.34038799999999, 39.9801593], [116.3400239, 39.98014990000001], [116.3397125, 39.9801418], [116.3397152, 39.9800803], [116.33932280000002, 39.980070100000006], [116.3393179, 39.980181], [116.339509, 39.980186800000006]]]}}, {"type": "Feature", "id": "BF-00088", "properties": {"id": "BF-00088", "layer": "BUILDING_FOOTPRINT", "building_type": "existing_retained", "area_sqm": 966.5, "source_id": "OSM-DERIVED-CORRIDOR-20260808", "source_type": "osm", "confidence": "medium", "geometry_role": "existing_condition"}, "geometry": {"type": "Polygon", "coordinates": [[[116.34077409999999, 39.981374599999995], [116.34077169999999, 39.9814505], [116.34086710000001, 39.9814523], [116.3408735, 39.9812533], [116.34080520000002, 39.98125199999999], [116.3404935, 39.98124599999999], [116.3401055, 39.981238600000005], [116.3401015, 39.981361799999995], [116.34077409999999, 39.981374599999995]]]}}, {"type": "Feature", "id": "BF-00089", "properties": {"id": "BF-00089", "layer": "BUILDING_FOOTPRINT", "building_type": "existing_retained", "area_sqm": 1096.6, "source_id": "OSM-DERIVED-CORRIDOR-20260808", "source_type": "osm", "confidence": "medium", "geometry_role": "existing_condition"}, "geometry": {"type": "Polygon", "coordinates": [[[116.33983350000001, 39.980633299999994], [116.3398394, 39.9804871], [116.3394149, 39.98048179999999], [116.33904779999999, 39.98047500000001], [116.3390383, 39.9806212], [116.33983350000001, 39.980633299999994]]]}}, {"type": "Feature", "id": "BF-00090", "properties": {"id": "BF-00090", "layer": "BUILDING_FOOTPRINT", "building_type": "existing_retained", "area_sqm": 679.2, "source_id": "OSM-DERIVED-CORRIDOR-20260808", "source_type": "osm", "confidence": "medium", "geometry_role": "existing_condition"}, "geometry": {"type": "Polygon", "coordinates": [[[116.34063100000002, 39.981761600000006], [116.3406374, 39.981639699999995], [116.34029740000001, 39.981629199999986], [116.34017310000002, 39.981625300000005], [116.3401757, 39.9815763], [116.3400885, 39.98157359999999], [116.34007950000002, 39.98174449999999], [116.34063100000002, 39.981761600000006]]]}}, {"type": "Feature", "id": "BF-00091", "properties": {"id": "BF-00091", "layer": "BUILDING_FOOTPRINT", "building_type": "existing_retained", "area_sqm": 619.6, "source_id": "OSM-DERIVED-CORRIDOR-20260808", "source_type": "osm", "confidence": "medium", "geometry_role": "existing_condition"}, "geometry": {"type": "Polygon", "coordinates": [[[116.33970630000002, 39.9817335], [116.3397143, 39.981558400000004], [116.3396173, 39.9815558], [116.33961399999998, 39.98162789999999], [116.33954670000001, 39.9816261], [116.3391454, 39.9816152], [116.33914059999998, 39.98171820000001], [116.33970630000002, 39.9817335]]]}}, {"type": "Feature", "id": "BF-00092", "properties": {"id": "BF-00092", "layer": "BUILDING_FOOTPRINT", "building_type": "existing_retained", "area_sqm": 1321.5, "source_id": "OSM-DERIVED-CORRIDOR-20260808", "source_type": "osm", "confidence": "medium", "geometry_role": "existing_condition"}, "geometry": {"type": "Polygon", "coordinates": [[[116.3390606, 39.98174220000001], [116.3390702, 39.98153580000001], [116.3388892, 39.9815309], [116.33888579999999, 39.98160409999999], [116.338648, 39.981597600000015], [116.3384002, 39.981590800000006], [116.33840170000002, 39.9815591], [116.3383665, 39.9815581], [116.3383701, 39.98148019999999], [116.3382411, 39.981476699999995], [116.3382298, 39.98171949999999], [116.3390606, 39.98174220000001]]]}}, {"type": "Feature", "id": "BF-00093", "properties": {"id": "BF-00093", "layer": "BUILDING_FOOTPRINT", "building_type": "existing_retained", "area_sqm": 1063.2, "source_id": "OSM-DERIVED-CORRIDOR-20260808", "source_type": "osm", "confidence": "medium", "geometry_role": "existing_condition"}, "geometry": {"type": "Polygon", "coordinates": [[[116.3391112, 39.9813859], [116.33911649999999, 39.9813105], [116.33978790000002, 39.9813384], [116.3397971, 39.98120769999999], [116.33935610000002, 39.9811894], [116.33900910000001, 39.98117499999999], [116.33899460000002, 39.98138110000001], [116.3391112, 39.9813859]]]}}, {"type": "Feature", "id": "BF-00094", "properties": {"id": "BF-00094", "layer": "BUILDING_FOOTPRINT", "building_type": "existing_retained", "area_sqm": 983.0, "source_id": "OSM-DERIVED-CORRIDOR-20260808", "source_type": "osm", "confidence": "medium", "geometry_role": "existing_condition"}, "geometry": {"type": "Polygon", "coordinates": [[[116.34116740000002, 39.980227600000006], [116.34122050000002, 39.980227000000006], [116.34163169999998, 39.98023390000001], [116.34163030000002, 39.980306100000014], [116.341721, 39.9803071], [116.3417223, 39.9802397], [116.34172489999999, 39.980102599999995], [116.3416816, 39.9801021], [116.3409861, 39.98009439999999], [116.3409836, 39.980226599999995], [116.34116740000002, 39.980227600000006]]]}}, {"type": "Feature", "id": "BF-00095", "properties": {"id": "BF-00095", "layer": "BUILDING_FOOTPRINT", "building_type": "existing_retained", "area_sqm": 3782.0, "source_id": "OSM-DERIVED-CORRIDOR-20260808", "source_type": "osm", "confidence": "medium", "geometry_role": "existing_condition"}, "geometry": {"type": "Polygon", "coordinates": [[[116.33882429999998, 39.9813625], [116.338838, 39.9810599], [116.33885729999999, 39.9807424], [116.3388598, 39.98066320000001], [116.3388639, 39.98053159999999], [116.33886830000002, 39.9803923], [116.3386428, 39.9803863], [116.3384595, 39.9803814], [116.33844810000001, 39.98063249999999], [116.33842790000001, 39.9810784], [116.3384155, 39.9813517], [116.33882429999998, 39.9813625]]]}}, {"type": "Feature", "id": "BF-00096", "properties": {"id": "BF-00096", "layer": "BUILDING_FOOTPRINT", "building_type": "existing_retained", "area_sqm": 1055.3, "source_id": "OSM-DERIVED-CORRIDOR-20260808", "source_type": "osm", "confidence": "medium", "geometry_role": "existing_condition"}, "geometry": {"type": "Polygon", "coordinates": [[[116.34098660000001, 39.9806381], [116.3409978, 39.98044829999999], [116.3408825, 39.98044339999999], [116.3408781, 39.9805119], [116.34063370000001, 39.9805054], [116.3401517, 39.980495499999996], [116.34014670000002, 39.98061679999999], [116.34098660000001, 39.9806381]]]}}, {"type": "Feature", "id": "BF-00097", "properties": {"id": "BF-00097", "layer": "BUILDING_FOOTPRINT", "building_type": "existing_retained", "area_sqm": 1170.8, "source_id": "OSM-DERIVED-CORRIDOR-20260808", "source_type": "osm", "confidence": "medium", "geometry_role": "existing_condition"}, "geometry": {"type": "Polygon", "coordinates": [[[116.3414723, 39.980729499999995], [116.3416618, 39.98073229999998], [116.3416631, 39.9806858], [116.34166810000002, 39.9804983], [116.341593, 39.9804971], [116.3411411, 39.98049009999999], [116.3411352, 39.980724499999994], [116.3414723, 39.980729499999995]]]}}, {"type": "Feature", "id": "BF-00098", "properties": {"id": "BF-00098", "layer": "BUILDING_FOOTPRINT", "building_type": "existing_retained", "area_sqm": 608.4, "source_id": "OSM-DERIVED-CORRIDOR-20260808", "source_type": "osm", "confidence": "medium", "geometry_role": "existing_condition"}, "geometry": {"type": "Polygon", "coordinates": [[[116.3415708, 39.981728399999994], [116.3415789, 39.98156580000001], [116.34144799999999, 39.981562], [116.3414428, 39.98166690000001], [116.34133820000001, 39.9816639], [116.34100180000002, 39.981654199999994], [116.3409536, 39.98165279999999], [116.34095790000002, 39.98156709999999], [116.34085630000001, 39.9815642], [116.34084919999998, 39.9817075], [116.3415708, 39.981728399999994]]]}}, {"type": "Feature", "id": "BF-00099", "properties": {"id": "BF-00099", "layer": "BUILDING_FOOTPRINT", "building_type": "existing_retained", "area_sqm": 1007.6, "source_id": "OSM-DERIVED-CORRIDOR-20260808", "source_type": "osm", "confidence": "medium", "geometry_role": "existing_condition"}, "geometry": {"type": "Polygon", "coordinates": [[[116.3373749, 39.98073869999999], [116.3373827, 39.9805928], [116.3366558, 39.98056999999999], [116.336648, 39.980715900000014], [116.3373749, 39.98073869999999]]]}}, {"type": "Feature", "id": "BF-00100", "properties": {"id": "BF-00100", "layer": "BUILDING_FOOTPRINT", "building_type": "existing_retained", "area_sqm": 535.6, "source_id": "OSM-DERIVED-CORRIDOR-20260808", "source_type": "osm", "confidence": "medium", "geometry_role": "existing_condition"}, "geometry": {"type": "Polygon", "coordinates": [[[116.3377924, 39.981057500000006], [116.3378085, 39.98067519999999], [116.3376637, 39.980671099999995], [116.3376422, 39.981053399999986], [116.3377924, 39.981057500000006]]]}}, {"type": "Feature", "id": "BF-00101", "properties": {"id": "BF-00101", "layer": "BUILDING_FOOTPRINT", "building_type": "existing_retained", "area_sqm": 978.1, "source_id": "OSM-DERIVED-CORRIDOR-20260808", "source_type": "osm", "confidence": "medium", "geometry_role": "existing_condition"}, "geometry": {"type": "Polygon", "coordinates": [[[116.33736070000002, 39.9810561], [116.33736710000001, 39.98091349999999], [116.33664480000002, 39.98089449999999], [116.3366384, 39.981037099999995], [116.33736070000002, 39.9810561]]]}}, {"type": "Feature", "id": "BF-00102", "properties": {"id": "BF-00102", "layer": "BUILDING_FOOTPRINT", "building_type": "existing_retained", "area_sqm": 2223.1, "source_id": "OSM-DERIVED-CORRIDOR-20260808", "source_type": "osm", "confidence": "medium", "geometry_role": "existing_condition"}, "geometry": {"type": "Polygon", "coordinates": [[[116.343401, 39.98062319999999], [116.34340290000002, 39.98027299999999], [116.3432795, 39.98020309999999], [116.34283430000002, 39.9801908], [116.3428289, 39.9803984], [116.34282359999999, 39.9806059], [116.343401, 39.98062319999999]]]}}, {"type": "Feature", "id": "BF-00103", "properties": {"id": "BF-00103", "layer": "BUILDING_FOOTPRINT", "building_type": "existing_retained", "area_sqm": 2509.5, "source_id": "OSM-DERIVED-CORRIDOR-20260808", "source_type": "osm", "confidence": "medium", "geometry_role": "existing_condition"}, "geometry": {"type": "Polygon", "coordinates": [[[116.3426152, 39.9811165], [116.3431457, 39.981131], [116.3431379, 39.98127290000001], [116.3432897, 39.981272799999985], [116.3433137, 39.9809207], [116.34313920000001, 39.9809185], [116.34313760000002, 39.9809913], [116.342602, 39.9809681], [116.3421022, 39.9809568], [116.34208760000001, 39.9809031], [116.3419449, 39.98089529999999], [116.3419269, 39.9812354], [116.3421085, 39.98123979999999], [116.34211020000001, 39.98110270000001], [116.3426152, 39.9811165]]]}}, {"type": "Feature", "id": "BF-00104", "properties": {"id": "BF-00104", "layer": "BUILDING_FOOTPRINT", "building_type": "existing_retained", "area_sqm": 1453.3, "source_id": "OSM-DERIVED-CORRIDOR-20260808", "source_type": "osm", "confidence": "medium", "geometry_role": "existing_condition"}, "geometry": {"type": "Polygon", "coordinates": [[[116.34254940000001, 39.98060410000001], [116.3425523, 39.98054699999999], [116.3424351, 39.98054359999999], [116.34243899999998, 39.9804659], [116.34204260000001, 39.9804541], [116.3420503, 39.980301600000004], [116.34256230000001, 39.9803168], [116.34256820000002, 39.98019999999999], [116.34230430000001, 39.98019219999999], [116.34197420000001, 39.98018239999999], [116.34195389999998, 39.98058639999999], [116.34254940000001, 39.98060410000001]]]}}, {"type": "Feature", "id": "BF-00105", "properties": {"id": "BF-00105", "layer": "BUILDING_FOOTPRINT", "building_type": "existing_retained", "area_sqm": 2566.8, "source_id": "OSM-DERIVED-CORRIDOR-20260808", "source_type": "osm", "confidence": "medium", "geometry_role": "existing_condition"}, "geometry": {"type": "Polygon", "coordinates": [[[116.3456908, 39.9807204], [116.34570580000002, 39.9803127], [116.3453643, 39.98031], [116.3450364, 39.980307399999994], [116.34501800000001, 39.98070570000001], [116.3456908, 39.9807204]]]}}, {"type": "Feature", "id": "BF-00106", "properties": {"id": "BF-00106", "layer": "BUILDING_FOOTPRINT", "building_type": "existing_retained", "area_sqm": 1617.9, "source_id": "OSM-DERIVED-CORRIDOR-20260808", "source_type": "osm", "confidence": "medium", "geometry_role": "existing_condition"}, "geometry": {"type": "Polygon", "coordinates": [[[116.34408960000002, 39.98075490000001], [116.3441106, 39.9803888], [116.3438676, 39.9803806], [116.34364560000002, 39.9803732], [116.34362460000001, 39.980739299999996], [116.34408960000002, 39.98075490000001]]]}}, {"type": "Feature", "id": "BF-00107", "properties": {"id": "BF-00107", "layer": "BUILDING_FOOTPRINT", "building_type": "existing_retained", "area_sqm": 7131.5, "source_id": "OSM-DERIVED-CORRIDOR-20260808", "source_type": "osm", "confidence": "medium", "geometry_role": "existing_condition"}, "geometry": {"type": "Polygon", "coordinates": [[[116.34483100000001, 39.98139319999999], [116.3448792, 39.980302200000004], [116.3445426, 39.9803], [116.3441898, 39.9802978], [116.34413529999999, 39.981376499999996], [116.34483100000001, 39.98139319999999]]]}}, {"type": "Feature", "id": "BF-00108", "properties": {"id": "BF-00108", "layer": "BUILDING_FOOTPRINT", "building_type": "existing_retained", "area_sqm": 506.6, "source_id": "OSM-DERIVED-CORRIDOR-20260808", "source_type": "osm", "confidence": "medium", "geometry_role": "existing_condition"}, "geometry": {"type": "Polygon", "coordinates": [[[116.3456969, 39.9814533], [116.3457895, 39.981456099999996], [116.3458032, 39.98118799999999], [116.34560420000001, 39.98118209999999], [116.3455906, 39.981450100000025], [116.3456969, 39.9814533]]]}}, {"type": "Feature", "id": "BF-00109", "properties": {"id": "BF-00109", "layer": "BUILDING_FOOTPRINT", "building_type": "existing_retained", "area_sqm": 586.6, "source_id": "OSM-DERIVED-CORRIDOR-20260808", "source_type": "osm", "confidence": "medium", "geometry_role": "existing_condition"}, "geometry": {"type": "Polygon", "coordinates": [[[116.34489730000001, 39.98142380000001], [116.3450209, 39.981423899999996], [116.3451303, 39.98142390000001], [116.34514100000001, 39.98115990000001], [116.34490759999998, 39.9811571], [116.3448989, 39.9813926], [116.34489730000001, 39.98142380000001]]]}}, {"type": "Feature", "id": "BF-00110", "properties": {"id": "BF-00110", "layer": "BUILDING_FOOTPRINT", "building_type": "existing_retained", "area_sqm": 2043.7, "source_id": "OSM-DERIVED-CORRIDOR-20260808", "source_type": "osm", "confidence": "medium", "geometry_role": "existing_condition"}, "geometry": {"type": "Polygon", "coordinates": [[[116.34603599999998, 39.98062389999999], [116.3460405, 39.98050099999999], [116.34641880000001, 39.98050779999999], [116.3464107, 39.98073740000001], [116.34663750000001, 39.9807443], [116.346652, 39.9803233], [116.3462899, 39.980315100000006], [116.34589730000002, 39.98030620000001], [116.34588209999998, 39.9806238], [116.34603599999998, 39.98062389999999]]]}}, {"type": "Feature", "id": "BF-00111", "properties": {"id": "BF-00111", "layer": "BUILDING_FOOTPRINT", "building_type": "existing_retained", "area_sqm": 687.9, "source_id": "OSM-DERIVED-CORRIDOR-20260808", "source_type": "osm", "confidence": "medium", "geometry_role": "existing_condition"}, "geometry": {"type": "Polygon", "coordinates": [[[116.3436362, 39.98126890000001], [116.3436332, 39.9813962], [116.34377349999998, 39.9813988], [116.3439258, 39.9814017], [116.34392760000001, 39.981373299999994], [116.3439411, 39.981160599999995], [116.3436428, 39.9811487], [116.3436362, 39.98126890000001]]]}}, {"type": "Feature", "id": "BF-00112", "properties": {"id": "BF-00112", "layer": "BUILDING_FOOTPRINT", "building_type": "existing_retained", "area_sqm": 2757.8, "source_id": "OSM-DERIVED-CORRIDOR-20260808", "source_type": "osm", "confidence": "medium", "geometry_role": "existing_condition"}, "geometry": {"type": "Polygon", "coordinates": [[[116.3447579, 39.97935679999999], [116.34476830000001, 39.97904149999999], [116.3447784, 39.97873649999999], [116.34430990000001, 39.97872739999999], [116.34429900000002, 39.97906], [116.34428949999999, 39.9793477], [116.3447579, 39.97935679999999]]]}}, {"type": "Feature", "id": "BF-00113", "properties": {"id": "BF-00113", "layer": "BUILDING_FOOTPRINT", "building_type": "existing_retained", "area_sqm": 624.4, "source_id": "OSM-DERIVED-CORRIDOR-20260808", "source_type": "osm", "confidence": "medium", "geometry_role": "existing_condition"}, "geometry": {"type": "Polygon", "coordinates": [[[116.3369168, 39.98010109999999], [116.33691810000002, 39.9799992], [116.33627190000001, 39.979992300000006], [116.3362706, 39.98009409999999], [116.3369168, 39.98010109999999]]]}}, {"type": "Feature", "id": "BF-00114", "properties": {"id": "BF-00114", "layer": "BUILDING_FOOTPRINT", "building_type": "existing_retained", "area_sqm": 763.3, "source_id": "OSM-DERIVED-CORRIDOR-20260808", "source_type": "osm", "confidence": "medium", "geometry_role": "existing_condition"}, "geometry": {"type": "Polygon", "coordinates": [[[116.3367839, 39.9815897], [116.3367909, 39.9814325], [116.3366964, 39.981429999999996], [116.336694, 39.98148510000001], [116.3366693, 39.9814845], [116.3366714, 39.981439400000006], [116.3365142, 39.98143519999999], [116.3365121, 39.9814826], [116.3364511, 39.98148100000001], [116.3364533, 39.98143129999999], [116.3363364, 39.9814282], [116.33633430000002, 39.98147629999999], [116.33630589999999, 39.9814756], [116.3363081, 39.98142589999999], [116.3362191, 39.98142360000001], [116.33621229999999, 39.981574599999995], [116.3367839, 39.9815897]]]}}, {"type": "Feature", "id": "BF-00115", "properties": {"id": "BF-00115", "layer": "BUILDING_FOOTPRINT", "building_type": "existing_retained", "area_sqm": 1016.7, "source_id": "OSM-DERIVED-CORRIDOR-20260808", "source_type": "osm", "confidence": "medium", "geometry_role": "existing_condition"}, "geometry": {"type": "Polygon", "coordinates": [[[116.3368238, 39.979029999999995], [116.33682820000001, 39.97892709999999], [116.3357882, 39.9789008], [116.33578380000002, 39.9790038], [116.3368238, 39.979029999999995]]]}}, {"type": "Feature", "id": "BF-00116", "properties": {"id": "BF-00116", "layer": "BUILDING_FOOTPRINT", "building_type": "existing_retained", "area_sqm": 1188.9, "source_id": "OSM-DERIVED-CORRIDOR-20260808", "source_type": "osm", "confidence": "medium", "geometry_role": "existing_condition"}, "geometry": {"type": "Polygon", "coordinates": [[[116.33685279999999, 39.9780881], [116.33685969999999, 39.977973], [116.3357735, 39.97793500000001], [116.3357666, 39.9780502], [116.33685279999999, 39.9780881]]]}}, {"type": "Feature", "id": "BF-00117", "properties": {"id": "BF-00117", "layer": "BUILDING_FOOTPRINT", "building_type": "existing_retained", "area_sqm": 553.4, "source_id": "OSM-DERIVED-CORRIDOR-20260808", "source_type": "osm", "confidence": "medium", "geometry_role": "existing_condition"}, "geometry": {"type": "Polygon", "coordinates": [[[116.33676780000002, 39.97965589999999], [116.3367732, 39.9795613], [116.33614020000002, 39.97954899999999], [116.33614020000002, 39.9796394], [116.33676780000002, 39.97965589999999]]]}}, {"type": "Feature", "id": "BF-00118", "properties": {"id": "BF-00118", "layer": "BUILDING_FOOTPRINT", "building_type": "existing_retained", "area_sqm": 1112.9, "source_id": "OSM-DERIVED-CORRIDOR-20260808", "source_type": "osm", "confidence": "medium", "geometry_role": "existing_condition"}, "geometry": {"type": "Polygon", "coordinates": [[[116.33686960000001, 39.9784019], [116.3368754, 39.9782972], [116.33575680000001, 39.978260500000005], [116.335751, 39.9783652], [116.33686960000001, 39.9784019]]]}}, {"type": "Feature", "id": "BF-00119", "properties": {"id": "BF-00119", "layer": "BUILDING_FOOTPRINT", "building_type": "existing_retained", "area_sqm": 1020.6, "source_id": "OSM-DERIVED-CORRIDOR-20260808", "source_type": "osm", "confidence": "medium", "geometry_role": "existing_condition"}, "geometry": {"type": "Polygon", "coordinates": [[[116.33678560000001, 39.979344699999984], [116.33679150000002, 39.9792417], [116.3357489, 39.9792066], [116.33574300000001, 39.97930959999999], [116.33678560000001, 39.979344699999984]]]}}, {"type": "Feature", "id": "BF-00120", "properties": {"id": "BF-00120", "layer": "BUILDING_FOOTPRINT", "building_type": "existing_retained", "area_sqm": 667.3, "source_id": "OSM-DERIVED-CORRIDOR-20260808", "source_type": "osm", "confidence": "medium", "geometry_role": "existing_condition"}, "geometry": {"type": "Polygon", "coordinates": [[[116.3360329, 39.979659999999996], [116.3360329, 39.97954490000001], [116.33541059999999, 39.979536599999996], [116.33541059999999, 39.9796476], [116.3360329, 39.979659999999996]]]}}, {"type": "Feature", "id": "BF-00121", "properties": {"id": "BF-00121", "layer": "BUILDING_FOOTPRINT", "building_type": "existing_retained", "area_sqm": 933.7, "source_id": "OSM-DERIVED-CORRIDOR-20260808", "source_type": "osm", "confidence": "medium", "geometry_role": "existing_condition"}, "geometry": {"type": "Polygon", "coordinates": [[[116.3368939, 39.97771670000001], [116.33689920000002, 39.9776242], [116.335837, 39.97758910000001], [116.33583180000001, 39.977681600000004], [116.3368939, 39.97771670000001]]]}}, {"type": "Feature", "id": "BF-00122", "properties": {"id": "BF-00122", "layer": "BUILDING_FOOTPRINT", "building_type": "existing_retained", "area_sqm": 1023.4, "source_id": "OSM-DERIVED-CORRIDOR-20260808", "source_type": "osm", "confidence": "medium", "geometry_role": "existing_condition"}, "geometry": {"type": "Polygon", "coordinates": [[[116.33682580000001, 39.97870970000001], [116.3368299, 39.978605], [116.33580030000002, 39.978581299999995], [116.3357962, 39.978686], [116.33682580000001, 39.97870970000001]]]}}, {"type": "Feature", "id": "BF-00123", "properties": {"id": "BF-00123", "layer": "BUILDING_FOOTPRINT", "building_type": "existing_retained", "area_sqm": 2026.6, "source_id": "OSM-DERIVED-CORRIDOR-20260808", "source_type": "osm", "confidence": "medium", "geometry_role": "existing_condition"}, "geometry": {"type": "Polygon", "coordinates": [[[116.3380945, 39.9776358], [116.33809790000001, 39.9775717], [116.33836499999998, 39.97757109999999], [116.33836499999998, 39.977385899999994], [116.3381607, 39.977377200000014], [116.3381559, 39.9774443], [116.33810440000002, 39.97744869999998], [116.3380446, 39.977446400000005], [116.33804530000002, 39.9774233], [116.3378421, 39.977417599999995], [116.33784080000001, 39.97744130000001], [116.3374956, 39.97742219999999], [116.33745919999998, 39.97742889999999], [116.33746060000001, 39.9774068], [116.3373627, 39.9774043], [116.33736130000001, 39.9774258], [116.33725690000001, 39.9774224], [116.3372484, 39.97761049999998], [116.3380945, 39.9776358]]]}}, {"type": "Feature", "id": "BF-00124", "properties": {"id": "BF-00124", "layer": "BUILDING_FOOTPRINT", "building_type": "existing_retained", "area_sqm": 979.2, "source_id": "OSM-DERIVED-CORRIDOR-20260808", "source_type": "osm", "confidence": "medium", "geometry_role": "existing_condition"}, "geometry": {"type": "Polygon", "coordinates": [[[116.33608380000001, 39.9801183], [116.33609190000001, 39.97997239999998], [116.3353945, 39.979964100000004], [116.33538950000002, 39.980114799999996], [116.33608380000001, 39.9801183]]]}}, {"type": "Feature", "id": "BF-00125", "properties": {"id": "BF-00125", "layer": "BUILDING_FOOTPRINT", "building_type": "existing_retained", "area_sqm": 2617.3, "source_id": "OSM-DERIVED-CORRIDOR-20260808", "source_type": "osm", "confidence": "medium", "geometry_role": "existing_condition"}, "geometry": {"type": "Polygon", "coordinates": [[[116.33628960000001, 39.9809381], [116.33627880000002, 39.98109910000001], [116.3364971, 39.9811076], [116.33651670000002, 39.9808135], [116.33616390000002, 39.9807996], [116.3361706, 39.980651200000004], [116.3362307, 39.9806539], [116.3362441, 39.980534600000006], [116.33619490000001, 39.98053649999999], [116.33618979999999, 39.9804115], [116.33651950000001, 39.98042439999999], [116.3365256, 39.9803324], [116.33615090000002, 39.980317699999986], [116.33615340000001, 39.98028020000001], [116.3357966, 39.980266199999996], [116.33578620000002, 39.9804219], [116.3358979, 39.980426300000005], [116.3359016, 39.9803706], [116.3361565, 39.9803806], [116.3361466, 39.980529399999995], [116.33580060000001, 39.98051590000001], [116.33579220000001, 39.9806427], [116.3361444, 39.9806565], [116.33613549999998, 39.9807902], [116.33578989999998, 39.980776699999986], [116.33578050000001, 39.98091819999999], [116.33628960000001, 39.9809381]]]}}, {"type": "Feature", "id": "BF-00126", "properties": {"id": "BF-00126", "layer": "BUILDING_FOOTPRINT", "building_type": "existing_retained", "area_sqm": 996.0, "source_id": "OSM-DERIVED-CORRIDOR-20260808", "source_type": "osm", "confidence": "medium", "geometry_role": "existing_condition"}, "geometry": {"type": "Polygon", "coordinates": [[[116.335657, 39.9823139], [116.3356614, 39.982278599999994], [116.33579040000001, 39.98228290000001], [116.3358022, 39.9819701], [116.33567339999999, 39.9819701], [116.3356646, 39.9821972], [116.3354602, 39.982188300000004], [116.33508869999999, 39.9821797], [116.33508869999999, 39.9822866], [116.335657, 39.9823139]]]}}, {"type": "Feature", "id": "BF-00127", "properties": {"id": "BF-00127", "layer": "BUILDING_FOOTPRINT", "building_type": "existing_retained", "area_sqm": 1000.1, "source_id": "OSM-DERIVED-CORRIDOR-20260808", "source_type": "osm", "confidence": "medium", "geometry_role": "existing_condition"}, "geometry": {"type": "Polygon", "coordinates": [[[116.3357837, 39.9819265], [116.33578530000001, 39.9818145], [116.33510639999999, 39.981798500000004], [116.33508869999999, 39.9821427], [116.3352172, 39.98214269999999], [116.33522720000002, 39.9819123], [116.3357837, 39.9819265]]]}}, {"type": "Feature", "id": "BF-00128", "properties": {"id": "BF-00128", "layer": "BUILDING_FOOTPRINT", "building_type": "existing_retained", "area_sqm": 1344.7, "source_id": "OSM-DERIVED-CORRIDOR-20260808", "source_type": "osm", "confidence": "medium", "geometry_role": "existing_condition"}, "geometry": {"type": "Polygon", "coordinates": [[[116.3369618, 39.982344999999995], [116.3369696, 39.98219889999999], [116.33600080000001, 39.982168599999994], [116.335993, 39.9823147], [116.3369618, 39.982344999999995]]]}}, {"type": "Feature", "id": "BF-00129", "properties": {"id": "BF-00129", "layer": "BUILDING_FOOTPRINT", "building_type": "existing_retained", "area_sqm": 1412.4, "source_id": "OSM-DERIVED-CORRIDOR-20260808", "source_type": "osm", "confidence": "medium", "geometry_role": "existing_condition"}, "geometry": {"type": "Polygon", "coordinates": [[[116.3369447, 39.98273429999999], [116.33695240000002, 39.98258299999999], [116.33596970000002, 39.98255360000001], [116.33596200000001, 39.9827049], [116.3369447, 39.98273429999999]]]}}, {"type": "Feature", "id": "BF-00130", "properties": {"id": "BF-00130", "layer": "BUILDING_FOOTPRINT", "building_type": "existing_retained", "area_sqm": 795.9, "source_id": "OSM-DERIVED-CORRIDOR-20260808", "source_type": "osm", "confidence": "medium", "geometry_role": "existing_condition"}, "geometry": {"type": "Polygon", "coordinates": [[[116.3377572, 39.98275170000001], [116.3377593, 39.98261999999998], [116.33712220000001, 39.98261409999999], [116.33712009999999, 39.9827458], [116.3377572, 39.98275170000001]]]}}, {"type": "Feature", "id": "BF-00131", "properties": {"id": "BF-00131", "layer": "BUILDING_FOOTPRINT", "building_type": "existing_retained", "area_sqm": 692.6, "source_id": "OSM-DERIVED-CORRIDOR-20260808", "source_type": "osm", "confidence": "medium", "geometry_role": "existing_condition"}, "geometry": {"type": "Polygon", "coordinates": [[[116.33775430000001, 39.98232709999999], [116.33775680000001, 39.9822023], [116.33717180000001, 39.9821955], [116.33716930000001, 39.982320300000005], [116.33775430000001, 39.98232709999999]]]}}, {"type": "Feature", "id": "BF-00132", "properties": {"id": "BF-00132", "layer": "BUILDING_FOOTPRINT", "building_type": "existing_retained", "area_sqm": 862.2, "source_id": "OSM-DERIVED-CORRIDOR-20260808", "source_type": "osm", "confidence": "medium", "geometry_role": "existing_condition"}, "geometry": {"type": "Polygon", "coordinates": [[[116.3378007, 39.9831084], [116.3378028, 39.9829745], [116.33712400000002, 39.9829681], [116.33712190000001, 39.983101999999995], [116.3378007, 39.9831084]]]}}, {"type": "Feature", "id": "BF-00133", "properties": {"id": "BF-00133", "layer": "BUILDING_FOOTPRINT", "building_type": "existing_retained", "area_sqm": 946.1, "source_id": "OSM-DERIVED-CORRIDOR-20260808", "source_type": "osm", "confidence": "medium", "geometry_role": "existing_condition"}, "geometry": {"type": "Polygon", "coordinates": [[[116.337874, 39.9819835], [116.33787949999999, 39.9818438], [116.3371661, 39.9818273], [116.33716059999999, 39.981967000000004], [116.337874, 39.9819835]]]}}, {"type": "Feature", "id": "BF-00134", "properties": {"id": "BF-00134", "layer": "BUILDING_FOOTPRINT", "building_type": "existing_retained", "area_sqm": 1787.6, "source_id": "OSM-DERIVED-CORRIDOR-20260808", "source_type": "osm", "confidence": "medium", "geometry_role": "existing_condition"}, "geometry": {"type": "Polygon", "coordinates": [[[116.3380701, 39.9831477], [116.33808550000002, 39.9831657], [116.33809459999999, 39.98317539999999], [116.3381062, 39.9831854], [116.3381256, 39.98319719999999], [116.3381536, 39.983209099999996], [116.33819080000002, 39.983215599999994], [116.33821829999998, 39.9832156], [116.3382411, 39.9832115], [116.33826190000002, 39.983203800000005], [116.3382793, 39.983195499999994], [116.33829469999999, 39.983185799999994], [116.33830820000001, 39.98316929999999], [116.33832559999999, 39.9831452], [116.33839930000002, 39.9831472], [116.338396, 39.983215099999995], [116.33872580000002, 39.98322339999999], [116.3389927, 39.983230199999994], [116.3390048, 39.9829926], [116.3386354, 39.98298230000001], [116.3386347, 39.983012099999996], [116.33871050000002, 39.9830136], [116.3387078, 39.9830517], [116.3384061, 39.983042899999994], [116.3384034, 39.983078899999995], [116.33832959999998, 39.983076300000015], [116.33833559999998, 39.9829736], [116.3380717, 39.98296469999998], [116.3380645, 39.98313770000001], [116.3380701, 39.9831477]]]}}, {"type": "Feature", "id": "BF-00135", "properties": {"id": "BF-00135", "layer": "BUILDING_FOOTPRINT", "building_type": "existing_retained", "area_sqm": 2841.0, "source_id": "OSM-DERIVED-CORRIDOR-20260808", "source_type": "osm", "confidence": "medium", "geometry_role": "existing_condition"}, "geometry": {"type": "Polygon", "coordinates": [[[116.34477859999998, 39.9787097], [116.34478330000002, 39.97849899999999], [116.3447928, 39.97806979999999], [116.34432489999999, 39.97806369999999], [116.3443172, 39.97840849999999], [116.3443107, 39.9787036], [116.34477859999998, 39.9787097]]]}}, {"type": "Feature", "id": "BF-00136", "properties": {"id": "BF-00136", "layer": "BUILDING_FOOTPRINT", "building_type": "existing_retained", "area_sqm": 4419.3, "source_id": "OSM-DERIVED-CORRIDOR-20260808", "source_type": "osm", "confidence": "medium", "geometry_role": "existing_condition"}, "geometry": {"type": "Polygon", "coordinates": [[[116.34565130000001, 39.97839990000001], [116.3463693, 39.9784131], [116.3463789, 39.97810559999999], [116.34562430000001, 39.97809170000001], [116.3448647, 39.97807779999999], [116.3448551, 39.9783853], [116.34565130000001, 39.97839990000001]]]}}, {"type": "Feature", "id": "BF-00137", "properties": {"id": "BF-00137", "layer": "BUILDING_FOOTPRINT", "building_type": "existing_retained", "area_sqm": 2672.0, "source_id": "OSM-DERIVED-CORRIDOR-20260808", "source_type": "osm", "confidence": "medium", "geometry_role": "existing_condition"}, "geometry": {"type": "Polygon", "coordinates": [[[116.3468356, 39.97877439999999], [116.3468407, 39.9785257], [116.34684899999999, 39.97812639999999], [116.3464144, 39.9781211], [116.3464062, 39.97851539999999], [116.34640100000001, 39.9787691], [116.3468356, 39.97877439999999]]]}}, {"type": "Feature", "id": "BF-00138", "properties": {"id": "BF-00138", "layer": "BUILDING_FOOTPRINT", "building_type": "existing_retained", "area_sqm": 2543.0, "source_id": "OSM-DERIVED-CORRIDOR-20260808", "source_type": "osm", "confidence": "medium", "geometry_role": "existing_condition"}, "geometry": {"type": "Polygon", "coordinates": [[[116.34681929999999, 39.97942119999999], [116.34682920000002, 39.9791197], [116.346839, 39.9788204], [116.346393, 39.9788118], [116.3463835, 39.979103099999996], [116.34637340000002, 39.979412599999996], [116.34681929999999, 39.97942119999999]]]}}, {"type": "Feature", "id": "BF-00139", "properties": {"id": "BF-00139", "layer": "BUILDING_FOOTPRINT", "building_type": "existing_retained", "area_sqm": 273.4, "source_id": "OSM-DERIVED-CORRIDOR-20260808", "source_type": "osm", "confidence": "medium", "geometry_role": "existing_condition"}, "geometry": {"type": "Polygon", "coordinates": [[[116.34195, 39.983062100000005], [116.34208790000001, 39.983067599999984], [116.3421188, 39.983045], [116.3421222, 39.982992700000004], [116.34212549999998, 39.982941099999984], [116.34209330000002, 39.9829134], [116.34196, 39.98290879999999], [116.3419284, 39.98293399999999], [116.34192160000002, 39.98303779999999], [116.34195, 39.983062100000005]]]}}, {"type": "Feature", "id": "BF-00140", "properties": {"id": "BF-00140", "layer": "BUILDING_FOOTPRINT", "building_type": "existing_retained", "area_sqm": 915.3, "source_id": "OSM-DERIVED-CORRIDOR-20260808", "source_type": "osm", "confidence": "medium", "geometry_role": "existing_condition"}, "geometry": {"type": "Polygon", "coordinates": [[[116.34619589999998, 39.9814662], [116.34638340000001, 39.98147469999999], [116.34640280000002, 39.9812234], [116.3460202, 39.981206], [116.34600080000001, 39.9814574], [116.34619589999998, 39.9814662]]]}}, {"type": "Feature", "id": "BF-00141", "properties": {"id": "BF-00141", "layer": "BUILDING_FOOTPRINT", "building_type": "existing_retained", "area_sqm": 1315.8, "source_id": "OSM-DERIVED-CORRIDOR-20260808", "source_type": "osm", "confidence": "medium", "geometry_role": "existing_condition"}, "geometry": {"type": "Polygon", "coordinates": [[[116.3331916, 39.974641299999995], [116.3333903, 39.9746343], [116.33337450000002, 39.97433670000001], [116.33269260000002, 39.9743679], [116.3327287, 39.97443359999999], [116.33261580000001, 39.9745357], [116.33271969999998, 39.974624], [116.33286420000002, 39.9744907], [116.33318260000001, 39.97447859999999], [116.3331916, 39.974641299999995]]]}}, {"type": "Feature", "id": "BF-00142", "properties": {"id": "BF-00142", "layer": "BUILDING_FOOTPRINT", "building_type": "existing_retained", "area_sqm": 14591.7, "source_id": "OSM-DERIVED-CORRIDOR-20260808", "source_type": "osm", "confidence": "medium", "geometry_role": "existing_condition"}, "geometry": {"type": "Polygon", "coordinates": [[[116.33575350000001, 39.96565069999999], [116.33613810000001, 39.96562889999999], [116.3361368, 39.96561299999999], [116.33651889999999, 39.9655941], [116.3365196, 39.9656072], [116.33816840000001, 39.9655212], [116.33804210000001, 39.96491539999999], [116.33665389999999, 39.9649066], [116.33661510000002, 39.9650403], [116.3362031, 39.96498110000001], [116.3362166, 39.96491359999999], [116.33605629999998, 39.9649128], [116.33583470000002, 39.96491170000001], [116.3358295, 39.96493509999999], [116.335679, 39.9656125], [116.33575350000001, 39.96565069999999]]]}}, {"type": "Feature", "id": "BF-00143", "properties": {"id": "BF-00143", "layer": "BUILDING_FOOTPRINT", "building_type": "existing_retained", "area_sqm": 4878.1, "source_id": "OSM-DERIVED-CORRIDOR-20260808", "source_type": "osm", "confidence": "medium", "geometry_role": "existing_condition"}, "geometry": {"type": "Polygon", "coordinates": [[[116.3304163, 39.976218], [116.3304184, 39.976186500000004], [116.33105729999998, 39.976210599999995], [116.33105510000001, 39.97624569999999], [116.3313648, 39.97625740000001], [116.3313877, 39.97590120000002], [116.3313185, 39.975898599999994], [116.3313219, 39.97584599999999], [116.33112020000002, 39.9758384], [116.3311255, 39.97575629999999], [116.3304745, 39.975731700000004], [116.33046880000002, 39.9758206], [116.33025100000002, 39.9758124], [116.33024770000002, 39.97586259999999], [116.33018479999998, 39.97586030000001], [116.3301624, 39.9762084], [116.3304163, 39.976218]]]}}, {"type": "Feature", "id": "BF-00144", "properties": {"id": "BF-00144", "layer": "BUILDING_FOOTPRINT", "building_type": "existing_retained", "area_sqm": 1834.6, "source_id": "OSM-DERIVED-CORRIDOR-20260808", "source_type": "osm", "confidence": "medium", "geometry_role": "existing_condition"}, "geometry": {"type": "Polygon", "coordinates": [[[116.33155469999998, 39.9776994], [116.3315527, 39.97774259999999], [116.3316228, 39.97774189999999], [116.3316325, 39.9775354], [116.3314603, 39.97714789999999], [116.3314098, 39.9771485], [116.3314107, 39.977177], [116.3313796, 39.97717699999999], [116.3313796, 39.97716059999999], [116.33123279999998, 39.9771591], [116.33120669999998, 39.9776968], [116.33155469999998, 39.9776994]]]}}, {"type": "Feature", "id": "BF-00145", "properties": {"id": "BF-00145", "layer": "BUILDING_FOOTPRINT", "building_type": "existing_retained", "area_sqm": 2010.0, "source_id": "OSM-DERIVED-CORRIDOR-20260808", "source_type": "osm", "confidence": "medium", "geometry_role": "existing_condition"}, "geometry": {"type": "Polygon", "coordinates": [[[116.3333561, 39.975721099999994], [116.33335269999999, 39.975528899999986], [116.33225070000002, 39.9755404], [116.3322541, 39.9757327], [116.3333561, 39.975721099999994]]]}}, {"type": "Feature", "id": "BF-00146", "properties": {"id": "BF-00146", "layer": "BUILDING_FOOTPRINT", "building_type": "existing_retained", "area_sqm": 448.7, "source_id": "OSM-DERIVED-CORRIDOR-20260808", "source_type": "osm", "confidence": "medium", "geometry_role": "existing_condition"}, "geometry": {"type": "Polygon", "coordinates": [[[116.3321612, 39.9758512], [116.33215650000001, 39.9755609], [116.33199359999999, 39.975562499999995], [116.3319983, 39.97585279999999], [116.3321612, 39.9758512]]]}}, {"type": "Feature", "id": "BF-00147", "properties": {"id": "BF-00147", "layer": "BUILDING_FOOTPRINT", "building_type": "existing_retained", "area_sqm": 1184.2, "source_id": "OSM-DERIVED-CORRIDOR-20260808", "source_type": "osm", "confidence": "medium", "geometry_role": "existing_condition"}, "geometry": {"type": "Polygon", "coordinates": [[[116.33264790000001, 39.97890509999999], [116.3327549, 39.97824919999999], [116.3323328, 39.97824479999999], [116.3323736, 39.9784042], [116.3326129, 39.97840130000001], [116.33251950000002, 39.9787948], [116.3325584, 39.97889759999999], [116.33264790000001, 39.97890509999999]]]}}, {"type": "Feature", "id": "BF-00148", "properties": {"id": "BF-00148", "layer": "BUILDING_FOOTPRINT", "building_type": "existing_retained", "area_sqm": 2323.9, "source_id": "OSM-DERIVED-CORRIDOR-20260808", "source_type": "osm", "confidence": "medium", "geometry_role": "existing_condition"}, "geometry": {"type": "Polygon", "coordinates": [[[116.3314605, 39.97883629999999], [116.33190980000002, 39.97883929999999], [116.33210040000002, 39.978803499999984], [116.3319059, 39.9782431], [116.33178920000002, 39.97806719999999], [116.3316433, 39.9780955], [116.33182230000001, 39.97860079999999], [116.33146820000002, 39.97860229999999], [116.3314605, 39.97883629999999]]]}}, {"type": "Feature", "id": "BF-00149", "properties": {"id": "BF-00149", "layer": "BUILDING_FOOTPRINT", "building_type": "existing_retained", "area_sqm": 1352.1, "source_id": "OSM-DERIVED-CORRIDOR-20260808", "source_type": "osm", "confidence": "medium", "geometry_role": "existing_condition"}, "geometry": {"type": "Polygon", "coordinates": [[[116.33617360000001, 40.0013284], [116.33632870000001, 40.0013315], [116.3363351, 40.0011433], [116.33671059999999, 40.0011508], [116.33670390000002, 40.00134919999999], [116.3368487, 40.0013521], [116.3368598, 40.001028500000004], [116.33618430000001, 40.001014999999995], [116.33617360000001, 40.0013284]]]}}, {"type": "Feature", "id": "BF-00150", "properties": {"id": "BF-00150", "layer": "BUILDING_FOOTPRINT", "building_type": "existing_retained", "area_sqm": 909.8, "source_id": "OSM-DERIVED-CORRIDOR-20260808", "source_type": "osm", "confidence": "medium", "geometry_role": "existing_condition"}, "geometry": {"type": "Polygon", "coordinates": [[[116.34570049999999, 39.966993], [116.3461858, 39.966995], [116.3462953, 39.9669955], [116.3462965, 39.966834299999995], [116.34570169999999, 39.96683169999999], [116.34570049999999, 39.966993]]]}}, {"type": "Feature", "id": "BF-00151", "properties": {"id": "BF-00151", "layer": "BUILDING_FOOTPRINT", "building_type": "existing_retained", "area_sqm": 253.0, "source_id": "OSM-DERIVED-CORRIDOR-20260808", "source_type": "osm", "confidence": "medium", "geometry_role": "existing_condition"}, "geometry": {"type": "Polygon", "coordinates": [[[116.3427988, 40.0029067], [116.3428018, 40.0026768], [116.3426858, 40.0026759], [116.3426827, 40.002905799999986], [116.3427988, 40.0029067]]]}}, {"type": "Feature", "id": "BF-00152", "properties": {"id": "BF-00152", "layer": "BUILDING_FOOTPRINT", "building_type": "existing_retained", "area_sqm": 1585.5, "source_id": "OSM-DERIVED-CORRIDOR-20260808", "source_type": "osm", "confidence": "medium", "geometry_role": "existing_condition"}, "geometry": {"type": "Polygon", "coordinates": [[[116.3324714, 39.992347699999996], [116.3324963, 39.991819599999985], [116.33218119999998, 39.9918105], [116.3321518, 39.99233410000001], [116.3324714, 39.992347699999996]]]}}, {"type": "Feature", "id": "BF-00153", "properties": {"id": "BF-00153", "layer": "BUILDING_FOOTPRINT", "building_type": "existing_retained", "area_sqm": 2515.1, "source_id": "OSM-DERIVED-CORRIDOR-20260808", "source_type": "osm", "confidence": "medium", "geometry_role": "existing_condition"}, "geometry": {"type": "Polygon", "coordinates": [[[116.33320330000001, 39.9971228], [116.33321860000001, 39.99673189999999], [116.33254080000002, 39.996716299999996], [116.33252550000002, 39.99710730000001], [116.33320330000001, 39.9971228]]]}}, {"type": "Feature", "id": "BF-00154", "properties": {"id": "BF-00154", "layer": "BUILDING_FOOTPRINT", "building_type": "existing_retained", "area_sqm": 2029.1, "source_id": "OSM-DERIVED-CORRIDOR-20260808", "source_type": "osm", "confidence": "medium", "geometry_role": "existing_condition"}, "geometry": {"type": "Polygon", "coordinates": [[[116.34442539999999, 39.991593], [116.34442510000001, 39.99132359999999], [116.3436309, 39.9913242], [116.34363120000002, 39.9915936], [116.34442539999999, 39.991593]]]}}, {"type": "Feature", "id": "BF-00155", "properties": {"id": "BF-00155", "layer": "BUILDING_FOOTPRINT", "building_type": "existing_retained", "area_sqm": 1092.4, "source_id": "OSM-DERIVED-CORRIDOR-20260808", "source_type": "osm", "confidence": "medium", "geometry_role": "existing_condition"}, "geometry": {"type": "Polygon", "coordinates": [[[116.34455799999999, 39.99100869999999], [116.3445657, 39.99073399999999], [116.34414649999998, 39.9907272], [116.34413889999999, 39.99100189999999], [116.34455799999999, 39.99100869999999]]]}}, {"type": "Feature", "id": "BF-00156", "properties": {"id": "BF-00156", "layer": "BUILDING_FOOTPRINT", "building_type": "existing_retained", "area_sqm": 2649.3, "source_id": "OSM-DERIVED-CORRIDOR-20260808", "source_type": "osm", "confidence": "medium", "geometry_role": "existing_condition"}, "geometry": {"type": "Polygon", "coordinates": [[[116.34258030000001, 39.9916166], [116.34258329999999, 39.99153359999999], [116.3430011, 39.99154260000001], [116.3429986, 39.9916124], [116.3432725, 39.99161829999999], [116.3432874, 39.99121310000001], [116.34304070000002, 39.9912078], [116.3430343, 39.991381299999986], [116.34259529999999, 39.99137180000001], [116.3426017, 39.991197500000006], [116.3423472, 39.991191999999984], [116.34233180000001, 39.9916112], [116.34258030000001, 39.9916166]]]}}, {"type": "Feature", "id": "BF-00157", "properties": {"id": "BF-00157", "layer": "BUILDING_FOOTPRINT", "building_type": "existing_retained", "area_sqm": 883.1, "source_id": "OSM-DERIVED-CORRIDOR-20260808", "source_type": "osm", "confidence": "medium", "geometry_role": "existing_condition"}, "geometry": {"type": "Polygon", "coordinates": [[[116.3388248, 39.991315799999995], [116.3388285, 39.99120859999999], [116.3391245, 39.99121459999999], [116.33912060000002, 39.99132699999999], [116.3392114, 39.991328799999984], [116.33921990000002, 39.9910821], [116.3387052, 39.9910717], [116.3386969, 39.9913132], [116.3388248, 39.991315799999995]]]}}, {"type": "Feature", "id": "BF-00158", "properties": {"id": "BF-00158", "layer": "BUILDING_FOOTPRINT", "building_type": "existing_retained", "area_sqm": 1380.3, "source_id": "OSM-DERIVED-CORRIDOR-20260808", "source_type": "osm", "confidence": "medium", "geometry_role": "existing_condition"}, "geometry": {"type": "Polygon", "coordinates": [[[116.3409891, 39.9907083], [116.3410153, 39.990173099999986], [116.34064810000001, 39.99016259999999], [116.3406414, 39.99029919999999], [116.34083559999999, 39.9903047], [116.34082309999998, 39.9905616], [116.34063789999999, 39.990556299999994], [116.34063100000002, 39.990698], [116.3409891, 39.9907083]]]}}, {"type": "Feature", "id": "BF-00159", "properties": {"id": "BF-00159", "layer": "BUILDING_FOOTPRINT", "building_type": "existing_retained", "area_sqm": 1922.1, "source_id": "OSM-DERIVED-CORRIDOR-20260808", "source_type": "osm", "confidence": "medium", "geometry_role": "existing_condition"}, "geometry": {"type": "Polygon", "coordinates": [[[116.3398802, 39.9899641], [116.3398766, 39.990040500000006], [116.34065679999999, 39.9900621], [116.34066100000001, 39.98997189999999], [116.34102, 39.98998180000001], [116.34102460000001, 39.9898832], [116.34065050000001, 39.9898729], [116.3406485, 39.9899169], [116.3399471, 39.989897600000006], [116.33995050000001, 39.989826], [116.3395373, 39.9898146], [116.3395307, 39.98995450000001], [116.3398802, 39.9899641]]]}}, {"type": "Feature", "id": "BF-00160", "properties": {"id": "BF-00160", "layer": "BUILDING_FOOTPRINT", "building_type": "existing_retained", "area_sqm": 3350.5, "source_id": "OSM-DERIVED-CORRIDOR-20260808", "source_type": "osm", "confidence": "medium", "geometry_role": "existing_condition"}, "geometry": {"type": "Polygon", "coordinates": [[[116.3432426, 39.990613499999995], [116.34398619999999, 39.990622099999996], [116.3439956, 39.990147099999994], [116.34325199999999, 39.9901385], [116.3432426, 39.990613499999995]]]}}, {"type": "Feature", "id": "BF-00161", "properties": {"id": "BF-00161", "layer": "BUILDING_FOOTPRINT", "building_type": "existing_retained", "area_sqm": 1681.9, "source_id": "OSM-DERIVED-CORRIDOR-20260808", "source_type": "osm", "confidence": "medium", "geometry_role": "existing_condition"}, "geometry": {"type": "Polygon", "coordinates": [[[116.34578960000002, 39.9897683], [116.3465815, 39.98979539999999], [116.34660179999999, 39.9894486], [116.3463893, 39.989441299999996], [116.34637940000002, 39.98960990000001], [116.3458, 39.989589999999986], [116.34578960000002, 39.9897683]]]}}, {"type": "Feature", "id": "BF-00162", "properties": {"id": "BF-00162", "layer": "BUILDING_FOOTPRINT", "building_type": "existing_retained", "area_sqm": 1353.8, "source_id": "OSM-DERIVED-CORRIDOR-20260808", "source_type": "osm", "confidence": "medium", "geometry_role": "existing_condition"}, "geometry": {"type": "Polygon", "coordinates": [[[116.3470606, 39.9563522], [116.34749730000001, 39.9563458], [116.34748900000001, 39.9560191], [116.34705240000001, 39.9560256], [116.3470606, 39.9563522]]]}}, {"type": "Feature", "id": "BF-00163", "properties": {"id": "BF-00163", "layer": "BUILDING_FOOTPRINT", "building_type": "existing_retained", "area_sqm": 4320.0, "source_id": "OSM-DERIVED-CORRIDOR-20260808", "source_type": "osm", "confidence": "medium", "geometry_role": "existing_condition"}, "geometry": {"type": "Polygon", "coordinates": [[[116.33519540000002, 39.96560519999999], [116.3352025, 39.96508229999999], [116.3343317, 39.965075399999996], [116.3343246, 39.965598199999995], [116.33519540000002, 39.96560519999999]]]}}, {"type": "Feature", "id": "BF-00164", "properties": {"id": "BF-00164", "layer": "BUILDING_FOOTPRINT", "building_type": "existing_retained", "area_sqm": 2028.5, "source_id": "OSM-DERIVED-CORRIDOR-20260808", "source_type": "osm", "confidence": "medium", "geometry_role": "existing_condition"}, "geometry": {"type": "Polygon", "coordinates": [[[116.34620100000001, 39.99658740000001], [116.3462464, 39.995638400000004], [116.3460213, 39.995632099999995], [116.34597590000001, 39.99658109999999], [116.34620100000001, 39.99658740000001]]]}}, {"type": "Feature", "id": "BF-00165", "properties": {"id": "BF-00165", "layer": "BUILDING_FOOTPRINT", "building_type": "existing_retained", "area_sqm": 1380.2, "source_id": "OSM-DERIVED-CORRIDOR-20260808", "source_type": "osm", "confidence": "medium", "geometry_role": "existing_condition"}, "geometry": {"type": "Polygon", "coordinates": [[[116.34590360000001, 39.996979700000004], [116.3462884, 39.9969867], [116.34629420000002, 39.9967977], [116.34552460000002, 39.9967837], [116.34551870000001, 39.9969727], [116.34590360000001, 39.996979700000004]]]}}, {"type": "Feature", "id": "BF-00166", "properties": {"id": "BF-00166", "layer": "BUILDING_FOOTPRINT", "building_type": "existing_retained", "area_sqm": 3142.0, "source_id": "OSM-DERIVED-CORRIDOR-20260808", "source_type": "osm", "confidence": "medium", "geometry_role": "existing_condition"}, "geometry": {"type": "Polygon", "coordinates": [[[116.34423880000001, 39.99541390000001], [116.3445506, 39.9954213], [116.34453620000001, 39.99577779999999], [116.34568439999998, 39.99580500000001], [116.34569870000001, 39.9954498], [116.3460022, 39.995457], [116.3460057, 39.995371], [116.34554930000002, 39.9953602], [116.34553849999999, 39.99562679999998], [116.3446893, 39.99560679999999], [116.3447, 39.99534359999999], [116.344242, 39.99533269999999], [116.34423880000001, 39.99541390000001]]]}}, {"type": "Feature", "id": "BF-00167", "properties": {"id": "BF-00167", "layer": "BUILDING_FOOTPRINT", "building_type": "existing_retained", "area_sqm": 5348.1, "source_id": "OSM-DERIVED-CORRIDOR-20260808", "source_type": "osm", "confidence": "medium", "geometry_role": "existing_condition"}, "geometry": {"type": "Polygon", "coordinates": [[[116.34375930000002, 39.995000000000005], [116.3447946, 39.995041099999995], [116.34486970000002, 39.99388210000001], [116.3438129, 39.993849299999994], [116.34380760000002, 39.9941123], [116.34400600000001, 39.9941123], [116.34400600000001, 39.9939849], [116.34462829999998, 39.99400949999998], [116.3445639, 39.9948767], [116.34393090000002, 39.9948479], [116.34394170000002, 39.99466300000001], [116.3437754, 39.99466300000002], [116.34375930000002, 39.995000000000005]]]}}, {"type": "Feature", "id": "BF-00168", "properties": {"id": "BF-00168", "layer": "BUILDING_FOOTPRINT", "building_type": "existing_retained", "area_sqm": 3176.8, "source_id": "OSM-DERIVED-CORRIDOR-20260808", "source_type": "osm", "confidence": "medium", "geometry_role": "existing_condition"}, "geometry": {"type": "Polygon", "coordinates": [[[116.3437226, 39.99745], [116.3437319, 39.99707649999999], [116.34283529999999, 39.997063399999995], [116.34282599999999, 39.997436900000004], [116.3437226, 39.99745]]]}}, {"type": "Feature", "id": "BF-00169", "properties": {"id": "BF-00169", "layer": "BUILDING_FOOTPRINT", "building_type": "existing_retained", "area_sqm": 1561.9, "source_id": "OSM-DERIVED-CORRIDOR-20260808", "source_type": "osm", "confidence": "medium", "geometry_role": "existing_condition"}, "geometry": {"type": "Polygon", "coordinates": [[[116.3423659, 39.99774059999999], [116.3423929, 39.997145899999985], [116.3421163, 39.9971385], [116.3420893, 39.99773329999999], [116.3423659, 39.99774059999999]]]}}, {"type": "Feature", "id": "BF-00170", "properties": {"id": "BF-00170", "layer": "BUILDING_FOOTPRINT", "building_type": "existing_retained", "area_sqm": 2647.8, "source_id": "OSM-DERIVED-CORRIDOR-20260808", "source_type": "osm", "confidence": "medium", "geometry_role": "existing_condition"}, "geometry": {"type": "Polygon", "coordinates": [[[116.3451204, 39.996325799999994], [116.34524380000002, 39.9963271], [116.3452445, 39.99628869999999], [116.3452452, 39.996244499999996], [116.3451093, 39.996243], [116.3451135, 39.9960062], [116.34502030000002, 39.9960052], [116.34451230000002, 39.995999899999994], [116.3445114, 39.9960493], [116.34451030000001, 39.99611199999999], [116.34450910000001, 39.9961796], [116.344902, 39.996183699999996], [116.3448936, 39.99665400000001], [116.34500569999999, 39.9966551], [116.34510040000002, 39.9966561], [116.3451015, 39.9965977], [116.3454763, 39.996601600000005], [116.34547730000001, 39.9965465], [116.3454783, 39.99648799999999], [116.3454792, 39.99643919999999], [116.34511840000002, 39.99643540000001], [116.3451204, 39.996325799999994]]]}}, {"type": "Feature", "id": "BF-00171", "properties": {"id": "BF-00171", "layer": "BUILDING_FOOTPRINT", "building_type": "existing_retained", "area_sqm": 1489.8, "source_id": "OSM-DERIVED-CORRIDOR-20260808", "source_type": "osm", "confidence": "medium", "geometry_role": "existing_condition"}, "geometry": {"type": "Polygon", "coordinates": [[[116.3446464, 39.9965319], [116.3446464, 39.9964739], [116.3447703, 39.99647649999999], [116.34476000000001, 39.996418500000004], [116.3445259, 39.9964238], [116.3445018, 39.9964053], [116.34444669999999, 39.9964053], [116.34440200000002, 39.99638950000001], [116.34439159999998, 39.99636050000001], [116.34439159999998, 39.996326200000006], [116.3444192, 39.99629459999999], [116.3444123, 39.99617330000001], [116.34405769999998, 39.996168], [116.3440508, 39.9965135], [116.3446464, 39.9965319]]]}}, {"type": "Feature", "id": "BF-00172", "properties": {"id": "BF-00172", "layer": "BUILDING_FOOTPRINT", "building_type": "existing_retained", "area_sqm": 705.3, "source_id": "OSM-DERIVED-CORRIDOR-20260808", "source_type": "osm", "confidence": "medium", "geometry_role": "existing_condition"}, "geometry": {"type": "Polygon", "coordinates": [[[116.3454756, 39.997338199999994], [116.3460994, 39.9973543], [116.34610460000002, 39.9972352], [116.34548090000001, 39.9972191], [116.3454756, 39.997338199999994]]]}}, {"type": "Feature", "id": "BF-00173", "properties": {"id": "BF-00173", "layer": "BUILDING_FOOTPRINT", "building_type": "existing_retained", "area_sqm": 973.1, "source_id": "OSM-DERIVED-CORRIDOR-20260808", "source_type": "osm", "confidence": "medium", "geometry_role": "existing_condition"}, "geometry": {"type": "Polygon", "coordinates": [[[116.34460600000001, 39.99772479999999], [116.34500510000001, 39.99773690000001], [116.3451276, 39.9977406], [116.3452542, 39.997744399999995], [116.3452623, 39.997586299999995], [116.34461410000002, 39.99756680000001], [116.34460600000001, 39.99772479999999]]]}}, {"type": "Feature", "id": "BF-00174", "properties": {"id": "BF-00174", "layer": "BUILDING_FOOTPRINT", "building_type": "existing_retained", "area_sqm": 1030.7, "source_id": "OSM-DERIVED-CORRIDOR-20260808", "source_type": "osm", "confidence": "medium", "geometry_role": "existing_condition"}, "geometry": {"type": "Polygon", "coordinates": [[[116.3445834, 39.99831759999999], [116.3452218, 39.99833129999999], [116.345228, 39.998161200000006], [116.34507850000001, 39.998158], [116.34495610000002, 39.99815529999999], [116.3445896, 39.9981475], [116.3445834, 39.99831759999999]]]}}, {"type": "Feature", "id": "BF-00175", "properties": {"id": "BF-00175", "layer": "BUILDING_FOOTPRINT", "building_type": "existing_retained", "area_sqm": 861.5, "source_id": "OSM-DERIVED-CORRIDOR-20260808", "source_type": "osm", "confidence": "medium", "geometry_role": "existing_condition"}, "geometry": {"type": "Polygon", "coordinates": [[[116.3449569, 39.9981119], [116.3450778, 39.9981147], [116.3452258, 39.9981181], [116.34523610000001, 39.99785440000001], [116.3451276, 39.997851899999986], [116.34499750000002, 39.9978489], [116.3448919, 39.997846499999994], [116.3448816, 39.9981102], [116.3449569, 39.9981119]]]}}, {"type": "Feature", "id": "BF-00176", "properties": {"id": "BF-00176", "layer": "BUILDING_FOOTPRINT", "building_type": "existing_retained", "area_sqm": 133.8, "source_id": "OSM-DERIVED-CORRIDOR-20260808", "source_type": "osm", "confidence": "medium", "geometry_role": "existing_condition"}, "geometry": {"type": "Polygon", "coordinates": [[[116.34499750000002, 39.9978489], [116.3451276, 39.997851899999986], [116.3451276, 39.9977406], [116.34500510000001, 39.99773690000001], [116.34499750000002, 39.9978489]]]}}, {"type": "Feature", "id": "BF-00177", "properties": {"id": "BF-00177", "layer": "BUILDING_FOOTPRINT", "building_type": "existing_retained", "area_sqm": 840.1, "source_id": "OSM-DERIVED-CORRIDOR-20260808", "source_type": "osm", "confidence": "medium", "geometry_role": "existing_condition"}, "geometry": {"type": "Polygon", "coordinates": [[[116.3439434, 39.9972784], [116.3440807, 39.99728220000001], [116.34408160000001, 39.997262600000006], [116.3444091, 39.9972715], [116.34440800000002, 39.99729539999999], [116.34454269999999, 39.9972991], [116.3445508, 39.9971264], [116.3444174, 39.9971228], [116.34441640000001, 39.99714360000001], [116.34408010000001, 39.9971345], [116.34408130000001, 39.9971106], [116.34395140000001, 39.9971071], [116.3439434, 39.9972784]]]}}, {"type": "Feature", "id": "BF-00178", "properties": {"id": "BF-00178", "layer": "BUILDING_FOOTPRINT", "building_type": "existing_retained", "area_sqm": 584.4, "source_id": "OSM-DERIVED-CORRIDOR-20260808", "source_type": "osm", "confidence": "medium", "geometry_role": "existing_condition"}, "geometry": {"type": "Polygon", "coordinates": [[[116.3439589, 39.9976081], [116.3444832, 39.997626399999994], [116.34449020000001, 39.99750910000001], [116.3439659, 39.997490799999994], [116.3439589, 39.9976081]]]}}, {"type": "Feature", "id": "BF-00179", "properties": {"id": "BF-00179", "layer": "BUILDING_FOOTPRINT", "building_type": "existing_retained", "area_sqm": 1102.1, "source_id": "OSM-DERIVED-CORRIDOR-20260808", "source_type": "osm", "confidence": "medium", "geometry_role": "existing_condition"}, "geometry": {"type": "Polygon", "coordinates": [[[116.344751, 39.99745380000001], [116.34475969999998, 39.99723579999999], [116.3450532, 39.99724259999999], [116.34504410000001, 39.99747109999999], [116.3451724, 39.9974741], [116.34518630000001, 39.997124299999996], [116.3446596, 39.99711190000001], [116.3446461, 39.997451399999996], [116.344751, 39.99745380000001]]]}}, {"type": "Feature", "id": "BF-00180", "properties": {"id": "BF-00180", "layer": "BUILDING_FOOTPRINT", "building_type": "existing_retained", "area_sqm": 309.1, "source_id": "OSM-DERIVED-CORRIDOR-20260808", "source_type": "osm", "confidence": "medium", "geometry_role": "existing_condition"}, "geometry": {"type": "Polygon", "coordinates": [[[116.3447937, 39.9973812], [116.34483559999998, 39.9974172], [116.34490210000001, 39.9974417], [116.3449689, 39.9974247], [116.34500569999999, 39.9974005], [116.34502489999998, 39.9973649], [116.34501200000001, 39.997324599999985], [116.34498620000001, 39.99729], [116.3449497, 39.99726449999999], [116.3449121, 39.9972538], [116.3448648, 39.9972628], [116.34480250000001, 39.997294100000005], [116.3447838, 39.9973396], [116.3447937, 39.9973812]]]}}, {"type": "Feature", "id": "BF-00181", "properties": {"id": "BF-00181", "layer": "BUILDING_FOOTPRINT", "building_type": "existing_retained", "area_sqm": 342.6, "source_id": "OSM-DERIVED-CORRIDOR-20260808", "source_type": "osm", "confidence": "medium", "geometry_role": "existing_condition"}, "geometry": {"type": "Polygon", "coordinates": [[[116.34610370000001, 39.99756200000001], [116.34628130000002, 39.997565599999994], [116.34628830000001, 39.99736239999999], [116.34611060000002, 39.997358799999986], [116.34610370000001, 39.99756200000001]]]}}, {"type": "Feature", "id": "BF-00182", "properties": {"id": "BF-00182", "layer": "BUILDING_FOOTPRINT", "building_type": "existing_retained", "area_sqm": 814.7, "source_id": "OSM-DERIVED-CORRIDOR-20260808", "source_type": "osm", "confidence": "medium", "geometry_role": "existing_condition"}, "geometry": {"type": "Polygon", "coordinates": [[[116.34541900000002, 39.9980064], [116.3460486, 39.9980256], [116.3460556, 39.99788929999999], [116.3454261, 39.997870199999994], [116.34541900000002, 39.9980064]]]}}, {"type": "Feature", "id": "BF-00183", "properties": {"id": "BF-00183", "layer": "BUILDING_FOOTPRINT", "building_type": "existing_retained", "area_sqm": 177.7, "source_id": "OSM-DERIVED-CORRIDOR-20260808", "source_type": "osm", "confidence": "medium", "geometry_role": "existing_condition"}, "geometry": {"type": "Polygon", "coordinates": [[[116.34609290000002, 39.997780600000006], [116.3462401, 39.9977827], [116.34624329999998, 39.9976555], [116.346096, 39.9976533], [116.34609290000002, 39.997780600000006]]]}}, {"type": "Feature", "id": "BF-00184", "properties": {"id": "BF-00184", "layer": "BUILDING_FOOTPRINT", "building_type": "existing_retained", "area_sqm": 294.4, "source_id": "OSM-DERIVED-CORRIDOR-20260808", "source_type": "osm", "confidence": "medium", "geometry_role": "existing_condition"}, "geometry": {"type": "Polygon", "coordinates": [[[116.3454719, 39.998516300000006], [116.34594239999998, 39.99852549999999], [116.3459394, 39.99850490000001], [116.34592140000001, 39.99847499999999], [116.3458885, 39.998456699999984], [116.3454719, 39.99844749999999], [116.3454719, 39.998516300000006]]]}}, {"type": "Feature", "id": "BF-00185", "properties": {"id": "BF-00185", "layer": "BUILDING_FOOTPRINT", "building_type": "existing_retained", "area_sqm": 630.2, "source_id": "OSM-DERIVED-CORRIDOR-20260808", "source_type": "osm", "confidence": "medium", "geometry_role": "existing_condition"}, "geometry": {"type": "Polygon", "coordinates": [[[116.34588000000001, 39.99840340000001], [116.3458792, 39.998424500000006], [116.3460045, 39.99842699999999], [116.34600900000001, 39.99829309999999], [116.34557069999998, 39.9982844], [116.34557149999999, 39.9982621], [116.34546530000001, 39.998259999999995], [116.34546080000001, 39.9983951], [116.34588000000001, 39.99840340000001]]]}}, {"type": "Feature", "id": "BF-00186", "properties": {"id": "BF-00186", "layer": "BUILDING_FOOTPRINT", "building_type": "existing_retained", "area_sqm": 1011.7, "source_id": "OSM-DERIVED-CORRIDOR-20260808", "source_type": "osm", "confidence": "medium", "geometry_role": "existing_condition"}, "geometry": {"type": "Polygon", "coordinates": [[[116.34141250000002, 39.99891590000001], [116.3415129, 39.99891680000001], [116.3415127, 39.9989325], [116.3416029, 39.9989334], [116.3416026, 39.99894720000002], [116.34169799999998, 39.99894810000001], [116.34169780000002, 39.9989605], [116.3421654, 39.99896499999999], [116.34216770000002, 39.99882899999999], [116.3416983, 39.9988245], [116.3416986, 39.9988058], [116.3416137, 39.998805], [116.34161410000002, 39.99878150000001], [116.34152900000001, 39.9987807], [116.3415293, 39.99876369999999], [116.34141500000001, 39.9987626], [116.34141250000002, 39.99891590000001]]]}}, {"type": "Feature", "id": "BF-00187", "properties": {"id": "BF-00187", "layer": "BUILDING_FOOTPRINT", "building_type": "existing_retained", "area_sqm": 613.6, "source_id": "OSM-DERIVED-CORRIDOR-20260808", "source_type": "osm", "confidence": "medium", "geometry_role": "existing_condition"}, "geometry": {"type": "Polygon", "coordinates": [[[116.3424331, 39.99900960000001], [116.34245069999999, 39.998610400000004], [116.3422888, 39.99860619999999], [116.34227120000001, 39.999005399999994], [116.3424331, 39.99900960000001]]]}}, {"type": "Feature", "id": "BF-00188", "properties": {"id": "BF-00188", "layer": "BUILDING_FOOTPRINT", "building_type": "existing_retained", "area_sqm": 1388.3, "source_id": "OSM-DERIVED-CORRIDOR-20260808", "source_type": "osm", "confidence": "medium", "geometry_role": "existing_condition"}, "geometry": {"type": "Polygon", "coordinates": [[[116.34143269999998, 39.99850579999999], [116.34154750000002, 39.9985083], [116.3415481, 39.99849369999998], [116.34163169999998, 39.998495500000004], [116.3416323, 39.9984814], [116.3417277, 39.9984835], [116.3417283, 39.9984683], [116.3424459, 39.9984845], [116.3424514, 39.9983418], [116.3417305, 39.998325500000014], [116.3417301, 39.998336900000005], [116.3416335, 39.99833470000001], [116.34163300000002, 39.998347], [116.34154180000002, 39.99834500000001], [116.34154129999999, 39.99835829999999], [116.3414382, 39.998356], [116.34143269999998, 39.99850579999999]]]}}, {"type": "Feature", "id": "BF-00189", "properties": {"id": "BF-00189", "layer": "BUILDING_FOOTPRINT", "building_type": "existing_retained", "area_sqm": 793.5, "source_id": "OSM-DERIVED-CORRIDOR-20260808", "source_type": "osm", "confidence": "medium", "geometry_role": "existing_condition"}, "geometry": {"type": "Polygon", "coordinates": [[[116.3420845, 39.99685980000001], [116.34255530000001, 39.9968801], [116.3425651, 39.996747100000015], [116.3422787, 39.996734700000005], [116.3422869, 39.996622], [116.34210260000002, 39.996613999999994], [116.3420845, 39.99685980000001]]]}}, {"type": "Feature", "id": "BF-00190", "properties": {"id": "BF-00190", "layer": "BUILDING_FOOTPRINT", "building_type": "existing_retained", "area_sqm": 228.0, "source_id": "OSM-DERIVED-CORRIDOR-20260808", "source_type": "osm", "confidence": "medium", "geometry_role": "existing_condition"}, "geometry": {"type": "Polygon", "coordinates": [[[116.34212300000002, 39.996459], [116.34238310000002, 39.9964623], [116.34238469999998, 39.996384699999986], [116.3423374, 39.9963841], [116.3423311, 39.9963601], [116.34217400000001, 39.9963581], [116.3421735, 39.9963817], [116.3421246, 39.9963811], [116.34212300000002, 39.996459]]]}}, {"type": "Feature", "id": "BF-00191", "properties": {"id": "BF-00191", "layer": "BUILDING_FOOTPRINT", "building_type": "existing_retained", "area_sqm": 1031.2, "source_id": "OSM-DERIVED-CORRIDOR-20260808", "source_type": "osm", "confidence": "medium", "geometry_role": "existing_condition"}, "geometry": {"type": "Polygon", "coordinates": [[[116.3431348, 39.995386499999995], [116.34325389999998, 39.995388], [116.34325230000002, 39.995460400000006], [116.34375690000002, 39.9954668], [116.34375820000001, 39.9954045], [116.34386710000001, 39.995405899999994], [116.34386940000002, 39.99529879999999], [116.3431369, 39.995289400000004], [116.3431348, 39.995386499999995]]]}}, {"type": "Feature", "id": "BF-00192", "properties": {"id": "BF-00192", "layer": "BUILDING_FOOTPRINT", "building_type": "existing_retained", "area_sqm": 704.1, "source_id": "OSM-DERIVED-CORRIDOR-20260808", "source_type": "osm", "confidence": "medium", "geometry_role": "existing_condition"}, "geometry": {"type": "Polygon", "coordinates": [[[116.3421696, 39.9952717], [116.3427272, 39.9952687], [116.342726, 39.9951355], [116.3421684, 39.9951386], [116.3421696, 39.9952717]]]}}, {"type": "Feature", "id": "BF-00193", "properties": {"id": "BF-00193", "layer": "BUILDING_FOOTPRINT", "building_type": "existing_retained", "area_sqm": 599.8, "source_id": "OSM-DERIVED-CORRIDOR-20260808", "source_type": "osm", "confidence": "medium", "geometry_role": "existing_condition"}, "geometry": {"type": "Polygon", "coordinates": [[[116.3429314, 39.995556799999996], [116.34295080000001, 39.9952165], [116.3427653, 39.99521029999999], [116.34274590000001, 39.995550599999994], [116.3429314, 39.995556799999996]]]}}, {"type": "Feature", "id": "BF-00194", "properties": {"id": "BF-00194", "layer": "BUILDING_FOOTPRINT", "building_type": "existing_retained", "area_sqm": 777.0, "source_id": "OSM-DERIVED-CORRIDOR-20260808", "source_type": "osm", "confidence": "medium", "geometry_role": "existing_condition"}, "geometry": {"type": "Polygon", "coordinates": [[[116.3424741, 39.995830100000006], [116.3424886, 39.99564860000001], [116.3425039, 39.9954921], [116.34225320000002, 39.9954962], [116.3422276, 39.99581859999999], [116.3424741, 39.995830100000006]]]}}, {"type": "Feature", "id": "BF-00195", "properties": {"id": "BF-00195", "layer": "BUILDING_FOOTPRINT", "building_type": "existing_retained", "area_sqm": 322.6, "source_id": "OSM-DERIVED-CORRIDOR-20260808", "source_type": "osm", "confidence": "medium", "geometry_role": "existing_condition"}, "geometry": {"type": "Polygon", "coordinates": [[[116.34290090000002, 39.995816], [116.34290999999999, 39.9956439], [116.3427127, 39.9956377], [116.3427035, 39.9958098], [116.34290090000002, 39.995816]]]}}, {"type": "Feature", "id": "BF-00196", "properties": {"id": "BF-00196", "layer": "BUILDING_FOOTPRINT", "building_type": "existing_retained", "area_sqm": 229.4, "source_id": "OSM-DERIVED-CORRIDOR-20260808", "source_type": "osm", "confidence": "medium", "geometry_role": "existing_condition"}, "geometry": {"type": "Polygon", "coordinates": [[[116.34260400000001, 39.995984099999994], [116.3428637, 39.99598999999999], [116.34286640000002, 39.9959205], [116.34281900000002, 39.9959194], [116.34282030000001, 39.9958861], [116.3426422, 39.9958821], [116.3426411, 39.9959098], [116.34260699999999, 39.9959091], [116.34260400000001, 39.995984099999994]]]}}, {"type": "Feature", "id": "BF-00197", "properties": {"id": "BF-00197", "layer": "BUILDING_FOOTPRINT", "building_type": "existing_retained", "area_sqm": 239.9, "source_id": "OSM-DERIVED-CORRIDOR-20260808", "source_type": "osm", "confidence": "medium", "geometry_role": "existing_condition"}, "geometry": {"type": "Polygon", "coordinates": [[[116.3425947, 39.996303499999996], [116.3428516, 39.9963055], [116.3428526, 39.99622419999999], [116.3428051, 39.9962239], [116.3428066, 39.9961964], [116.3426416, 39.9961951], [116.3426412, 39.996224600000005], [116.3425958, 39.9962243], [116.3425947, 39.996303499999996]]]}}, {"type": "Feature", "id": "BF-00198", "properties": {"id": "BF-00198", "layer": "BUILDING_FOOTPRINT", "building_type": "existing_retained", "area_sqm": 216.8, "source_id": "OSM-DERIVED-CORRIDOR-20260808", "source_type": "osm", "confidence": "medium", "geometry_role": "existing_condition"}, "geometry": {"type": "Polygon", "coordinates": [[[116.34212780000001, 39.9961541], [116.3423761, 39.99615479999999], [116.34237650000001, 39.99607819999999], [116.34233329999999, 39.996078], [116.3423334, 39.9960526], [116.34217030000002, 39.9960521], [116.34217019999998, 39.99608529999999], [116.34212810000001, 39.9960852], [116.34212780000001, 39.9961541]]]}}, {"type": "Feature", "id": "BF-00199", "properties": {"id": "BF-00199", "layer": "BUILDING_FOOTPRINT", "building_type": "existing_retained", "area_sqm": 245.9, "source_id": "OSM-DERIVED-CORRIDOR-20260808", "source_type": "osm", "confidence": "medium", "geometry_role": "existing_condition"}, "geometry": {"type": "Polygon", "coordinates": [[[116.3428363, 39.9965785], [116.34283860000001, 39.99649350000001], [116.3427974, 39.99649279999999], [116.34279780000001, 39.996475], [116.3426242, 39.996472399999995], [116.3426236, 39.99649469999999], [116.34256700000002, 39.9964939], [116.34256490000001, 39.99657440000001], [116.3428363, 39.9965785]]]}}, {"type": "Feature", "id": "BF-00200", "properties": {"id": "BF-00200", "layer": "BUILDING_FOOTPRINT", "building_type": "existing_retained", "area_sqm": 337.6, "source_id": "OSM-DERIVED-CORRIDOR-20260808", "source_type": "osm", "confidence": "medium", "geometry_role": "existing_condition"}, "geometry": {"type": "Polygon", "coordinates": [[[116.3425627, 39.9968553], [116.3426008, 39.99685629999999], [116.34259979999999, 39.996877200000014], [116.3428508, 39.99688380000001], [116.3428555, 39.9967795], [116.34281250000001, 39.99677839999998], [116.3428136, 39.9967531], [116.3425676, 39.9967467], [116.3425627, 39.9968553]]]}}, {"type": "Feature", "id": "BF-00201", "properties": {"id": "BF-00201", "layer": "BUILDING_FOOTPRINT", "building_type": "existing_retained", "area_sqm": 1078.6, "source_id": "OSM-DERIVED-CORRIDOR-20260808", "source_type": "osm", "confidence": "medium", "geometry_role": "existing_condition"}, "geometry": {"type": "Polygon", "coordinates": [[[116.343083, 39.9968485], [116.34367620000002, 39.99687500000002], [116.3436908, 39.9966839], [116.34309759999998, 39.9966574], [116.343083, 39.9968485]]]}}, {"type": "Feature", "id": "BF-00202", "properties": {"id": "BF-00202", "layer": "BUILDING_FOOTPRINT", "building_type": "existing_retained", "area_sqm": 573.6, "source_id": "OSM-DERIVED-CORRIDOR-20260808", "source_type": "osm", "confidence": "medium", "geometry_role": "existing_condition"}, "geometry": {"type": "Polygon", "coordinates": [[[116.3431288, 39.99654039999999], [116.3436607, 39.996551], [116.34366450000002, 39.9964374], [116.3431327, 39.996426699999994], [116.3431288, 39.99654039999999]]]}}, {"type": "Feature", "id": "BF-00203", "properties": {"id": "BF-00203", "layer": "BUILDING_FOOTPRINT", "building_type": "existing_retained", "area_sqm": 716.3, "source_id": "OSM-DERIVED-CORRIDOR-20260808", "source_type": "osm", "confidence": "medium", "geometry_role": "existing_condition"}, "geometry": {"type": "Polygon", "coordinates": [[[116.3444316, 39.9968925], [116.34443739999999, 39.9966676], [116.34410170000001, 39.9966625], [116.34409600000001, 39.9968875], [116.3444316, 39.9968925]]]}}, {"type": "Feature", "id": "BF-00204", "properties": {"id": "BF-00204", "layer": "BUILDING_FOOTPRINT", "building_type": "existing_retained", "area_sqm": 661.4, "source_id": "OSM-DERIVED-CORRIDOR-20260808", "source_type": "osm", "confidence": "medium", "geometry_role": "existing_condition"}, "geometry": {"type": "Polygon", "coordinates": [[[116.34118790000001, 39.99680909999999], [116.3418007, 39.99682469999999], [116.34180560000001, 39.99671099999999], [116.3411929, 39.9966954], [116.34118790000001, 39.99680909999999]]]}}, {"type": "Feature", "id": "BF-00205", "properties": {"id": "BF-00205", "layer": "BUILDING_FOOTPRINT", "building_type": "existing_retained", "area_sqm": 645.6, "source_id": "OSM-DERIVED-CORRIDOR-20260808", "source_type": "osm", "confidence": "medium", "geometry_role": "existing_condition"}, "geometry": {"type": "Polygon", "coordinates": [[[116.3404535, 39.996777200000004], [116.3410748, 39.99679859999999], [116.3410812, 39.9966893], [116.3404599, 39.9966678], [116.3404535, 39.996777200000004]]]}}, {"type": "Feature", "id": "BF-00206", "properties": {"id": "BF-00206", "layer": "BUILDING_FOOTPRINT", "building_type": "existing_retained", "area_sqm": 484.1, "source_id": "OSM-DERIVED-CORRIDOR-20260808", "source_type": "osm", "confidence": "medium", "geometry_role": "existing_condition"}, "geometry": {"type": "Polygon", "coordinates": [[[116.33970570000001, 39.996716799999994], [116.34025929999999, 39.996731800000006], [116.3402636, 39.996639699999996], [116.33970990000002, 39.996624700000005], [116.33970570000001, 39.996716799999994]]]}}, {"type": "Feature", "id": "BF-00207", "properties": {"id": "BF-00207", "layer": "BUILDING_FOOTPRINT", "building_type": "existing_retained", "area_sqm": 374.7, "source_id": "OSM-DERIVED-CORRIDOR-20260808", "source_type": "osm", "confidence": "medium", "geometry_role": "existing_condition"}, "geometry": {"type": "Polygon", "coordinates": [[[116.3392229, 39.9967515], [116.33952210000001, 39.99676180000001], [116.3395297, 39.99663000000001], [116.33923050000001, 39.996619700000004], [116.3392229, 39.9967515]]]}}, {"type": "Feature", "id": "BF-00208", "properties": {"id": "BF-00208", "layer": "BUILDING_FOOTPRINT", "building_type": "existing_retained", "area_sqm": 904.1, "source_id": "OSM-DERIVED-CORRIDOR-20260808", "source_type": "osm", "confidence": "medium", "geometry_role": "existing_condition"}, "geometry": {"type": "Polygon", "coordinates": [[[116.33972940000001, 39.99707539999999], [116.33969130000001, 39.99707449999999], [116.33968540000001, 39.997218999999994], [116.3398193, 39.9972221], [116.33982449999999, 39.99709399999998], [116.34012300000002, 39.99710109999999], [116.3401175, 39.9972355], [116.3402577, 39.997238799999984], [116.3402639, 39.99708470000001], [116.3402232, 39.99708369999999], [116.34022719999999, 39.99698630000001], [116.3397335, 39.9969746], [116.33972940000001, 39.99707539999999]]]}}, {"type": "Feature", "id": "BF-00209", "properties": {"id": "BF-00209", "layer": "BUILDING_FOOTPRINT", "building_type": "existing_retained", "area_sqm": 386.0, "source_id": "OSM-DERIVED-CORRIDOR-20260808", "source_type": "osm", "confidence": "medium", "geometry_role": "existing_condition"}, "geometry": {"type": "Polygon", "coordinates": [[[116.3405298, 39.99704210000001], [116.34092470000002, 39.9970499], [116.3409282, 39.99694689999998], [116.34053320000001, 39.9969391], [116.3405298, 39.99704210000001]]]}}, {"type": "Feature", "id": "BF-00210", "properties": {"id": "BF-00210", "layer": "BUILDING_FOOTPRINT", "building_type": "existing_retained", "area_sqm": 1564.0, "source_id": "OSM-DERIVED-CORRIDOR-20260808", "source_type": "osm", "confidence": "medium", "geometry_role": "existing_condition"}, "geometry": {"type": "Polygon", "coordinates": [[[116.34113209999998, 39.99542819999999], [116.3413207, 39.9954314], [116.3413254, 39.995264999999996], [116.3416806, 39.9952709], [116.3416758, 39.995439000000005], [116.3418703, 39.9954422], [116.34187900000002, 39.995137699999994], [116.34114070000001, 39.99512529999999], [116.34113209999998, 39.99542819999999]]]}}, {"type": "Feature", "id": "BF-00211", "properties": {"id": "BF-00211", "layer": "BUILDING_FOOTPRINT", "building_type": "existing_retained", "area_sqm": 2358.1, "source_id": "OSM-DERIVED-CORRIDOR-20260808", "source_type": "osm", "confidence": "medium", "geometry_role": "existing_condition"}, "geometry": {"type": "Polygon", "coordinates": [[[116.3413662, 39.9960557], [116.3413683, 39.99588909999999], [116.34160780000002, 39.9958909], [116.3416056, 39.9960567], [116.3417944, 39.9960581], [116.34182179999999, 39.9960716], [116.34182800000002, 39.9956187], [116.34160340000001, 39.99561690000001], [116.34160189999999, 39.99572820000001], [116.341381, 39.9957265], [116.3413826, 39.99560399999999], [116.34112390000001, 39.995602000000005], [116.34111790000001, 39.99605379999999], [116.3413662, 39.9960557]]]}}, {"type": "Feature", "id": "BF-00212", "properties": {"id": "BF-00212", "layer": "BUILDING_FOOTPRINT", "building_type": "existing_retained", "area_sqm": 1106.4, "source_id": "OSM-DERIVED-CORRIDOR-20260808", "source_type": "osm", "confidence": "medium", "geometry_role": "existing_condition"}, "geometry": {"type": "Polygon", "coordinates": [[[116.34082510000002, 39.9981108], [116.3408309, 39.99792909999999], [116.34111040000002, 39.99793429999999], [116.3411082, 39.9980029], [116.3412239, 39.99800499999999], [116.34122930000001, 39.99783630000002], [116.34066340000001, 39.997825600000006], [116.3406624, 39.99785659999999], [116.34057900000002, 39.997855], [116.34057100000001, 39.998106], [116.34082510000002, 39.9981108]]]}}, {"type": "Feature", "id": "BF-00213", "properties": {"id": "BF-00213", "layer": "BUILDING_FOOTPRINT", "building_type": "existing_retained", "area_sqm": 714.1, "source_id": "OSM-DERIVED-CORRIDOR-20260808", "source_type": "osm", "confidence": "medium", "geometry_role": "existing_condition"}, "geometry": {"type": "Polygon", "coordinates": [[[116.3412789, 39.99805440000001], [116.3418465, 39.99806790000001], [116.34185180000001, 39.997935299999995], [116.3412843, 39.9979219], [116.3412789, 39.99805440000001]]]}}, {"type": "Feature", "id": "BF-00214", "properties": {"id": "BF-00214", "layer": "BUILDING_FOOTPRINT", "building_type": "existing_retained", "area_sqm": 2599.3, "source_id": "OSM-DERIVED-CORRIDOR-20260808", "source_type": "osm", "confidence": "medium", "geometry_role": "existing_condition"}, "geometry": {"type": "Polygon", "coordinates": [[[116.34718590000001, 39.97756449999999], [116.34720099999998, 39.977262899999985], [116.34629390000002, 39.97723620000001], [116.3462788, 39.977537899999994], [116.34718590000001, 39.97756449999999]]]}}, {"type": "Feature", "id": "BF-00215", "properties": {"id": "BF-00215", "layer": "BUILDING_FOOTPRINT", "building_type": "existing_retained", "area_sqm": 1107.0, "source_id": "OSM-DERIVED-CORRIDOR-20260808", "source_type": "osm", "confidence": "medium", "geometry_role": "existing_condition"}, "geometry": {"type": "Polygon", "coordinates": [[[116.3380296, 39.97565000000001], [116.33849750000002, 39.97566119999999], [116.3384982, 39.975409], [116.33803090000002, 39.97540309999999], [116.3380296, 39.97565000000001]]]}}, {"type": "Feature", "id": "BF-00216", "properties": {"id": "BF-00216", "layer": "BUILDING_FOOTPRINT", "building_type": "existing_retained", "area_sqm": 2220.6, "source_id": "OSM-DERIVED-CORRIDOR-20260808", "source_type": "osm", "confidence": "medium", "geometry_role": "existing_condition"}, "geometry": {"type": "Polygon", "coordinates": [[[116.33953119999998, 39.9763293], [116.33952810000001, 39.976437100000005], [116.33952429999998, 39.9765669], [116.33984050000001, 39.9765637], [116.33984379999998, 39.97614529999999], [116.3399672, 39.976146299999996], [116.3399567, 39.9759001], [116.3395436, 39.975901599999986], [116.33953119999998, 39.9763293]]]}}, {"type": "Feature", "id": "BF-00217", "properties": {"id": "BF-00217", "layer": "BUILDING_FOOTPRINT", "building_type": "existing_retained", "area_sqm": 474.0, "source_id": "OSM-DERIVED-CORRIDOR-20260808", "source_type": "osm", "confidence": "medium", "geometry_role": "existing_condition"}, "geometry": {"type": "Polygon", "coordinates": [[[116.34041380000001, 39.9959069], [116.340999, 39.99591899999999], [116.341002, 39.99583359999998], [116.34041680000001, 39.9958216], [116.34041380000001, 39.9959069]]]}}, {"type": "Feature", "id": "BF-00218", "properties": {"id": "BF-00218", "layer": "BUILDING_FOOTPRINT", "building_type": "existing_retained", "area_sqm": 573.7, "source_id": "OSM-DERIVED-CORRIDOR-20260808", "source_type": "osm", "confidence": "medium", "geometry_role": "existing_condition"}, "geometry": {"type": "Polygon", "coordinates": [[[116.34101839999998, 39.9956015], [116.3410235, 39.9954937], [116.34046300000001, 39.99547809999999], [116.34045789999999, 39.9955859], [116.34101839999998, 39.9956015]]]}}, {"type": "Feature", "id": "BF-00219", "properties": {"id": "BF-00219", "layer": "BUILDING_FOOTPRINT", "building_type": "existing_retained", "area_sqm": 848.7, "source_id": "OSM-DERIVED-CORRIDOR-20260808", "source_type": "osm", "confidence": "medium", "geometry_role": "existing_condition"}, "geometry": {"type": "Polygon", "coordinates": [[[116.3403644, 39.99532260000001], [116.3403912, 39.995320500000005], [116.3403912, 39.9953616], [116.3405951, 39.995367800000004], [116.34058969999998, 39.99532460000001], [116.3409598, 39.9953308], [116.3409572, 39.9951726], [116.34080160000002, 39.9951541], [116.34068889999999, 39.9951685], [116.34061110000002, 39.9952178], [116.3403671, 39.995215699999996], [116.3403644, 39.99532260000001]]]}}, {"type": "Feature", "id": "BF-00220", "properties": {"id": "BF-00220", "layer": "BUILDING_FOOTPRINT", "building_type": "existing_retained", "area_sqm": 945.8, "source_id": "OSM-DERIVED-CORRIDOR-20260808", "source_type": "osm", "confidence": "medium", "geometry_role": "existing_condition"}, "geometry": {"type": "Polygon", "coordinates": [[[116.3393243, 39.9952833], [116.3402575, 39.9953191], [116.3402645, 39.9952125], [116.33933120000002, 39.99517670000001], [116.3393243, 39.9952833]]]}}, {"type": "Feature", "id": "BF-00221", "properties": {"id": "BF-00221", "layer": "BUILDING_FOOTPRINT", "building_type": "existing_retained", "area_sqm": 762.5, "source_id": "OSM-DERIVED-CORRIDOR-20260808", "source_type": "osm", "confidence": "medium", "geometry_role": "existing_condition"}, "geometry": {"type": "Polygon", "coordinates": [[[116.3395036, 39.9956183], [116.3402412, 39.99563729999999], [116.3402459, 39.9955284], [116.3395084, 39.9955094], [116.3395036, 39.9956183]]]}}, {"type": "Feature", "id": "BF-00222", "properties": {"id": "BF-00222", "layer": "BUILDING_FOOTPRINT", "building_type": "existing_retained", "area_sqm": 372.0, "source_id": "OSM-DERIVED-CORRIDOR-20260808", "source_type": "osm", "confidence": "medium", "geometry_role": "existing_condition"}, "geometry": {"type": "Polygon", "coordinates": [[[116.3403808, 39.998425100000006], [116.34068649999999, 39.99842970000001], [116.3406899, 39.99830149999999], [116.34038410000001, 39.9982968], [116.3403808, 39.998425100000006]]]}}, {"type": "Feature", "id": "BF-00223", "properties": {"id": "BF-00223", "layer": "BUILDING_FOOTPRINT", "building_type": "existing_retained", "area_sqm": 548.5, "source_id": "OSM-DERIVED-CORRIDOR-20260808", "source_type": "osm", "confidence": "medium", "geometry_role": "existing_condition"}, "geometry": {"type": "Polygon", "coordinates": [[[116.3406936, 39.998470100000006], [116.3411696, 39.9984793], [116.34117010000001, 39.9984643], [116.3412543, 39.99846589999999], [116.34125749999998, 39.99836770000001], [116.34089539999998, 39.99836069999999], [116.34089469999999, 39.99838269999999], [116.3406966, 39.99837889999999], [116.3406936, 39.998470100000006]]]}}, {"type": "Feature", "id": "BF-00224", "properties": {"id": "BF-00224", "layer": "BUILDING_FOOTPRINT", "building_type": "existing_retained", "area_sqm": 449.2, "source_id": "OSM-DERIVED-CORRIDOR-20260808", "source_type": "osm", "confidence": "medium", "geometry_role": "existing_condition"}, "geometry": {"type": "Polygon", "coordinates": [[[116.3405468, 39.998887599999996], [116.3406675, 39.9988414], [116.3407251, 39.998845], [116.34082839999999, 39.99889329999999], [116.3408955, 39.9988286], [116.3407674, 39.9987685], [116.34074590000002, 39.9987361], [116.34075729999999, 39.9986298], [116.34064269999999, 39.99862569999999], [116.34064069999998, 39.9987294], [116.34061320000002, 39.9987638], [116.34048580000001, 39.9988132], [116.3405468, 39.998887599999996]]]}}, {"type": "Feature", "id": "BF-00225", "properties": {"id": "BF-00225", "layer": "BUILDING_FOOTPRINT", "building_type": "existing_retained", "area_sqm": 505.6, "source_id": "OSM-DERIVED-CORRIDOR-20260808", "source_type": "osm", "confidence": "medium", "geometry_role": "existing_condition"}, "geometry": {"type": "Polygon", "coordinates": [[[116.3400184, 39.9986935], [116.3401498, 39.99864310000001], [116.34020349999999, 39.99864409999999], [116.34030940000001, 39.99870169999999], [116.34037650000002, 39.9986195], [116.34025710000002, 39.998564999999985], [116.340241, 39.9985281], [116.3402397, 39.99842530000001], [116.34011229999999, 39.9984161], [116.34011760000001, 39.9985229], [116.3400881, 39.998563999999995], [116.33996070000002, 39.998615399999984], [116.3400184, 39.9986935]]]}}, {"type": "Feature", "id": "BF-00226", "properties": {"id": "BF-00226", "layer": "BUILDING_FOOTPRINT", "building_type": "existing_retained", "area_sqm": 469.6, "source_id": "OSM-DERIVED-CORRIDOR-20260808", "source_type": "osm", "confidence": "medium", "geometry_role": "existing_condition"}, "geometry": {"type": "Polygon", "coordinates": [[[116.3396362, 39.99845719999999], [116.3396831, 39.998458199999995], [116.33978100000002, 39.99850849999999], [116.3398454, 39.9984315], [116.3397247, 39.99837600000001], [116.3397059, 39.9983421], [116.3397166, 39.9982394], [116.33958920000002, 39.9982363], [116.33959059999998, 39.99834], [116.33956110000001, 39.9983832], [116.3394511, 39.99842739999999], [116.3395061, 39.99850240000001], [116.3396362, 39.99845719999999]]]}}, {"type": "Feature", "id": "BF-00227", "properties": {"id": "BF-00227", "layer": "BUILDING_FOOTPRINT", "building_type": "existing_retained", "area_sqm": 957.5, "source_id": "OSM-DERIVED-CORRIDOR-20260808", "source_type": "osm", "confidence": "medium", "geometry_role": "existing_condition"}, "geometry": {"type": "Polygon", "coordinates": [[[116.3412228, 39.98404259999999], [116.34153670000002, 39.9840525], [116.34154550000001, 39.9838893], [116.34092799999999, 39.9838698], [116.3409192, 39.984033000000004], [116.3412228, 39.98404259999999]]]}}, {"type": "Feature", "id": "BF-00228", "properties": {"id": "BF-00228", "layer": "BUILDING_FOOTPRINT", "building_type": "existing_retained", "area_sqm": 884.7, "source_id": "OSM-DERIVED-CORRIDOR-20260808", "source_type": "osm", "confidence": "medium", "geometry_role": "existing_condition"}, "geometry": {"type": "Polygon", "coordinates": [[[116.3429239, 39.9999059], [116.34375669999999, 39.99991639999999], [116.34375909999999, 39.999804399999995], [116.3429264, 39.9997939], [116.3429239, 39.9999059]]]}}, {"type": "Feature", "id": "BF-00229", "properties": {"id": "BF-00229", "layer": "BUILDING_FOOTPRINT", "building_type": "existing_retained", "area_sqm": 845.0, "source_id": "OSM-DERIVED-CORRIDOR-20260808", "source_type": "osm", "confidence": "medium", "geometry_role": "existing_condition"}, "geometry": {"type": "Polygon", "coordinates": [[[116.3429215, 40.0002633], [116.3437636, 40.00027300000001], [116.3437657, 40.00016720000001], [116.3429236, 40.000157499999986], [116.3429215, 40.0002633]]]}}, {"type": "Feature", "id": "BF-00230", "properties": {"id": "BF-00230", "layer": "BUILDING_FOOTPRINT", "building_type": "existing_retained", "area_sqm": 889.7, "source_id": "OSM-DERIVED-CORRIDOR-20260808", "source_type": "osm", "confidence": "medium", "geometry_role": "existing_condition"}, "geometry": {"type": "Polygon", "coordinates": [[[116.34290570000002, 40.000645199999994], [116.3437893, 40.00067709999999], [116.3437958, 40.0005712], [116.3429122, 40.0005392], [116.34290570000002, 40.000645199999994]]]}}, {"type": "Feature", "id": "BF-00231", "properties": {"id": "BF-00231", "layer": "BUILDING_FOOTPRINT", "building_type": "existing_retained", "area_sqm": 1172.2, "source_id": "OSM-DERIVED-CORRIDOR-20260808", "source_type": "osm", "confidence": "medium", "geometry_role": "existing_condition"}, "geometry": {"type": "Polygon", "coordinates": [[[116.3429395, 40.0010096], [116.3440031, 40.001041900000004], [116.3440091, 40.00092589999999], [116.3429456, 40.00089349999999], [116.3429395, 40.0010096]]]}}, {"type": "Feature", "id": "BF-00232", "properties": {"id": "BF-00232", "layer": "BUILDING_FOOTPRINT", "building_type": "existing_retained", "area_sqm": 1596.4, "source_id": "OSM-DERIVED-CORRIDOR-20260808", "source_type": "osm", "confidence": "medium", "geometry_role": "existing_condition"}, "geometry": {"type": "Polygon", "coordinates": [[[116.344001, 39.9999665], [116.3447862, 39.999977499999986], [116.34478699999998, 39.99994120000001], [116.3452432, 39.9999476], [116.3452464, 39.9998159], [116.34478939999998, 39.9998095], [116.3447887, 39.999839699999995], [116.3440043, 39.999828699999995], [116.344001, 39.9999665]]]}}, {"type": "Feature", "id": "BF-00233", "properties": {"id": "BF-00233", "layer": "BUILDING_FOOTPRINT", "building_type": "existing_retained", "area_sqm": 1522.6, "source_id": "OSM-DERIVED-CORRIDOR-20260808", "source_type": "osm", "confidence": "medium", "geometry_role": "existing_condition"}, "geometry": {"type": "Polygon", "coordinates": [[[116.34399030000002, 40.0003548], [116.3447852, 40.00037340000001], [116.3447867, 40.0003376], [116.34521570000001, 40.000347700000006], [116.345221, 40.000215299999994], [116.3447831, 40.00020510000001], [116.3447816, 40.000243299999994], [116.3439955, 40.0002248], [116.34399030000002, 40.0003548]]]}}, {"type": "Feature", "id": "BF-00234", "properties": {"id": "BF-00234", "layer": "BUILDING_FOOTPRINT", "building_type": "existing_retained", "area_sqm": 1269.0, "source_id": "OSM-DERIVED-CORRIDOR-20260808", "source_type": "osm", "confidence": "medium", "geometry_role": "existing_condition"}, "geometry": {"type": "Polygon", "coordinates": [[[116.3440115, 40.00075079999999], [116.34478010000001, 40.0007613], [116.3447808, 40.00073210000001], [116.3452083, 40.00073789999999], [116.34521080000002, 40.000630499999986], [116.3447875, 40.00062470000001], [116.34478699999998, 40.00064689999999], [116.3440142, 40.000636400000005], [116.3440115, 40.00075079999999]]]}}, {"type": "Feature", "id": "BF-00235", "properties": {"id": "BF-00235", "layer": "BUILDING_FOOTPRINT", "building_type": "existing_retained", "area_sqm": 328.0, "source_id": "OSM-DERIVED-CORRIDOR-20260808", "source_type": "osm", "confidence": "medium", "geometry_role": "existing_condition"}, "geometry": {"type": "Polygon", "coordinates": [[[116.3457052, 40.0014933], [116.34608339999998, 40.001500300000004], [116.3460863, 40.0014089], [116.34570809999998, 40.0014019], [116.3457052, 40.0014933]]]}}, {"type": "Feature", "id": "BF-00236", "properties": {"id": "BF-00236", "layer": "BUILDING_FOOTPRINT", "building_type": "existing_retained", "area_sqm": 723.5, "source_id": "OSM-DERIVED-CORRIDOR-20260808", "source_type": "osm", "confidence": "medium", "geometry_role": "existing_condition"}, "geometry": {"type": "Polygon", "coordinates": [[[116.3448264, 40.0014679], [116.3455761, 40.00148360000001], [116.3455797, 40.0013819], [116.34483, 40.00136619999999], [116.3448264, 40.0014679]]]}}, {"type": "Feature", "id": "BF-00237", "properties": {"id": "BF-00237", "layer": "BUILDING_FOOTPRINT", "building_type": "existing_retained", "area_sqm": 720.5, "source_id": "OSM-DERIVED-CORRIDOR-20260808", "source_type": "osm", "confidence": "medium", "geometry_role": "existing_condition"}, "geometry": {"type": "Polygon", "coordinates": [[[116.3448516, 40.0011342], [116.34559190000002, 40.001146399999996], [116.3455947, 40.001043799999984], [116.34485449999998, 40.0010316], [116.3448516, 40.0011342]]]}}, {"type": "Feature", "id": "BF-00238", "properties": {"id": "BF-00238", "layer": "BUILDING_FOOTPRINT", "building_type": "existing_retained", "area_sqm": 725.4, "source_id": "OSM-DERIVED-CORRIDOR-20260808", "source_type": "osm", "confidence": "medium", "geometry_role": "existing_condition"}, "geometry": {"type": "Polygon", "coordinates": [[[116.34567149999998, 40.001075300000004], [116.3459263, 40.0010816], [116.34591880000002, 40.0012598], [116.3460745, 40.0012636], [116.34608699999998, 40.0009669], [116.34567650000001, 40.00095669999999], [116.34567149999998, 40.001075300000004]]]}}, {"type": "Feature", "id": "BF-00239", "properties": {"id": "BF-00239", "layer": "BUILDING_FOOTPRINT", "building_type": "existing_retained", "area_sqm": 634.8, "source_id": "OSM-DERIVED-CORRIDOR-20260808", "source_type": "osm", "confidence": "medium", "geometry_role": "existing_condition"}, "geometry": {"type": "Polygon", "coordinates": [[[116.3448088, 40.001803899999985], [116.3455491, 40.0018163], [116.3455516, 40.001725900000004], [116.3448114, 40.0017135], [116.3448088, 40.001803899999985]]]}}, {"type": "Feature", "id": "BF-00240", "properties": {"id": "BF-00240", "layer": "BUILDING_FOOTPRINT", "building_type": "existing_retained", "area_sqm": 514.1, "source_id": "OSM-DERIVED-CORRIDOR-20260808", "source_type": "osm", "confidence": "medium", "geometry_role": "existing_condition"}, "geometry": {"type": "Polygon", "coordinates": [[[116.3457361, 40.001838799999994], [116.3459296, 40.00184399999999], [116.3459179, 40.002101299999985], [116.3460427, 40.0021047], [116.3460555, 40.0018224], [116.3459296, 40.00181899999999], [116.3459329, 40.001745699999994], [116.3457406, 40.001740599999984], [116.3457361, 40.001838799999994]]]}}, {"type": "Feature", "id": "BF-00241", "properties": {"id": "BF-00241", "layer": "BUILDING_FOOTPRINT", "building_type": "existing_retained", "area_sqm": 357.3, "source_id": "OSM-DERIVED-CORRIDOR-20260808", "source_type": "osm", "confidence": "medium", "geometry_role": "existing_condition"}, "geometry": {"type": "Polygon", "coordinates": [[[116.3456461, 40.0023768], [116.3460283, 40.0023776], [116.34602870000002, 40.002279], [116.34564650000002, 40.00227819999999], [116.3456461, 40.0023768]]]}}, {"type": "Feature", "id": "BF-00242", "properties": {"id": "BF-00242", "layer": "BUILDING_FOOTPRINT", "building_type": "existing_retained", "area_sqm": 1348.6, "source_id": "OSM-DERIVED-CORRIDOR-20260808", "source_type": "osm", "confidence": "medium", "geometry_role": "existing_condition"}, "geometry": {"type": "Polygon", "coordinates": [[[116.3458908, 40.0033088], [116.34591179999998, 40.0025724], [116.34571870000002, 40.0025692], [116.34569780000001, 40.003305600000004], [116.3458908, 40.0033088]]]}}, {"type": "Feature", "id": "BF-00243", "properties": {"id": "BF-00243", "layer": "BUILDING_FOOTPRINT", "building_type": "existing_retained", "area_sqm": 1269.7, "source_id": "OSM-DERIVED-CORRIDOR-20260808", "source_type": "osm", "confidence": "medium", "geometry_role": "existing_condition"}, "geometry": {"type": "Polygon", "coordinates": [[[116.3376576, 39.962475799999986], [116.3387776, 39.9626279], [116.33880440000001, 39.96251209999999], [116.33768440000001, 39.96235990000001], [116.3376576, 39.962475799999986]]]}}, {"type": "Feature", "id": "BF-00244", "properties": {"id": "BF-00244", "layer": "BUILDING_FOOTPRINT", "building_type": "existing_retained", "area_sqm": 1236.9, "source_id": "OSM-DERIVED-CORRIDOR-20260808", "source_type": "osm", "confidence": "medium", "geometry_role": "existing_condition"}, "geometry": {"type": "Polygon", "coordinates": [[[116.33607239999999, 39.963330799999994], [116.3372552, 39.96349080000001], [116.3372798, 39.963383900000004], [116.336097, 39.963223899999996], [116.33607239999999, 39.963330799999994]]]}}, {"type": "Feature", "id": "BF-00245", "properties": {"id": "BF-00245", "layer": "BUILDING_FOOTPRINT", "building_type": "existing_retained", "area_sqm": 1189.8, "source_id": "OSM-DERIVED-CORRIDOR-20260808", "source_type": "osm", "confidence": "medium", "geometry_role": "existing_condition"}, "geometry": {"type": "Polygon", "coordinates": [[[116.33745079999998, 39.96352710000001], [116.3385619, 39.9636545], [116.3385834, 39.96354409999999], [116.33747230000002, 39.963416699999996], [116.33745079999998, 39.96352710000001]]]}}, {"type": "Feature", "id": "BF-00246", "properties": {"id": "BF-00246", "layer": "BUILDING_FOOTPRINT", "building_type": "existing_retained", "area_sqm": 2541.1, "source_id": "OSM-DERIVED-CORRIDOR-20260808", "source_type": "osm", "confidence": "medium", "geometry_role": "existing_condition"}, "geometry": {"type": "Polygon", "coordinates": [[[116.33419609999999, 39.96328479999999], [116.3344912, 39.96333], [116.33487740000001, 39.9630587], [116.3356024, 39.9631508], [116.3356447, 39.96298370000001], [116.33546870000002, 39.962957100000004], [116.33474330000001, 39.962873599999995], [116.33419609999999, 39.96328479999999]]]}}, {"type": "Feature", "id": "BF-00247", "properties": {"id": "BF-00247", "layer": "BUILDING_FOOTPRINT", "building_type": "existing_retained", "area_sqm": 5817.0, "source_id": "OSM-DERIVED-CORRIDOR-20260808", "source_type": "osm", "confidence": "medium", "geometry_role": "existing_condition"}, "geometry": {"type": "Polygon", "coordinates": [[[116.33949920000002, 39.959902199999995], [116.33999160000002, 39.95893069999999], [116.33954609999999, 39.958798], [116.3394433, 39.9587674], [116.33895089999999, 39.95973889999999], [116.33949920000002, 39.959902199999995]]]}}, {"type": "Feature", "id": "BF-00248", "properties": {"id": "BF-00248", "layer": "BUILDING_FOOTPRINT", "building_type": "existing_retained", "area_sqm": 3544.4, "source_id": "OSM-DERIVED-CORRIDOR-20260808", "source_type": "osm", "confidence": "medium", "geometry_role": "existing_condition"}, "geometry": {"type": "Polygon", "coordinates": [[[116.33954660000002, 39.95862670000001], [116.34009370000001, 39.95878230000001], [116.3403842, 39.958181999999994], [116.3398372, 39.9580265], [116.33954660000002, 39.95862670000001]]]}}, {"type": "Feature", "id": "BF-00249", "properties": {"id": "BF-00249", "layer": "BUILDING_FOOTPRINT", "building_type": "existing_retained", "area_sqm": 2688.8, "source_id": "OSM-DERIVED-CORRIDOR-20260808", "source_type": "osm", "confidence": "medium", "geometry_role": "existing_condition"}, "geometry": {"type": "Polygon", "coordinates": [[[116.34016960000001, 39.95789], [116.3407847, 39.9581009], [116.34100870000002, 39.957717], [116.3403935, 39.9575061], [116.34016960000001, 39.95789]]]}}, {"type": "Feature", "id": "BF-00250", "properties": {"id": "BF-00250", "layer": "BUILDING_FOOTPRINT", "building_type": "existing_retained", "area_sqm": 3328.1, "source_id": "OSM-DERIVED-CORRIDOR-20260808", "source_type": "osm", "confidence": "medium", "geometry_role": "existing_condition"}, "geometry": {"type": "Polygon", "coordinates": [[[116.3429659, 39.9564792], [116.3430839, 39.9558624], [116.34303030000001, 39.9558254], [116.3427191, 39.95575539999999], [116.3423329, 39.956470900000014], [116.3429659, 39.9564792]]]}}, {"type": "Feature", "id": "BF-00251", "properties": {"id": "BF-00251", "layer": "BUILDING_FOOTPRINT", "building_type": "existing_retained", "area_sqm": 1622.4, "source_id": "OSM-DERIVED-CORRIDOR-20260808", "source_type": "osm", "confidence": "medium", "geometry_role": "existing_condition"}, "geometry": {"type": "Polygon", "coordinates": [[[116.34312150000001, 39.956380499999995], [116.34347550000001, 39.9563805], [116.34347550000001, 39.95588699999999], [116.34314829999998, 39.9558706], [116.34312150000001, 39.956380499999995]]]}}, {"type": "Feature", "id": "BF-00252", "properties": {"id": "BF-00252", "layer": "BUILDING_FOOTPRINT", "building_type": "existing_retained", "area_sqm": 8847.3, "source_id": "OSM-DERIVED-CORRIDOR-20260808", "source_type": "osm", "confidence": "medium", "geometry_role": "existing_condition"}, "geometry": {"type": "Polygon", "coordinates": [[[116.34418900000001, 39.95576369999999], [116.34423729999999, 39.95440669999999], [116.34366330000002, 39.95440669999999], [116.3435345, 39.95461639999999], [116.3434862, 39.9557554], [116.34418900000001, 39.95576369999999]]]}}, {"type": "Feature", "id": "BF-00253", "properties": {"id": "BF-00253", "layer": "BUILDING_FOOTPRINT", "building_type": "existing_retained", "area_sqm": 1306.5, "source_id": "OSM-DERIVED-CORRIDOR-20260808", "source_type": "osm", "confidence": "medium", "geometry_role": "existing_condition"}, "geometry": {"type": "Polygon", "coordinates": [[[116.3387823, 39.9972539], [116.3390401, 39.99730410000001], [116.33904899999999, 39.9971479], [116.3387787, 39.9971154], [116.33877950000002, 39.99710389999999], [116.3381358, 39.99707939999999], [116.3381202, 39.9972317], [116.3387823, 39.9972539]]]}}, {"type": "Feature", "id": "BF-00254", "properties": {"id": "BF-00254", "layer": "BUILDING_FOOTPRINT", "building_type": "existing_retained", "area_sqm": 2682.9, "source_id": "OSM-DERIVED-CORRIDOR-20260808", "source_type": "osm", "confidence": "medium", "geometry_role": "existing_condition"}, "geometry": {"type": "Polygon", "coordinates": [[[116.34165170000001, 39.9932027], [116.3416774, 39.9928469], [116.3408847, 39.9928133], [116.34085900000001, 39.9931691], [116.34165170000001, 39.9932027]]]}}, {"type": "Feature", "id": "BF-00255", "properties": {"id": "BF-00255", "layer": "BUILDING_FOOTPRINT", "building_type": "existing_retained", "area_sqm": 2682.9, "source_id": "OSM-DERIVED-CORRIDOR-20260808", "source_type": "osm", "confidence": "medium", "geometry_role": "existing_condition"}, "geometry": {"type": "Polygon", "coordinates": [[[116.34165170000001, 39.9932027], [116.3416774, 39.9928469], [116.3408847, 39.9928133], [116.34085900000001, 39.9931691], [116.34165170000001, 39.9932027]]]}}, {"type": "Feature", "id": "BF-00256", "properties": {"id": "BF-00256", "layer": "BUILDING_FOOTPRINT", "building_type": "existing_retained", "area_sqm": 1018.3, "source_id": "OSM-DERIVED-CORRIDOR-20260808", "source_type": "osm", "confidence": "medium", "geometry_role": "existing_condition"}, "geometry": {"type": "Polygon", "coordinates": [[[116.3387502, 39.996841399999994], [116.3387485, 39.9968715], [116.3389819, 39.99687919999999], [116.3389896, 39.99674269999999], [116.33878739999999, 39.996736], [116.33878910000001, 39.9967057], [116.3382141, 39.9966866], [116.33820640000002, 39.996823400000004], [116.3387502, 39.996841399999994]]]}}, {"type": "Feature", "id": "BF-00257", "properties": {"id": "BF-00257", "layer": "BUILDING_FOOTPRINT", "building_type": "existing_retained", "area_sqm": 590.1, "source_id": "OSM-DERIVED-CORRIDOR-20260808", "source_type": "osm", "confidence": "medium", "geometry_role": "existing_condition"}, "geometry": {"type": "Polygon", "coordinates": [[[116.3379913, 39.9967006], [116.3378329, 39.9966948], [116.33780839999999, 39.997086900000006], [116.3379667, 39.9970927], [116.3379913, 39.9967006]]]}}, {"type": "Feature", "id": "BF-00258", "properties": {"id": "BF-00258", "layer": "BUILDING_FOOTPRINT", "building_type": "existing_retained", "area_sqm": 625.3, "source_id": "OSM-DERIVED-CORRIDOR-20260808", "source_type": "osm", "confidence": "medium", "geometry_role": "existing_condition"}, "geometry": {"type": "Polygon", "coordinates": [[[116.3390051, 39.9977968], [116.33901060000001, 39.99739999999999], [116.3388445, 39.9973986], [116.33883890000001, 39.99779540000001], [116.3390051, 39.9977968]]]}}, {"type": "Feature", "id": "BF-00259", "properties": {"id": "BF-00259", "layer": "BUILDING_FOOTPRINT", "building_type": "existing_retained", "area_sqm": 1759.2, "source_id": "OSM-DERIVED-CORRIDOR-20260808", "source_type": "osm", "confidence": "medium", "geometry_role": "existing_condition"}, "geometry": {"type": "Polygon", "coordinates": [[[116.33843809999999, 39.9981147], [116.3384374, 39.998137099999994], [116.33863019999998, 39.9981406], [116.33888150000001, 39.99824329999999], [116.33898509999999, 39.998246599999995], [116.33899349999999, 39.9980935], [116.3389104, 39.998090899999994], [116.33871890000002, 39.99799740000001], [116.33843390000001, 39.9979921], [116.3384343, 39.9979801], [116.3377085, 39.9979668], [116.33770429999998, 39.9981014], [116.33843809999999, 39.9981147]]]}}, {"type": "Feature", "id": "BF-00260", "properties": {"id": "BF-00260", "layer": "BUILDING_FOOTPRINT", "building_type": "existing_retained", "area_sqm": 1189.3, "source_id": "OSM-DERIVED-CORRIDOR-20260808", "source_type": "osm", "confidence": "medium", "geometry_role": "existing_condition"}, "geometry": {"type": "Polygon", "coordinates": [[[116.3390269, 39.99894539999999], [116.3390437, 39.99836799999999], [116.3388265, 39.9983643], [116.33880989999999, 39.9989417], [116.3390269, 39.99894539999999]]]}}, {"type": "Feature", "id": "BF-00261", "properties": {"id": "BF-00261", "layer": "BUILDING_FOOTPRINT", "building_type": "existing_retained", "area_sqm": 1653.7, "source_id": "OSM-DERIVED-CORRIDOR-20260808", "source_type": "osm", "confidence": "medium", "geometry_role": "existing_condition"}, "geometry": {"type": "Polygon", "coordinates": [[[116.3379453, 39.99891379999999], [116.33862659999998, 39.998922], [116.3386051, 39.9987864], [116.3379346, 39.998757700000006], [116.33746780000001, 39.9986755], [116.33743570000001, 39.9988275], [116.3379453, 39.99891379999999]]]}}, {"type": "Feature", "id": "BF-00262", "properties": {"id": "BF-00262", "layer": "BUILDING_FOOTPRINT", "building_type": "existing_retained", "area_sqm": 1554.1, "source_id": "OSM-DERIVED-CORRIDOR-20260808", "source_type": "osm", "confidence": "medium", "geometry_role": "existing_condition"}, "geometry": {"type": "Polygon", "coordinates": [[[116.33773609999999, 39.998523399999996], [116.33846560000002, 39.9985563], [116.3384764, 39.998396], [116.3377629, 39.998363100000006], [116.33747320000002, 39.99826039999999], [116.3374625, 39.998424799999995], [116.33773609999999, 39.998523399999996]]]}}, {"type": "Feature", "id": "BF-00263", "properties": {"id": "BF-00263", "layer": "BUILDING_FOOTPRINT", "building_type": "existing_retained", "area_sqm": 1139.9, "source_id": "OSM-DERIVED-CORRIDOR-20260808", "source_type": "osm", "confidence": "medium", "geometry_role": "existing_condition"}, "geometry": {"type": "Polygon", "coordinates": [[[116.34502819999999, 39.98499029999999], [116.3450362, 39.9847886], [116.3447936, 39.9847828], [116.3444427, 39.98477449999999], [116.34443200000001, 39.984976399999994], [116.34502819999999, 39.98499029999999]]]}}, {"type": "Feature", "id": "BF-00264", "properties": {"id": "BF-00264", "layer": "BUILDING_FOOTPRINT", "building_type": "existing_retained", "area_sqm": 3451.0, "source_id": "OSM-DERIVED-CORRIDOR-20260808", "source_type": "osm", "confidence": "medium", "geometry_role": "existing_condition"}, "geometry": {"type": "Polygon", "coordinates": [[[116.34361950000002, 39.9835611], [116.34339459999998, 39.9835547], [116.34337710000001, 39.9839173], [116.3436036, 39.9839237], [116.3436071, 39.983851099999995], [116.34449320000002, 39.9838762], [116.34448969999998, 39.9839486], [116.34470650000002, 39.983954700000005], [116.3447127, 39.98382479999999], [116.3447139, 39.9838015], [116.3447144, 39.9837901], [116.3447154, 39.98377050000001], [116.34471669999999, 39.98374330000001], [116.34472390000002, 39.98359339999999], [116.3445068, 39.98358719999999], [116.34450310000001, 39.983663699999994], [116.3441984, 39.983654999999985], [116.34420090000002, 39.983602299999994], [116.3440616, 39.983598400000005], [116.3439186, 39.9835943], [116.34391600000001, 39.98364769999999], [116.3436157, 39.9836392], [116.34361950000002, 39.9835611]]]}}, {"type": "Feature", "id": "BF-00265", "properties": {"id": "BF-00265", "layer": "BUILDING_FOOTPRINT", "building_type": "existing_retained", "area_sqm": 3406.7, "source_id": "OSM-DERIVED-CORRIDOR-20260808", "source_type": "osm", "confidence": "medium", "geometry_role": "existing_condition"}, "geometry": {"type": "Polygon", "coordinates": [[[116.34518120000001, 39.98396679999999], [116.34518480000001, 39.98389399999999], [116.3460691, 39.9839198], [116.34606590000001, 39.9839854], [116.3462845, 39.9839918], [116.3463022, 39.98363690000001], [116.34608789999999, 39.983630699999985], [116.346084, 39.983709299999994], [116.3457747, 39.9837003], [116.3457774, 39.983645499999994], [116.34563939999998, 39.9836415], [116.34550130000001, 39.983637400000006], [116.34549850000002, 39.98369249999999], [116.3453995, 39.983689600000005], [116.3451933, 39.9836836], [116.345197, 39.98360819999999], [116.3449752, 39.98360170000001], [116.344968, 39.983745500000005], [116.3449664, 39.983777399999994], [116.34496549999999, 39.9837953], [116.3449652, 39.9838025], [116.3449651, 39.98380349999999], [116.34496370000001, 39.98383179999999], [116.34495730000002, 39.9839602], [116.34518120000001, 39.98396679999999]]]}}, {"type": "Feature", "id": "BF-00266", "properties": {"id": "BF-00266", "layer": "BUILDING_FOOTPRINT", "building_type": "existing_retained", "area_sqm": 2406.7, "source_id": "OSM-DERIVED-CORRIDOR-20260808", "source_type": "osm", "confidence": "medium", "geometry_role": "existing_condition"}, "geometry": {"type": "Polygon", "coordinates": [[[116.345109, 39.9829869], [116.34512920000002, 39.9829875], [116.3451343, 39.9828912], [116.3452057, 39.98289340000001], [116.3452119, 39.9827769], [116.34521800000002, 39.9826625], [116.34514730000001, 39.9826602], [116.3451525, 39.98256169999999], [116.345127, 39.982560899999996], [116.34513829999999, 39.982348099999996], [116.3448738, 39.9823401], [116.3448708, 39.982397899999995], [116.34485360000001, 39.98271799999999], [116.3448514, 39.9827619], [116.34484849999998, 39.982818], [116.3448312, 39.983139400000006], [116.34482860000001, 39.9831918], [116.3450977, 39.983199400000004], [116.345109, 39.9829869]]]}}, {"type": "Feature", "id": "BF-00267", "properties": {"id": "BF-00267", "layer": "BUILDING_FOOTPRINT", "building_type": "existing_retained", "area_sqm": 1985.8, "source_id": "OSM-DERIVED-CORRIDOR-20260808", "source_type": "osm", "confidence": "medium", "geometry_role": "existing_condition"}, "geometry": {"type": "Polygon", "coordinates": [[[116.3443668, 39.9829488], [116.3443706, 39.98287369999999], [116.34480610000001, 39.9828868], [116.34480970000001, 39.98281690000001], [116.34484849999998, 39.982818], [116.3448514, 39.9827619], [116.34485360000001, 39.98271799999999], [116.34481630000002, 39.9827169], [116.34481990000002, 39.98264699999999], [116.34438279999999, 39.9826339], [116.34438639999999, 39.98256409999998], [116.3441249, 39.9825562], [116.3441165, 39.98272039999999], [116.34410520000002, 39.9829409], [116.3443668, 39.9829488]]]}}, {"type": "Feature", "id": "BF-00268", "properties": {"id": "BF-00268", "layer": "BUILDING_FOOTPRINT", "building_type": "existing_retained", "area_sqm": 2202.6, "source_id": "OSM-DERIVED-CORRIDOR-20260808", "source_type": "osm", "confidence": "medium", "geometry_role": "existing_condition"}, "geometry": {"type": "Polygon", "coordinates": [[[116.3442, 39.9832943], [116.3441988, 39.98331889999999], [116.3448222, 39.983336699999995], [116.3448936, 39.98333869999999], [116.3449096, 39.983339199999996], [116.34496820000001, 39.983340899999995], [116.34496420000002, 39.98342310000001], [116.34518030000001, 39.9834292], [116.3451913, 39.98320210000001], [116.3450977, 39.983199400000004], [116.34482860000001, 39.9831918], [116.3448312, 39.983139400000006], [116.34425350000001, 39.9831229], [116.34425739999999, 39.983042399999995], [116.3440737, 39.98303719999999], [116.34406830000002, 39.98314799999999], [116.34406140000002, 39.98329029999999], [116.3442, 39.9832943]]]}}, {"type": "Feature", "id": "BF-00269", "properties": {"id": "BF-00269", "layer": "BUILDING_FOOTPRINT", "building_type": "existing_retained", "area_sqm": 2207.8, "source_id": "OSM-DERIVED-CORRIDOR-20260808", "source_type": "osm", "confidence": "medium", "geometry_role": "existing_condition"}, "geometry": {"type": "Polygon", "coordinates": [[[116.3442807, 39.98246], [116.3442848, 39.98238009999999], [116.3448708, 39.982397899999995], [116.3448738, 39.9823401], [116.34513829999999, 39.982348099999996], [116.3452341, 39.982350999999994], [116.34524599999999, 39.98212049999999], [116.3450238, 39.9821138], [116.34501910000002, 39.98220400000001], [116.3449506, 39.982202], [116.3449413, 39.98220169999999], [116.34487480000001, 39.98219969999999], [116.34425050000002, 39.98218070000001], [116.34424899999999, 39.982209499999996], [116.344115, 39.982205400000005], [116.3441092, 39.98231750000001], [116.3441021, 39.98245459999999], [116.3442807, 39.98246]]]}}, {"type": "Feature", "id": "BF-00270", "properties": {"id": "BF-00270", "layer": "BUILDING_FOOTPRINT", "building_type": "existing_retained", "area_sqm": 3406.9, "source_id": "OSM-DERIVED-CORRIDOR-20260808", "source_type": "osm", "confidence": "medium", "geometry_role": "existing_condition"}, "geometry": {"type": "Polygon", "coordinates": [[[116.3452632, 39.981936299999994], [116.3452669, 39.9818609], [116.34557749999999, 39.9818696], [116.345575, 39.9819215], [116.34570860000001, 39.9819253], [116.34585260000001, 39.9819293], [116.3458552, 39.9818744], [116.3461603, 39.981883], [116.34615659999999, 39.981959999999994], [116.3463757, 39.9819662], [116.3463929, 39.981608699999995], [116.3461667, 39.9816023], [116.3461633, 39.9816722], [116.34574349999998, 39.9816604], [116.34528320000001, 39.9816474], [116.34528649999999, 39.9815789], [116.34507020000001, 39.98157279999999], [116.34506530000002, 39.981674999999996], [116.34506269999999, 39.9817303], [116.34505309999999, 39.98193040000001], [116.3452632, 39.981936299999994]]]}}, {"type": "Feature", "id": "BF-00271", "properties": {"id": "BF-00271", "layer": "BUILDING_FOOTPRINT", "building_type": "existing_retained", "area_sqm": 3250.6, "source_id": "OSM-DERIVED-CORRIDOR-20260808", "source_type": "osm", "confidence": "medium", "geometry_role": "existing_condition"}, "geometry": {"type": "Polygon", "coordinates": [[[116.34368700000002, 39.981890699999994], [116.34369060000002, 39.981816], [116.34412060000001, 39.98182799999999], [116.34457500000002, 39.981840599999984], [116.34457150000001, 39.981915], [116.34479740000002, 39.981921299999996], [116.34480700000002, 39.9817189], [116.34480940000002, 39.9816686], [116.34481420000002, 39.98156639999999], [116.34458929999998, 39.98156010000002], [116.3445861, 39.98162789999999], [116.34413670000002, 39.981615399999995], [116.3437009, 39.9816032], [116.3437041, 39.981535399999984], [116.34350700000002, 39.98152989999999], [116.3435, 39.98167699999999], [116.3434808, 39.9816765], [116.3434709, 39.9818846], [116.34368700000002, 39.981890699999994]]]}}, {"type": "Feature", "id": "BF-00272", "properties": {"id": "BF-00272", "layer": "BUILDING_FOOTPRINT", "building_type": "existing_retained", "area_sqm": 1341.7, "source_id": "OSM-DERIVED-CORRIDOR-20260808", "source_type": "osm", "confidence": "medium", "geometry_role": "existing_condition"}, "geometry": {"type": "Polygon", "coordinates": [[[116.34286910000002, 39.98448810000001], [116.34287000000002, 39.98447089999999], [116.34269699999999, 39.9844658], [116.34269610000001, 39.98448350000001], [116.3425094, 39.984478], [116.34251030000001, 39.9844613], [116.34244410000001, 39.98445939999999], [116.3424408, 39.98452499999999], [116.3424125, 39.9845242], [116.3424067, 39.9846391], [116.3424351, 39.98463999999999], [116.3424326, 39.98468939999999], [116.34249260000001, 39.98469120000001], [116.34249329999999, 39.9846772], [116.34263810000002, 39.984681500000015], [116.3426368, 39.9847076], [116.34284030000002, 39.9847136], [116.34284160000001, 39.984687099999995], [116.34299580000001, 39.9846917], [116.3429951, 39.98470519999999], [116.3430487, 39.9847068], [116.34305120000002, 39.984656], [116.3430872, 39.98465699999999], [116.3430929, 39.984543499999994], [116.3430571, 39.9845424], [116.34305949999998, 39.984493699999994], [116.34286910000002, 39.98448810000001]]]}}, {"type": "Feature", "id": "BF-00273", "properties": {"id": "BF-00273", "layer": "BUILDING_FOOTPRINT", "building_type": "existing_retained", "area_sqm": 479.0, "source_id": "OSM-DERIVED-CORRIDOR-20260808", "source_type": "osm", "confidence": "medium", "geometry_role": "existing_condition"}, "geometry": {"type": "Polygon", "coordinates": [[[116.34196660000002, 39.9831859], [116.3419645, 39.98322410000001], [116.3423463, 39.98323640000001], [116.3423509, 39.9831526], [116.34228389999998, 39.9831504], [116.34228629999998, 39.983107800000006], [116.34205420000002, 39.98310060000001], [116.34194780000001, 39.9830964], [116.3418841, 39.9830947], [116.34188089999999, 39.983151899999996], [116.3419683, 39.9831548], [116.34196660000002, 39.9831859]]]}}, {"type": "Feature", "id": "BF-00274", "properties": {"id": "BF-00274", "layer": "BUILDING_FOOTPRINT", "building_type": "existing_retained", "area_sqm": 1048.8, "source_id": "OSM-DERIVED-CORRIDOR-20260808", "source_type": "osm", "confidence": "medium", "geometry_role": "existing_condition"}, "geometry": {"type": "Polygon", "coordinates": [[[116.3412179, 39.9811122], [116.3411616, 39.9811548], [116.34110620000001, 39.981196700000005], [116.34110319999999, 39.98146340000001], [116.3415625, 39.9814664], [116.3415635, 39.9813805], [116.3412179, 39.9811122]]]}}, {"type": "Feature", "id": "BF-00275", "properties": {"id": "BF-00275", "layer": "BUILDING_FOOTPRINT", "building_type": "existing_retained", "area_sqm": 585.9, "source_id": "OSM-DERIVED-CORRIDOR-20260808", "source_type": "osm", "confidence": "medium", "geometry_role": "existing_condition"}, "geometry": {"type": "Polygon", "coordinates": [[[116.3416446, 39.981068], [116.34165160000002, 39.98092209999999], [116.34113299999999, 39.980907499999994], [116.3412324, 39.980989], [116.3413176, 39.9810588], [116.3416446, 39.981068]]]}}, {"type": "Feature", "id": "BF-00276", "properties": {"id": "BF-00276", "layer": "BUILDING_FOOTPRINT", "building_type": "existing_retained", "area_sqm": 1353.3, "source_id": "OSM-DERIVED-CORRIDOR-20260808", "source_type": "osm", "confidence": "medium", "geometry_role": "existing_condition"}, "geometry": {"type": "Polygon", "coordinates": [[[116.3444571, 39.98430449999999], [116.3445303, 39.9843066], [116.3445191, 39.9845383], [116.34471589999998, 39.9845438], [116.34472420000002, 39.98437080000001], [116.3447306, 39.9842377], [116.3449512, 39.984244], [116.34495880000001, 39.9840874], [116.3444682, 39.9840735], [116.3444571, 39.98430449999999]]]}}, {"type": "Feature", "id": "BF-00277", "properties": {"id": "BF-00277", "layer": "BUILDING_FOOTPRINT", "building_type": "existing_retained", "area_sqm": 392.3, "source_id": "OSM-DERIVED-CORRIDOR-20260808", "source_type": "osm", "confidence": "medium", "geometry_role": "existing_condition"}, "geometry": {"type": "Polygon", "coordinates": [[[116.33651289999999, 39.97554220000001], [116.3365943, 39.9754774], [116.3365943, 39.9754175], [116.336246, 39.975413100000004], [116.33624910000002, 39.9755422], [116.33651289999999, 39.97554220000001]]]}}, {"type": "Feature", "id": "BF-00278", "properties": {"id": "BF-00278", "layer": "BUILDING_FOOTPRINT", "building_type": "existing_retained", "area_sqm": 1731.1, "source_id": "OSM-DERIVED-CORRIDOR-20260808", "source_type": "osm", "confidence": "medium", "geometry_role": "existing_condition"}, "geometry": {"type": "Polygon", "coordinates": [[[116.3403947, 39.979690199999986], [116.3404637, 39.9796923], [116.3404742, 39.979363], [116.34048430000001, 39.97906570000001], [116.3405159, 39.97855340000001], [116.3405433, 39.97804219999999], [116.34048900000002, 39.97804119999999], [116.3404302, 39.9780401], [116.3403414, 39.97968879999999], [116.3403947, 39.979690199999986]], [[116.34045226690746, 39.978603912044825], [116.34045224923513, 39.978603955653966], [116.34045222591078, 39.9786039976613], [116.34045219717441, 39.97860403763456], [116.34045216332176, 39.97860407516239], [116.3404521247012, 39.978604109858594], [116.34045208171015, 39.97860414136613], [116.34045203479101, 39.97860416936076], [116.34045198442665, 39.978604193554396], [116.34045193113532, 39.97860421369806], [116.34045187546543, 39.978604229584484], [116.34045181798987, 39.97860424105015], [116.34045175930012, 39.9786042479771], [116.34045170000013, 39.97860425029404], [116.34041519999987, 39.97860425029405], [116.34041514366008, 39.978604248203176], [116.34041508784348, 39.97860424195001], [116.34041503306845, 39.97860423159263], [116.34041497984366, 39.97860421722718], [116.34041492866336, 39.97860419898713], [116.3404148800029, 39.9786041770418], [116.34041483431409, 39.97860415159505], [116.34041479202129, 39.97860412288316], [116.34041475351724, 39.97860409117276], [116.3404147191595, 39.978604056758364], [116.34041468926716, 39.97860401995953], [116.3404146641178, 39.97860398111804], [116.34041464394497, 39.978603940594546], [116.34041462893603, 39.97860389876541], [116.34041461923036, 39.97860385601909], [116.34041461491809, 39.97860381275253], [116.34041331491837, 39.97856851275251], [116.34041331619196, 39.97856846769351], [116.3404133233141, 39.978568422958176], [116.34041333621337, 39.97856837899462], [116.34041335476061, 39.97856833624329], [116.34041337876998, 39.978568295132455], [116.34041340800097, 39.978568256073956], [116.34041344216075, 39.97856821945908], [116.34041348090712, 39.978568185654616], [116.34041352385188, 39.97856815499926], [116.34041357056486, 39.978568127800045], [116.34041362057809, 39.978568104329504], [116.34041367339054, 39.97856808482271], [116.34041372847312, 39.97856806947515], [116.34041378527407, 39.978568058440516], [116.34041384322427, 39.97856805182937], [116.3404139017433, 39.97856804970797], [116.34050120174273, 39.97856824970797], [116.34050125861056, 39.97856825196919], [116.34050131492363, 39.97856825847095], [116.340501370149, 39.97856826915167], [116.34050142376394, 39.97856828391028], [116.34050147526098, 39.97856830260708], [116.34050152415277, 39.978568325065126], [116.34050156997652, 39.978568351071836], [116.34050161229851, 39.978568380381084], [116.3405016507182, 39.97856841271544], [116.34050168487192, 39.97856844776889], [116.34050171443646, 39.978568485209664], [116.34050173913197, 39.978568524683375], [116.34050175872471, 39.97856856581641], [116.34050177302925, 39.97856860821948], [116.34050178191016, 39.97856865149121], [116.34050178528346, 39.978568695222066], [116.3405019852836, 39.978583195222086], [116.3405019829687, 39.978583240291485], [116.34050197480465, 39.97858328495664], [116.34050196087334, 39.978583328769375], [116.34050194131456, 39.97858337129013], [116.34050191632453, 39.97858341209225], [116.34050188615402, 39.97858345076636], [116.34050185110573, 39.97858348692443], [116.34050181153128, 39.97858352020366], [116.34050176782779, 39.97858355027016], [116.3405017204337, 39.97858357682225], [116.3405016698246, 39.978583599593534], [116.34050161650822, 39.97858361835551], [116.34050156101951, 39.97858363291995], [116.34050150391523, 39.978583643140745], [116.34050144576834, 39.97858364891531], [116.34050138716222, 39.97858365018572], [116.34047825308136, 39.978583259737135], [116.34047748441895, 39.97859392492884], [116.34047747832788, 39.9785939693768], [116.3404774665393, 39.97859401314126], [116.34047744916936, 39.978594055791106], [116.34047742638913, 39.97859409690613], [116.34047739842306, 39.97859413608129], [116.34047736554669, 39.978594172930656], [116.3404773280839, 39.9785942070912], [116.34047728640375, 39.97859423822634], [116.34047724091683, 39.9785942660294], [116.34047719207132, 39.97859429022643], [116.34047714034843, 39.97859431057907], [116.34047708625768, 39.978594326886814], [116.34047703033198, 39.97859433898898], [116.34047697312226, 39.978594346766364], [116.34047691519218, 39.97859435014232], [116.34047685711244, 39.97859434908363], [116.34045439774678, 39.978593079641286], [116.3404522787459, 39.97860386728267], [116.34045226690746, 39.978603912044825]], [[116.34044218154874, 39.97866285101512], [116.34044217230996, 39.978662894402156], [116.3404421576154, 39.978662936889265], [116.34044213760508, 39.97866297807141], [116.34044211246979, 39.97866301755601], [116.34044208244912, 39.97866305496665], [116.34044204782928, 39.9786630899467], [116.34044200894029, 39.97866312216268], [116.34044196615288, 39.97866315130749], [116.34044191987493, 39.97866317710331], [116.34044187054764, 39.978663199304194], [116.34044181864121, 39.97866321769852], [116.34044176465049, 39.97866323211093], [116.34044170909017, 39.97866324240404], [116.34044165248986, 39.97866324847973], [116.34044159538918, 39.97866325028006], [116.34040859538896, 39.97866305028005], [116.34040853738797, 39.9786630477103], [116.34040848000384, 39.97866304072967], [116.34040842380192, 39.97866302940698], [116.34040836933588, 39.97866301385374], [116.34040831714239, 39.97866299422319], [116.34040826773561, 39.97866297070874], [116.34040822160232, 39.978662943542055], [116.340408179197, 39.97866291299077], [116.34040814093747, 39.97866287935588], [116.34040810720064, 39.97866284296878], [116.34040807831889, 39.97866280418794], [116.34040805457677, 39.97866276339543], [116.34040803620817, 39.978662720993135], [116.34040802339408, 39.978662677398816], [116.34040801626075, 39.97866263304196], [116.34040801487843, 39.978662588359576], [116.34040921487873, 39.97862688835957], [116.34040921908944, 39.97862684485144], [116.34040922875342, 39.97862680186101], [116.34040924377997, 39.97862675979187], [116.34040926402805, 39.978626719038935], [116.34040928930753, 39.978626679984764], [116.34040931938115, 39.97862664299599], [116.34040935396658, 39.978626608419816], [116.34040939273912, 39.978626576580865], [116.3404094353348, 39.978626547778], [116.3404094813538, 39.97862652228162], [116.34040953036408, 39.97862650033107], [116.34040958190556, 39.97862648213239], [116.3404096354944, 39.97862646785642], [116.34040969062752, 39.978626457637226], [116.3404097467874, 39.9786264515707], [116.34040980344679, 39.97862644971378], [116.3404981034462, 39.97862684971377], [116.34049815996119, 39.97862685207498], [116.34049821591552, 39.978626858624416], [116.34049827078599, 39.97862686930083], [116.34049832405957, 39.978626884004385], [116.34049837523816, 39.978626902597625], [116.34049842384316, 39.97862692490667], [116.34049846942018, 39.97862695072293], [116.34049851154299, 39.97862697980505], [116.34049854981778, 39.978627011881066], [116.34049858388666, 39.97862704665108], [116.34049861343107, 39.978627083789945], [116.34049863817474, 39.97862712295046], [116.34049865788634, 39.97862716376644], [116.34049867238157, 39.97862720585621], [116.34049868152488, 39.978627248826264], [116.34049868523076, 39.97862729227481], [116.34049868346459, 39.97862733579559], [116.34049698346472, 39.978643735795615], [116.34049697603017, 39.97864377989522], [116.34049696297781, 39.97864382321567], [116.34049694443492, 39.978643865334426], [116.34049692058235, 39.978643905840734], [116.34049689165278, 39.97864394433957], [116.34049685792826, 39.97864398045543], [116.34049681973774, 39.978644013836124], [116.34049677745365, 39.978644044156084], [116.34049673148843, 39.97864407111962], [116.34049668229032, 39.97864409446376], [116.34049663033912, 39.978644113960826], [116.34049657614149, 39.97864412942071], [116.34049652022604, 39.97864414069259], [116.3404964631381, 39.97864414766657], [116.34049640543435, 39.978644150274626], [116.34046900440283, 39.97864434599636], [116.34046938501028, 39.97865338542161], [116.34046938393558, 39.97865343091997], [116.34046937689729, 39.97865347610255], [116.34046936396732, 39.97865352050792], [116.34046934527767, 39.97865356368257], [116.34046932101924, 39.97865360518558], [116.34046929143979, 39.97865364459306], [116.34046925684137, 39.9786536815026], [116.34046921757735, 39.97865371553721], [116.34046917404875, 39.97865374634933], [116.34046912670006, 39.97865377362426], [116.34046907601484, 39.97865379708346], [116.34046902251079, 39.978653816487345], [116.34046896673426, 39.978653831637764], [116.34046890925495, 39.97865384237999], [116.34046885065982, 39.97865384860427], [116.34046879154732, 39.97865385024708], [116.3404423759734, 39.97865355674077], [116.3404421852436, 39.97866280714175], [116.34044218154874, 39.97866285101512]]]}}, {"type": "Feature", "id": "BF-00279", "properties": {"id": "BF-00279", "layer": "BUILDING_FOOTPRINT", "building_type": "existing_retained", "area_sqm": 926.0, "source_id": "OSM-DERIVED-CORRIDOR-20260808", "source_type": "osm", "confidence": "medium", "geometry_role": "existing_condition"}, "geometry": {"type": "Polygon", "coordinates": [[[116.3348224, 39.9987079], [116.33482859999998, 39.99855209999999], [116.3344999, 39.9985444], [116.33429810000001, 39.9985397], [116.3342025, 39.9985375], [116.33419630000002, 39.9986933], [116.3348224, 39.9987079]]]}}, {"type": "Feature", "id": "BF-00280", "properties": {"id": "BF-00280", "layer": "BUILDING_FOOTPRINT", "building_type": "existing_retained", "area_sqm": 1321.5, "source_id": "OSM-DERIVED-CORRIDOR-20260808", "source_type": "osm", "confidence": "medium", "geometry_role": "existing_condition"}, "geometry": {"type": "Polygon", "coordinates": [[[116.3344999, 39.9985444], [116.33452940000001, 39.9979181], [116.33424199999999, 39.997908499999994], [116.3342337, 39.998055599999994], [116.3343212, 39.9980585], [116.33429810000001, 39.9985397], [116.3344999, 39.9985444]]]}}, {"type": "Feature", "id": "BF-00281", "properties": {"id": "BF-00281", "layer": "BUILDING_FOOTPRINT", "building_type": "existing_retained", "area_sqm": 1330.1, "source_id": "OSM-DERIVED-CORRIDOR-20260808", "source_type": "osm", "confidence": "medium", "geometry_role": "existing_condition"}, "geometry": {"type": "Polygon", "coordinates": [[[116.335742, 39.9980717], [116.33574720000001, 39.9979405], [116.3349756, 39.997922700000004], [116.33497409999998, 39.99795919999999], [116.334673, 39.99795230000001], [116.334668, 39.998081199999994], [116.3349726, 39.99808819999999], [116.3349739, 39.998053899999995], [116.335742, 39.9980717]]]}}, {"type": "Feature", "id": "BF-00282", "properties": {"id": "BF-00282", "layer": "BUILDING_FOOTPRINT", "building_type": "existing_retained", "area_sqm": 915.2, "source_id": "OSM-DERIVED-CORRIDOR-20260808", "source_type": "osm", "confidence": "medium", "geometry_role": "existing_condition"}, "geometry": {"type": "Polygon", "coordinates": [[[116.33612610000002, 39.9985733], [116.3361562, 39.99809230000001], [116.33595600000001, 39.998085], [116.33592590000002, 39.998566], [116.33612610000002, 39.9985733]]]}}, {"type": "Feature", "id": "BF-00283", "properties": {"id": "BF-00283", "layer": "BUILDING_FOOTPRINT", "building_type": "existing_retained", "area_sqm": 442.0, "source_id": "OSM-DERIVED-CORRIDOR-20260808", "source_type": "osm", "confidence": "medium", "geometry_role": "existing_condition"}, "geometry": {"type": "Polygon", "coordinates": [[[116.33609289999998, 39.99786420000001], [116.33609910000001, 39.99778199999999], [116.33603960000002, 39.99777939999999], [116.33604540000002, 39.9977031], [116.3357831, 39.997691499999995], [116.33577120000001, 39.99785], [116.33609289999998, 39.99786420000001]]]}}, {"type": "Feature", "id": "BF-00284", "properties": {"id": "BF-00284", "layer": "BUILDING_FOOTPRINT", "building_type": "existing_retained", "area_sqm": 647.0, "source_id": "OSM-DERIVED-CORRIDOR-20260808", "source_type": "osm", "confidence": "medium", "geometry_role": "existing_condition"}, "geometry": {"type": "Polygon", "coordinates": [[[116.3353609, 39.99768069999998], [116.3353797, 39.9972859], [116.33520710000002, 39.9972811], [116.33518829999998, 39.9976759], [116.3353609, 39.99768069999998]]]}}, {"type": "Feature", "id": "BF-00285", "properties": {"id": "BF-00285", "layer": "BUILDING_FOOTPRINT", "building_type": "existing_retained", "area_sqm": 2079.7, "source_id": "OSM-DERIVED-CORRIDOR-20260808", "source_type": "osm", "confidence": "medium", "geometry_role": "existing_condition"}, "geometry": {"type": "Polygon", "coordinates": [[[116.34969470000001, 39.947326000000004], [116.34970070000001, 39.946481299999995], [116.34944129999998, 39.94648029999999], [116.34943520000002, 39.94732489999999], [116.34969470000001, 39.947326000000004]]]}}, {"type": "Feature", "id": "BF-00286", "properties": {"id": "BF-00286", "layer": "BUILDING_FOOTPRINT", "building_type": "existing_retained", "area_sqm": 1536.3, "source_id": "OSM-DERIVED-CORRIDOR-20260808", "source_type": "osm", "confidence": "medium", "geometry_role": "existing_condition"}, "geometry": {"type": "Polygon", "coordinates": [[[116.34941150000002, 39.94604749999999], [116.3494539, 39.946047799999995], [116.3494501, 39.9463571], [116.34970760000002, 39.946358999999994], [116.3497116, 39.946037399999994], [116.34966380000002, 39.94603710000001], [116.34966770000001, 39.9457256], [116.3494155, 39.94572380000001], [116.34941150000002, 39.94604749999999]]]}}, {"type": "Feature", "id": "BF-00287", "properties": {"id": "BF-00287", "layer": "BUILDING_FOOTPRINT", "building_type": "existing_retained", "area_sqm": 658.9, "source_id": "OSM-DERIVED-CORRIDOR-20260808", "source_type": "osm", "confidence": "medium", "geometry_role": "existing_condition"}, "geometry": {"type": "Polygon", "coordinates": [[[116.34697370000002, 39.955727499999995], [116.3469782, 39.9558217], [116.34771400000001, 39.9558008], [116.34770950000001, 39.955706500000005], [116.34697370000002, 39.955727499999995]]]}}, {"type": "Feature", "id": "BF-00288", "properties": {"id": "BF-00288", "layer": "BUILDING_FOOTPRINT", "building_type": "existing_retained", "area_sqm": 1928.2, "source_id": "OSM-DERIVED-CORRIDOR-20260808", "source_type": "osm", "confidence": "medium", "geometry_role": "existing_condition"}, "geometry": {"type": "Polygon", "coordinates": [[[116.3418463, 39.9948866], [116.3418574, 39.994573200000005], [116.341209, 39.9945598], [116.3411979, 39.99487309999999], [116.3418463, 39.9948866]]]}}, {"type": "Feature", "id": "BF-00289", "properties": {"id": "BF-00289", "layer": "BUILDING_FOOTPRINT", "building_type": "existing_retained", "area_sqm": 5446.1, "source_id": "OSM-DERIVED-CORRIDOR-20260808", "source_type": "osm", "confidence": "medium", "geometry_role": "existing_condition"}, "geometry": {"type": "Polygon", "coordinates": [[[116.3390324, 39.994573599999995], [116.3392409, 39.9945798], [116.3392213, 39.9949664], [116.3395588, 39.9949765], [116.3395784, 39.9945909], [116.33977629999998, 39.99459679999999], [116.3398066, 39.994000699999994], [116.3390626, 39.9939785], [116.3390324, 39.994573599999995]]]}}, {"type": "Feature", "id": "BF-00290", "properties": {"id": "BF-00290", "layer": "BUILDING_FOOTPRINT", "building_type": "existing_retained", "area_sqm": 2063.1, "source_id": "OSM-DERIVED-CORRIDOR-20260808", "source_type": "osm", "confidence": "medium", "geometry_role": "existing_condition"}, "geometry": {"type": "Polygon", "coordinates": [[[116.3417848, 39.9944294], [116.34180230000001, 39.9941724], [116.34185789999998, 39.994174599999994], [116.34186370000002, 39.99408909999999], [116.3416402, 39.99408009999999], [116.3416449, 39.9940117], [116.3412319, 39.9939952], [116.3412202, 39.99416649999999], [116.3412829, 39.994169], [116.3412666, 39.99440859999999], [116.3417848, 39.9944294]]]}}, {"type": "Feature", "id": "BF-00291", "properties": {"id": "BF-00291", "layer": "BUILDING_FOOTPRINT", "building_type": "existing_retained", "area_sqm": 3304.0, "source_id": "OSM-DERIVED-CORRIDOR-20260808", "source_type": "osm", "confidence": "medium", "geometry_role": "existing_condition"}, "geometry": {"type": "Polygon", "coordinates": [[[116.34293489999999, 39.9939382], [116.3422397, 39.9939167], [116.34223190000002, 39.99406419999999], [116.3426431, 39.99407690000001], [116.34263090000002, 39.99430769999999], [116.3426146, 39.99461529999999], [116.34221090000001, 39.994602799999996], [116.3422039, 39.994737099999995], [116.34289170000001, 39.994758299999994], [116.34293489999999, 39.9939382]]]}}, {"type": "Feature", "id": "BF-00292", "properties": {"id": "BF-00292", "layer": "BUILDING_FOOTPRINT", "building_type": "existing_retained", "area_sqm": 654.5, "source_id": "OSM-DERIVED-CORRIDOR-20260808", "source_type": "osm", "confidence": "medium", "geometry_role": "existing_condition"}, "geometry": {"type": "Polygon", "coordinates": [[[116.34574909999999, 39.965830499999996], [116.3464745, 39.96582779999999], [116.34647390000002, 39.96573269999999], [116.34574850000001, 39.96573540000001], [116.34574909999999, 39.965830499999996]]]}}, {"type": "Feature", "id": "BF-00293", "properties": {"id": "BF-00293", "layer": "BUILDING_FOOTPRINT", "building_type": "existing_retained", "area_sqm": 494.4, "source_id": "OSM-DERIVED-CORRIDOR-20260808", "source_type": "osm", "confidence": "medium", "geometry_role": "existing_condition"}, "geometry": {"type": "Polygon", "coordinates": [[[116.34559310000002, 39.9658153], [116.3455947, 39.965720700000006], [116.3450436, 39.965715199999984], [116.345042, 39.9658097], [116.34559310000002, 39.9658153]]]}}, {"type": "Feature", "id": "BF-00294", "properties": {"id": "BF-00294", "layer": "BUILDING_FOOTPRINT", "building_type": "existing_retained", "area_sqm": 615.8, "source_id": "OSM-DERIVED-CORRIDOR-20260808", "source_type": "osm", "confidence": "medium", "geometry_role": "existing_condition"}, "geometry": {"type": "Polygon", "coordinates": [[[116.3464427, 39.96557230000001], [116.346442, 39.965477799999995], [116.34575549999998, 39.9654804], [116.3457562, 39.965574999999994], [116.3464427, 39.96557230000001]]]}}, {"type": "Feature", "id": "BF-00295", "properties": {"id": "BF-00295", "layer": "BUILDING_FOOTPRINT", "building_type": "existing_retained", "area_sqm": 689.7, "source_id": "OSM-DERIVED-CORRIDOR-20260808", "source_type": "osm", "confidence": "medium", "geometry_role": "existing_condition"}, "geometry": {"type": "Polygon", "coordinates": [[[116.3443647, 39.96675669999999], [116.34436450000001, 39.9666572], [116.3436342, 39.96665800000001], [116.3436344, 39.96675760000001], [116.3443647, 39.96675669999999]]]}}, {"type": "Feature", "id": "BF-00296", "properties": {"id": "BF-00296", "layer": "BUILDING_FOOTPRINT", "building_type": "existing_retained", "area_sqm": 672.4, "source_id": "OSM-DERIVED-CORRIDOR-20260808", "source_type": "osm", "confidence": "medium", "geometry_role": "existing_condition"}, "geometry": {"type": "Polygon", "coordinates": [[[116.3436295, 39.96711299999999], [116.3443563, 39.9671199], [116.34435789999999, 39.9670224], [116.3436311, 39.967015499999995], [116.3436295, 39.96711299999999]]]}}, {"type": "Feature", "id": "BF-00297", "properties": {"id": "BF-00297", "layer": "BUILDING_FOOTPRINT", "building_type": "existing_retained", "area_sqm": 640.2, "source_id": "OSM-DERIVED-CORRIDOR-20260808", "source_type": "osm", "confidence": "medium", "geometry_role": "existing_condition"}, "geometry": {"type": "Polygon", "coordinates": [[[116.34362769999998, 39.9674682], [116.34435829999998, 39.9674751], [116.3443598, 39.96738280000001], [116.34362920000001, 39.9673758], [116.34362769999998, 39.9674682]]]}}, {"type": "Feature", "id": "BF-00298", "properties": {"id": "BF-00298", "layer": "BUILDING_FOOTPRINT", "building_type": "existing_retained", "area_sqm": 699.3, "source_id": "OSM-DERIVED-CORRIDOR-20260808", "source_type": "osm", "confidence": "medium", "geometry_role": "existing_condition"}, "geometry": {"type": "Polygon", "coordinates": [[[116.3436223, 39.9678423], [116.34436240000001, 39.9678423], [116.34436240000001, 39.9677427], [116.3436223, 39.9677427], [116.3436223, 39.9678423]]]}}, {"type": "Feature", "id": "BF-00299", "properties": {"id": "BF-00299", "layer": "BUILDING_FOOTPRINT", "building_type": "existing_retained", "area_sqm": 688.9, "source_id": "OSM-DERIVED-CORRIDOR-20260808", "source_type": "osm", "confidence": "medium", "geometry_role": "existing_condition"}, "geometry": {"type": "Polygon", "coordinates": [[[116.34359550000002, 39.96853999999999], [116.34433939999998, 39.9685443], [116.3443404, 39.968446699999994], [116.3435964, 39.9684424], [116.34359550000002, 39.96853999999999]]]}}, {"type": "Feature", "id": "BF-00300", "properties": {"id": "BF-00300", "layer": "BUILDING_FOOTPRINT", "building_type": "existing_retained", "area_sqm": 782.0, "source_id": "OSM-DERIVED-CORRIDOR-20260808", "source_type": "osm", "confidence": "medium", "geometry_role": "existing_condition"}, "geometry": {"type": "Polygon", "coordinates": [[[116.34434920000001, 39.9682103], [116.3443509, 39.9680992], [116.34360910000001, 39.9680923], [116.3436073, 39.96820339999999], [116.34434920000001, 39.9682103]]]}}, {"type": "Feature", "id": "BF-00301", "properties": {"id": "BF-00301", "layer": "BUILDING_FOOTPRINT", "building_type": "existing_retained", "area_sqm": 678.3, "source_id": "OSM-DERIVED-CORRIDOR-20260808", "source_type": "osm", "confidence": "medium", "geometry_role": "existing_condition"}, "geometry": {"type": "Polygon", "coordinates": [[[116.3452804, 39.966962499999994], [116.34528200000001, 39.966863900000014], [116.3445566, 39.9668571], [116.34455509999998, 39.9669556], [116.3452804, 39.966962499999994]]]}}, {"type": "Feature", "id": "BF-00302", "properties": {"id": "BF-00302", "layer": "BUILDING_FOOTPRINT", "building_type": "existing_retained", "area_sqm": 689.6, "source_id": "OSM-DERIVED-CORRIDOR-20260808", "source_type": "osm", "confidence": "medium", "geometry_role": "existing_condition"}, "geometry": {"type": "Polygon", "coordinates": [[[116.34453469999998, 39.9673092], [116.34527230000002, 39.9673103], [116.34527260000002, 39.967211799999994], [116.34453499999998, 39.9672106], [116.34453469999998, 39.9673092]]]}}, {"type": "Feature", "id": "BF-00303", "properties": {"id": "BF-00303", "layer": "BUILDING_FOOTPRINT", "building_type": "existing_retained", "area_sqm": 681.6, "source_id": "OSM-DERIVED-CORRIDOR-20260808", "source_type": "osm", "confidence": "medium", "geometry_role": "existing_condition"}, "geometry": {"type": "Polygon", "coordinates": [[[116.3445381, 39.9676823], [116.3452765, 39.9676783], [116.3452756, 39.967581], [116.3445372, 39.96758499999999], [116.3445381, 39.9676823]]]}}, {"type": "Feature", "id": "BF-00304", "properties": {"id": "BF-00304", "layer": "BUILDING_FOOTPRINT", "building_type": "existing_retained", "area_sqm": 734.7, "source_id": "OSM-DERIVED-CORRIDOR-20260808", "source_type": "osm", "confidence": "medium", "geometry_role": "existing_condition"}, "geometry": {"type": "Polygon", "coordinates": [[[116.34452170000002, 39.9680384], [116.34526279999999, 39.9680392], [116.34526300000002, 39.96793470000001], [116.3445219, 39.9679339], [116.34452170000002, 39.9680384]]]}}, {"type": "Feature", "id": "BF-00305", "properties": {"id": "BF-00305", "layer": "BUILDING_FOOTPRINT", "building_type": "existing_retained", "area_sqm": 428.0, "source_id": "OSM-DERIVED-CORRIDOR-20260808", "source_type": "osm", "confidence": "medium", "geometry_role": "existing_condition"}, "geometry": {"type": "Polygon", "coordinates": [[[116.3448563, 39.9685172], [116.3448574, 39.9683471], [116.3445922, 39.96834609999999], [116.3445911, 39.9685162], [116.3448563, 39.9685172]]]}}, {"type": "Feature", "id": "BF-00306", "properties": {"id": "BF-00306", "layer": "BUILDING_FOOTPRINT", "building_type": "existing_retained", "area_sqm": 486.6, "source_id": "OSM-DERIVED-CORRIDOR-20260808", "source_type": "osm", "confidence": "medium", "geometry_role": "existing_condition"}, "geometry": {"type": "Polygon", "coordinates": [[[116.3452388, 39.96852979999999], [116.3452413, 39.9683472], [116.3449604, 39.968345], [116.344958, 39.9685276], [116.3452388, 39.96852979999999]]]}}, {"type": "Feature", "id": "BF-00307", "properties": {"id": "BF-00307", "layer": "BUILDING_FOOTPRINT", "building_type": "existing_retained", "area_sqm": 2542.1, "source_id": "OSM-DERIVED-CORRIDOR-20260808", "source_type": "osm", "confidence": "medium", "geometry_role": "existing_condition"}, "geometry": {"type": "Polygon", "coordinates": [[[116.33977829999999, 40.00245869999999], [116.339789, 40.002123399999995], [116.33898989999999, 40.0021084], [116.3389792, 40.0024437], [116.33977829999999, 40.00245869999999]]]}}, {"type": "Feature", "id": "BF-00308", "properties": {"id": "BF-00308", "layer": "BUILDING_FOOTPRINT", "building_type": "existing_retained", "area_sqm": 2204.4, "source_id": "OSM-DERIVED-CORRIDOR-20260808", "source_type": "osm", "confidence": "medium", "geometry_role": "existing_condition"}, "geometry": {"type": "Polygon", "coordinates": [[[116.3393473, 40.0027451], [116.3393366, 40.0025889], [116.3378184, 40.00257659999999], [116.33782840000002, 40.002726800000005], [116.3393473, 40.0027451]]]}}, {"type": "Feature", "id": "BF-00309", "properties": {"id": "BF-00309", "layer": "BUILDING_FOOTPRINT", "building_type": "existing_retained", "area_sqm": 1728.3, "source_id": "OSM-DERIVED-CORRIDOR-20260808", "source_type": "osm", "confidence": "medium", "geometry_role": "existing_condition"}, "geometry": {"type": "Polygon", "coordinates": [[[116.3392078, 40.0032875], [116.3392, 40.00315719999998], [116.33779159999999, 40.0031272], [116.3377863, 40.00325459999999], [116.3392078, 40.0032875]]]}}, {"type": "Feature", "id": "BF-00310", "properties": {"id": "BF-00310", "layer": "BUILDING_FOOTPRINT", "building_type": "existing_retained", "area_sqm": 1717.7, "source_id": "OSM-DERIVED-CORRIDOR-20260808", "source_type": "osm", "confidence": "medium", "geometry_role": "existing_condition"}, "geometry": {"type": "Polygon", "coordinates": [[[116.33801440000002, 40.0023593], [116.338026, 40.002075100000006], [116.33738920000002, 40.00205989999999], [116.33737759999998, 40.0023441], [116.33801440000002, 40.0023593]]]}}, {"type": "Feature", "id": "BF-00311", "properties": {"id": "BF-00311", "layer": "BUILDING_FOOTPRINT", "building_type": "existing_retained", "area_sqm": 31645.9, "source_id": "OSM-DERIVED-CORRIDOR-20260808", "source_type": "osm", "confidence": "medium", "geometry_role": "existing_condition"}, "geometry": {"type": "Polygon", "coordinates": [[[116.3372205, 39.96934699999999], [116.3375095, 39.9690227], [116.3376282, 39.9685996], [116.3377004, 39.9686154], [116.33775200000001, 39.9684097], [116.33782430000001, 39.9684176], [116.3378862, 39.968212], [116.33799449999998, 39.96822780000001], [116.33808230000001, 39.96795889999999], [116.3381287, 39.96797080000002], [116.33823710000001, 39.967638599999994], [116.33828869999999, 39.9676505], [116.3385466, 39.966903], [116.3382474, 39.9668635], [116.3378139, 39.9669623], [116.3373134, 39.9668793], [116.33730310000001, 39.96701379999999], [116.3368284, 39.9669426], [116.3364001, 39.9686431], [116.33649300000002, 39.9686628], [116.3363433, 39.96921249999999], [116.3372205, 39.96934699999999]]]}}, {"type": "Feature", "id": "BF-00312", "properties": {"id": "BF-00312", "layer": "BUILDING_FOOTPRINT", "building_type": "existing_retained", "area_sqm": 2054.5, "source_id": "OSM-DERIVED-CORRIDOR-20260808", "source_type": "osm", "confidence": "medium", "geometry_role": "existing_condition"}, "geometry": {"type": "Polygon", "coordinates": [[[116.34682580000002, 39.9770269], [116.3468467, 39.9766257], [116.3463077, 39.976609200000006], [116.34628679999999, 39.97701039999999], [116.34682580000002, 39.9770269]]]}}, {"type": "Feature", "id": "BF-00313", "properties": {"id": "BF-00313", "layer": "BUILDING_FOOTPRINT", "building_type": "existing_retained", "area_sqm": 2531.7, "source_id": "OSM-DERIVED-CORRIDOR-20260808", "source_type": "osm", "confidence": "medium", "geometry_role": "existing_condition"}, "geometry": {"type": "Polygon", "coordinates": [[[116.3468966, 39.97638220000002], [116.34718360000001, 39.976392499999996], [116.3472113, 39.9758822], [116.3472111, 39.975843700000006], [116.347203, 39.97582309999999], [116.3471926, 39.975805199999996], [116.3471755, 39.9757923], [116.34715269999998, 39.975779], [116.34712989999998, 39.9757691], [116.34710610000002, 39.97576589999999], [116.34706850000002, 39.9757644], [116.34669419999999, 39.9757541], [116.346674, 39.97613559999999], [116.34690870000001, 39.9761432], [116.3468966, 39.97638220000002]]]}}, {"type": "Feature", "id": "BF-00314", "properties": {"id": "BF-00314", "layer": "BUILDING_FOOTPRINT", "building_type": "existing_retained", "area_sqm": 1555.5, "source_id": "OSM-DERIVED-CORRIDOR-20260808", "source_type": "osm", "confidence": "medium", "geometry_role": "existing_condition"}, "geometry": {"type": "Polygon", "coordinates": [[[116.34265380000001, 39.9898784], [116.34264389999998, 39.9900837], [116.34279210000001, 39.9900879], [116.3427796, 39.9904386], [116.3430232, 39.9904453], [116.3430367, 39.9898892], [116.34265380000001, 39.9898784]]]}}, {"type": "Feature", "id": "BF-00315", "properties": {"id": "BF-00315", "layer": "BUILDING_FOOTPRINT", "building_type": "existing_retained", "area_sqm": 1149.8, "source_id": "OSM-DERIVED-CORRIDOR-20260808", "source_type": "osm", "confidence": "medium", "geometry_role": "existing_condition"}, "geometry": {"type": "Polygon", "coordinates": [[[116.34385890000001, 39.991024], [116.343857, 39.9907265], [116.34344940000001, 39.99072809999999], [116.34345129999998, 39.9910255], [116.34385890000001, 39.991024]]]}}, {"type": "Feature", "id": "BF-00316", "properties": {"id": "BF-00316", "layer": "BUILDING_FOOTPRINT", "building_type": "existing_retained", "area_sqm": 466.2, "source_id": "OSM-DERIVED-CORRIDOR-20260808", "source_type": "osm", "confidence": "medium", "geometry_role": "existing_condition"}, "geometry": {"type": "Polygon", "coordinates": [[[116.34339370000001, 39.990807800000006], [116.34309870000001, 39.9908044], [116.34309540000001, 39.99097099999999], [116.3433904, 39.9909744], [116.34339370000001, 39.990807800000006]]]}}, {"type": "Feature", "id": "BF-00317", "properties": {"id": "BF-00317", "layer": "BUILDING_FOOTPRINT", "building_type": "existing_retained", "area_sqm": 2917.3, "source_id": "OSM-DERIVED-CORRIDOR-20260808", "source_type": "osm", "confidence": "medium", "geometry_role": "existing_condition"}, "geometry": {"type": "Polygon", "coordinates": [[[116.3417425, 39.99152549999999], [116.341764, 39.99149680000001], [116.3418096, 39.9914824], [116.34182030000001, 39.99145979999999], [116.3419044, 39.9914084], [116.3419107, 39.9910474], [116.3413566, 39.99104169999999], [116.3413554, 39.991109], [116.3412879, 39.99110830000001], [116.34128689999999, 39.9911661], [116.3412189, 39.99116539999999], [116.34121240000002, 39.99151979999999], [116.3417425, 39.99152549999999]]]}}, {"type": "Feature", "id": "BF-00318", "properties": {"id": "BF-00318", "layer": "BUILDING_FOOTPRINT", "building_type": "existing_retained", "area_sqm": 603.9, "source_id": "OSM-DERIVED-CORRIDOR-20260808", "source_type": "osm", "confidence": "medium", "geometry_role": "existing_condition"}, "geometry": {"type": "Polygon", "coordinates": [[[116.3407635, 39.99116999999999], [116.34097810000002, 39.9911762], [116.3409969, 39.99087409999999], [116.34078760000001, 39.990872100000004], [116.3407635, 39.99116999999999]]]}}, {"type": "Feature", "id": "BF-00319", "properties": {"id": "BF-00319", "layer": "BUILDING_FOOTPRINT", "building_type": "existing_retained", "area_sqm": 5064.5, "source_id": "OSM-DERIVED-CORRIDOR-20260808", "source_type": "osm", "confidence": "medium", "geometry_role": "existing_condition"}, "geometry": {"type": "Polygon", "coordinates": [[[116.3393125, 39.9901929], [116.33933820000001, 39.989776199999994], [116.33872379999998, 39.98975399999999], [116.33869800000001, 39.9901743], [116.3386628, 39.99017299999999], [116.3386368, 39.99059590000001], [116.33928630000001, 39.99061929999999], [116.3393125, 39.9901929]]]}}, {"type": "Feature", "id": "BF-00320", "properties": {"id": "BF-00320", "layer": "BUILDING_FOOTPRINT", "building_type": "existing_retained", "area_sqm": 1249.6, "source_id": "OSM-DERIVED-CORRIDOR-20260808", "source_type": "osm", "confidence": "medium", "geometry_role": "existing_condition"}, "geometry": {"type": "Polygon", "coordinates": [[[116.3338343, 39.9893067], [116.3338367, 39.9890108], [116.3333915, 39.989008600000005], [116.33338900000001, 39.9893045], [116.3338343, 39.9893067]]]}}, {"type": "Feature", "id": "BF-00321", "properties": {"id": "BF-00321", "layer": "BUILDING_FOOTPRINT", "building_type": "existing_retained", "area_sqm": 1104.5, "source_id": "OSM-DERIVED-CORRIDOR-20260808", "source_type": "osm", "confidence": "medium", "geometry_role": "existing_condition"}, "geometry": {"type": "Polygon", "coordinates": [[[116.33318170000001, 39.9888931], [116.3331803, 39.98858069999999], [116.33280750000002, 39.9885817], [116.3328089, 39.988894099999996], [116.33318170000001, 39.9888931]]]}}, {"type": "Feature", "id": "BF-00322", "properties": {"id": "BF-00322", "layer": "BUILDING_FOOTPRINT", "building_type": "existing_retained", "area_sqm": 2989.5, "source_id": "OSM-DERIVED-CORRIDOR-20260808", "source_type": "osm", "confidence": "medium", "geometry_role": "existing_condition"}, "geometry": {"type": "Polygon", "coordinates": [[[116.3338869, 39.9886326], [116.3339301, 39.9876284], [116.3336166, 39.9876205], [116.33357329999998, 39.98862470000001], [116.3338869, 39.9886326]]]}}, {"type": "Feature", "id": "BF-00323", "properties": {"id": "BF-00323", "layer": "BUILDING_FOOTPRINT", "building_type": "existing_retained", "area_sqm": 1908.9, "source_id": "OSM-DERIVED-CORRIDOR-20260808", "source_type": "osm", "confidence": "medium", "geometry_role": "existing_condition"}, "geometry": {"type": "Polygon", "coordinates": [[[116.33472419999998, 39.999972299999996], [116.33472800000001, 39.9998788], [116.33505960000001, 39.99988239999999], [116.33505960000001, 39.99998970000001], [116.335195, 39.9999933], [116.3352137, 39.99963549999999], [116.3345599, 39.99961049999999], [116.33453710000002, 39.99996929999999], [116.33472419999998, 39.999972299999996]]]}}, {"type": "Feature", "id": "BF-00324", "properties": {"id": "BF-00324", "layer": "BUILDING_FOOTPRINT", "building_type": "existing_retained", "area_sqm": 1659.4, "source_id": "OSM-DERIVED-CORRIDOR-20260808", "source_type": "osm", "confidence": "medium", "geometry_role": "existing_condition"}, "geometry": {"type": "Polygon", "coordinates": [[[116.33461649999998, 40.0006001], [116.33461649999998, 40.0005462], [116.3349514, 40.00055129999999], [116.3349514, 40.0006052], [116.33510540000002, 40.000605199999995], [116.3351154, 40.00029739999999], [116.3345001, 40.00028089999999], [116.3344893, 40.000597500000005], [116.33461649999998, 40.0006001]]]}}, {"type": "Feature", "id": "BF-00325", "properties": {"id": "BF-00325", "layer": "BUILDING_FOOTPRINT", "building_type": "existing_retained", "area_sqm": 1174.5, "source_id": "OSM-DERIVED-CORRIDOR-20260808", "source_type": "osm", "confidence": "medium", "geometry_role": "existing_condition"}, "geometry": {"type": "Polygon", "coordinates": [[[116.33554599999998, 39.999885400000004], [116.33555340000001, 39.999759699999984], [116.3354954, 39.999755000000015], [116.3354991, 39.9997219], [116.3356411, 39.99972850000001], [116.33563860000001, 39.999750199999994], [116.33585459999999, 39.999755], [116.3358509, 39.99977859999999], [116.33613220000001, 39.99978139999999], [116.3361384, 39.9996264], [116.3358583, 39.99961880000001], [116.33585699999999, 39.9996321], [116.3356448, 39.9996283], [116.3356448, 39.9996122], [116.33538929999999, 39.9996094], [116.33538270000001, 39.9998812], [116.33554599999998, 39.999885400000004]]]}}, {"type": "Feature", "id": "BF-00326", "properties": {"id": "BF-00326", "layer": "BUILDING_FOOTPRINT", "building_type": "existing_retained", "area_sqm": 810.3, "source_id": "OSM-DERIVED-CORRIDOR-20260808", "source_type": "osm", "confidence": "medium", "geometry_role": "existing_condition"}, "geometry": {"type": "Polygon", "coordinates": [[[116.335356, 40.0002632], [116.3359658, 40.0002835], [116.335973, 40.0001602], [116.3355049, 40.0001474], [116.3355025, 40.000066499999996], [116.33536319999999, 40.0000683], [116.335356, 40.0002632]]]}}, {"type": "Feature", "id": "BF-00327", "properties": {"id": "BF-00327", "layer": "BUILDING_FOOTPRINT", "building_type": "existing_retained", "area_sqm": 737.0, "source_id": "OSM-DERIVED-CORRIDOR-20260808", "source_type": "osm", "confidence": "medium", "geometry_role": "existing_condition"}, "geometry": {"type": "Polygon", "coordinates": [[[116.3359372, 40.0006249], [116.3353442, 40.0006052], [116.33533619999999, 40.000782399999984], [116.33548100000002, 40.0007883], [116.3354849, 40.00072449999999], [116.3359349, 40.000741100000006], [116.3359372, 40.0006249]]]}}, {"type": "Feature", "id": "BF-00328", "properties": {"id": "BF-00328", "layer": "BUILDING_FOOTPRINT", "building_type": "existing_retained", "area_sqm": 805.1, "source_id": "OSM-DERIVED-CORRIDOR-20260808", "source_type": "osm", "confidence": "medium", "geometry_role": "existing_condition"}, "geometry": {"type": "Polygon", "coordinates": [[[116.3366784, 40.000767199999984], [116.3366804, 40.0008389], [116.3368065, 40.0008373], [116.3368146, 40.000645799999994], [116.33620680000001, 40.000628699999986], [116.3362007, 40.0007532], [116.3366784, 40.000767199999984]]]}}, {"type": "Feature", "id": "BF-00329", "properties": {"id": "BF-00329", "layer": "BUILDING_FOOTPRINT", "building_type": "existing_retained", "area_sqm": 835.2, "source_id": "OSM-DERIVED-CORRIDOR-20260808", "source_type": "osm", "confidence": "medium", "geometry_role": "existing_condition"}, "geometry": {"type": "Polygon", "coordinates": [[[116.33683540000001, 40.0003176], [116.33683540000001, 40.000109899999984], [116.3366844, 40.000100499999995], [116.33667519999999, 40.000187800000006], [116.3362346, 40.0001713], [116.3362253, 40.000294000000004], [116.33683540000001, 40.0003176]]]}}, {"type": "Feature", "id": "BF-00330", "properties": {"id": "BF-00330", "layer": "BUILDING_FOOTPRINT", "building_type": "existing_retained", "area_sqm": 819.6, "source_id": "OSM-DERIVED-CORRIDOR-20260808", "source_type": "osm", "confidence": "medium", "geometry_role": "existing_condition"}, "geometry": {"type": "Polygon", "coordinates": [[[116.33669700000002, 39.99976339999999], [116.33669700000002, 39.9998436], [116.33687569999998, 39.99984599999999], [116.3368726, 39.9996477], [116.33626569999998, 39.99963360000001], [116.3362595, 39.9997492], [116.33669700000002, 39.99976339999999]]]}}, {"type": "Feature", "id": "BF-00331", "properties": {"id": "BF-00331", "layer": "BUILDING_FOOTPRINT", "building_type": "existing_retained", "area_sqm": 578.2, "source_id": "OSM-DERIVED-CORRIDOR-20260808", "source_type": "osm", "confidence": "medium", "geometry_role": "existing_condition"}, "geometry": {"type": "Polygon", "coordinates": [[[116.3352952, 40.0011769], [116.3353093, 40.00094779999999], [116.33500500000001, 40.00094109999999], [116.3349979, 40.001069900000005], [116.33507579999998, 40.001071200000005], [116.33507930000002, 40.00116879999999], [116.3352952, 40.0011769]]]}}, {"type": "Feature", "id": "BF-00332", "properties": {"id": "BF-00332", "layer": "BUILDING_FOOTPRINT", "building_type": "existing_retained", "area_sqm": 930.6, "source_id": "OSM-DERIVED-CORRIDOR-20260808", "source_type": "osm", "confidence": "medium", "geometry_role": "existing_condition"}, "geometry": {"type": "Polygon", "coordinates": [[[116.3342134, 40.00014789999999], [116.33422570000002, 39.9998081], [116.3344599, 39.999812799999994], [116.3344629, 39.9996806], [116.334084, 39.9996735], [116.3340747, 40.0001456], [116.3342134, 40.00014789999999]]]}}, {"type": "Feature", "id": "BF-00333", "properties": {"id": "BF-00333", "layer": "BUILDING_FOOTPRINT", "building_type": "existing_retained", "area_sqm": 1715.8, "source_id": "OSM-DERIVED-CORRIDOR-20260808", "source_type": "osm", "confidence": "medium", "geometry_role": "existing_condition"}, "geometry": {"type": "Polygon", "coordinates": [[[116.33928599999999, 40.0018007], [116.33930630000002, 40.0014083], [116.3388428, 40.00139270000001], [116.3388184, 40.001775699999996], [116.33928599999999, 40.0018007]]]}}, {"type": "Feature", "id": "BF-00334", "properties": {"id": "BF-00334", "layer": "BUILDING_FOOTPRINT", "building_type": "existing_retained", "area_sqm": 1447.3, "source_id": "OSM-DERIVED-CORRIDOR-20260808", "source_type": "osm", "confidence": "medium", "geometry_role": "existing_condition"}, "geometry": {"type": "Polygon", "coordinates": [[[116.3374962, 39.999824999999994], [116.3374962, 39.999772], [116.3380898, 39.999784500000004], [116.3380898, 39.99984369999999], [116.3382565, 39.9998405], [116.3382646, 39.9996693], [116.3371913, 39.9996475], [116.3371832, 39.9998156], [116.3374962, 39.999824999999994]]]}}, {"type": "Feature", "id": "BF-00335", "properties": {"id": "BF-00335", "layer": "BUILDING_FOOTPRINT", "building_type": "existing_retained", "area_sqm": 931.8, "source_id": "OSM-DERIVED-CORRIDOR-20260808", "source_type": "osm", "confidence": "medium", "geometry_role": "existing_condition"}, "geometry": {"type": "Polygon", "coordinates": [[[116.34193250000001, 39.98998639999999], [116.341939, 39.9898482], [116.34122899999998, 39.98982860000001], [116.3412225, 39.9899668], [116.34193250000001, 39.98998639999999]]]}}, {"type": "Feature", "id": "BF-00336", "properties": {"id": "BF-00336", "layer": "BUILDING_FOOTPRINT", "building_type": "existing_retained", "area_sqm": 6653.0, "source_id": "OSM-DERIVED-CORRIDOR-20260808", "source_type": "osm", "confidence": "medium", "geometry_role": "existing_condition"}, "geometry": {"type": "Polygon", "coordinates": [[[116.32886340000002, 39.977584300000004], [116.3289162, 39.97698830000001], [116.32773989999998, 39.9769331], [116.3277015, 39.9775328], [116.32886340000002, 39.977584300000004]]]}}, {"type": "Feature", "id": "BF-00337", "properties": {"id": "BF-00337", "layer": "BUILDING_FOOTPRINT", "building_type": "existing_retained", "area_sqm": 793.1, "source_id": "OSM-DERIVED-CORRIDOR-20260808", "source_type": "osm", "confidence": "medium", "geometry_role": "existing_condition"}, "geometry": {"type": "Polygon", "coordinates": [[[116.3304046, 39.9819201], [116.3304201, 39.982055], [116.3305024, 39.98212250000002], [116.3309983, 39.9821489], [116.33108459999998, 39.98208939999999], [116.33109740000002, 39.9819589], [116.3309755, 39.9819536], [116.3309595, 39.982053], [116.3305917, 39.982032800000006], [116.33053399999999, 39.98198759999999], [116.3305254, 39.98192539999999], [116.3304046, 39.9819201]]]}}, {"type": "Feature", "id": "BF-00338", "properties": {"id": "BF-00338", "layer": "BUILDING_FOOTPRINT", "building_type": "existing_retained", "area_sqm": 5111.5, "source_id": "OSM-DERIVED-CORRIDOR-20260808", "source_type": "osm", "confidence": "medium", "geometry_role": "existing_condition"}, "geometry": {"type": "Polygon", "coordinates": [[[116.3416159, 40.000157200000004], [116.3422257, 40.00017410000001], [116.3422064, 40.000582699999995], [116.3415807, 40.0005653], [116.3415694, 40.0008045], [116.3424721, 40.00082960000001], [116.34251400000001, 39.9999459], [116.34218030000001, 39.999936700000006], [116.34162700000002, 39.9999213], [116.3416159, 40.000157200000004]]]}}, {"type": "Feature", "id": "BF-00339", "properties": {"id": "BF-00339", "layer": "BUILDING_FOOTPRINT", "building_type": "existing_retained", "area_sqm": 2815.0, "source_id": "OSM-DERIVED-CORRIDOR-20260808", "source_type": "osm", "confidence": "medium", "geometry_role": "existing_condition"}, "geometry": {"type": "Polygon", "coordinates": [[[116.33456869999999, 40.0028995], [116.3346175, 40.001769], [116.3344996, 40.001644399999996], [116.3343769, 40.0016311], [116.3343288, 40.00288389999999], [116.33456869999999, 40.0028995]]]}}, {"type": "Feature", "id": "BF-00340", "properties": {"id": "BF-00340", "layer": "BUILDING_FOOTPRINT", "building_type": "existing_retained", "area_sqm": 1650.5, "source_id": "OSM-DERIVED-CORRIDOR-20260808", "source_type": "osm", "confidence": "medium", "geometry_role": "existing_condition"}, "geometry": {"type": "Polygon", "coordinates": [[[116.34533300000001, 39.98810000000001], [116.3453454, 39.98779259999999], [116.34524500000002, 39.9877902], [116.34524740000002, 39.9877312], [116.3445247, 39.98771390000001], [116.3445185, 39.98786580000001], [116.34508630000002, 39.98787930000001], [116.3450776, 39.98809390000001], [116.34533300000001, 39.98810000000001]]]}}, {"type": "Feature", "id": "BF-00341", "properties": {"id": "BF-00341", "layer": "BUILDING_FOOTPRINT", "building_type": "existing_retained", "area_sqm": 1440.4, "source_id": "OSM-DERIVED-CORRIDOR-20260808", "source_type": "osm", "confidence": "medium", "geometry_role": "existing_condition"}, "geometry": {"type": "Polygon", "coordinates": [[[116.3414532, 39.9903907], [116.34146000000001, 39.990257299999996], [116.3417362, 39.9902656], [116.3417292, 39.99040299999999], [116.341902, 39.9904082], [116.34191659999999, 39.990121699999996], [116.34125170000002, 39.99010179999999], [116.34123730000002, 39.9903842], [116.3414532, 39.9903907]]]}}, {"type": "Feature", "id": "BF-00342", "properties": {"id": "BF-00342", "layer": "BUILDING_FOOTPRINT", "building_type": "existing_retained", "area_sqm": 657.3, "source_id": "OSM-DERIVED-CORRIDOR-20260808", "source_type": "osm", "confidence": "medium", "geometry_role": "existing_condition"}, "geometry": {"type": "Polygon", "coordinates": [[[116.34264420000001, 39.9528332], [116.3421082, 39.9527281], [116.3420677, 39.9528494], [116.34260369999998, 39.95295449999999], [116.34264420000001, 39.9528332]]]}}, {"type": "Feature", "id": "BF-00343", "properties": {"id": "BF-00343", "layer": "BUILDING_FOOTPRINT", "building_type": "existing_retained", "area_sqm": 728.6, "source_id": "OSM-DERIVED-CORRIDOR-20260808", "source_type": "osm", "confidence": "medium", "geometry_role": "existing_condition"}, "geometry": {"type": "Polygon", "coordinates": [[[116.34097240000001, 39.99136690000001], [116.34098300000001, 39.9912178], [116.34044859999999, 39.991206899999995], [116.34044859999999, 39.9913479], [116.34097240000001, 39.99136690000001]]]}}, {"type": "Feature", "id": "BF-00344", "properties": {"id": "BF-00344", "layer": "BUILDING_FOOTPRINT", "building_type": "existing_retained", "area_sqm": 1360.8, "source_id": "OSM-DERIVED-CORRIDOR-20260808", "source_type": "osm", "confidence": "medium", "geometry_role": "existing_condition"}, "geometry": {"type": "Polygon", "coordinates": [[[116.3419771, 39.9896177], [116.3419959, 39.989055799999996], [116.3417613, 39.9890512], [116.3417535, 39.9894254], [116.3416842, 39.989424799999995], [116.3416816, 39.9896167], [116.3419771, 39.9896177]]]}}, {"type": "Feature", "id": "BF-00345", "properties": {"id": "BF-00345", "layer": "BUILDING_FOOTPRINT", "building_type": "existing_retained", "area_sqm": 1291.3, "source_id": "OSM-DERIVED-CORRIDOR-20260808", "source_type": "osm", "confidence": "medium", "geometry_role": "existing_condition"}, "geometry": {"type": "Polygon", "coordinates": [[[116.3437669, 39.9756802], [116.34376509999998, 39.9758116], [116.34398169999999, 39.9758134], [116.34398680000001, 39.97545099999999], [116.3435207, 39.97544719999999], [116.3435174, 39.975678099999996], [116.3437669, 39.9756802]]]}}, {"type": "Feature", "id": "BF-00346", "properties": {"id": "BF-00346", "layer": "BUILDING_FOOTPRINT", "building_type": "existing_retained", "area_sqm": 9580.8, "source_id": "OSM-DERIVED-CORRIDOR-20260808", "source_type": "osm", "confidence": "medium", "geometry_role": "existing_condition"}, "geometry": {"type": "Polygon", "coordinates": [[[116.34337649999999, 39.97790200000001], [116.343965, 39.9779187], [116.3439674, 39.97786820000001], [116.3439845, 39.977514400000004], [116.3439978, 39.9772393], [116.34400690000001, 39.97704990000002], [116.3435671, 39.977037400000015], [116.34356880000001, 39.97700079999999], [116.34345180000001, 39.9769975], [116.34331880000002, 39.9769938], [116.3433169, 39.9770327], [116.34285510000001, 39.97701959999999], [116.3428459, 39.9772109], [116.3428329, 39.9774795], [116.34281909999999, 39.97776559999999], [116.34281330000002, 39.977886100000006], [116.34337649999999, 39.97790200000001]]]}}, {"type": "Feature", "id": "BF-00347", "properties": {"id": "BF-00347", "layer": "BUILDING_FOOTPRINT", "building_type": "existing_retained", "area_sqm": 2077.2, "source_id": "OSM-DERIVED-CORRIDOR-20260808", "source_type": "osm", "confidence": "medium", "geometry_role": "existing_condition"}, "geometry": {"type": "Polygon", "coordinates": [[[116.3426629, 39.97740819999999], [116.3426884, 39.977014099999984], [116.3424218, 39.97700689999999], [116.3421273, 39.976998900000005], [116.34211140000001, 39.977390899999996], [116.3426629, 39.97740819999999]]]}}, {"type": "Feature", "id": "BF-00348", "properties": {"id": "BF-00348", "layer": "BUILDING_FOOTPRINT", "building_type": "existing_retained", "area_sqm": 2438.8, "source_id": "OSM-DERIVED-CORRIDOR-20260808", "source_type": "osm", "confidence": "medium", "geometry_role": "existing_condition"}, "geometry": {"type": "Polygon", "coordinates": [[[116.344512, 39.957212], [116.3446623, 39.9572142], [116.3446623, 39.9573795], [116.3452098, 39.9573773], [116.3452126, 39.95697940000001], [116.3444609, 39.9569881], [116.344512, 39.957212]]]}}, {"type": "Feature", "id": "BF-00349", "properties": {"id": "BF-00349", "layer": "BUILDING_FOOTPRINT", "building_type": "existing_retained", "area_sqm": 2265.7, "source_id": "OSM-DERIVED-CORRIDOR-20260808", "source_type": "osm", "confidence": "medium", "geometry_role": "existing_condition"}, "geometry": {"type": "Polygon", "coordinates": [[[116.3482944, 39.94371460000001], [116.3478504, 39.94371170000001], [116.3478402, 39.94460909999999], [116.34827719999998, 39.944612], [116.34827860000001, 39.9444953], [116.3480283, 39.9444937], [116.34803529999999, 39.94387590000001], [116.3482925, 39.9438776], [116.3482944, 39.94371460000001]]]}}, {"type": "Feature", "id": "BF-00350", "properties": {"id": "BF-00350", "layer": "BUILDING_FOOTPRINT", "building_type": "existing_retained", "area_sqm": 489.6, "source_id": "OSM-DERIVED-CORRIDOR-20260808", "source_type": "osm", "confidence": "medium", "geometry_role": "existing_condition"}, "geometry": {"type": "Polygon", "coordinates": [[[116.34825979999998, 39.9452671], [116.34827050000001, 39.9451499], [116.3478324, 39.9451264], [116.34782170000001, 39.9452436], [116.34825979999998, 39.9452671]]]}}, {"type": "Feature", "id": "BF-00351", "properties": {"id": "BF-00351", "layer": "BUILDING_FOOTPRINT", "building_type": "existing_retained", "area_sqm": 477.7, "source_id": "OSM-DERIVED-CORRIDOR-20260808", "source_type": "osm", "confidence": "medium", "geometry_role": "existing_condition"}, "geometry": {"type": "Polygon", "coordinates": [[[116.34779560000001, 39.9455186], [116.3482306, 39.945541000000006], [116.3482407, 39.9454258], [116.3478057, 39.9454034], [116.34779560000001, 39.9455186]]]}}, {"type": "Feature", "id": "BF-00352", "properties": {"id": "BF-00352", "layer": "BUILDING_FOOTPRINT", "building_type": "existing_retained", "area_sqm": 480.9, "source_id": "OSM-DERIVED-CORRIDOR-20260808", "source_type": "osm", "confidence": "medium", "geometry_role": "existing_condition"}, "geometry": {"type": "Polygon", "coordinates": [[[116.3477715, 39.94579139999998], [116.3482115, 39.94581289999999], [116.3482211, 39.94569820000001], [116.34778110000002, 39.94567669999999], [116.3477715, 39.94579139999998]]]}}, {"type": "Feature", "id": "BF-00353", "properties": {"id": "BF-00353", "layer": "BUILDING_FOOTPRINT", "building_type": "existing_retained", "area_sqm": 472.9, "source_id": "OSM-DERIVED-CORRIDOR-20260808", "source_type": "osm", "confidence": "medium", "geometry_role": "existing_condition"}, "geometry": {"type": "Polygon", "coordinates": [[[116.3477474, 39.9460573], [116.3481893, 39.946078199999995], [116.3481983, 39.945965900000004], [116.34775650000002, 39.9459449], [116.3477474, 39.9460573]]]}}, {"type": "Feature", "id": "BF-00354", "properties": {"id": "BF-00354", "layer": "BUILDING_FOOTPRINT", "building_type": "existing_retained", "area_sqm": 1174.1, "source_id": "OSM-DERIVED-CORRIDOR-20260808", "source_type": "osm", "confidence": "medium", "geometry_role": "existing_condition"}, "geometry": {"type": "Polygon", "coordinates": [[[116.34791589999999, 39.946941200000005], [116.34791400000002, 39.946351], [116.34803199999999, 39.9463508], [116.3480316, 39.946232800000004], [116.34775860000002, 39.9462333], [116.34776079999999, 39.9469414], [116.34791589999999, 39.946941200000005]]]}}, {"type": "Feature", "id": "BF-00355", "properties": {"id": "BF-00355", "layer": "BUILDING_FOOTPRINT", "building_type": "existing_retained", "area_sqm": 1350.5, "source_id": "OSM-DERIVED-CORRIDOR-20260808", "source_type": "osm", "confidence": "medium", "geometry_role": "existing_condition"}, "geometry": {"type": "Polygon", "coordinates": [[[116.3478078, 39.949278899999996], [116.3478231, 39.94853689999999], [116.3476313, 39.948534599999995], [116.3476161, 39.94927659999999], [116.3478078, 39.949278899999996]]]}}, {"type": "Feature", "id": "BF-00356", "properties": {"id": "BF-00356", "layer": "BUILDING_FOOTPRINT", "building_type": "existing_retained", "area_sqm": 2216.0, "source_id": "OSM-DERIVED-CORRIDOR-20260808", "source_type": "osm", "confidence": "medium", "geometry_role": "existing_condition"}, "geometry": {"type": "Polygon", "coordinates": [[[116.34788790000002, 39.9484572], [116.34791389999998, 39.9473015], [116.34771190000001, 39.94729880000001], [116.3476859, 39.94845449999999], [116.34788790000002, 39.9484572]]]}}, {"type": "Feature", "id": "BF-00357", "properties": {"id": "BF-00357", "layer": "BUILDING_FOOTPRINT", "building_type": "existing_retained", "area_sqm": 295.4, "source_id": "OSM-DERIVED-CORRIDOR-20260808", "source_type": "osm", "confidence": "medium", "geometry_role": "existing_condition"}, "geometry": {"type": "Polygon", "coordinates": [[[116.3478794, 39.94715610000001], [116.3478768, 39.946968999999996], [116.34771040000001, 39.9469704], [116.3477131, 39.9471575], [116.3478794, 39.94715610000001]]]}}, {"type": "Feature", "id": "BF-00358", "properties": {"id": "BF-00358", "layer": "BUILDING_FOOTPRINT", "building_type": "existing_retained", "area_sqm": 1120.2, "source_id": "OSM-DERIVED-CORRIDOR-20260808", "source_type": "osm", "confidence": "medium", "geometry_role": "existing_condition"}, "geometry": {"type": "Polygon", "coordinates": [[[116.3451162, 39.958964399999985], [116.34514000000001, 39.95877889999999], [116.34448639999998, 39.9587817], [116.34449119999998, 39.9589656], [116.3451162, 39.958964399999985]]]}}, {"type": "Feature", "id": "BF-00359", "properties": {"id": "BF-00359", "layer": "BUILDING_FOOTPRINT", "building_type": "existing_retained", "area_sqm": 1118.3, "source_id": "OSM-DERIVED-CORRIDOR-20260808", "source_type": "osm", "confidence": "medium", "geometry_role": "existing_condition"}, "geometry": {"type": "Polygon", "coordinates": [[[116.3443254, 39.99017769999998], [116.34432849999999, 39.99009389999999], [116.34473599999998, 39.9901028], [116.34473270000001, 39.990191499999995], [116.344906, 39.99019530000001], [116.3449128, 39.9900125], [116.34476409999999, 39.990009199999996], [116.34476560000002, 39.989967799999995], [116.3443161, 39.989957999999994], [116.34431470000001, 39.989994800000005], [116.3441719, 39.98999169999999], [116.3441651, 39.99017420000001], [116.3443254, 39.99017769999998]]]}}, {"type": "Feature", "id": "BF-00360", "properties": {"id": "BF-00360", "layer": "BUILDING_FOOTPRINT", "building_type": "existing_retained", "area_sqm": 827.4, "source_id": "OSM-DERIVED-CORRIDOR-20260808", "source_type": "osm", "confidence": "medium", "geometry_role": "existing_condition"}, "geometry": {"type": "Polygon", "coordinates": [[[116.3410407, 39.957662700000014], [116.3412853, 39.9571881], [116.34112630000001, 39.957139999999995], [116.34088179999999, 39.9576145], [116.3410407, 39.957662700000014]]]}}, {"type": "Feature", "id": "BF-00361", "properties": {"id": "BF-00361", "layer": "BUILDING_FOOTPRINT", "building_type": "existing_retained", "area_sqm": 1921.2, "source_id": "OSM-DERIVED-CORRIDOR-20260808", "source_type": "osm", "confidence": "medium", "geometry_role": "existing_condition"}, "geometry": {"type": "Polygon", "coordinates": [[[116.32901410000001, 39.9819937], [116.3290208, 39.98187839999999], [116.33011270000002, 39.9819156], [116.33012080000002, 39.9817753], [116.32883730000002, 39.98173159999999], [116.3288225, 39.9819872], [116.32901410000001, 39.9819937]]]}}, {"type": "Feature", "id": "BF-00362", "properties": {"id": "BF-00362", "layer": "BUILDING_FOOTPRINT", "building_type": "existing_retained", "area_sqm": 1811.5, "source_id": "OSM-DERIVED-CORRIDOR-20260808", "source_type": "osm", "confidence": "medium", "geometry_role": "existing_condition"}, "geometry": {"type": "Polygon", "coordinates": [[[116.3311243, 39.981132900000006], [116.3311777, 39.9807317], [116.3309569, 39.98071439999999], [116.33085020000001, 39.980736699999994], [116.3307403, 39.980788999999994], [116.3306208, 39.9808993], [116.3305952, 39.981091500000005], [116.3311243, 39.981132900000006]]]}}, {"type": "Feature", "id": "BF-00363", "properties": {"id": "BF-00363", "layer": "BUILDING_FOOTPRINT", "building_type": "existing_retained", "area_sqm": 3930.3, "source_id": "OSM-DERIVED-CORRIDOR-20260808", "source_type": "osm", "confidence": "medium", "geometry_role": "existing_condition"}, "geometry": {"type": "Polygon", "coordinates": [[[116.3320091, 39.98122080000002], [116.3320753, 39.9807336], [116.33123380000002, 39.9806668], [116.33116769999998, 39.981154], [116.3320091, 39.98122080000002]]]}}, {"type": "Feature", "id": "BF-00364", "properties": {"id": "BF-00364", "layer": "BUILDING_FOOTPRINT", "building_type": "existing_retained", "area_sqm": 603.1, "source_id": "OSM-DERIVED-CORRIDOR-20260808", "source_type": "osm", "confidence": "medium", "geometry_role": "existing_condition"}, "geometry": {"type": "Polygon", "coordinates": [[[116.3310733, 39.98048910000001], [116.3310943, 39.980357500000004], [116.3306184, 39.9803129], [116.3305974, 39.98044459999999], [116.3310733, 39.98048910000001]]]}}, {"type": "Feature", "id": "BF-00365", "properties": {"id": "BF-00365", "layer": "BUILDING_FOOTPRINT", "building_type": "existing_retained", "area_sqm": 564.1, "source_id": "OSM-DERIVED-CORRIDOR-20260808", "source_type": "osm", "confidence": "medium", "geometry_role": "existing_condition"}, "geometry": {"type": "Polygon", "coordinates": [[[116.33094260000001, 39.981857700000006], [116.33095319999998, 39.981746499999986], [116.3304212, 39.9817168], [116.3304106, 39.981828], [116.33094260000001, 39.981857700000006]]]}}, {"type": "Feature", "id": "BF-00366", "properties": {"id": "BF-00366", "layer": "BUILDING_FOOTPRINT", "building_type": "existing_retained", "area_sqm": 1033.0, "source_id": "OSM-DERIVED-CORRIDOR-20260808", "source_type": "osm", "confidence": "medium", "geometry_role": "existing_condition"}, "geometry": {"type": "Polygon", "coordinates": [[[116.3321293, 39.9805955], [116.3322029, 39.9800205], [116.33201529999998, 39.98000639999999], [116.33194169999999, 39.9805814], [116.3321293, 39.9805955]]]}}, {"type": "Feature", "id": "BF-00367", "properties": {"id": "BF-00367", "layer": "BUILDING_FOOTPRINT", "building_type": "existing_retained", "area_sqm": 2299.8, "source_id": "OSM-DERIVED-CORRIDOR-20260808", "source_type": "osm", "confidence": "medium", "geometry_role": "existing_condition"}, "geometry": {"type": "Polygon", "coordinates": [[[116.3308126, 39.981515099999996], [116.3308291, 39.9813062], [116.32967260000001, 39.9812526], [116.3296562, 39.98146150000001], [116.3308126, 39.981515099999996]]]}}, {"type": "Feature", "id": "BF-00368", "properties": {"id": "BF-00368", "layer": "BUILDING_FOOTPRINT", "building_type": "existing_retained", "area_sqm": 803.6, "source_id": "OSM-DERIVED-CORRIDOR-20260808", "source_type": "osm", "confidence": "medium", "geometry_role": "existing_condition"}, "geometry": {"type": "Polygon", "coordinates": [[[116.32913, 39.9826563], [116.3291303, 39.982433900000004], [116.3287495, 39.9824335], [116.32874910000001, 39.98265599999999], [116.32913, 39.9826563]]]}}, {"type": "Feature", "id": "BF-00369", "properties": {"id": "BF-00369", "layer": "BUILDING_FOOTPRINT", "building_type": "existing_retained", "area_sqm": 803.6, "source_id": "OSM-DERIVED-CORRIDOR-20260808", "source_type": "osm", "confidence": "medium", "geometry_role": "existing_condition"}, "geometry": {"type": "Polygon", "coordinates": [[[116.3295306, 39.98306800000001], [116.32953099999999, 39.98284559999999], [116.3291501, 39.9828452], [116.3291498, 39.983067700000014], [116.3295306, 39.98306800000001]]]}}, {"type": "Feature", "id": "BF-00370", "properties": {"id": "BF-00370", "layer": "BUILDING_FOOTPRINT", "building_type": "existing_retained", "area_sqm": 666.0, "source_id": "OSM-DERIVED-CORRIDOR-20260808", "source_type": "osm", "confidence": "medium", "geometry_role": "existing_condition"}, "geometry": {"type": "Polygon", "coordinates": [[[116.33010070000002, 39.9831779], [116.33010400000002, 39.98294189999999], [116.3298065, 39.9829395], [116.3298032, 39.983175499999994], [116.33010070000002, 39.9831779]]]}}, {"type": "Feature", "id": "BF-00371", "properties": {"id": "BF-00371", "layer": "BUILDING_FOOTPRINT", "building_type": "existing_retained", "area_sqm": 666.1, "source_id": "OSM-DERIVED-CORRIDOR-20260808", "source_type": "osm", "confidence": "medium", "geometry_role": "existing_condition"}, "geometry": {"type": "Polygon", "coordinates": [[[116.3304247, 39.982801699999996], [116.3304279, 39.982565699999995], [116.33013040000002, 39.982563299999995], [116.33012710000001, 39.982799299999996], [116.3304247, 39.982801699999996]]]}}, {"type": "Feature", "id": "BF-00372", "properties": {"id": "BF-00372", "layer": "BUILDING_FOOTPRINT", "building_type": "existing_retained", "area_sqm": 666.1, "source_id": "OSM-DERIVED-CORRIDOR-20260808", "source_type": "osm", "confidence": "medium", "geometry_role": "existing_condition"}, "geometry": {"type": "Polygon", "coordinates": [[[116.33011060000001, 39.98239510000001], [116.3301138, 39.9821591], [116.32981629999999, 39.9821567], [116.32981300000002, 39.982392700000005], [116.33011060000001, 39.98239510000001]]]}}, {"type": "Feature", "id": "BF-00373", "properties": {"id": "BF-00373", "layer": "BUILDING_FOOTPRINT", "building_type": "existing_retained", "area_sqm": 1846.0, "source_id": "OSM-DERIVED-CORRIDOR-20260808", "source_type": "osm", "confidence": "medium", "geometry_role": "existing_condition"}, "geometry": {"type": "Polygon", "coordinates": [[[116.3286199, 39.98356299999999], [116.32860789999998, 39.983314799999995], [116.32852799999999, 39.983107999999994], [116.3281741, 39.983106500000005], [116.3281561, 39.98356139999999], [116.3286199, 39.98356299999999]]]}}, {"type": "Feature", "id": "BF-00374", "properties": {"id": "BF-00374", "layer": "BUILDING_FOOTPRINT", "building_type": "existing_retained", "area_sqm": 2103.6, "source_id": "OSM-DERIVED-CORRIDOR-20260808", "source_type": "osm", "confidence": "medium", "geometry_role": "existing_condition"}, "geometry": {"type": "Polygon", "coordinates": [[[116.33202809999999, 39.9814837], [116.331898, 39.981406899999996], [116.33082059999998, 39.982462999999996], [116.3309469, 39.9825456], [116.33202809999999, 39.9814837]]]}}, {"type": "Feature", "id": "BF-00375", "properties": {"id": "BF-00375", "layer": "BUILDING_FOOTPRINT", "building_type": "existing_retained", "area_sqm": 1331.9, "source_id": "OSM-DERIVED-CORRIDOR-20260808", "source_type": "osm", "confidence": "medium", "geometry_role": "existing_condition"}, "geometry": {"type": "Polygon", "coordinates": [[[116.32909230000001, 39.983845499999994], [116.3290987, 39.98368940000001], [116.3281997, 39.98366769999999], [116.3281933, 39.9838237], [116.32909230000001, 39.983845499999994]]]}}, {"type": "Feature", "id": "BF-00376", "properties": {"id": "BF-00376", "layer": "BUILDING_FOOTPRINT", "building_type": "existing_retained", "area_sqm": 1224.0, "source_id": "OSM-DERIVED-CORRIDOR-20260808", "source_type": "osm", "confidence": "medium", "geometry_role": "existing_condition"}, "geometry": {"type": "Polygon", "coordinates": [[[116.3295311, 39.983853500000016], [116.32954650000002, 39.983456699999984], [116.32937349999999, 39.9833353], [116.3291408, 39.9832918], [116.3291027, 39.983411399999994], [116.3293193, 39.98345189999999], [116.3294069, 39.98352369999999], [116.3294004, 39.98368969999999], [116.3292158, 39.9836855], [116.3292096, 39.983846199999995], [116.3295311, 39.983853500000016]]]}}, {"type": "Feature", "id": "BF-00377", "properties": {"id": "BF-00377", "layer": "BUILDING_FOOTPRINT", "building_type": "existing_retained", "area_sqm": 1162.4, "source_id": "OSM-DERIVED-CORRIDOR-20260808", "source_type": "osm", "confidence": "medium", "geometry_role": "existing_condition"}, "geometry": {"type": "Polygon", "coordinates": [[[116.3288105, 39.9814472], [116.329237, 39.9814644], [116.3292473, 39.981314699999984], [116.3284306, 39.98128189999999], [116.32842029999999, 39.98143149999999], [116.3288105, 39.9814472]]]}}, {"type": "Feature", "id": "BF-00378", "properties": {"id": "BF-00378", "layer": "BUILDING_FOOTPRINT", "building_type": "existing_retained", "area_sqm": 783.9, "source_id": "OSM-DERIVED-CORRIDOR-20260808", "source_type": "osm", "confidence": "medium", "geometry_role": "existing_condition"}, "geometry": {"type": "Polygon", "coordinates": [[[116.3319734, 39.980122699999995], [116.33198930000002, 39.980009], [116.33127059999998, 39.9799502], [116.3312548, 39.980063900000005], [116.3319734, 39.980122699999995]]]}}, {"type": "Feature", "id": "BF-00379", "properties": {"id": "BF-00379", "layer": "BUILDING_FOOTPRINT", "building_type": "existing_retained", "area_sqm": 783.9, "source_id": "OSM-DERIVED-CORRIDOR-20260808", "source_type": "osm", "confidence": "medium", "geometry_role": "existing_condition"}, "geometry": {"type": "Polygon", "coordinates": [[[116.3311459, 39.9801875], [116.33116169999998, 39.98007379999999], [116.33044310000001, 39.980014999999995], [116.33042719999999, 39.980128699999995], [116.3311459, 39.9801875]]]}}, {"type": "Feature", "id": "BF-00380", "properties": {"id": "BF-00380", "layer": "BUILDING_FOOTPRINT", "building_type": "existing_retained", "area_sqm": 783.8, "source_id": "OSM-DERIVED-CORRIDOR-20260808", "source_type": "osm", "confidence": "medium", "geometry_role": "existing_condition"}, "geometry": {"type": "Polygon", "coordinates": [[[116.3311732, 39.979802500000005], [116.33118899999998, 39.9796888], [116.33047040000001, 39.97963], [116.3304546, 39.97974369999999], [116.3311732, 39.979802500000005]]]}}, {"type": "Feature", "id": "BF-00381", "properties": {"id": "BF-00381", "layer": "BUILDING_FOOTPRINT", "building_type": "existing_retained", "area_sqm": 593.9, "source_id": "OSM-DERIVED-CORRIDOR-20260808", "source_type": "osm", "confidence": "medium", "geometry_role": "existing_condition"}, "geometry": {"type": "Polygon", "coordinates": [[[116.33208620000002, 39.9797507], [116.3321024, 39.979638699999995], [116.33155010000002, 39.9795919], [116.3315339, 39.97970389999999], [116.33208620000002, 39.9797507]]]}}, {"type": "Feature", "id": "BF-00382", "properties": {"id": "BF-00382", "layer": "BUILDING_FOOTPRINT", "building_type": "existing_retained", "area_sqm": 904.6, "source_id": "OSM-DERIVED-CORRIDOR-20260808", "source_type": "osm", "confidence": "medium", "geometry_role": "existing_condition"}, "geometry": {"type": "Polygon", "coordinates": [[[116.33214440000002, 39.979364399999994], [116.3321567, 39.979255900000005], [116.33127980000002, 39.97918260000001], [116.33126490000001, 39.979288999999994], [116.33214440000002, 39.979364399999994]]]}}, {"type": "Feature", "id": "BF-00383", "properties": {"id": "BF-00383", "layer": "BUILDING_FOOTPRINT", "building_type": "existing_retained", "area_sqm": 646.7, "source_id": "OSM-DERIVED-CORRIDOR-20260808", "source_type": "osm", "confidence": "medium", "geometry_role": "existing_condition"}, "geometry": {"type": "Polygon", "coordinates": [[[116.3299619, 39.980277699999995], [116.32995670000001, 39.9803162], [116.33025250000001, 39.980339700000016], [116.33026879999998, 39.98021910000001], [116.32999420000002, 39.98019729999999], [116.32999879999998, 39.98016349999999], [116.3297094, 39.9801406], [116.3296937, 39.9802564], [116.3299619, 39.980277699999995]]]}}, {"type": "Feature", "id": "BF-00384", "properties": {"id": "BF-00384", "layer": "BUILDING_FOOTPRINT", "building_type": "existing_retained", "area_sqm": 908.4, "source_id": "OSM-DERIVED-CORRIDOR-20260808", "source_type": "osm", "confidence": "medium", "geometry_role": "existing_condition"}, "geometry": {"type": "Polygon", "coordinates": [[[116.3310292, 39.9814893], [116.33106480000001, 39.98150470000001], [116.3311136, 39.981519999999996], [116.3311803, 39.981508100000006], [116.3312491, 39.9814791], [116.33142689999998, 39.981480799999986], [116.3314246, 39.98145699999999], [116.33149350000001, 39.9814587], [116.33149350000001, 39.981320799999985], [116.33093149999999, 39.981314000000005], [116.33092040000001, 39.9814298], [116.33100259999999, 39.981503000000004], [116.3310292, 39.9814893]]]}}, {"type": "Feature", "id": "BF-00385", "properties": {"id": "BF-00385", "layer": "BUILDING_FOOTPRINT", "building_type": "existing_retained", "area_sqm": 1099.0, "source_id": "OSM-DERIVED-CORRIDOR-20260808", "source_type": "osm", "confidence": "medium", "geometry_role": "existing_condition"}, "geometry": {"type": "Polygon", "coordinates": [[[116.3294772, 39.9811805], [116.3294903, 39.981028300000006], [116.32873230000001, 39.98098999999999], [116.32871919999998, 39.98114220000001], [116.3294772, 39.9811805]]]}}, {"type": "Feature", "id": "BF-00386", "properties": {"id": "BF-00386", "layer": "BUILDING_FOOTPRINT", "building_type": "existing_retained", "area_sqm": 1098.8, "source_id": "OSM-DERIVED-CORRIDOR-20260808", "source_type": "osm", "confidence": "medium", "geometry_role": "existing_condition"}, "geometry": {"type": "Polygon", "coordinates": [[[116.3303628, 39.9811706], [116.3303759, 39.98101839999999], [116.32961779999998, 39.9809801], [116.32960470000002, 39.9811322], [116.3303628, 39.9811706]]]}}, {"type": "Feature", "id": "BF-00387", "properties": {"id": "BF-00387", "layer": "BUILDING_FOOTPRINT", "building_type": "existing_retained", "area_sqm": 1867.3, "source_id": "OSM-DERIVED-CORRIDOR-20260808", "source_type": "osm", "confidence": "medium", "geometry_role": "existing_condition"}, "geometry": {"type": "Polygon", "coordinates": [[[116.3303403, 39.980874], [116.3303524, 39.98075009999999], [116.3287717, 39.98065909999999], [116.32875960000001, 39.98078289999999], [116.3303403, 39.980874]]]}}, {"type": "Feature", "id": "BF-00388", "properties": {"id": "BF-00388", "layer": "BUILDING_FOOTPRINT", "building_type": "existing_retained", "area_sqm": 646.5, "source_id": "OSM-DERIVED-CORRIDOR-20260808", "source_type": "osm", "confidence": "medium", "geometry_role": "existing_condition"}, "geometry": {"type": "Polygon", "coordinates": [[[116.3299278, 39.9805557], [116.3299226, 39.98059419999999], [116.3302184, 39.9806177], [116.3302347, 39.9804971], [116.32996010000001, 39.9804753], [116.3299647, 39.98044159999999], [116.32967529999999, 39.9804186], [116.3296596, 39.9805344], [116.3299278, 39.9805557]]]}}, {"type": "Feature", "id": "BF-00389", "properties": {"id": "BF-00389", "layer": "BUILDING_FOOTPRINT", "building_type": "existing_retained", "area_sqm": 1774.0, "source_id": "OSM-DERIVED-CORRIDOR-20260808", "source_type": "osm", "confidence": "medium", "geometry_role": "existing_condition"}, "geometry": {"type": "Polygon", "coordinates": [[[116.32893360000001, 39.980527699999996], [116.3289365, 39.9805039], [116.3295098, 39.9805443], [116.3295284, 39.9803893], [116.3289287, 39.980347], [116.32892640000001, 39.98036619999999], [116.32835090000002, 39.9803257], [116.32833170000002, 39.9804853], [116.32893360000001, 39.980527699999996]]]}}, {"type": "Feature", "id": "BF-00390", "properties": {"id": "BF-00390", "layer": "BUILDING_FOOTPRINT", "building_type": "existing_retained", "area_sqm": 1676.1, "source_id": "OSM-DERIVED-CORRIDOR-20260808", "source_type": "osm", "confidence": "medium", "geometry_role": "existing_condition"}, "geometry": {"type": "Polygon", "coordinates": [[[116.3290712, 39.98016619999999], [116.3290742, 39.9801425], [116.32957759999998, 39.98017889999999], [116.3295968, 39.9800237], [116.3290661, 39.979985299999996], [116.3290637, 39.9800045], [116.32848690000002, 39.979962799999996], [116.3284672, 39.98012249999999], [116.3290712, 39.98016619999999]]]}}, {"type": "Feature", "id": "BF-00391", "properties": {"id": "BF-00391", "layer": "BUILDING_FOOTPRINT", "building_type": "existing_retained", "area_sqm": 1056.9, "source_id": "OSM-DERIVED-CORRIDOR-20260808", "source_type": "osm", "confidence": "medium", "geometry_role": "existing_condition"}, "geometry": {"type": "Polygon", "coordinates": [[[116.3279992, 39.98379800000001], [116.3280116, 39.98349780000001], [116.3276443, 39.9834876], [116.3276368, 39.98361469999998], [116.3276266, 39.983788999999994], [116.3279992, 39.98379800000001]]]}}, {"type": "Feature", "id": "BF-00392", "properties": {"id": "BF-00392", "layer": "BUILDING_FOOTPRINT", "building_type": "existing_retained", "area_sqm": 1062.0, "source_id": "OSM-DERIVED-CORRIDOR-20260808", "source_type": "osm", "confidence": "medium", "geometry_role": "existing_condition"}, "geometry": {"type": "Polygon", "coordinates": [[[116.3280197, 39.9833465], [116.32803209999999, 39.9830463], [116.32765950000001, 39.98303730000001], [116.3276471, 39.9833375], [116.3280197, 39.9833465]]]}}, {"type": "Feature", "id": "BF-00393", "properties": {"id": "BF-00393", "layer": "BUILDING_FOOTPRINT", "building_type": "existing_retained", "area_sqm": 683.7, "source_id": "OSM-DERIVED-CORRIDOR-20260808", "source_type": "osm", "confidence": "medium", "geometry_role": "existing_condition"}, "geometry": {"type": "Polygon", "coordinates": [[[116.32860890000002, 39.982768699999994], [116.3286096, 39.9826462], [116.3280212, 39.98264409999999], [116.3280205, 39.98276659999999], [116.32860890000002, 39.982768699999994]]]}}, {"type": "Feature", "id": "BF-00394", "properties": {"id": "BF-00394", "layer": "BUILDING_FOOTPRINT", "building_type": "existing_retained", "area_sqm": 679.7, "source_id": "OSM-DERIVED-CORRIDOR-20260808", "source_type": "osm", "confidence": "medium", "geometry_role": "existing_condition"}, "geometry": {"type": "Polygon", "coordinates": [[[116.3283235, 39.9824843], [116.3283147, 39.9825622], [116.3285771, 39.982579599999994], [116.328592, 39.982447599999986], [116.3283394, 39.982430900000004], [116.3283469, 39.982364100000005], [116.32804040000002, 39.982343799999995], [116.3280268, 39.98246460000001], [116.3283235, 39.9824843]]]}}, {"type": "Feature", "id": "BF-00395", "properties": {"id": "BF-00395", "layer": "BUILDING_FOOTPRINT", "building_type": "existing_retained", "area_sqm": 683.3, "source_id": "OSM-DERIVED-CORRIDOR-20260808", "source_type": "osm", "confidence": "medium", "geometry_role": "existing_condition"}, "geometry": {"type": "Polygon", "coordinates": [[[116.3285869, 39.9821204], [116.3286025, 39.981982599999995], [116.32808370000001, 39.98194800000002], [116.32806800000002, 39.9820858], [116.3285869, 39.9821204]]]}}, {"type": "Feature", "id": "BF-00396", "properties": {"id": "BF-00396", "layer": "BUILDING_FOOTPRINT", "building_type": "existing_retained", "area_sqm": 683.3, "source_id": "OSM-DERIVED-CORRIDOR-20260808", "source_type": "osm", "confidence": "medium", "geometry_role": "existing_condition"}, "geometry": {"type": "Polygon", "coordinates": [[[116.32864929999998, 39.981731499999995], [116.328665, 39.9815937], [116.32814610000001, 39.981559100000005], [116.32813049999999, 39.981696899999996], [116.32864929999998, 39.981731499999995]]]}}, {"type": "Feature", "id": "BF-00397", "properties": {"id": "BF-00397", "layer": "BUILDING_FOOTPRINT", "building_type": "existing_retained", "area_sqm": 2333.5, "source_id": "OSM-DERIVED-CORRIDOR-20260808", "source_type": "osm", "confidence": "medium", "geometry_role": "existing_condition"}, "geometry": {"type": "Polygon", "coordinates": [[[116.32792350000001, 39.978149499999994], [116.32794500000001, 39.9778223], [116.3285104, 39.97784420000001], [116.32848939999998, 39.97816339999999], [116.328683, 39.97817090000001], [116.3287125, 39.977723999999995], [116.3277629, 39.9776873], [116.32773290000002, 39.9781421], [116.32792350000001, 39.978149499999994]]]}}, {"type": "Feature", "id": "BF-00398", "properties": {"id": "BF-00398", "layer": "BUILDING_FOOTPRINT", "building_type": "existing_retained", "area_sqm": 2306.0, "source_id": "OSM-DERIVED-CORRIDOR-20260808", "source_type": "osm", "confidence": "medium", "geometry_role": "existing_condition"}, "geometry": {"type": "Polygon", "coordinates": [[[116.32788920000002, 39.978786099999994], [116.327902, 39.9786155], [116.3283913, 39.9786371], [116.32837470000001, 39.9788587], [116.3286224, 39.9788696], [116.32865139999998, 39.9784844], [116.3277147, 39.978442900000005], [116.3276895, 39.97877729999999], [116.32788920000002, 39.978786099999994]]]}}, {"type": "Feature", "id": "BF-00399", "properties": {"id": "BF-00399", "layer": "BUILDING_FOOTPRINT", "building_type": "existing_retained", "area_sqm": 1378.1, "source_id": "OSM-DERIVED-CORRIDOR-20260808", "source_type": "osm", "confidence": "medium", "geometry_role": "existing_condition"}, "geometry": {"type": "Polygon", "coordinates": [[[116.3277646, 39.979272599999994], [116.32777040000002, 39.9791269], [116.328355, 39.9791404], [116.32834850000002, 39.979305499999995], [116.3285147, 39.9793094], [116.3285257, 39.9790307], [116.32764980000002, 39.97901039999999], [116.3276395, 39.979269699999996], [116.3277646, 39.979272599999994]]]}}, {"type": "Feature", "id": "BF-00400", "properties": {"id": "BF-00400", "layer": "BUILDING_FOOTPRINT", "building_type": "existing_retained", "area_sqm": 1014.5, "source_id": "OSM-DERIVED-CORRIDOR-20260808", "source_type": "osm", "confidence": "medium", "geometry_role": "existing_condition"}, "geometry": {"type": "Polygon", "coordinates": [[[116.32763960000001, 39.979423600000004], [116.32762610000002, 39.9797175], [116.3277415, 39.9797175], [116.3277361, 39.97980999999999], [116.3283262, 39.97982850000001], [116.3283289, 39.97970719999999], [116.32775759999998, 39.9796928], [116.32776030000001, 39.97942360000001], [116.32763960000001, 39.979423600000004]]]}}, {"type": "Feature", "id": "BF-00401", "properties": {"id": "BF-00401", "layer": "BUILDING_FOOTPRINT", "building_type": "existing_retained", "area_sqm": 2068.0, "source_id": "OSM-DERIVED-CORRIDOR-20260808", "source_type": "osm", "confidence": "medium", "geometry_role": "existing_condition"}, "geometry": {"type": "Polygon", "coordinates": [[[116.3280787, 39.9806608], [116.3280844, 39.98054559999999], [116.3277381, 39.98053550000001], [116.3277581, 39.98012899999999], [116.3282209, 39.9801424], [116.3282267, 39.98002600000002], [116.3275696, 39.980007], [116.32753819999999, 39.98064509999999], [116.3280787, 39.9806608]]]}}, {"type": "Feature", "id": "BF-00402", "properties": {"id": "BF-00402", "layer": "BUILDING_FOOTPRINT", "building_type": "existing_retained", "area_sqm": 1264.6, "source_id": "OSM-DERIVED-CORRIDOR-20260808", "source_type": "osm", "confidence": "medium", "geometry_role": "existing_condition"}, "geometry": {"type": "Polygon", "coordinates": [[[116.3278924, 39.98135980000001], [116.32789760000001, 39.981271799999995], [116.3280295, 39.98127639999999], [116.3280388, 39.9811194], [116.3278942, 39.98111440000001], [116.32788659999999, 39.98124289999999], [116.3276776, 39.98123559999999], [116.3276902, 39.9810219], [116.32804, 39.981034], [116.32804680000001, 39.98091920000001], [116.3276906, 39.98090680000001], [116.32768640000002, 39.98097799999999], [116.327544, 39.980973000000006], [116.32752689999998, 39.981262099999995], [116.327661, 39.981266700000006], [116.32765589999998, 39.98135160000001], [116.3278924, 39.98135980000001]]]}}, {"type": "Feature", "id": "BF-00403", "properties": {"id": "BF-00403", "layer": "BUILDING_FOOTPRINT", "building_type": "existing_retained", "area_sqm": 394.9, "source_id": "OSM-DERIVED-CORRIDOR-20260808", "source_type": "osm", "confidence": "medium", "geometry_role": "existing_condition"}, "geometry": {"type": "Polygon", "coordinates": [[[116.3282299, 39.98133949999999], [116.32842450000001, 39.981202499999995], [116.32827260000002, 39.9811938], [116.32828649999999, 39.98105150000001], [116.328175, 39.981045099999996], [116.3281467, 39.981334699999984], [116.3282299, 39.98133949999999]]]}}, {"type": "Feature", "id": "BF-00404", "properties": {"id": "BF-00404", "layer": "BUILDING_FOOTPRINT", "building_type": "existing_retained", "area_sqm": 458.4, "source_id": "OSM-DERIVED-CORRIDOR-20260808", "source_type": "osm", "confidence": "medium", "geometry_role": "existing_condition"}, "geometry": {"type": "Polygon", "coordinates": [[[116.3285885, 39.9809652], [116.32860090000001, 39.98084179999999], [116.3282117, 39.98081870000001], [116.32819929999998, 39.9809422], [116.3285885, 39.9809652]]]}}, {"type": "Feature", "id": "BF-00405", "properties": {"id": "BF-00405", "layer": "BUILDING_FOOTPRINT", "building_type": "existing_retained", "area_sqm": 369.6, "source_id": "OSM-DERIVED-CORRIDOR-20260808", "source_type": "osm", "confidence": "medium", "geometry_role": "existing_condition"}, "geometry": {"type": "Polygon", "coordinates": [[[116.3286404, 39.9807158], [116.328651, 39.98062029999999], [116.32824570000001, 39.9805939], [116.3282351, 39.9806893], [116.3286404, 39.9807158]]]}}, {"type": "Feature", "id": "BF-00406", "properties": {"id": "BF-00406", "layer": "BUILDING_FOOTPRINT", "building_type": "existing_retained", "area_sqm": 711.0, "source_id": "OSM-DERIVED-CORRIDOR-20260808", "source_type": "osm", "confidence": "medium", "geometry_role": "existing_condition"}, "geometry": {"type": "Polygon", "coordinates": [[[116.3278897, 39.9828773], [116.3278956, 39.98254109999999], [116.32767270000001, 39.98253879999999], [116.3276668, 39.9828751], [116.3278897, 39.9828773]]]}}, {"type": "Feature", "id": "BF-00407", "properties": {"id": "BF-00407", "layer": "BUILDING_FOOTPRINT", "building_type": "existing_retained", "area_sqm": 1738.7, "source_id": "OSM-DERIVED-CORRIDOR-20260808", "source_type": "osm", "confidence": "medium", "geometry_role": "existing_condition"}, "geometry": {"type": "Polygon", "coordinates": [[[116.32785800000002, 39.982236699999994], [116.32786160000002, 39.981990399999994], [116.3277463, 39.9819894], [116.32774670000002, 39.981959499999995], [116.32783790000002, 39.9819603], [116.32784159999999, 39.981711199999985], [116.3279704, 39.9817124], [116.3279728, 39.98155029999999], [116.3276188, 39.98154720000001], [116.32761810000001, 39.98159509999999], [116.3275738, 39.981594699999995], [116.32757270000002, 39.9816681], [116.3276371, 39.98166870000001], [116.3276364, 39.98171500000001], [116.32757790000001, 39.9817145], [116.3275771, 39.981765], [116.32764530000001, 39.9817656], [116.32764410000001, 39.981852], [116.3275744, 39.9818514], [116.3275735, 39.981908700000005], [116.32764540000001, 39.9819093], [116.32764410000001, 39.9819983], [116.32757990000002, 39.981997699999994], [116.32757910000001, 39.98205269999999], [116.32764530000001, 39.982053199999996], [116.32764440000001, 39.9821124], [116.3275818, 39.982111800000006], [116.3275801, 39.98223439999999], [116.32785800000002, 39.982236699999994]]]}}, {"type": "Feature", "id": "BF-00408", "properties": {"id": "BF-00408", "layer": "BUILDING_FOOTPRINT", "building_type": "existing_retained", "area_sqm": 1684.8, "source_id": "OSM-DERIVED-CORRIDOR-20260808", "source_type": "osm", "confidence": "medium", "geometry_role": "existing_condition"}, "geometry": {"type": "Polygon", "coordinates": [[[116.3302734, 39.979661], [116.3302885, 39.9794776], [116.329937, 39.9794606], [116.32996059999999, 39.9791742], [116.32972120000001, 39.97916269999999], [116.3296826, 39.97963250000001], [116.3302734, 39.979661]]]}}, {"type": "Feature", "id": "BF-00409", "properties": {"id": "BF-00409", "layer": "BUILDING_FOOTPRINT", "building_type": "existing_retained", "area_sqm": 1327.0, "source_id": "OSM-DERIVED-CORRIDOR-20260808", "source_type": "osm", "confidence": "medium", "geometry_role": "existing_condition"}, "geometry": {"type": "Polygon", "coordinates": [[[116.32950300000002, 39.979072499999994], [116.3296344, 39.979088899999994], [116.3297498, 39.97909309999999], [116.32988659999998, 39.9790746], [116.32998040000001, 39.979054], [116.3299965, 39.9789163], [116.3299241, 39.978846399999995], [116.3294708, 39.97883], [116.3293742, 39.97890189999999], [116.32937160000002, 39.9790273], [116.32950300000002, 39.979072499999994]]]}}, {"type": "Feature", "id": "BF-00410", "properties": {"id": "BF-00410", "layer": "BUILDING_FOOTPRINT", "building_type": "existing_retained", "area_sqm": 2504.2, "source_id": "OSM-DERIVED-CORRIDOR-20260808", "source_type": "osm", "confidence": "medium", "geometry_role": "existing_condition"}, "geometry": {"type": "Polygon", "coordinates": [[[116.3291731, 39.9788033], [116.32917840000002, 39.978735399999984], [116.3294681, 39.9787478], [116.3294654, 39.97879910000001], [116.32985440000002, 39.978813499999994], [116.3298812, 39.978486700000005], [116.3295942, 39.9784826], [116.3295768, 39.9785977], [116.32950300000002, 39.9785957], [116.3295057, 39.97856689999999], [116.3292321, 39.978556600000005], [116.32925619999999, 39.9783326], [116.3290712, 39.97832640000001], [116.32903629999998, 39.97837989999999], [116.3290014, 39.9784826], [116.32898800000001, 39.9785833], [116.3289907, 39.97868199999999], [116.3290229, 39.978795], [116.3291731, 39.9788033]]]}}, {"type": "Feature", "id": "BF-00411", "properties": {"id": "BF-00411", "layer": "BUILDING_FOOTPRINT", "building_type": "existing_retained", "area_sqm": 777.0, "source_id": "OSM-DERIVED-CORRIDOR-20260808", "source_type": "osm", "confidence": "medium", "geometry_role": "existing_condition"}, "geometry": {"type": "Polygon", "coordinates": [[[116.32968270000002, 39.97829899999999], [116.32969590000002, 39.97816470000001], [116.3290892, 39.97812969999999], [116.329076, 39.9782639], [116.32968270000002, 39.97829899999999]]]}}, {"type": "Feature", "id": "BF-00412", "properties": {"id": "BF-00412", "layer": "BUILDING_FOOTPRINT", "building_type": "existing_retained", "area_sqm": 1212.6, "source_id": "OSM-DERIVED-CORRIDOR-20260808", "source_type": "osm", "confidence": "medium", "geometry_role": "existing_condition"}, "geometry": {"type": "Polygon", "coordinates": [[[116.33097809999998, 39.97897319999999], [116.33099009999998, 39.978787000000004], [116.33084120000001, 39.9787814], [116.3303051, 39.9787612], [116.3302932, 39.9789474], [116.33097809999998, 39.97897319999999]]]}}, {"type": "Feature", "id": "BF-00413", "properties": {"id": "BF-00413", "layer": "BUILDING_FOOTPRINT", "building_type": "existing_retained", "area_sqm": 1425.2, "source_id": "OSM-DERIVED-CORRIDOR-20260808", "source_type": "osm", "confidence": "medium", "geometry_role": "existing_condition"}, "geometry": {"type": "Polygon", "coordinates": [[[116.33087839999999, 39.9784603], [116.3306616, 39.978450099999996], [116.3306545, 39.9785375], [116.33087479999999, 39.9785479], [116.33084120000001, 39.9787814], [116.33099009999998, 39.978787000000004], [116.3310352, 39.978235], [116.3305545, 39.97821230000001], [116.3305419, 39.97836889999999], [116.33088449999998, 39.9783851], [116.33087839999999, 39.9784603]]]}}, {"type": "Feature", "id": "BF-00414", "properties": {"id": "BF-00414", "layer": "BUILDING_FOOTPRINT", "building_type": "existing_retained", "area_sqm": 1837.2, "source_id": "OSM-DERIVED-CORRIDOR-20260808", "source_type": "osm", "confidence": "medium", "geometry_role": "existing_condition"}, "geometry": {"type": "Polygon", "coordinates": [[[116.32963810000001, 39.977536699999995], [116.3296649, 39.97714330000001], [116.32917390000001, 39.9771237], [116.3291471, 39.97751709999999], [116.32963810000001, 39.977536699999995]]]}}, {"type": "Feature", "id": "BF-00415", "properties": {"id": "BF-00415", "layer": "BUILDING_FOOTPRINT", "building_type": "existing_retained", "area_sqm": 3919.6, "source_id": "OSM-DERIVED-CORRIDOR-20260808", "source_type": "osm", "confidence": "medium", "geometry_role": "existing_condition"}, "geometry": {"type": "Polygon", "coordinates": [[[116.33084090000001, 39.9775681], [116.33085589999999, 39.97716810000001], [116.32982370000002, 39.97714539999999], [116.3298087, 39.97754539999999], [116.33084090000001, 39.9775681]]]}}, {"type": "Feature", "id": "BF-00416", "properties": {"id": "BF-00416", "layer": "BUILDING_FOOTPRINT", "building_type": "existing_retained", "area_sqm": 1222.9, "source_id": "OSM-DERIVED-CORRIDOR-20260808", "source_type": "osm", "confidence": "medium", "geometry_role": "existing_condition"}, "geometry": {"type": "Polygon", "coordinates": [[[116.32995670000001, 39.9763397], [116.32996490000001, 39.976197699999986], [116.32905879999998, 39.976167000000004], [116.32905060000002, 39.976309], [116.32995670000001, 39.9763397]]]}}, {"type": "Feature", "id": "BF-00417", "properties": {"id": "BF-00417", "layer": "BUILDING_FOOTPRINT", "building_type": "existing_retained", "area_sqm": 1383.9, "source_id": "OSM-DERIVED-CORRIDOR-20260808", "source_type": "osm", "confidence": "medium", "geometry_role": "existing_condition"}, "geometry": {"type": "Polygon", "coordinates": [[[116.330003, 39.976876100000005], [116.3300142, 39.976701299999995], [116.3291816, 39.97666979999999], [116.32917040000001, 39.9768446], [116.330003, 39.976876100000005]]]}}, {"type": "Feature", "id": "BF-00418", "properties": {"id": "BF-00418", "layer": "BUILDING_FOOTPRINT", "building_type": "existing_retained", "area_sqm": 1088.6, "source_id": "OSM-DERIVED-CORRIDOR-20260808", "source_type": "osm", "confidence": "medium", "geometry_role": "existing_condition"}, "geometry": {"type": "Polygon", "coordinates": [[[116.33053369999999, 39.97662299999999], [116.3305467, 39.97632200000002], [116.33016580000002, 39.9763124], [116.33015290000002, 39.976613400000005], [116.33053369999999, 39.97662299999999]]]}}, {"type": "Feature", "id": "BF-00419", "properties": {"id": "BF-00419", "layer": "BUILDING_FOOTPRINT", "building_type": "existing_retained", "area_sqm": 1089.1, "source_id": "OSM-DERIVED-CORRIDOR-20260808", "source_type": "osm", "confidence": "medium", "geometry_role": "existing_condition"}, "geometry": {"type": "Polygon", "coordinates": [[[116.3313379, 39.976635], [116.3313508, 39.9763339], [116.33096990000001, 39.97632429999999], [116.33095700000001, 39.976625399999996], [116.3313379, 39.976635]]]}}, {"type": "Feature", "id": "BF-00420", "properties": {"id": "BF-00420", "layer": "BUILDING_FOOTPRINT", "building_type": "existing_retained", "area_sqm": 565.4, "source_id": "OSM-DERIVED-CORRIDOR-20260808", "source_type": "osm", "confidence": "medium", "geometry_role": "existing_condition"}, "geometry": {"type": "Polygon", "coordinates": [[[116.330064, 39.975807700000004], [116.33007620000001, 39.97561050000001], [116.3297746, 39.975599599999995], [116.3297624, 39.9757968], [116.330064, 39.975807700000004]]]}}, {"type": "Feature", "id": "BF-00421", "properties": {"id": "BF-00421", "layer": "BUILDING_FOOTPRINT", "building_type": "existing_retained", "area_sqm": 1589.0, "source_id": "OSM-DERIVED-CORRIDOR-20260808", "source_type": "osm", "confidence": "medium", "geometry_role": "existing_condition"}, "geometry": {"type": "Polygon", "coordinates": [[[116.3332197, 39.9765191], [116.33321700000002, 39.976384499999995], [116.33197229999999, 39.97639900000001], [116.33197490000002, 39.976533499999995], [116.3332197, 39.9765191]]]}}, {"type": "Feature", "id": "BF-00422", "properties": {"id": "BF-00422", "layer": "BUILDING_FOOTPRINT", "building_type": "existing_retained", "area_sqm": 823.1, "source_id": "OSM-DERIVED-CORRIDOR-20260808", "source_type": "osm", "confidence": "medium", "geometry_role": "existing_condition"}, "geometry": {"type": "Polygon", "coordinates": [[[116.3328291, 39.97808499999999], [116.33282650000001, 39.977939799999994], [116.33222880000001, 39.9779461], [116.3322314, 39.9780912], [116.3328291, 39.97808499999999]]]}}, {"type": "Feature", "id": "BF-00423", "properties": {"id": "BF-00423", "layer": "BUILDING_FOOTPRINT", "building_type": "existing_retained", "area_sqm": 1335.8, "source_id": "OSM-DERIVED-CORRIDOR-20260808", "source_type": "osm", "confidence": "medium", "geometry_role": "existing_condition"}, "geometry": {"type": "Polygon", "coordinates": [[[116.33280600000002, 39.97767890000001], [116.3328131, 39.97780449999999], [116.3330365, 39.9777972], [116.3330225, 39.97754669999999], [116.3321212, 39.9775764], [116.3321282, 39.9777012], [116.33280600000002, 39.97767890000001]]]}}, {"type": "Feature", "id": "BF-00424", "properties": {"id": "BF-00424", "layer": "BUILDING_FOOTPRINT", "building_type": "existing_retained", "area_sqm": 721.3, "source_id": "OSM-DERIVED-CORRIDOR-20260808", "source_type": "osm", "confidence": "medium", "geometry_role": "existing_condition"}, "geometry": {"type": "Polygon", "coordinates": [[[116.32879590000002, 39.979871900000006], [116.3288531, 39.9794433], [116.32867749999998, 39.97942960000001], [116.3286203, 39.979858099999994], [116.32879590000002, 39.979871900000006]]]}}, {"type": "Feature", "id": "BF-00425", "properties": {"id": "BF-00425", "layer": "BUILDING_FOOTPRINT", "building_type": "existing_retained", "area_sqm": 1299.5, "source_id": "OSM-DERIVED-CORRIDOR-20260808", "source_type": "osm", "confidence": "medium", "geometry_role": "existing_condition"}, "geometry": {"type": "Polygon", "coordinates": [[[116.32965660000002, 39.9797432], [116.3296808, 39.97955209999999], [116.32896870000002, 39.979503799999996], [116.32895260000001, 39.979697], [116.32965660000002, 39.9797432]]]}}, {"type": "Feature", "id": "BF-00426", "properties": {"id": "BF-00426", "layer": "BUILDING_FOOTPRINT", "building_type": "existing_retained", "area_sqm": 374.0, "source_id": "OSM-DERIVED-CORRIDOR-20260808", "source_type": "osm", "confidence": "medium", "geometry_role": "existing_condition"}, "geometry": {"type": "Polygon", "coordinates": [[[116.33116649999998, 39.9819478], [116.3311707, 39.98188030000001], [116.33122199999998, 39.98185169999999], [116.33136410000002, 39.981855700000004], [116.33136900000001, 39.9817527], [116.33119429999999, 39.98174770000001], [116.33105720000002, 39.98181240000001], [116.3310489, 39.98194339999999], [116.33116649999998, 39.9819478]]]}}, {"type": "Feature", "id": "BF-00427", "properties": {"id": "BF-00427", "layer": "BUILDING_FOOTPRINT", "building_type": "existing_retained", "area_sqm": 623.9, "source_id": "OSM-DERIVED-CORRIDOR-20260808", "source_type": "osm", "confidence": "medium", "geometry_role": "existing_condition"}, "geometry": {"type": "Polygon", "coordinates": [[[116.3320744, 39.98147719999999], [116.33210550000001, 39.9814361], [116.33216010000001, 39.981460399999996], [116.3323867, 39.98116089999999], [116.33227889999999, 39.981113], [116.3321138, 39.981331099999984], [116.3319934, 39.98127759999999], [116.3319007, 39.9814], [116.3320744, 39.98147719999999]]]}}, {"type": "Feature", "id": "BF-00428", "properties": {"id": "BF-00428", "layer": "BUILDING_FOOTPRINT", "building_type": "existing_retained", "area_sqm": 727.0, "source_id": "OSM-DERIVED-CORRIDOR-20260808", "source_type": "osm", "confidence": "medium", "geometry_role": "existing_condition"}, "geometry": {"type": "Polygon", "coordinates": [[[116.33936519999999, 39.98099509999999], [116.33969189999999, 39.98100349999999], [116.3396972, 39.98088289999999], [116.33906250000001, 39.98086649999999], [116.3390572, 39.98098709999999], [116.33936519999999, 39.98099509999999]]]}}, {"type": "Feature", "id": "BF-00429", "properties": {"id": "BF-00429", "layer": "BUILDING_FOOTPRINT", "building_type": "existing_retained", "area_sqm": 1053.3, "source_id": "OSM-DERIVED-CORRIDOR-20260808", "source_type": "osm", "confidence": "medium", "geometry_role": "existing_condition"}, "geometry": {"type": "Polygon", "coordinates": [[[116.34067569999999, 39.98107], [116.3410271, 39.98107830000001], [116.34103280000001, 39.980936400000004], [116.340251, 39.980917899999994], [116.3402453, 39.98105979999998], [116.34067569999999, 39.98107]]]}}, {"type": "Feature", "id": "BF-00430", "properties": {"id": "BF-00430", "layer": "BUILDING_FOOTPRINT", "building_type": "existing_retained", "area_sqm": 772.7, "source_id": "OSM-DERIVED-CORRIDOR-20260808", "source_type": "osm", "confidence": "medium", "geometry_role": "existing_condition"}, "geometry": {"type": "Polygon", "coordinates": [[[116.3476932, 39.95551600000001], [116.34769110000002, 39.955403], [116.3469706, 39.9554108], [116.34697269999998, 39.95552380000001], [116.3476932, 39.95551600000001]]]}}, {"type": "Feature", "id": "BF-00431", "properties": {"id": "BF-00431", "layer": "BUILDING_FOOTPRINT", "building_type": "existing_retained", "area_sqm": 744.8, "source_id": "OSM-DERIVED-CORRIDOR-20260808", "source_type": "osm", "confidence": "medium", "geometry_role": "existing_condition"}, "geometry": {"type": "Polygon", "coordinates": [[[116.34767100000002, 39.95523450000001], [116.3476676, 39.9551235], [116.3469605, 39.95513619999999], [116.34696389999999, 39.95524710000001], [116.34767100000002, 39.95523450000001]]]}}, {"type": "Feature", "id": "BF-00432", "properties": {"id": "BF-00432", "layer": "BUILDING_FOOTPRINT", "building_type": "existing_retained", "area_sqm": 883.9, "source_id": "OSM-DERIVED-CORRIDOR-20260808", "source_type": "osm", "confidence": "medium", "geometry_role": "existing_condition"}, "geometry": {"type": "Polygon", "coordinates": [[[116.3468819, 39.9561434], [116.3468806, 39.956036000000005], [116.3460133, 39.956042100000005], [116.34601460000002, 39.9561495], [116.3468819, 39.9561434]]]}}, {"type": "Feature", "id": "BF-00433", "properties": {"id": "BF-00433", "layer": "BUILDING_FOOTPRINT", "building_type": "existing_retained", "area_sqm": 956.7, "source_id": "OSM-DERIVED-CORRIDOR-20260808", "source_type": "osm", "confidence": "medium", "geometry_role": "existing_condition"}, "geometry": {"type": "Polygon", "coordinates": [[[116.3468833, 39.9564691], [116.3468833, 39.95636019999999], [116.34592850000001, 39.956380700000004], [116.3459338, 39.95648349999999], [116.3468833, 39.9564691]]]}}, {"type": "Feature", "id": "BF-00434", "properties": {"id": "BF-00434", "layer": "BUILDING_FOOTPRINT", "building_type": "existing_retained", "area_sqm": 903.1, "source_id": "OSM-DERIVED-CORRIDOR-20260808", "source_type": "osm", "confidence": "medium", "geometry_role": "existing_condition"}, "geometry": {"type": "Polygon", "coordinates": [[[116.3468812, 39.955836299999994], [116.34687900000002, 39.955728300000004], [116.3459979, 39.9557389], [116.3460001, 39.9558469], [116.3468812, 39.955836299999994]]]}}, {"type": "Feature", "id": "BF-00435", "properties": {"id": "BF-00435", "layer": "BUILDING_FOOTPRINT", "building_type": "existing_retained", "area_sqm": 730.6, "source_id": "OSM-DERIVED-CORRIDOR-20260808", "source_type": "osm", "confidence": "medium", "geometry_role": "existing_condition"}, "geometry": {"type": "Polygon", "coordinates": [[[116.346838, 39.95551739999999], [116.34683609999999, 39.955411500000004], [116.34610919999999, 39.955419299999996], [116.3461111, 39.9555252], [116.346838, 39.95551739999999]]]}}, {"type": "Feature", "id": "BF-00436", "properties": {"id": "BF-00436", "layer": "BUILDING_FOOTPRINT", "building_type": "existing_retained", "area_sqm": 468.8, "source_id": "OSM-DERIVED-CORRIDOR-20260808", "source_type": "osm", "confidence": "medium", "geometry_role": "existing_condition"}, "geometry": {"type": "Polygon", "coordinates": [[[116.34684600000001, 39.95520080000001], [116.3468455, 39.95510819999999], [116.34631169999999, 39.955109900000004], [116.34631220000001, 39.95520239999999], [116.34684600000001, 39.95520080000001]]]}}, {"type": "Feature", "id": "BF-00437", "properties": {"id": "BF-00437", "layer": "BUILDING_FOOTPRINT", "building_type": "existing_retained", "area_sqm": 525.6, "source_id": "OSM-DERIVED-CORRIDOR-20260808", "source_type": "osm", "confidence": "medium", "geometry_role": "existing_condition"}, "geometry": {"type": "Polygon", "coordinates": [[[116.34684230000002, 39.9548607], [116.34684000000001, 39.954759], [116.34629550000001, 39.954766400000004], [116.34629790000001, 39.9548681], [116.34684230000002, 39.9548607]]]}}, {"type": "Feature", "id": "BF-00438", "properties": {"id": "BF-00438", "layer": "BUILDING_FOOTPRINT", "building_type": "existing_retained", "area_sqm": 383.5, "source_id": "OSM-DERIVED-CORRIDOR-20260808", "source_type": "osm", "confidence": "medium", "geometry_role": "existing_condition"}, "geometry": {"type": "Polygon", "coordinates": [[[116.34683790000001, 39.95458390000001], [116.34683889999998, 39.9544841], [116.3464339, 39.9544818], [116.34643290000001, 39.9545816], [116.34683790000001, 39.95458390000001]]]}}, {"type": "Feature", "id": "BF-00439", "properties": {"id": "BF-00439", "layer": "BUILDING_FOOTPRINT", "building_type": "existing_retained", "area_sqm": 740.2, "source_id": "OSM-DERIVED-CORRIDOR-20260808", "source_type": "osm", "confidence": "medium", "geometry_role": "existing_condition"}, "geometry": {"type": "Polygon", "coordinates": [[[116.34765850000001, 39.95485310000001], [116.34765580000001, 39.95474000000001], [116.34695850000001, 39.95474620000001], [116.3469638, 39.95485719999999], [116.34765850000001, 39.95485310000001]]]}}, {"type": "Feature", "id": "BF-00440", "properties": {"id": "BF-00440", "layer": "BUILDING_FOOTPRINT", "building_type": "existing_retained", "area_sqm": 715.2, "source_id": "OSM-DERIVED-CORRIDOR-20260808", "source_type": "osm", "confidence": "medium", "geometry_role": "existing_condition"}, "geometry": {"type": "Polygon", "coordinates": [[[116.3476419, 39.95457309999998], [116.3476415, 39.954465199999994], [116.34694290000002, 39.95446689999999], [116.3469433, 39.9545748], [116.3476419, 39.95457309999998]]]}}, {"type": "Feature", "id": "BF-00441", "properties": {"id": "BF-00441", "layer": "BUILDING_FOOTPRINT", "building_type": "existing_retained", "area_sqm": 727.0, "source_id": "OSM-DERIVED-CORRIDOR-20260808", "source_type": "osm", "confidence": "medium", "geometry_role": "existing_condition"}, "geometry": {"type": "Polygon", "coordinates": [[[116.3476292, 39.95424049999998], [116.3476262, 39.95412960000001], [116.3469356, 39.9541407], [116.3469386, 39.954251600000006], [116.3476292, 39.95424049999998]]]}}, {"type": "Feature", "id": "BF-00442", "properties": {"id": "BF-00442", "layer": "BUILDING_FOOTPRINT", "building_type": "existing_retained", "area_sqm": 1146.6, "source_id": "OSM-DERIVED-CORRIDOR-20260808", "source_type": "osm", "confidence": "medium", "geometry_role": "existing_condition"}, "geometry": {"type": "Polygon", "coordinates": [[[116.3477084, 39.95391380000001], [116.3477033, 39.953773000000005], [116.3475073, 39.95377719999999], [116.34750630000002, 39.95374929999999], [116.3469539, 39.95376099999999], [116.3469599, 39.95392960000001], [116.3477084, 39.95391380000001]]]}}, {"type": "Feature", "id": "BF-00443", "properties": {"id": "BF-00443", "layer": "BUILDING_FOOTPRINT", "building_type": "existing_retained", "area_sqm": 1177.9, "source_id": "OSM-DERIVED-CORRIDOR-20260808", "source_type": "osm", "confidence": "medium", "geometry_role": "existing_condition"}, "geometry": {"type": "Polygon", "coordinates": [[[116.34689679999998, 39.9540578], [116.34683220000001, 39.9540583], [116.34683129999999, 39.95399919999999], [116.3467127, 39.95400020000001], [116.34671229999998, 39.95396989999999], [116.3464311, 39.953972300000004], [116.3464344, 39.95420459999998], [116.3469386, 39.954298800000004], [116.34689679999998, 39.9540578]]]}}, {"type": "Feature", "id": "BF-00444", "properties": {"id": "BF-00444", "layer": "BUILDING_FOOTPRINT", "building_type": "existing_retained", "area_sqm": 394.7, "source_id": "OSM-DERIVED-CORRIDOR-20260808", "source_type": "osm", "confidence": "medium", "geometry_role": "existing_condition"}, "geometry": {"type": "Polygon", "coordinates": [[[116.3485926, 39.95304939999999], [116.3484188, 39.953045], [116.3484211, 39.952991899999994], [116.348264, 39.95298799999998], [116.34825820000002, 39.95312479999998], [116.34848120000001, 39.95313039999999], [116.3484791, 39.95318149999999], [116.3485869, 39.9531842], [116.3485926, 39.95304939999999]]]}}, {"type": "Feature", "id": "BF-00445", "properties": {"id": "BF-00445", "layer": "BUILDING_FOOTPRINT", "building_type": "existing_retained", "area_sqm": 404.4, "source_id": "OSM-DERIVED-CORRIDOR-20260808", "source_type": "osm", "confidence": "medium", "geometry_role": "existing_condition"}, "geometry": {"type": "Polygon", "coordinates": [[[116.34854830000002, 39.9535272], [116.3483395, 39.95352079999999], [116.3483535, 39.953481399999994], [116.3482245, 39.9534775], [116.3482176, 39.95361079999999], [116.34842650000002, 39.953617200000004], [116.34842330000001, 39.9536785], [116.34854020000002, 39.953682099999995], [116.34854830000002, 39.9535272]]]}}, {"type": "Feature", "id": "BF-00446", "properties": {"id": "BF-00446", "layer": "BUILDING_FOOTPRINT", "building_type": "existing_retained", "area_sqm": 394.0, "source_id": "OSM-DERIVED-CORRIDOR-20260808", "source_type": "osm", "confidence": "medium", "geometry_role": "existing_condition"}, "geometry": {"type": "Polygon", "coordinates": [[[116.3485029, 39.9542189], [116.34830500000001, 39.954213100000004], [116.34830740000001, 39.95416659999999], [116.3481848, 39.95416299999999], [116.348178, 39.9542998], [116.34839620000001, 39.9543062], [116.3483929, 39.95437309999999], [116.3484951, 39.95437599999999], [116.3485029, 39.9542189]]]}}, {"type": "Feature", "id": "BF-00447", "properties": {"id": "BF-00447", "layer": "BUILDING_FOOTPRINT", "building_type": "existing_retained", "area_sqm": 425.4, "source_id": "OSM-DERIVED-CORRIDOR-20260808", "source_type": "osm", "confidence": "medium", "geometry_role": "existing_condition"}, "geometry": {"type": "Polygon", "coordinates": [[[116.3484516, 39.9549384], [116.3482484, 39.95493480000001], [116.3482578, 39.9549062], [116.34813870000002, 39.95490259999998], [116.34813400000002, 39.955044], [116.34832779999999, 39.95505469999999], [116.3483232, 39.95509410000001], [116.3484516, 39.95509229999999], [116.3484516, 39.9549384]]]}}, {"type": "Feature", "id": "BF-00448", "properties": {"id": "BF-00448", "layer": "BUILDING_FOOTPRINT", "building_type": "existing_retained", "area_sqm": 744.4, "source_id": "OSM-DERIVED-CORRIDOR-20260808", "source_type": "osm", "confidence": "medium", "geometry_role": "existing_condition"}, "geometry": {"type": "Polygon", "coordinates": [[[116.3483114, 39.955722800000004], [116.34833170000002, 39.95554979999999], [116.34787840000001, 39.955541999999994], [116.3478744, 39.95572119999999], [116.3483114, 39.955722800000004]]]}}, {"type": "Feature", "id": "BF-00449", "properties": {"id": "BF-00449", "layer": "BUILDING_FOOTPRINT", "building_type": "existing_retained", "area_sqm": 408.5, "source_id": "OSM-DERIVED-CORRIDOR-20260808", "source_type": "osm", "confidence": "medium", "geometry_role": "existing_condition"}, "geometry": {"type": "Polygon", "coordinates": [[[116.34809200000001, 39.9545243], [116.34789739999998, 39.95451289999999], [116.34790059999999, 39.9544812], [116.34778230000002, 39.95447430000001], [116.3477688, 39.95461039999999], [116.3479655, 39.9546219], [116.34796000000001, 39.95467699999999], [116.34807610000001, 39.9546838], [116.34809200000001, 39.9545243]]]}}, {"type": "Feature", "id": "BF-00450", "properties": {"id": "BF-00450", "layer": "BUILDING_FOOTPRINT", "building_type": "existing_retained", "area_sqm": 386.0, "source_id": "OSM-DERIVED-CORRIDOR-20260808", "source_type": "osm", "confidence": "medium", "geometry_role": "existing_condition"}, "geometry": {"type": "Polygon", "coordinates": [[[116.3480874, 39.9538452], [116.3478846, 39.95383850000001], [116.34788670000002, 39.953801799999994], [116.34779070000002, 39.95379869999999], [116.34778260000002, 39.95394339999999], [116.3479752, 39.953949699999995], [116.34797259999999, 39.953995], [116.3480789, 39.953998399999996], [116.3480874, 39.9538452]]]}}, {"type": "Feature", "id": "BF-00451", "properties": {"id": "BF-00451", "layer": "BUILDING_FOOTPRINT", "building_type": "existing_retained", "area_sqm": 386.3, "source_id": "OSM-DERIVED-CORRIDOR-20260808", "source_type": "osm", "confidence": "medium", "geometry_role": "existing_condition"}, "geometry": {"type": "Polygon", "coordinates": [[[116.3486244, 39.95235889999999], [116.34842620000002, 39.9523513], [116.34842890000002, 39.95230999999999], [116.3483207, 39.9523058], [116.3483112, 39.9524499], [116.34851440000001, 39.95245769999999], [116.3485115, 39.952502599999995], [116.3486148, 39.952506600000014], [116.3486244, 39.95235889999999]]]}}, {"type": "Feature", "id": "BF-00452", "properties": {"id": "BF-00452", "layer": "BUILDING_FOOTPRINT", "building_type": "existing_retained", "area_sqm": 359.6, "source_id": "OSM-DERIVED-CORRIDOR-20260808", "source_type": "osm", "confidence": "medium", "geometry_role": "existing_condition"}, "geometry": {"type": "Polygon", "coordinates": [[[116.34819679999998, 39.952693199999985], [116.34800860000001, 39.952685699999996], [116.34801159999999, 39.9526407], [116.34789150000002, 39.95263589999999], [116.3478828, 39.952764599999995], [116.3480756, 39.9527723], [116.3480717, 39.95282919999999], [116.34818730000002, 39.9528338], [116.34819679999998, 39.952693199999985]]]}}, {"type": "Feature", "id": "BF-00453", "properties": {"id": "BF-00453", "layer": "BUILDING_FOOTPRINT", "building_type": "existing_retained", "area_sqm": 333.1, "source_id": "OSM-DERIVED-CORRIDOR-20260808", "source_type": "osm", "confidence": "medium", "geometry_role": "existing_condition"}, "geometry": {"type": "Polygon", "coordinates": [[[116.34820390000002, 39.9523218], [116.34820540000001, 39.95216740000001], [116.3482386, 39.9521676], [116.34823899999999, 39.9521262], [116.34803359999998, 39.95212500000001], [116.3480317, 39.9523209], [116.34820390000002, 39.9523218]]]}}, {"type": "Feature", "id": "BF-00454", "properties": {"id": "BF-00454", "layer": "BUILDING_FOOTPRINT", "building_type": "existing_retained", "area_sqm": 295.2, "source_id": "OSM-DERIVED-CORRIDOR-20260808", "source_type": "osm", "confidence": "medium", "geometry_role": "existing_condition"}, "geometry": {"type": "Polygon", "coordinates": [[[116.3478897, 39.95530420000001], [116.34788739999999, 39.9553329], [116.34798550000001, 39.95533110000001], [116.34798550000001, 39.955300599999994], [116.3480649, 39.9553132], [116.34807190000001, 39.955238], [116.34802519999998, 39.95524340000001], [116.3479271, 39.9552362], [116.3479248, 39.95512879999998], [116.3479061, 39.95508590000001], [116.34786870000002, 39.9550876], [116.347829, 39.95510550000001], [116.3478407, 39.955302399999994], [116.3478897, 39.95530420000001]]]}}, {"type": "Feature", "id": "BF-00455", "properties": {"id": "BF-00455", "layer": "BUILDING_FOOTPRINT", "building_type": "existing_retained", "area_sqm": 311.6, "source_id": "OSM-DERIVED-CORRIDOR-20260808", "source_type": "osm", "confidence": "medium", "geometry_role": "existing_condition"}, "geometry": {"type": "Polygon", "coordinates": [[[116.34800500000001, 39.9537536], [116.34800080000001, 39.9533572], [116.347918, 39.953357700000005], [116.34792210000002, 39.9537541], [116.34800500000001, 39.9537536]]]}}, {"type": "Feature", "id": "BF-00456", "properties": {"id": "BF-00456", "layer": "BUILDING_FOOTPRINT", "building_type": "existing_retained", "area_sqm": 356.1, "source_id": "OSM-DERIVED-CORRIDOR-20260808", "source_type": "osm", "confidence": "medium", "geometry_role": "existing_condition"}, "geometry": {"type": "Polygon", "coordinates": [[[116.3480174, 39.9532928], [116.348027, 39.95300449999999], [116.3478969, 39.95300189999999], [116.34788739999999, 39.9532903], [116.3480174, 39.9532928]]]}}, {"type": "Feature", "id": "BF-00457", "properties": {"id": "BF-00457", "layer": "BUILDING_FOOTPRINT", "building_type": "existing_retained", "area_sqm": 630.3, "source_id": "OSM-DERIVED-CORRIDOR-20260808", "source_type": "osm", "confidence": "medium", "geometry_role": "existing_condition"}, "geometry": {"type": "Polygon", "coordinates": [[[116.3478182, 39.9532221], [116.3478174, 39.9530576], [116.3474136, 39.95305869999999], [116.3474144, 39.953223200000004], [116.3478182, 39.9532221]]]}}, {"type": "Feature", "id": "BF-00458", "properties": {"id": "BF-00458", "layer": "BUILDING_FOOTPRINT", "building_type": "existing_retained", "area_sqm": 589.8, "source_id": "OSM-DERIVED-CORRIDOR-20260808", "source_type": "osm", "confidence": "medium", "geometry_role": "existing_condition"}, "geometry": {"type": "Polygon", "coordinates": [[[116.34786519999999, 39.95139929999999], [116.34786700000001, 39.951254199999994], [116.3474385, 39.95125110000001], [116.34743680000001, 39.9513961], [116.34786519999999, 39.95139929999999]]]}}, {"type": "Feature", "id": "BF-00459", "properties": {"id": "BF-00459", "layer": "BUILDING_FOOTPRINT", "building_type": "existing_retained", "area_sqm": 647.8, "source_id": "OSM-DERIVED-CORRIDOR-20260808", "source_type": "osm", "confidence": "medium", "geometry_role": "existing_condition"}, "geometry": {"type": "Polygon", "coordinates": [[[116.34747120000002, 39.95183420000001], [116.3474753, 39.9516737], [116.34703619999999, 39.95168149999999], [116.3470383, 39.9518342], [116.34747120000002, 39.95183420000001]]]}}, {"type": "Feature", "id": "BF-00460", "properties": {"id": "BF-00460", "layer": "BUILDING_FOOTPRINT", "building_type": "existing_retained", "area_sqm": 750.4, "source_id": "OSM-DERIVED-CORRIDOR-20260808", "source_type": "osm", "confidence": "medium", "geometry_role": "existing_condition"}, "geometry": {"type": "Polygon", "coordinates": [[[116.3470324, 39.952311800000004], [116.34702930000002, 39.9521361], [116.34657929999999, 39.9521408], [116.3465824, 39.95231650000001], [116.3470324, 39.952311800000004]]]}}, {"type": "Feature", "id": "BF-00461", "properties": {"id": "BF-00461", "layer": "BUILDING_FOOTPRINT", "building_type": "existing_retained", "area_sqm": 822.0, "source_id": "OSM-DERIVED-CORRIDOR-20260808", "source_type": "osm", "confidence": "medium", "geometry_role": "existing_condition"}, "geometry": {"type": "Polygon", "coordinates": [[[116.34626909999999, 39.9518316], [116.3462687, 39.95189270000001], [116.3464552, 39.951893500000004], [116.34645629999999, 39.95174889999999], [116.34631280000002, 39.9517483], [116.3463133, 39.9516871], [116.34587620000002, 39.95168519999999], [116.34587510000001, 39.95182989999999], [116.34626909999999, 39.9518316]]]}}, {"type": "Feature", "id": "BF-00462", "properties": {"id": "BF-00462", "layer": "BUILDING_FOOTPRINT", "building_type": "existing_retained", "area_sqm": 740.5, "source_id": "OSM-DERIVED-CORRIDOR-20260808", "source_type": "osm", "confidence": "medium", "geometry_role": "existing_condition"}, "geometry": {"type": "Polygon", "coordinates": [[[116.34627020000002, 39.9524141], [116.34627149999999, 39.9522427], [116.3458162, 39.952240599999996], [116.34581490000001, 39.95241199999999], [116.34627020000002, 39.9524141]]]}}, {"type": "Feature", "id": "BF-00463", "properties": {"id": "BF-00463", "layer": "BUILDING_FOOTPRINT", "building_type": "existing_retained", "area_sqm": 610.9, "source_id": "OSM-DERIVED-CORRIDOR-20260808", "source_type": "osm", "confidence": "medium", "geometry_role": "existing_condition"}, "geometry": {"type": "Polygon", "coordinates": [[[116.3485478, 39.9541955], [116.34856060000001, 39.95386559999999], [116.3483656, 39.95386109999999], [116.3483529, 39.95419109999999], [116.3485478, 39.9541955]]]}}, {"type": "Feature", "id": "BF-00464", "properties": {"id": "BF-00464", "layer": "BUILDING_FOOTPRINT", "building_type": "existing_retained", "area_sqm": 651.5, "source_id": "OSM-DERIVED-CORRIDOR-20260808", "source_type": "osm", "confidence": "medium", "geometry_role": "existing_condition"}, "geometry": {"type": "Polygon", "coordinates": [[[116.34849310000001, 39.954917699999996], [116.34850339999998, 39.95456819999999], [116.348307, 39.95456480000001], [116.3482968, 39.954914299999984], [116.34849310000001, 39.954917699999996]]]}}, {"type": "Feature", "id": "BF-00465", "properties": {"id": "BF-00465", "layer": "BUILDING_FOOTPRINT", "building_type": "existing_retained", "area_sqm": 595.2, "source_id": "OSM-DERIVED-CORRIDOR-20260808", "source_type": "osm", "confidence": "medium", "geometry_role": "existing_condition"}, "geometry": {"type": "Polygon", "coordinates": [[[116.34841370000001, 39.95553329999999], [116.34842440000001, 39.95527589999999], [116.3481795, 39.95526759999999], [116.34817180000002, 39.955525], [116.34841370000001, 39.95553329999999]]]}}, {"type": "Feature", "id": "BF-00466", "properties": {"id": "BF-00466", "layer": "BUILDING_FOOTPRINT", "building_type": "existing_retained", "area_sqm": 498.4, "source_id": "OSM-DERIVED-CORRIDOR-20260808", "source_type": "osm", "confidence": "medium", "geometry_role": "existing_condition"}, "geometry": {"type": "Polygon", "coordinates": [[[116.3485713, 39.9535085], [116.34857890000002, 39.9532276], [116.34839200000002, 39.9532246], [116.3483844, 39.953505500000006], [116.3485713, 39.9535085]]]}}, {"type": "Feature", "id": "BF-00467", "properties": {"id": "BF-00467", "layer": "BUILDING_FOOTPRINT", "building_type": "existing_retained", "area_sqm": 1438.9, "source_id": "OSM-DERIVED-CORRIDOR-20260808", "source_type": "osm", "confidence": "medium", "geometry_role": "existing_condition"}, "geometry": {"type": "Polygon", "coordinates": [[[116.3469239, 39.9574936], [116.3467805, 39.9574928], [116.3467811, 39.9574342], [116.3469179, 39.957434799999994], [116.3469187, 39.9573312], [116.34676920000001, 39.9573306], [116.3467696, 39.957266499999996], [116.34669770000002, 39.957266199999985], [116.34669749999999, 39.957320599999996], [116.3466401, 39.9573204], [116.3466403, 39.95724849999999], [116.34654239999999, 39.95724839999998], [116.3465423, 39.9573185], [116.3464241, 39.95731850000001], [116.3464241, 39.95743780000001], [116.3465543, 39.9574378], [116.34655439999999, 39.95748040000001], [116.3464205, 39.957480600000004], [116.34642080000002, 39.9576101], [116.34652850000002, 39.957609899999994], [116.34652860000001, 39.957634999999996], [116.34658739999999, 39.95763479999999], [116.3466193, 39.9576341], [116.3466205, 39.95766270000001], [116.34672570000001, 39.957660099999984], [116.34673380000001, 39.9576383], [116.3468342, 39.95763889999999], [116.3468344, 39.957617199999994], [116.34692280000002, 39.95761769999999], [116.3469239, 39.9574936]]]}}, {"type": "Feature", "id": "BF-00468", "properties": {"id": "BF-00468", "layer": "BUILDING_FOOTPRINT", "building_type": "existing_retained", "area_sqm": 4022.5, "source_id": "OSM-DERIVED-CORRIDOR-20260808", "source_type": "osm", "confidence": "medium", "geometry_role": "existing_condition"}, "geometry": {"type": "Polygon", "coordinates": [[[116.34552319999999, 39.95752070000001], [116.34552260000001, 39.9575647], [116.3464142, 39.95757210000001], [116.3464179, 39.95731169999999], [116.346535, 39.9573127], [116.3465368, 39.957186199999995], [116.3453409, 39.9571763], [116.3453361, 39.95751909999999], [116.34552319999999, 39.95752070000001]]]}}, {"type": "Feature", "id": "BF-00469", "properties": {"id": "BF-00469", "layer": "BUILDING_FOOTPRINT", "building_type": "existing_retained", "area_sqm": 1285.7, "source_id": "OSM-DERIVED-CORRIDOR-20260808", "source_type": "osm", "confidence": "medium", "geometry_role": "existing_condition"}, "geometry": {"type": "Polygon", "coordinates": [[[116.34693539999999, 39.9580272], [116.346947, 39.9576693], [116.34656640000001, 39.957674600000004], [116.3465548, 39.95802900000001], [116.34693539999999, 39.9580272]]]}}, {"type": "Feature", "id": "BF-00470", "properties": {"id": "BF-00470", "layer": "BUILDING_FOOTPRINT", "building_type": "existing_retained", "area_sqm": 1716.8, "source_id": "OSM-DERIVED-CORRIDOR-20260808", "source_type": "osm", "confidence": "medium", "geometry_role": "existing_condition"}, "geometry": {"type": "Polygon", "coordinates": [[[116.34653850000001, 39.95834429999999], [116.34654359999999, 39.9576679], [116.3462761, 39.9576667], [116.346271, 39.95834309999999], [116.34653850000001, 39.95834429999999]]]}}, {"type": "Feature", "id": "BF-00471", "properties": {"id": "BF-00471", "layer": "BUILDING_FOOTPRINT", "building_type": "existing_retained", "area_sqm": 1374.9, "source_id": "OSM-DERIVED-CORRIDOR-20260808", "source_type": "osm", "confidence": "medium", "geometry_role": "existing_condition"}, "geometry": {"type": "Polygon", "coordinates": [[[116.34681279999998, 39.958806299999985], [116.3468066, 39.9590613], [116.34698220000001, 39.959070800000006], [116.3469853, 39.958633899999995], [116.34644610000001, 39.95861500000001], [116.3464307, 39.95880859999999], [116.34681279999998, 39.958806299999985]]]}}, {"type": "Feature", "id": "BF-00472", "properties": {"id": "BF-00472", "layer": "BUILDING_FOOTPRINT", "building_type": "existing_retained", "area_sqm": 287.2, "source_id": "OSM-DERIVED-CORRIDOR-20260808", "source_type": "osm", "confidence": "medium", "geometry_role": "existing_condition"}, "geometry": {"type": "Polygon", "coordinates": [[[116.34695139999998, 39.959151099999985], [116.34695139999998, 39.95909910000001], [116.34676350000001, 39.9590826], [116.34676350000001, 39.959018799999996], [116.34660330000001, 39.95902359999998], [116.3466002, 39.9591393], [116.34695139999998, 39.959151099999985]]]}}, {"type": "Feature", "id": "BF-00473", "properties": {"id": "BF-00473", "layer": "BUILDING_FOOTPRINT", "building_type": "existing_retained", "area_sqm": 732.7, "source_id": "OSM-DERIVED-CORRIDOR-20260808", "source_type": "osm", "confidence": "medium", "geometry_role": "existing_condition"}, "geometry": {"type": "Polygon", "coordinates": [[[116.3397356, 39.99113169999998], [116.3397406, 39.9908166], [116.3394955, 39.99081430000001], [116.3394905, 39.99112949999999], [116.3397356, 39.99113169999998]]]}}, {"type": "Feature", "id": "BF-00474", "properties": {"id": "BF-00474", "layer": "BUILDING_FOOTPRINT", "building_type": "existing_retained", "area_sqm": 586.0, "source_id": "OSM-DERIVED-CORRIDOR-20260808", "source_type": "osm", "confidence": "medium", "geometry_role": "existing_condition"}, "geometry": {"type": "Polygon", "coordinates": [[[116.33920580000002, 39.99093119999999], [116.33921390000002, 39.9908131], [116.3386924, 39.990792], [116.3386843, 39.9909102], [116.33920580000002, 39.99093119999999]]]}}, {"type": "Feature", "id": "BF-00475", "properties": {"id": "BF-00475", "layer": "BUILDING_FOOTPRINT", "building_type": "existing_retained", "area_sqm": 1841.6, "source_id": "OSM-DERIVED-CORRIDOR-20260808", "source_type": "osm", "confidence": "medium", "geometry_role": "existing_condition"}, "geometry": {"type": "Polygon", "coordinates": [[[116.3463343, 39.991782199999996], [116.3465503, 39.991635099999996], [116.3465589, 39.991483599999995], [116.3459976, 39.99146480000001], [116.3459893, 39.991611899999995], [116.3457478, 39.99160390000001], [116.34573880000002, 39.99176239999999], [116.3463343, 39.991782199999996]]]}}, {"type": "Feature", "id": "BF-00476", "properties": {"id": "BF-00476", "layer": "BUILDING_FOOTPRINT", "building_type": "existing_retained", "area_sqm": 753.8, "source_id": "OSM-DERIVED-CORRIDOR-20260808", "source_type": "osm", "confidence": "medium", "geometry_role": "existing_condition"}, "geometry": {"type": "Polygon", "coordinates": [[[116.3453847, 39.99232330000001], [116.3458793, 39.9923343], [116.34590090000002, 39.992194500000004], [116.345692, 39.9921835], [116.34565840000002, 39.992166999999995], [116.3456176, 39.99214299999999], [116.34556960000002, 39.992143], [116.3455384, 39.992157799999994], [116.3455144, 39.992165099999994], [116.3453871, 39.992166999999995], [116.3453847, 39.99232330000001]]]}}, {"type": "Feature", "id": "BF-00477", "properties": {"id": "BF-00477", "layer": "BUILDING_FOOTPRINT", "building_type": "existing_retained", "area_sqm": 697.7, "source_id": "OSM-DERIVED-CORRIDOR-20260808", "source_type": "osm", "confidence": "medium", "geometry_role": "existing_condition"}, "geometry": {"type": "Polygon", "coordinates": [[[116.3449793, 39.992452199999995], [116.3452006, 39.9924645], [116.34521000000001, 39.9923145], [116.34531730000002, 39.99232169999999], [116.34532, 39.9921943], [116.34499540000002, 39.992183], [116.3449793, 39.992452199999995]]]}}, {"type": "Feature", "id": "BF-00478", "properties": {"id": "BF-00478", "layer": "BUILDING_FOOTPRINT", "building_type": "existing_retained", "area_sqm": 1322.4, "source_id": "OSM-DERIVED-CORRIDOR-20260808", "source_type": "osm", "confidence": "medium", "geometry_role": "existing_condition"}, "geometry": {"type": "Polygon", "coordinates": [[[116.3465366, 39.988169500000005], [116.34655799999999, 39.98784269999999], [116.34636959999999, 39.9878354], [116.3463604, 39.987976499999995], [116.34594290000001, 39.98796049999999], [116.34593069999998, 39.98814610000001], [116.3465366, 39.988169500000005]]]}}, {"type": "Feature", "id": "BF-00479", "properties": {"id": "BF-00479", "layer": "BUILDING_FOOTPRINT", "building_type": "existing_retained", "area_sqm": 1003.9, "source_id": "OSM-DERIVED-CORRIDOR-20260808", "source_type": "osm", "confidence": "medium", "geometry_role": "existing_condition"}, "geometry": {"type": "Polygon", "coordinates": [[[116.3379984, 39.9847975], [116.3380225, 39.984819099999996], [116.3380651, 39.9848304], [116.33894400000001, 39.9848548], [116.338948, 39.9847427], [116.3380062, 39.984715400000006], [116.3379984, 39.9847975]]]}}, {"type": "Feature", "id": "BF-00480", "properties": {"id": "BF-00480", "layer": "BUILDING_FOOTPRINT", "building_type": "existing_retained", "area_sqm": 843.1, "source_id": "OSM-DERIVED-CORRIDOR-20260808", "source_type": "osm", "confidence": "medium", "geometry_role": "existing_condition"}, "geometry": {"type": "Polygon", "coordinates": [[[116.3391586, 39.98482479999999], [116.3401052, 39.98485560000002], [116.3401115, 39.9847619], [116.3391649, 39.98473109999999], [116.3391586, 39.98482479999999]]]}}, {"type": "Feature", "id": "BF-00481", "properties": {"id": "BF-00481", "layer": "BUILDING_FOOTPRINT", "building_type": "existing_retained", "area_sqm": 893.4, "source_id": "OSM-DERIVED-CORRIDOR-20260808", "source_type": "osm", "confidence": "medium", "geometry_role": "existing_condition"}, "geometry": {"type": "Polygon", "coordinates": [[[116.34541069999999, 39.9582944], [116.3461466, 39.9582917], [116.3461458, 39.9581638], [116.3454099, 39.9581664], [116.34541069999999, 39.9582944]]]}}, {"type": "Feature", "id": "BF-00482", "properties": {"id": "BF-00482", "layer": "BUILDING_FOOTPRINT", "building_type": "existing_retained", "area_sqm": 1313.6, "source_id": "OSM-DERIVED-CORRIDOR-20260808", "source_type": "osm", "confidence": "medium", "geometry_role": "existing_condition"}, "geometry": {"type": "Polygon", "coordinates": [[[116.3461478, 39.9601962], [116.3465221, 39.9602024], [116.3465375, 39.9596503], [116.3461519, 39.95964399999999], [116.346148, 39.95978470000001], [116.3463977, 39.9597889], [116.3463958, 39.95985840000001], [116.3463913, 39.960018399999996], [116.3463895, 39.9600818], [116.34615110000001, 39.96007779999999], [116.3461478, 39.9601962]]]}}, {"type": "Feature", "id": "BF-00483", "properties": {"id": "BF-00483", "layer": "BUILDING_FOOTPRINT", "building_type": "existing_retained", "area_sqm": 404.7, "source_id": "OSM-DERIVED-CORRIDOR-20260808", "source_type": "osm", "confidence": "medium", "geometry_role": "existing_condition"}, "geometry": {"type": "Polygon", "coordinates": [[[116.3463913, 39.960018399999996], [116.3463958, 39.95985840000001], [116.346129, 39.95985460000001], [116.3461249, 39.96001449999999], [116.3463913, 39.960018399999996]]]}}, {"type": "Feature", "id": "BF-00484", "properties": {"id": "BF-00484", "layer": "BUILDING_FOOTPRINT", "building_type": "existing_retained", "area_sqm": 993.2, "source_id": "OSM-DERIVED-CORRIDOR-20260808", "source_type": "osm", "confidence": "medium", "geometry_role": "existing_condition"}, "geometry": {"type": "Polygon", "coordinates": [[[116.3469208, 39.9583406], [116.34692220000001, 39.95804509999999], [116.346568, 39.9580441], [116.3465665, 39.958339599999995], [116.3469208, 39.9583406]]]}}, {"type": "Feature", "id": "BF-00485", "properties": {"id": "BF-00485", "layer": "BUILDING_FOOTPRINT", "building_type": "existing_retained", "area_sqm": 3162.8, "source_id": "OSM-DERIVED-CORRIDOR-20260808", "source_type": "osm", "confidence": "medium", "geometry_role": "existing_condition"}, "geometry": {"type": "Polygon", "coordinates": [[[116.3336046, 39.965678700000005], [116.33359899999999, 39.96572700000001], [116.33403190000001, 39.96570440000001], [116.3340334, 39.9648974], [116.33371300000002, 39.964895999999996], [116.3335404, 39.9656795], [116.3336046, 39.965678700000005]]]}}, {"type": "Feature", "id": "BF-00486", "properties": {"id": "BF-00486", "layer": "BUILDING_FOOTPRINT", "building_type": "existing_retained", "area_sqm": 11698.4, "source_id": "OSM-DERIVED-CORRIDOR-20260808", "source_type": "osm", "confidence": "medium", "geometry_role": "existing_condition"}, "geometry": {"type": "Polygon", "coordinates": [[[116.33527679999999, 39.96476959999999], [116.33528399999999, 39.9647365], [116.33540939999999, 39.964105499999995], [116.33533259999999, 39.964095999999984], [116.3353468, 39.9640365], [116.3340853, 39.963876], [116.334075, 39.9639242], [116.33392960000002, 39.96390829999999], [116.3337421, 39.96476319999999], [116.33527679999999, 39.96476959999999]]]}}, {"type": "Feature", "id": "BF-00487", "properties": {"id": "BF-00487", "layer": "BUILDING_FOOTPRINT", "building_type": "existing_retained", "area_sqm": 7116.2, "source_id": "OSM-DERIVED-CORRIDOR-20260808", "source_type": "osm", "confidence": "medium", "geometry_role": "existing_condition"}, "geometry": {"type": "Polygon", "coordinates": [[[116.34117430000002, 39.965823], [116.3412168, 39.9650743], [116.3402647, 39.96506349999999], [116.3402506, 39.96526690000001], [116.34016560000002, 39.96532659999999], [116.34016209999999, 39.965809400000005], [116.34117430000002, 39.965823]]]}}, {"type": "Feature", "id": "BF-00488", "properties": {"id": "BF-00488", "layer": "BUILDING_FOOTPRINT", "building_type": "existing_retained", "area_sqm": 2021.6, "source_id": "OSM-DERIVED-CORRIDOR-20260808", "source_type": "osm", "confidence": "medium", "geometry_role": "existing_condition"}, "geometry": {"type": "Polygon", "coordinates": [[[116.3420944, 39.968020100000004], [116.3421011, 39.9677155], [116.34140170000002, 39.9677065], [116.341395, 39.968011100000005], [116.3420944, 39.968020100000004]]]}}, {"type": "Feature", "id": "BF-00489", "properties": {"id": "BF-00489", "layer": "BUILDING_FOOTPRINT", "building_type": "existing_retained", "area_sqm": 925.1, "source_id": "OSM-DERIVED-CORRIDOR-20260808", "source_type": "osm", "confidence": "medium", "geometry_role": "existing_condition"}, "geometry": {"type": "Polygon", "coordinates": [[[116.34199289999998, 39.96860900000001], [116.3419932, 39.9685928], [116.3420971, 39.968593899999995], [116.3420986, 39.9685153], [116.3420028, 39.9685143], [116.34200330000002, 39.9684867], [116.3412672, 39.9684786], [116.34126490000001, 39.96860100000001], [116.34199289999998, 39.96860900000001]]]}}, {"type": "Feature", "id": "BF-00490", "properties": {"id": "BF-00490", "layer": "BUILDING_FOOTPRINT", "building_type": "existing_retained", "area_sqm": 1733.6, "source_id": "OSM-DERIVED-CORRIDOR-20260808", "source_type": "osm", "confidence": "medium", "geometry_role": "existing_condition"}, "geometry": {"type": "Polygon", "coordinates": [[[116.3434133, 39.96817109999999], [116.3434145, 39.9679711], [116.3425006, 39.967968000000006], [116.3424994, 39.9681679], [116.3434133, 39.96817109999999]]]}}, {"type": "Feature", "id": "BF-00491", "properties": {"id": "BF-00491", "layer": "BUILDING_FOOTPRINT", "building_type": "existing_retained", "area_sqm": 2316.9, "source_id": "OSM-DERIVED-CORRIDOR-20260808", "source_type": "osm", "confidence": "medium", "geometry_role": "existing_condition"}, "geometry": {"type": "Polygon", "coordinates": [[[116.3434037, 39.9686266], [116.34341100000002, 39.968275], [116.34323640000001, 39.9682729], [116.343233, 39.968441299999995], [116.3425009, 39.968432500000006], [116.34250400000002, 39.9682823], [116.3423579, 39.96828049999999], [116.3423511, 39.968613899999994], [116.3434037, 39.9686266]]]}}, {"type": "Feature", "id": "BF-00492", "properties": {"id": "BF-00492", "layer": "BUILDING_FOOTPRINT", "building_type": "existing_retained", "area_sqm": 4178.3, "source_id": "OSM-DERIVED-CORRIDOR-20260808", "source_type": "osm", "confidence": "medium", "geometry_role": "existing_condition"}, "geometry": {"type": "Polygon", "coordinates": [[[116.3399272, 39.9679582], [116.3399264, 39.9679883], [116.34033270000002, 39.96799440000001], [116.3403322, 39.96801510000001], [116.3412609, 39.96802949999999], [116.34126910000002, 39.9677183], [116.3405357, 39.967706899999996], [116.3405369, 39.96766339999999], [116.34002530000001, 39.9676554], [116.33979150000002, 39.967956099999995], [116.3399272, 39.9679582]]]}}, {"type": "Feature", "id": "BF-00493", "properties": {"id": "BF-00493", "layer": "BUILDING_FOOTPRINT", "building_type": "existing_retained", "area_sqm": 697.4, "source_id": "OSM-DERIVED-CORRIDOR-20260808", "source_type": "osm", "confidence": "medium", "geometry_role": "existing_condition"}, "geometry": {"type": "Polygon", "coordinates": [[[116.3465802, 39.9710782], [116.34659400000001, 39.9709493], [116.34602759999999, 39.9709138], [116.3460139, 39.9710428], [116.3465802, 39.9710782]]]}}, {"type": "Feature", "id": "BF-00494", "properties": {"id": "BF-00494", "layer": "BUILDING_FOOTPRINT", "building_type": "existing_retained", "area_sqm": 697.7, "source_id": "OSM-DERIVED-CORRIDOR-20260808", "source_type": "osm", "confidence": "medium", "geometry_role": "existing_condition"}, "geometry": {"type": "Polygon", "coordinates": [[[116.3466463, 39.97029979999999], [116.34666000000001, 39.97017079999999], [116.3460937, 39.9701353], [116.3460799, 39.970264300000004], [116.3466463, 39.97029979999999]]]}}, {"type": "Feature", "id": "BF-00495", "properties": {"id": "BF-00495", "layer": "BUILDING_FOOTPRINT", "building_type": "existing_retained", "area_sqm": 690.8, "source_id": "OSM-DERIVED-CORRIDOR-20260808", "source_type": "osm", "confidence": "medium", "geometry_role": "existing_condition"}, "geometry": {"type": "Polygon", "coordinates": [[[116.3466841, 39.9694976], [116.34669419999999, 39.9693699], [116.34612630000001, 39.9693434], [116.3461162, 39.96947120000001], [116.3466841, 39.9694976]]]}}, {"type": "Feature", "id": "BF-00496", "properties": {"id": "BF-00496", "layer": "BUILDING_FOOTPRINT", "building_type": "existing_retained", "area_sqm": 673.1, "source_id": "OSM-DERIVED-CORRIDOR-20260808", "source_type": "osm", "confidence": "medium", "geometry_role": "existing_condition"}, "geometry": {"type": "Polygon", "coordinates": [[[116.34673119999998, 39.9686968], [116.3467318, 39.96857279999999], [116.34615960000001, 39.968571099999984], [116.34615899999999, 39.968695100000005], [116.34673119999998, 39.9686968]]]}}, {"type": "Feature", "id": "BF-00497", "properties": {"id": "BF-00497", "layer": "BUILDING_FOOTPRINT", "building_type": "existing_retained", "area_sqm": 685.6, "source_id": "OSM-DERIVED-CORRIDOR-20260808", "source_type": "osm", "confidence": "medium", "geometry_role": "existing_condition"}, "geometry": {"type": "Polygon", "coordinates": [[[116.34677019999998, 39.9679178], [116.3467807, 39.967789999999994], [116.34621750000001, 39.96776270000001], [116.34620690000001, 39.967890499999996], [116.34677019999998, 39.9679178]]]}}, {"type": "Feature", "id": "BF-00498", "properties": {"id": "BF-00498", "layer": "BUILDING_FOOTPRINT", "building_type": "existing_retained", "area_sqm": 525.4, "source_id": "OSM-DERIVED-CORRIDOR-20260808", "source_type": "osm", "confidence": "medium", "geometry_role": "existing_condition"}, "geometry": {"type": "Polygon", "coordinates": [[[116.34580390000002, 39.97059449999998], [116.34580760000001, 39.970518999999996], [116.3459892, 39.970524299999994], [116.3459952, 39.9704019], [116.3457785, 39.97039550000001], [116.34577580000001, 39.9704497], [116.3455942, 39.970444400000005], [116.34558709999999, 39.9705882], [116.34580390000002, 39.97059449999998]]]}}, {"type": "Feature", "id": "BF-00499", "properties": {"id": "BF-00499", "layer": "BUILDING_FOOTPRINT", "building_type": "existing_retained", "area_sqm": 525.3, "source_id": "OSM-DERIVED-CORRIDOR-20260808", "source_type": "osm", "confidence": "medium", "geometry_role": "existing_condition"}, "geometry": {"type": "Polygon", "coordinates": [[[116.34583850000001, 39.96981629999999], [116.3458423, 39.96974070000002], [116.3460238, 39.969745999999994], [116.3460298, 39.96962359999998], [116.3458131, 39.96961730000001], [116.3458104, 39.9696715], [116.34562880000001, 39.96966619999999], [116.34562169999998, 39.969809899999994], [116.34583850000001, 39.96981629999999]]]}}, {"type": "Feature", "id": "BF-00500", "properties": {"id": "BF-00500", "layer": "BUILDING_FOOTPRINT", "building_type": "existing_retained", "area_sqm": 525.2, "source_id": "OSM-DERIVED-CORRIDOR-20260808", "source_type": "osm", "confidence": "medium", "geometry_role": "existing_condition"}, "geometry": {"type": "Polygon", "coordinates": [[[116.3458873, 39.968995299999996], [116.345891, 39.96891970000001], [116.34607259999999, 39.968925], [116.34607859999998, 39.96880259999999], [116.34586190000002, 39.9687963], [116.34585919999999, 39.96885050000001], [116.3456776, 39.9688452], [116.34567050000001, 39.96898889999999], [116.3458873, 39.968995299999996]]]}}, {"type": "Feature", "id": "BF-00501", "properties": {"id": "BF-00501", "layer": "BUILDING_FOOTPRINT", "building_type": "existing_retained", "area_sqm": 525.6, "source_id": "OSM-DERIVED-CORRIDOR-20260808", "source_type": "osm", "confidence": "medium", "geometry_role": "existing_condition"}, "geometry": {"type": "Polygon", "coordinates": [[[116.3459229, 39.9682222], [116.3459266, 39.96814669999999], [116.3461081, 39.968152], [116.34611420000002, 39.96802949999999], [116.34589739999998, 39.9680232], [116.3458947, 39.9680774], [116.3457132, 39.9680721], [116.345706, 39.96821589999999], [116.3459229, 39.9682222]]]}}, {"type": "Feature", "id": "BF-00502", "properties": {"id": "BF-00502", "layer": "BUILDING_FOOTPRINT", "building_type": "existing_retained", "area_sqm": 1053.4, "source_id": "OSM-DERIVED-CORRIDOR-20260808", "source_type": "osm", "confidence": "medium", "geometry_role": "existing_condition"}, "geometry": {"type": "Polygon", "coordinates": [[[116.345395, 39.967608899999995], [116.3455539, 39.96761], [116.3455533, 39.9676649], [116.3461666, 39.967668999999994], [116.346168, 39.9675514], [116.34556459999999, 39.9675474], [116.3455666, 39.967376], [116.34539770000002, 39.9673748], [116.345395, 39.967608899999995]]]}}, {"type": "Feature", "id": "BF-00503", "properties": {"id": "BF-00503", "layer": "BUILDING_FOOTPRINT", "building_type": "existing_retained", "area_sqm": 1309.3, "source_id": "OSM-DERIVED-CORRIDOR-20260808", "source_type": "osm", "confidence": "medium", "geometry_role": "existing_condition"}, "geometry": {"type": "Polygon", "coordinates": [[[116.34640710000001, 39.96763589999999], [116.3466584, 39.9675691], [116.34643640000002, 39.96707889999999], [116.34618509999999, 39.9671457], [116.34640710000001, 39.96763589999999]]]}}, {"type": "Feature", "id": "BF-00504", "properties": {"id": "BF-00504", "layer": "BUILDING_FOOTPRINT", "building_type": "existing_retained", "area_sqm": 483.9, "source_id": "OSM-DERIVED-CORRIDOR-20260808", "source_type": "osm", "confidence": "medium", "geometry_role": "existing_condition"}, "geometry": {"type": "Polygon", "coordinates": [[[116.3457156, 39.967299700000005], [116.34572230000002, 39.96714440000001], [116.3453943, 39.967136], [116.3453875, 39.96729129999999], [116.3457156, 39.967299700000005]]]}}, {"type": "Feature", "id": "BF-00505", "properties": {"id": "BF-00505", "layer": "BUILDING_FOOTPRINT", "building_type": "existing_retained", "area_sqm": 353.0, "source_id": "OSM-DERIVED-CORRIDOR-20260808", "source_type": "osm", "confidence": "medium", "geometry_role": "existing_condition"}, "geometry": {"type": "Polygon", "coordinates": [[[116.3456211, 39.9668163], [116.3456199, 39.96669760000001], [116.3453289, 39.966700599999996], [116.34530570000001, 39.96672559999999], [116.3453052, 39.96682019999999], [116.3456211, 39.9668163]]]}}, {"type": "Feature", "id": "BF-00506", "properties": {"id": "BF-00506", "layer": "BUILDING_FOOTPRINT", "building_type": "existing_retained", "area_sqm": 854.2, "source_id": "OSM-DERIVED-CORRIDOR-20260808", "source_type": "osm", "confidence": "medium", "geometry_role": "existing_condition"}, "geometry": {"type": "Polygon", "coordinates": [[[116.3423284, 39.95023930000001], [116.342479, 39.9496656], [116.3423284, 39.94962229999999], [116.34218720000001, 39.9502212], [116.3423284, 39.95023930000001]]]}}, {"type": "Feature", "id": "BF-00507", "properties": {"id": "BF-00507", "layer": "BUILDING_FOOTPRINT", "building_type": "existing_retained", "area_sqm": 1081.9, "source_id": "OSM-DERIVED-CORRIDOR-20260808", "source_type": "osm", "confidence": "medium", "geometry_role": "existing_condition"}, "geometry": {"type": "Polygon", "coordinates": [[[116.34320850000002, 39.9501924], [116.34330270000001, 39.949921800000006], [116.34316149999998, 39.94989649999999], [116.34318030000001, 39.94981349999999], [116.34259670000002, 39.9497017], [116.3425543, 39.94981709999999], [116.34314259999998, 39.9499362], [116.3430815, 39.95015990000001], [116.34320850000002, 39.9501924]]]}}, {"type": "Feature", "id": "BF-00508", "properties": {"id": "BF-00508", "layer": "BUILDING_FOOTPRINT", "building_type": "existing_retained", "area_sqm": 302.1, "source_id": "OSM-DERIVED-CORRIDOR-20260808", "source_type": "osm", "confidence": "medium", "geometry_role": "existing_condition"}, "geometry": {"type": "Polygon", "coordinates": [[[116.3425167, 39.9495537], [116.34256370000001, 39.949384099999996], [116.3423755, 39.9493553], [116.3423378, 39.94951759999999], [116.3425167, 39.9495537]]]}}, {"type": "Feature", "id": "BF-00509", "properties": {"id": "BF-00509", "layer": "BUILDING_FOOTPRINT", "building_type": "existing_retained", "area_sqm": 302.9, "source_id": "OSM-DERIVED-CORRIDOR-20260808", "source_type": "osm", "confidence": "medium", "geometry_role": "existing_condition"}, "geometry": {"type": "Polygon", "coordinates": [[[116.34262040000002, 39.94922859999999], [116.3426548, 39.94907309999999], [116.3424553, 39.949047099999994], [116.3424209, 39.94920270000001], [116.34262040000002, 39.94922859999999]]]}}, {"type": "Feature", "id": "BF-00510", "properties": {"id": "BF-00510", "layer": "BUILDING_FOOTPRINT", "building_type": "existing_retained", "area_sqm": 579.8, "source_id": "OSM-DERIVED-CORRIDOR-20260808", "source_type": "osm", "confidence": "medium", "geometry_role": "existing_condition"}, "geometry": {"type": "Polygon", "coordinates": [[[116.3432908, 39.9493812], [116.3433347, 39.94927580000001], [116.34280860000001, 39.94914709999998], [116.34276470000002, 39.9492525], [116.3432908, 39.9493812]]]}}, {"type": "Feature", "id": "BF-00511", "properties": {"id": "BF-00511", "layer": "BUILDING_FOOTPRINT", "building_type": "existing_retained", "area_sqm": 1818.5, "source_id": "OSM-DERIVED-CORRIDOR-20260808", "source_type": "osm", "confidence": "medium", "geometry_role": "existing_condition"}, "geometry": {"type": "Polygon", "coordinates": [[[116.34396630000002, 39.95023210000001], [116.34399459999999, 39.95014549999999], [116.3448088, 39.95015990000001], [116.3448088, 39.950011999999994], [116.34399459999999, 39.95001560000001], [116.34397569999999, 39.95008049999999], [116.3434533, 39.9500841], [116.3434674, 39.9502285], [116.34396630000002, 39.95023210000001]]]}}, {"type": "Feature", "id": "BF-00512", "properties": {"id": "BF-00512", "layer": "BUILDING_FOOTPRINT", "building_type": "existing_retained", "area_sqm": 510.3, "source_id": "OSM-DERIVED-CORRIDOR-20260808", "source_type": "osm", "confidence": "medium", "geometry_role": "existing_condition"}, "geometry": {"type": "Polygon", "coordinates": [[[116.343971, 39.949831599999996], [116.3440275, 39.94974139999999], [116.3434721, 39.9496151], [116.34343919999999, 39.94970169999999], [116.343971, 39.949831599999996]]]}}, {"type": "Feature", "id": "BF-00513", "properties": {"id": "BF-00513", "layer": "BUILDING_FOOTPRINT", "building_type": "existing_retained", "area_sqm": 1094.0, "source_id": "OSM-DERIVED-CORRIDOR-20260808", "source_type": "osm", "confidence": "medium", "geometry_role": "existing_condition"}, "geometry": {"type": "Polygon", "coordinates": [[[116.3444135, 39.949636700000006], [116.34447940000001, 39.94954289999999], [116.3434674, 39.949272300000004], [116.343425, 39.949380500000004], [116.3444135, 39.949636700000006]]]}}, {"type": "Feature", "id": "BF-00514", "properties": {"id": "BF-00514", "layer": "BUILDING_FOOTPRINT", "building_type": "existing_retained", "area_sqm": 1000.8, "source_id": "OSM-DERIVED-CORRIDOR-20260808", "source_type": "osm", "confidence": "medium", "geometry_role": "existing_condition"}, "geometry": {"type": "Polygon", "coordinates": [[[116.34467230000001, 39.9499254], [116.34474760000002, 39.94970889999999], [116.3450442, 39.949763000000004], [116.34507710000001, 39.9496836], [116.34471940000002, 39.949579], [116.3445735, 39.94979909999999], [116.3442911, 39.9497125], [116.3442534, 39.949846], [116.34467230000001, 39.9499254]]]}}, {"type": "Feature", "id": "BF-00515", "properties": {"id": "BF-00515", "layer": "BUILDING_FOOTPRINT", "building_type": "existing_retained", "area_sqm": 462.7, "source_id": "OSM-DERIVED-CORRIDOR-20260808", "source_type": "osm", "confidence": "medium", "geometry_role": "existing_condition"}, "geometry": {"type": "Polygon", "coordinates": [[[116.3425546, 39.94870900000001], [116.34271370000002, 39.9487367], [116.34273380000002, 39.9486839], [116.3427988, 39.94844899999998], [116.3426397, 39.948421399999994], [116.3425546, 39.94870900000001]]]}}, {"type": "Feature", "id": "BF-00516", "properties": {"id": "BF-00516", "layer": "BUILDING_FOOTPRINT", "building_type": "existing_retained", "area_sqm": 1348.3, "source_id": "OSM-DERIVED-CORRIDOR-20260808", "source_type": "osm", "confidence": "medium", "geometry_role": "existing_condition"}, "geometry": {"type": "Polygon", "coordinates": [[[116.34377740000001, 39.9490462], [116.34382290000002, 39.94892579999999], [116.34273380000002, 39.9486839], [116.3426883, 39.948804200000005], [116.34377740000001, 39.9490462]]]}}, {"type": "Feature", "id": "BF-00517", "properties": {"id": "BF-00517", "layer": "BUILDING_FOOTPRINT", "building_type": "existing_retained", "area_sqm": 479.5, "source_id": "OSM-DERIVED-CORRIDOR-20260808", "source_type": "osm", "confidence": "medium", "geometry_role": "existing_condition"}, "geometry": {"type": "Polygon", "coordinates": [[[116.34437610000002, 39.94923399999998], [116.34441400000001, 39.949142599999995], [116.3439119, 39.94902009999999], [116.34387399999999, 39.94911150000001], [116.34437610000002, 39.94923399999998]]]}}, {"type": "Feature", "id": "BF-00518", "properties": {"id": "BF-00518", "layer": "BUILDING_FOOTPRINT", "building_type": "existing_retained", "area_sqm": 698.1, "source_id": "OSM-DERIVED-CORRIDOR-20260808", "source_type": "osm", "confidence": "medium", "geometry_role": "existing_condition"}, "geometry": {"type": "Polygon", "coordinates": [[[116.3443329, 39.94887670000001], [116.3443764, 39.948782999999985], [116.3436797, 39.948592600000005], [116.3436362, 39.948686300000006], [116.3443329, 39.94887670000001]]]}}, {"type": "Feature", "id": "BF-00519", "properties": {"id": "BF-00519", "layer": "BUILDING_FOOTPRINT", "building_type": "existing_retained", "area_sqm": 624.8, "source_id": "OSM-DERIVED-CORRIDOR-20260808", "source_type": "osm", "confidence": "medium", "geometry_role": "existing_condition"}, "geometry": {"type": "Polygon", "coordinates": [[[116.3446899, 39.9490086], [116.34470200000001, 39.948972999999995], [116.34485230000001, 39.94900299999999], [116.34483430000002, 39.9490558], [116.3449202, 39.94907289999999], [116.34498919999999, 39.948869900000005], [116.3446365, 39.9487995], [116.3445734, 39.94898529999999], [116.3446899, 39.9490086]]]}}, {"type": "Feature", "id": "BF-00520", "properties": {"id": "BF-00520", "layer": "BUILDING_FOOTPRINT", "building_type": "existing_retained", "area_sqm": 457.9, "source_id": "OSM-DERIVED-CORRIDOR-20260808", "source_type": "osm", "confidence": "medium", "geometry_role": "existing_condition"}, "geometry": {"type": "Polygon", "coordinates": [[[116.3434003, 39.94839189999998], [116.34340949999999, 39.948359399999994], [116.3436635, 39.94840149999999], [116.343653, 39.9484385], [116.3437445, 39.94845370000001], [116.34378150000002, 39.94832250000001], [116.34335559999998, 39.9482519], [116.34331989999998, 39.9483785], [116.3434003, 39.94839189999998]]]}}, {"type": "Feature", "id": "BF-00521", "properties": {"id": "BF-00521", "layer": "BUILDING_FOOTPRINT", "building_type": "existing_retained", "area_sqm": 418.4, "source_id": "OSM-DERIVED-CORRIDOR-20260808", "source_type": "osm", "confidence": "medium", "geometry_role": "existing_condition"}, "geometry": {"type": "Polygon", "coordinates": [[[116.34387399999999, 39.94806499999999], [116.34388500000001, 39.948028], [116.344151, 39.94807449999999], [116.3441396, 39.94811309999999], [116.3442086, 39.94812519999999], [116.3442464, 39.9479984], [116.34383410000001, 39.9479262], [116.3437967, 39.9480515], [116.34387399999999, 39.94806499999999]]]}}, {"type": "Feature", "id": "BF-00522", "properties": {"id": "BF-00522", "layer": "BUILDING_FOOTPRINT", "building_type": "existing_retained", "area_sqm": 398.4, "source_id": "OSM-DERIVED-CORRIDOR-20260808", "source_type": "osm", "confidence": "medium", "geometry_role": "existing_condition"}, "geometry": {"type": "Polygon", "coordinates": [[[116.3428376, 39.9480258], [116.3428483, 39.9479876], [116.34311160000001, 39.94803099999999], [116.3430994, 39.9480743], [116.3432034, 39.94809139999999], [116.34323709999998, 39.9479711], [116.34280610000002, 39.9479001], [116.34277379999999, 39.948015299999994], [116.3428376, 39.9480258]]]}}, {"type": "Feature", "id": "BF-00523", "properties": {"id": "BF-00523", "layer": "BUILDING_FOOTPRINT", "building_type": "existing_retained", "area_sqm": 1203.3, "source_id": "OSM-DERIVED-CORRIDOR-20260808", "source_type": "osm", "confidence": "medium", "geometry_role": "existing_condition"}, "geometry": {"type": "Polygon", "coordinates": [[[116.3429308, 39.94773519999999], [116.3429591, 39.9476846], [116.3430485, 39.947702699999994], [116.34320850000002, 39.9471903], [116.34297789999998, 39.94715059999999], [116.34281789999999, 39.947717099999984], [116.3429308, 39.94773519999999]]]}}, {"type": "Feature", "id": "BF-00524", "properties": {"id": "BF-00524", "layer": "BUILDING_FOOTPRINT", "building_type": "existing_retained", "area_sqm": 554.2, "source_id": "OSM-DERIVED-CORRIDOR-20260808", "source_type": "osm", "confidence": "medium", "geometry_role": "existing_condition"}, "geometry": {"type": "Polygon", "coordinates": [[[116.34318500000002, 39.94706759999999], [116.34317090000002, 39.94710369999999], [116.3433262, 39.94712899999999], [116.34335439999998, 39.947053200000006], [116.3434109, 39.94705679999999], [116.3434486, 39.94695219999999], [116.34334500000001, 39.94693769999999], [116.34334500000001, 39.94687639999999], [116.34319440000002, 39.94685830000001], [116.34318030000001, 39.9469522], [116.3431144, 39.9469377], [116.3431003, 39.94704959999999], [116.34318500000002, 39.94706759999999]]]}}, {"type": "Feature", "id": "BF-00525", "properties": {"id": "BF-00525", "layer": "BUILDING_FOOTPRINT", "building_type": "existing_retained", "area_sqm": 529.0, "source_id": "OSM-DERIVED-CORRIDOR-20260808", "source_type": "osm", "confidence": "medium", "geometry_role": "existing_condition"}, "geometry": {"type": "Polygon", "coordinates": [[[116.3438581, 39.94710729999999], [116.3438534, 39.947147], [116.3439851, 39.947172300000005], [116.3440134, 39.94710369999999], [116.34409810000001, 39.94710369999999], [116.34411690000002, 39.9470099], [116.34399459999999, 39.9469882], [116.3440134, 39.946941300000006], [116.3438581, 39.9469125], [116.3438487, 39.9469991], [116.34378279999999, 39.9469882], [116.3437451, 39.94709650000001], [116.3438581, 39.94710729999999]]]}}, {"type": "Feature", "id": "BF-00526", "properties": {"id": "BF-00526", "layer": "BUILDING_FOOTPRINT", "building_type": "existing_retained", "area_sqm": 1196.2, "source_id": "OSM-DERIVED-CORRIDOR-20260808", "source_type": "osm", "confidence": "medium", "geometry_role": "existing_condition"}, "geometry": {"type": "Polygon", "coordinates": [[[116.3433356, 39.9466563], [116.3433215, 39.946692299999995], [116.3440887, 39.9467465], [116.34410280000002, 39.94659850000001], [116.34335919999998, 39.9465733], [116.34337800000002, 39.94649389999999], [116.3432132, 39.9464903], [116.3432038, 39.946652699999994], [116.3433356, 39.9466563]]]}}, {"type": "Feature", "id": "BF-00527", "properties": {"id": "BF-00527", "layer": "BUILDING_FOOTPRINT", "building_type": "existing_retained", "area_sqm": 992.6, "source_id": "OSM-DERIVED-CORRIDOR-20260808", "source_type": "osm", "confidence": "medium", "geometry_role": "existing_condition"}, "geometry": {"type": "Polygon", "coordinates": [[[116.34375450000002, 39.94612579999999], [116.3438251, 39.9458588], [116.3434533, 39.9458119], [116.34337329999998, 39.9460825], [116.34375450000002, 39.94612579999999]]]}}, {"type": "Feature", "id": "BF-00528", "properties": {"id": "BF-00528", "layer": "BUILDING_FOOTPRINT", "building_type": "existing_retained", "area_sqm": 1044.5, "source_id": "OSM-DERIVED-CORRIDOR-20260808", "source_type": "osm", "confidence": "medium", "geometry_role": "existing_condition"}, "geometry": {"type": "Polygon", "coordinates": [[[116.34391450000001, 39.94559540000001], [116.343971, 39.94533199999999], [116.34357570000002, 39.9452815], [116.34349560000001, 39.9455413], [116.34391450000001, 39.94559540000001]]]}}, {"type": "Feature", "id": "BF-00529", "properties": {"id": "BF-00529", "layer": "BUILDING_FOOTPRINT", "building_type": "existing_retained", "area_sqm": 779.9, "source_id": "OSM-DERIVED-CORRIDOR-20260808", "source_type": "osm", "confidence": "medium", "geometry_role": "existing_condition"}, "geometry": {"type": "Polygon", "coordinates": [[[116.3440134, 39.9449928], [116.34406990000001, 39.9447294], [116.34376860000002, 39.944704099999996], [116.34369330000001, 39.94495669999999], [116.3440134, 39.9449928]]]}}, {"type": "Feature", "id": "BF-00530", "properties": {"id": "BF-00530", "layer": "BUILDING_FOOTPRINT", "building_type": "existing_retained", "area_sqm": 1353.3, "source_id": "OSM-DERIVED-CORRIDOR-20260808", "source_type": "osm", "confidence": "medium", "geometry_role": "existing_condition"}, "geometry": {"type": "Polygon", "coordinates": [[[116.3446361, 39.9442191], [116.34485080000002, 39.9436631], [116.34462490000001, 39.94360749999999], [116.3443934, 39.9441507], [116.3446361, 39.9442191]]]}}, {"type": "Feature", "id": "BF-00531", "properties": {"id": "BF-00531", "layer": "BUILDING_FOOTPRINT", "building_type": "existing_retained", "area_sqm": 1805.0, "source_id": "OSM-DERIVED-CORRIDOR-20260808", "source_type": "osm", "confidence": "medium", "geometry_role": "existing_condition"}, "geometry": {"type": "Polygon", "coordinates": [[[116.34425110000001, 39.94458689999999], [116.3443209, 39.9441849], [116.3438606, 39.944155], [116.34376300000001, 39.944542], [116.34425110000001, 39.94458689999999]]]}}, {"type": "Feature", "id": "BF-00532", "properties": {"id": "BF-00532", "layer": "BUILDING_FOOTPRINT", "building_type": "existing_retained", "area_sqm": 2155.8, "source_id": "OSM-DERIVED-CORRIDOR-20260808", "source_type": "osm", "confidence": "medium", "geometry_role": "existing_condition"}, "geometry": {"type": "Polygon", "coordinates": [[[116.34489940000002, 39.94360480000002], [116.3451348, 39.943076], [116.3449985, 39.943025399999996], [116.34449470000001, 39.94318049999999], [116.3446269, 39.94355089999999], [116.34489940000002, 39.94360480000002]]]}}, {"type": "Feature", "id": "BF-00533", "properties": {"id": "BF-00533", "layer": "BUILDING_FOOTPRINT", "building_type": "existing_retained", "area_sqm": 801.5, "source_id": "OSM-DERIVED-CORRIDOR-20260808", "source_type": "osm", "confidence": "medium", "geometry_role": "existing_condition"}, "geometry": {"type": "Polygon", "coordinates": [[[116.3470084, 39.9514556], [116.3470115, 39.95130449999999], [116.3464507, 39.95130449999999], [116.34646, 39.95145800000002], [116.3470084, 39.9514556]]]}}, {"type": "Feature", "id": "BF-00534", "properties": {"id": "BF-00534", "layer": "BUILDING_FOOTPRINT", "building_type": "existing_retained", "area_sqm": 587.4, "source_id": "OSM-DERIVED-CORRIDOR-20260808", "source_type": "osm", "confidence": "medium", "geometry_role": "existing_condition"}, "geometry": {"type": "Polygon", "coordinates": [[[116.3474798, 39.951082400000004], [116.3474705, 39.950950199999994], [116.3470207, 39.950957300000006], [116.34702690000002, 39.951099000000006], [116.3474798, 39.951082400000004]]]}}, {"type": "Feature", "id": "BF-00535", "properties": {"id": "BF-00535", "layer": "BUILDING_FOOTPRINT", "building_type": "existing_retained", "area_sqm": 569.4, "source_id": "OSM-DERIVED-CORRIDOR-20260808", "source_type": "osm", "confidence": "medium", "geometry_role": "existing_condition"}, "geometry": {"type": "Polygon", "coordinates": [[[116.34624560000002, 39.952786], [116.3462548, 39.952622999999996], [116.34587900000001, 39.952623], [116.3458851, 39.952785999999996], [116.34624560000002, 39.952786]]]}}, {"type": "Feature", "id": "BF-00536", "properties": {"id": "BF-00536", "layer": "BUILDING_FOOTPRINT", "building_type": "existing_retained", "area_sqm": 430.7, "source_id": "OSM-DERIVED-CORRIDOR-20260808", "source_type": "osm", "confidence": "medium", "geometry_role": "existing_condition"}, "geometry": {"type": "Polygon", "coordinates": [[[116.3465845, 39.952913499999994], [116.3465999, 39.952675000000006], [116.3463997, 39.9526868], [116.3463997, 39.9529206], [116.3465845, 39.952913499999994]]]}}, {"type": "Feature", "id": "BF-00537", "properties": {"id": "BF-00537", "layer": "BUILDING_FOOTPRINT", "building_type": "existing_retained", "area_sqm": 1018.9, "source_id": "OSM-DERIVED-CORRIDOR-20260808", "source_type": "osm", "confidence": "medium", "geometry_role": "existing_condition"}, "geometry": {"type": "Polygon", "coordinates": [[[116.3416858, 39.9524522], [116.34171809999998, 39.95231549999999], [116.3421837, 39.9523801], [116.34221410000002, 39.95225159999999], [116.34158200000002, 39.9521639], [116.34151940000001, 39.952429099999996], [116.3416858, 39.9524522]]]}}, {"type": "Feature", "id": "BF-00538", "properties": {"id": "BF-00538", "layer": "BUILDING_FOOTPRINT", "building_type": "existing_retained", "area_sqm": 701.4, "source_id": "OSM-DERIVED-CORRIDOR-20260808", "source_type": "osm", "confidence": "medium", "geometry_role": "existing_condition"}, "geometry": {"type": "Polygon", "coordinates": [[[116.3418561, 39.95290440000001], [116.34189550000002, 39.95273919999999], [116.3414625, 39.9526785], [116.34142309999999, 39.9528437], [116.3418561, 39.95290440000001]]]}}, {"type": "Feature", "id": "BF-00539", "properties": {"id": "BF-00539", "layer": "BUILDING_FOOTPRINT", "building_type": "existing_retained", "area_sqm": 1061.1, "source_id": "OSM-DERIVED-CORRIDOR-20260808", "source_type": "osm", "confidence": "medium", "geometry_role": "existing_condition"}, "geometry": {"type": "Polygon", "coordinates": [[[116.3423932, 39.953386599999995], [116.34243179999999, 39.9531834], [116.34189289999999, 39.95312319999999], [116.34185429999998, 39.9533264], [116.3423932, 39.953386599999995]]]}}, {"type": "Feature", "id": "BF-00540", "properties": {"id": "BF-00540", "layer": "BUILDING_FOOTPRINT", "building_type": "existing_retained", "area_sqm": 1118.7, "source_id": "OSM-DERIVED-CORRIDOR-20260808", "source_type": "osm", "confidence": "medium", "geometry_role": "existing_condition"}, "geometry": {"type": "Polygon", "coordinates": [[[116.34173059999999, 39.9540731], [116.34177970000002, 39.95389169999999], [116.34115669999998, 39.95379240000001], [116.3411075, 39.9539738], [116.34173059999999, 39.9540731]]]}}, {"type": "Feature", "id": "BF-00541", "properties": {"id": "BF-00541", "layer": "BUILDING_FOOTPRINT", "building_type": "existing_retained", "area_sqm": 641.4, "source_id": "OSM-DERIVED-CORRIDOR-20260808", "source_type": "osm", "confidence": "medium", "geometry_role": "existing_condition"}, "geometry": {"type": "Polygon", "coordinates": [[[116.341629, 39.95364719999998], [116.3416614, 39.9534839], [116.3412567, 39.95343669999999], [116.3412243, 39.95359989999999], [116.341629, 39.95364719999998]]]}}, {"type": "Feature", "id": "BF-00542", "properties": {"id": "BF-00542", "layer": "BUILDING_FOOTPRINT", "building_type": "existing_retained", "area_sqm": 952.2, "source_id": "OSM-DERIVED-CORRIDOR-20260808", "source_type": "osm", "confidence": "medium", "geometry_role": "existing_condition"}, "geometry": {"type": "Polygon", "coordinates": [[[116.34239639999998, 39.9538905], [116.3424431, 39.9537054], [116.34192050000001, 39.953627899999994], [116.3418738, 39.95381299999999], [116.34239639999998, 39.9538905]]]}}, {"type": "Feature", "id": "BF-00543", "properties": {"id": "BF-00543", "layer": "BUILDING_FOOTPRINT", "building_type": "existing_retained", "area_sqm": 1089.9, "source_id": "OSM-DERIVED-CORRIDOR-20260808", "source_type": "osm", "confidence": "medium", "geometry_role": "existing_condition"}, "geometry": {"type": "Polygon", "coordinates": [[[116.34304040000002, 39.95247849999999], [116.3430542, 39.9524188], [116.34341940000002, 39.9524679], [116.3434471, 39.95231909999999], [116.34308970000001, 39.95226589999999], [116.34307740000001, 39.9523261], [116.34269840000002, 39.9522718], [116.34266759999998, 39.95242300000001], [116.34304040000002, 39.95247849999999]]]}}, {"type": "Feature", "id": "BF-00544", "properties": {"id": "BF-00544", "layer": "BUILDING_FOOTPRINT", "building_type": "existing_retained", "area_sqm": 1233.9, "source_id": "OSM-DERIVED-CORRIDOR-20260808", "source_type": "osm", "confidence": "medium", "geometry_role": "existing_condition"}, "geometry": {"type": "Polygon", "coordinates": [[[116.3363819, 39.976713200000006], [116.3363189, 39.97684559999999], [116.33650390000001, 39.9768985], [116.33667670000001, 39.9769406], [116.33683930000001, 39.976971799999994], [116.33688400000001, 39.97683], [116.33672949999999, 39.976797299999994], [116.3367422, 39.9767607], [116.33681080000001, 39.976563599999984], [116.33659740000002, 39.9765247], [116.33653089999999, 39.976717900000004], [116.3365202, 39.976749000000005], [116.3363819, 39.976713200000006]]]}}, {"type": "Feature", "id": "BF-00545", "properties": {"id": "BF-00545", "layer": "BUILDING_FOOTPRINT", "building_type": "existing_retained", "area_sqm": 1274.2, "source_id": "OSM-DERIVED-CORRIDOR-20260808", "source_type": "osm", "confidence": "medium", "geometry_role": "existing_condition"}, "geometry": {"type": "Polygon", "coordinates": [[[116.3440064, 40.009968400000005], [116.344017, 40.009800299999995], [116.34318879999998, 40.0097895], [116.34319590000001, 40.0099494], [116.3440064, 40.009968400000005]]]}}, {"type": "Feature", "id": "BF-00546", "properties": {"id": "BF-00546", "layer": "BUILDING_FOOTPRINT", "building_type": "existing_retained", "area_sqm": 4663.3, "source_id": "OSM-DERIVED-CORRIDOR-20260808", "source_type": "osm", "confidence": "medium", "geometry_role": "existing_condition"}, "geometry": {"type": "Polygon", "coordinates": [[[116.34093409999998, 39.9701527], [116.3409375, 39.9691672], [116.3404387, 39.969166200000004], [116.3404353, 39.9701517], [116.34093409999998, 39.9701527]]]}}, {"type": "Feature", "id": "BF-00547", "properties": {"id": "BF-00547", "layer": "BUILDING_FOOTPRINT", "building_type": "existing_retained", "area_sqm": 6580.5, "source_id": "OSM-DERIVED-CORRIDOR-20260808", "source_type": "osm", "confidence": "medium", "geometry_role": "existing_condition"}, "geometry": {"type": "Polygon", "coordinates": [[[116.34191840000001, 39.9748638], [116.34191570000002, 39.9742377], [116.34080779999998, 39.9742404], [116.3408105, 39.97486659999999], [116.34191840000001, 39.9748638]]]}}, {"type": "Feature", "id": "BF-00548", "properties": {"id": "BF-00548", "layer": "BUILDING_FOOTPRINT", "building_type": "existing_retained", "area_sqm": 7070.9, "source_id": "OSM-DERIVED-CORRIDOR-20260808", "source_type": "osm", "confidence": "medium", "geometry_role": "existing_condition"}, "geometry": {"type": "Polygon", "coordinates": [[[116.34647180000002, 39.97360230000001], [116.3464693, 39.972879999999996], [116.34543740000001, 39.9728821], [116.3454399, 39.9736045], [116.34647180000002, 39.97360230000001]]]}}, {"type": "Feature", "id": "BF-00549", "properties": {"id": "BF-00549", "layer": "BUILDING_FOOTPRINT", "building_type": "existing_retained", "area_sqm": 6130.4, "source_id": "OSM-DERIVED-CORRIDOR-20260808", "source_type": "osm", "confidence": "medium", "geometry_role": "existing_condition"}, "geometry": {"type": "Polygon", "coordinates": [[[116.34502849999998, 39.9742319], [116.3440335, 39.974224299999996], [116.34402460590343, 39.97490494823013], [116.34502042137626, 39.974850142508906], [116.34502849999998, 39.9742319]]]}}, {"type": "Feature", "id": "BF-00550", "properties": {"id": "BF-00550", "layer": "BUILDING_FOOTPRINT", "building_type": "existing_retained", "area_sqm": 387.0, "source_id": "OSM-DERIVED-CORRIDOR-20260808", "source_type": "osm", "confidence": "medium", "geometry_role": "existing_condition"}, "geometry": {"type": "Polygon", "coordinates": [[[116.34695739999998, 39.9594188], [116.34696149999999, 39.9593159], [116.346559, 39.95931279999999], [116.3465549, 39.95941249999999], [116.34695739999998, 39.9594188]]]}}, {"type": "Feature", "id": "BF-00551", "properties": {"id": "BF-00551", "layer": "BUILDING_FOOTPRINT", "building_type": "existing_retained", "area_sqm": 1192.6, "source_id": "OSM-DERIVED-CORRIDOR-20260808", "source_type": "osm", "confidence": "medium", "geometry_role": "existing_condition"}, "geometry": {"type": "Polygon", "coordinates": [[[116.34631910000002, 39.9594188], [116.34631910000002, 39.959239600000004], [116.34561580000002, 39.95922550000001], [116.34561380000001, 39.9594032], [116.34631910000002, 39.9594188]]]}}, {"type": "Feature", "id": "BF-00552", "properties": {"id": "BF-00552", "layer": "BUILDING_FOOTPRINT", "building_type": "existing_retained", "area_sqm": 520.3, "source_id": "OSM-DERIVED-CORRIDOR-20260808", "source_type": "osm", "confidence": "medium", "geometry_role": "existing_condition"}, "geometry": {"type": "Polygon", "coordinates": [[[116.3458171, 39.959163200000006], [116.3458272, 39.958942], [116.34558130000002, 39.95893110000001], [116.34557309999998, 39.95915699999999], [116.3458171, 39.959163200000006]]]}}, {"type": "Feature", "id": "BF-00553", "properties": {"id": "BF-00553", "layer": "BUILDING_FOOTPRINT", "building_type": "existing_retained", "area_sqm": 1050.0, "source_id": "OSM-DERIVED-CORRIDOR-20260808", "source_type": "osm", "confidence": "medium", "geometry_role": "existing_condition"}, "geometry": {"type": "Polygon", "coordinates": [[[116.3462866, 39.9604954], [116.34628260000001, 39.960350500000004], [116.34550399999999, 39.9603411], [116.34550399999999, 39.9604798], [116.3462866, 39.9604954]]]}}, {"type": "Feature", "id": "BF-00554", "properties": {"id": "BF-00554", "layer": "BUILDING_FOOTPRINT", "building_type": "existing_retained", "area_sqm": 314.5, "source_id": "OSM-DERIVED-CORRIDOR-20260808", "source_type": "osm", "confidence": "medium", "geometry_role": "existing_condition"}, "geometry": {"type": "Polygon", "coordinates": [[[116.3461408, 39.9589459], [116.3458489, 39.9589476], [116.34584420000002, 39.959064000000005], [116.3461315, 39.959058600000006], [116.3461408, 39.9589459]]]}}, {"type": "Feature", "id": "BF-00555", "properties": {"id": "BF-00555", "layer": "BUILDING_FOOTPRINT", "building_type": "existing_retained", "area_sqm": 261.6, "source_id": "OSM-DERIVED-CORRIDOR-20260808", "source_type": "osm", "confidence": "medium", "geometry_role": "existing_condition"}, "geometry": {"type": "Polygon", "coordinates": [[[116.34642570000001, 39.95919459999999], [116.34643970000002, 39.9589405], [116.34632760000001, 39.958942300000004], [116.3463206, 39.959196399999996], [116.34642570000001, 39.95919459999999]]]}}, {"type": "Feature", "id": "BF-00556", "properties": {"id": "BF-00556", "layer": "BUILDING_FOOTPRINT", "building_type": "existing_retained", "area_sqm": 789.4, "source_id": "OSM-DERIVED-CORRIDOR-20260808", "source_type": "osm", "confidence": "medium", "geometry_role": "existing_condition"}, "geometry": {"type": "Polygon", "coordinates": [[[116.34536720000001, 39.95977949999999], [116.34538720000002, 39.959342799999995], [116.34518720000001, 39.95933709999999], [116.34518720000001, 39.95977570000001], [116.34536720000001, 39.95977949999999]]]}}, {"type": "Feature", "id": "BF-00557", "properties": {"id": "BF-00557", "layer": "BUILDING_FOOTPRINT", "building_type": "existing_retained", "area_sqm": 804.3, "source_id": "OSM-DERIVED-CORRIDOR-20260808", "source_type": "osm", "confidence": "medium", "geometry_role": "existing_condition"}, "geometry": {"type": "Polygon", "coordinates": [[[116.3453547, 39.9603253], [116.34535750000002, 39.959939000000006], [116.3451459, 39.9599283], [116.34513469999999, 39.960327400000004], [116.3453547, 39.9603253]]]}}, {"type": "Feature", "id": "BF-00558", "properties": {"id": "BF-00558", "layer": "BUILDING_FOOTPRINT", "building_type": "existing_retained", "area_sqm": 366.7, "source_id": "OSM-DERIVED-CORRIDOR-20260808", "source_type": "osm", "confidence": "medium", "geometry_role": "existing_condition"}, "geometry": {"type": "Polygon", "coordinates": [[[116.3450874, 39.96033380000001], [116.3450985, 39.96021639999999], [116.34477550000001, 39.96020999999999], [116.3447699, 39.9603338], [116.3450874, 39.96033380000001]]]}}, {"type": "Feature", "id": "BF-00559", "properties": {"id": "BF-00559", "layer": "BUILDING_FOOTPRINT", "building_type": "existing_retained", "area_sqm": 674.8, "source_id": "OSM-DERIVED-CORRIDOR-20260808", "source_type": "osm", "confidence": "medium", "geometry_role": "existing_condition"}, "geometry": {"type": "Polygon", "coordinates": [[[116.3453595, 39.959921999999985], [116.3453631, 39.9598002], [116.3447922, 39.9597895], [116.3447922, 39.95991759999999], [116.3453595, 39.959921999999985]]]}}, {"type": "Feature", "id": "BF-00560", "properties": {"id": "BF-00560", "layer": "BUILDING_FOOTPRINT", "building_type": "existing_retained", "area_sqm": 1233.5, "source_id": "OSM-DERIVED-CORRIDOR-20260808", "source_type": "osm", "confidence": "medium", "geometry_role": "existing_condition"}, "geometry": {"type": "Polygon", "coordinates": [[[116.3450848, 39.959265900000005], [116.34509870000001, 39.959061], [116.34445269999999, 39.959044], [116.3444499, 39.959244600000005], [116.3450848, 39.959265900000005]]]}}, {"type": "Feature", "id": "BF-00561", "properties": {"id": "BF-00561", "layer": "BUILDING_FOOTPRINT", "building_type": "existing_retained", "area_sqm": 178.2, "source_id": "OSM-DERIVED-CORRIDOR-20260808", "source_type": "osm", "confidence": "medium", "geometry_role": "existing_condition"}, "geometry": {"type": "Polygon", "coordinates": [[[116.33952389999999, 40.00419819999999], [116.3395252, 40.00410419999999], [116.3393254, 40.0041026], [116.33932410000001, 40.00419670000001], [116.33952389999999, 40.00419819999999]]]}}, {"type": "Feature", "id": "BF-00562", "properties": {"id": "BF-00562", "layer": "BUILDING_FOOTPRINT", "building_type": "existing_retained", "area_sqm": 124.4, "source_id": "OSM-DERIVED-CORRIDOR-20260808", "source_type": "osm", "confidence": "medium", "geometry_role": "existing_condition"}, "geometry": {"type": "Polygon", "coordinates": [[[116.33925509999999, 40.0041746], [116.33925890000002, 40.0040144], [116.33917709999999, 40.00401320000001], [116.3391732, 40.00417349999999], [116.33925509999999, 40.0041746]]]}}, {"type": "Feature", "id": "BF-00563", "properties": {"id": "BF-00563", "layer": "BUILDING_FOOTPRINT", "building_type": "existing_retained", "area_sqm": 872.8, "source_id": "OSM-DERIVED-CORRIDOR-20260808", "source_type": "osm", "confidence": "medium", "geometry_role": "existing_condition"}, "geometry": {"type": "Polygon", "coordinates": [[[116.3390779, 40.004190799999996], [116.3390872, 40.00399660000001], [116.338614, 40.0039832], [116.33860460000001, 40.0041775], [116.3390779, 40.004190799999996]]]}}, {"type": "Feature", "id": "BF-00564", "properties": {"id": "BF-00564", "layer": "BUILDING_FOOTPRINT", "building_type": "existing_retained", "area_sqm": 695.0, "source_id": "OSM-DERIVED-CORRIDOR-20260808", "source_type": "osm", "confidence": "medium", "geometry_role": "existing_condition"}, "geometry": {"type": "Polygon", "coordinates": [[[116.3396612, 40.00444549999999], [116.3396654, 40.00430469999999], [116.3391451, 40.00429559999999], [116.3391409, 40.004436399999996], [116.3396612, 40.00444549999999]]]}}, {"type": "Feature", "id": "BF-00565", "properties": {"id": "BF-00565", "layer": "BUILDING_FOOTPRINT", "building_type": "existing_retained", "area_sqm": 497.4, "source_id": "OSM-DERIVED-CORRIDOR-20260808", "source_type": "osm", "confidence": "medium", "geometry_role": "existing_condition"}, "geometry": {"type": "Polygon", "coordinates": [[[116.33895240000001, 40.00442869999999], [116.3389554, 40.0042833], [116.3385946, 40.00427899999998], [116.3385916, 40.0044243], [116.33895240000001, 40.00442869999999]]]}}, {"type": "Feature", "id": "BF-00566", "properties": {"id": "BF-00566", "layer": "BUILDING_FOOTPRINT", "building_type": "existing_retained", "area_sqm": 2059.8, "source_id": "OSM-DERIVED-CORRIDOR-20260808", "source_type": "osm", "confidence": "medium", "geometry_role": "existing_condition"}, "geometry": {"type": "Polygon", "coordinates": [[[116.338574, 40.00479429999999], [116.33963550000001, 40.004816899999994], [116.3396429, 40.00461239999999], [116.33858150000002, 40.004589800000005], [116.338574, 40.00479429999999]]]}}, {"type": "Feature", "id": "BF-00567", "properties": {"id": "BF-00567", "layer": "BUILDING_FOOTPRINT", "building_type": "existing_retained", "area_sqm": 496.9, "source_id": "OSM-DERIVED-CORRIDOR-20260808", "source_type": "osm", "confidence": "medium", "geometry_role": "existing_condition"}, "geometry": {"type": "Polygon", "coordinates": [[[116.33975280000001, 40.0033275], [116.33975760000001, 40.00318730000001], [116.33938409999999, 40.003179700000004], [116.33937929999999, 40.0033199], [116.33975280000001, 40.0033275]]]}}, {"type": "Feature", "id": "BF-00568", "properties": {"id": "BF-00568", "layer": "BUILDING_FOOTPRINT", "building_type": "existing_retained", "area_sqm": 1061.7, "source_id": "OSM-DERIVED-CORRIDOR-20260808", "source_type": "osm", "confidence": "medium", "geometry_role": "existing_condition"}, "geometry": {"type": "Polygon", "coordinates": [[[116.3391683, 40.002922399999996], [116.33963280000002, 40.0029279], [116.3396323, 40.0029504], [116.3397812, 40.002952199999996], [116.33978679999998, 40.00267430000001], [116.33963820000001, 40.0026726], [116.33963609999999, 40.002775899999996], [116.33917130000002, 40.00277040000001], [116.3391683, 40.002922399999996]]]}}, {"type": "Feature", "id": "BF-00569", "properties": {"id": "BF-00569", "layer": "BUILDING_FOOTPRINT", "building_type": "existing_retained", "area_sqm": 637.0, "source_id": "OSM-DERIVED-CORRIDOR-20260808", "source_type": "osm", "confidence": "medium", "geometry_role": "existing_condition"}, "geometry": {"type": "Polygon", "coordinates": [[[116.33863640000001, 40.003094999999995], [116.338645, 40.0027924], [116.33842310000001, 40.00278869999999], [116.3384145, 40.003091299999994], [116.33863640000001, 40.003094999999995]]]}}, {"type": "Feature", "id": "BF-00570", "properties": {"id": "BF-00570", "layer": "BUILDING_FOOTPRINT", "building_type": "existing_retained", "area_sqm": 304.5, "source_id": "OSM-DERIVED-CORRIDOR-20260808", "source_type": "osm", "confidence": "medium", "geometry_role": "existing_condition"}, "geometry": {"type": "Polygon", "coordinates": [[[116.3374113, 40.00245580000001], [116.3374159, 40.0023468], [116.33712160000002, 40.0023395], [116.33711700000002, 40.00244849999999], [116.3374113, 40.00245580000001]]]}}, {"type": "Feature", "id": "BF-00571", "properties": {"id": "BF-00571", "layer": "BUILDING_FOOTPRINT", "building_type": "existing_retained", "area_sqm": 891.0, "source_id": "OSM-DERIVED-CORRIDOR-20260808", "source_type": "osm", "confidence": "medium", "geometry_role": "existing_condition"}, "geometry": {"type": "Polygon", "coordinates": [[[116.33736250000001, 40.00280970000001], [116.3373614, 40.0028502], [116.33754559999998, 40.00285319999999], [116.3375553, 40.0025034], [116.3373761, 40.002500399999995], [116.33737070000001, 40.0026962], [116.3370974, 40.002691799999994], [116.3370942, 40.0028053], [116.33736250000001, 40.00280970000001]]]}}, {"type": "Feature", "id": "BF-00572", "properties": {"id": "BF-00572", "layer": "BUILDING_FOOTPRINT", "building_type": "existing_retained", "area_sqm": 945.7, "source_id": "OSM-DERIVED-CORRIDOR-20260808", "source_type": "osm", "confidence": "medium", "geometry_role": "existing_condition"}, "geometry": {"type": "Polygon", "coordinates": [[[116.33751709999999, 40.003254299999995], [116.3375247, 40.00302059999999], [116.33709829999998, 40.0030125], [116.33709069999999, 40.003246299999994], [116.33751709999999, 40.003254299999995]]]}}, {"type": "Feature", "id": "BF-00573", "properties": {"id": "BF-00573", "layer": "BUILDING_FOOTPRINT", "building_type": "existing_retained", "area_sqm": 640.0, "source_id": "OSM-DERIVED-CORRIDOR-20260808", "source_type": "osm", "confidence": "medium", "geometry_role": "existing_condition"}, "geometry": {"type": "Polygon", "coordinates": [[[116.33751379999998, 40.0036208], [116.3375187, 40.003476499999984], [116.3370512, 40.00346739999999], [116.3370464, 40.003611699999986], [116.33751379999998, 40.0036208]]]}}, {"type": "Feature", "id": "BF-00574", "properties": {"id": "BF-00574", "layer": "BUILDING_FOOTPRINT", "building_type": "existing_retained", "area_sqm": 567.1, "source_id": "OSM-DERIVED-CORRIDOR-20260808", "source_type": "osm", "confidence": "medium", "geometry_role": "existing_condition"}, "geometry": {"type": "Polygon", "coordinates": [[[116.33752309999998, 40.00400469999999], [116.3375274, 40.0038957], [116.33697939999999, 40.00388300000001], [116.33697520000001, 40.003992100000005], [116.33752309999998, 40.00400469999999]]]}}, {"type": "Feature", "id": "BF-00575", "properties": {"id": "BF-00575", "layer": "BUILDING_FOOTPRINT", "building_type": "existing_retained", "area_sqm": 647.0, "source_id": "OSM-DERIVED-CORRIDOR-20260808", "source_type": "osm", "confidence": "medium", "geometry_role": "existing_condition"}, "geometry": {"type": "Polygon", "coordinates": [[[116.3375204, 40.004344], [116.3375249, 40.00422], [116.33697499999998, 40.004208299999995], [116.3369705, 40.0043323], [116.3375204, 40.004344]]]}}, {"type": "Feature", "id": "BF-00576", "properties": {"id": "BF-00576", "layer": "BUILDING_FOOTPRINT", "building_type": "existing_retained", "area_sqm": 1142.5, "source_id": "OSM-DERIVED-CORRIDOR-20260808", "source_type": "osm", "confidence": "medium", "geometry_role": "existing_condition"}, "geometry": {"type": "Polygon", "coordinates": [[[116.3374622, 40.004679599999996], [116.3374703, 40.0044502], [116.3369453, 40.00443930000001], [116.33693719999998, 40.0046686], [116.3374622, 40.004679599999996]]]}}, {"type": "Feature", "id": "BF-00577", "properties": {"id": "BF-00577", "layer": "BUILDING_FOOTPRINT", "building_type": "existing_retained", "area_sqm": 944.1, "source_id": "OSM-DERIVED-CORRIDOR-20260808", "source_type": "osm", "confidence": "medium", "geometry_role": "existing_condition"}, "geometry": {"type": "Polygon", "coordinates": [[[116.33749150000001, 40.0050692], [116.3375023, 40.0048981], [116.33692170000002, 40.004876599999996], [116.33691090000002, 40.0050477], [116.33749150000001, 40.0050692]]]}}, {"type": "Feature", "id": "BF-00578", "properties": {"id": "BF-00578", "layer": "BUILDING_FOOTPRINT", "building_type": "existing_retained", "area_sqm": 338.2, "source_id": "OSM-DERIVED-CORRIDOR-20260808", "source_type": "osm", "confidence": "medium", "geometry_role": "existing_condition"}, "geometry": {"type": "Polygon", "coordinates": [[[116.3374778, 40.0054968], [116.33748049999998, 40.005405599999996], [116.3370896, 40.00539870000001], [116.33708680000001, 40.00548990000001], [116.3374778, 40.0054968]]]}}, {"type": "Feature", "id": "BF-00579", "properties": {"id": "BF-00579", "layer": "BUILDING_FOOTPRINT", "building_type": "existing_retained", "area_sqm": 249.5, "source_id": "OSM-DERIVED-CORRIDOR-20260808", "source_type": "osm", "confidence": "medium", "geometry_role": "existing_condition"}, "geometry": {"type": "Polygon", "coordinates": [[[116.3370551, 40.00546159999999], [116.33705979999999, 40.005259499999994], [116.3369297, 40.005257699999994], [116.3369249, 40.00545979999999], [116.3370551, 40.00546159999999]]]}}, {"type": "Feature", "id": "BF-00580", "properties": {"id": "BF-00580", "layer": "BUILDING_FOOTPRINT", "building_type": "existing_retained", "area_sqm": 711.3, "source_id": "OSM-DERIVED-CORRIDOR-20260808", "source_type": "osm", "confidence": "medium", "geometry_role": "existing_condition"}, "geometry": {"type": "Polygon", "coordinates": [[[116.33843969999998, 40.0040221], [116.3384436, 40.00391890000001], [116.3377173, 40.00390279999999], [116.3377134, 40.004006], [116.33843969999998, 40.0040221]]]}}, {"type": "Feature", "id": "BF-00581", "properties": {"id": "BF-00581", "layer": "BUILDING_FOOTPRINT", "building_type": "existing_retained", "area_sqm": 725.5, "source_id": "OSM-DERIVED-CORRIDOR-20260808", "source_type": "osm", "confidence": "medium", "geometry_role": "existing_condition"}, "geometry": {"type": "Polygon", "coordinates": [[[116.33765720000001, 40.004345400000005], [116.3384189, 40.00435920000001], [116.33842199999998, 40.00425880000001], [116.3376603, 40.004245], [116.33765720000001, 40.004345400000005]]]}}, {"type": "Feature", "id": "BF-00582", "properties": {"id": "BF-00582", "layer": "BUILDING_FOOTPRINT", "building_type": "existing_retained", "area_sqm": 754.1, "source_id": "OSM-DERIVED-CORRIDOR-20260808", "source_type": "osm", "confidence": "medium", "geometry_role": "existing_condition"}, "geometry": {"type": "Polygon", "coordinates": [[[116.33841980000001, 40.00469780000001], [116.33842310000001, 40.00459299999999], [116.3376647, 40.00457899999999], [116.33766139999999, 40.00468380000001], [116.33841980000001, 40.00469780000001]]]}}, {"type": "Feature", "id": "BF-00583", "properties": {"id": "BF-00583", "layer": "BUILDING_FOOTPRINT", "building_type": "existing_retained", "area_sqm": 898.7, "source_id": "OSM-DERIVED-CORRIDOR-20260808", "source_type": "osm", "confidence": "medium", "geometry_role": "existing_condition"}, "geometry": {"type": "Polygon", "coordinates": [[[116.3376387, 40.00501220000001], [116.3384239, 40.005024199999994], [116.3384271, 40.0049035], [116.33764180000001, 40.00489159999999], [116.3376387, 40.00501220000001]]]}}, {"type": "Feature", "id": "BF-00584", "properties": {"id": "BF-00584", "layer": "BUILDING_FOOTPRINT", "building_type": "existing_retained", "area_sqm": 730.8, "source_id": "OSM-DERIVED-CORRIDOR-20260808", "source_type": "osm", "confidence": "medium", "geometry_role": "existing_condition"}, "geometry": {"type": "Polygon", "coordinates": [[[116.3376326, 40.005347099999994], [116.33838709999999, 40.00536110000001], [116.3383903, 40.005258999999995], [116.33763580000002, 40.005244999999995], [116.3376326, 40.005347099999994]]]}}, {"type": "Feature", "id": "BF-00585", "properties": {"id": "BF-00585", "layer": "BUILDING_FOOTPRINT", "building_type": "existing_retained", "area_sqm": 923.2, "source_id": "OSM-DERIVED-CORRIDOR-20260808", "source_type": "osm", "confidence": "medium", "geometry_role": "existing_condition"}, "geometry": {"type": "Polygon", "coordinates": [[[116.3375795, 40.005730899999996], [116.33836280000001, 40.005743700000004], [116.33836619999998, 40.0056194], [116.337583, 40.0056067], [116.3375795, 40.005730899999996]]]}}, {"type": "Feature", "id": "BF-00586", "properties": {"id": "BF-00586", "layer": "BUILDING_FOOTPRINT", "building_type": "existing_retained", "area_sqm": 1080.2, "source_id": "OSM-DERIVED-CORRIDOR-20260808", "source_type": "osm", "confidence": "medium", "geometry_role": "existing_condition"}, "geometry": {"type": "Polygon", "coordinates": [[[116.3384177, 40.00605590000001], [116.3384185, 40.00592850000001], [116.33752429999998, 40.0059252], [116.3375235, 40.006052600000004], [116.3384177, 40.00605590000001]]]}}, {"type": "Feature", "id": "BF-00587", "properties": {"id": "BF-00587", "layer": "BUILDING_FOOTPRINT", "building_type": "existing_retained", "area_sqm": 765.4, "source_id": "OSM-DERIVED-CORRIDOR-20260808", "source_type": "osm", "confidence": "medium", "geometry_role": "existing_condition"}, "geometry": {"type": "Polygon", "coordinates": [[[116.3375201, 40.00595140000001], [116.33752240000001, 40.005829399999996], [116.33686089999999, 40.0058219], [116.3368586, 40.0059439], [116.3375201, 40.00595140000001]]]}}, {"type": "Feature", "id": "BF-00588", "properties": {"id": "BF-00588", "layer": "BUILDING_FOOTPRINT", "building_type": "existing_retained", "area_sqm": 3291.6, "source_id": "OSM-DERIVED-CORRIDOR-20260808", "source_type": "osm", "confidence": "medium", "geometry_role": "existing_condition"}, "geometry": {"type": "Polygon", "coordinates": [[[116.3417898, 39.996508799999994], [116.3417944, 39.9960581], [116.3416056, 39.9960567], [116.3413662, 39.9960557], [116.34111790000001, 39.99605379999999], [116.34102439999998, 39.9960535], [116.3410197, 39.996504099999996], [116.3417898, 39.996508799999994]]]}}, {"type": "Feature", "id": "BF-00589", "properties": {"id": "BF-00589", "layer": "BUILDING_FOOTPRINT", "building_type": "existing_retained", "area_sqm": 1143.7, "source_id": "OSM-DERIVED-CORRIDOR-20260808", "source_type": "osm", "confidence": "medium", "geometry_role": "existing_condition"}, "geometry": {"type": "Polygon", "coordinates": [[[116.341953, 39.97569039999999], [116.34196220000001, 39.975395299999995], [116.3415586, 39.9753882], [116.3415494, 39.97569039999999], [116.341953, 39.97569039999999]]]}}, {"type": "Feature", "id": "BF-00590", "properties": {"id": "BF-00590", "layer": "BUILDING_FOOTPRINT", "building_type": "existing_retained", "area_sqm": 781.2, "source_id": "OSM-DERIVED-CORRIDOR-20260808", "source_type": "osm", "confidence": "medium", "geometry_role": "existing_condition"}, "geometry": {"type": "Polygon", "coordinates": [[[116.3412567, 39.9756621], [116.3412536, 39.975418899999994], [116.34091770000002, 39.9754189], [116.3409054, 39.97565500000001], [116.3412567, 39.9756621]]]}}, {"type": "Feature", "id": "BF-00591", "properties": {"id": "BF-00591", "layer": "BUILDING_FOOTPRINT", "building_type": "existing_retained", "area_sqm": 919.2, "source_id": "OSM-DERIVED-CORRIDOR-20260808", "source_type": "osm", "confidence": "medium", "geometry_role": "existing_condition"}, "geometry": {"type": "Polygon", "coordinates": [[[116.3405901, 39.9756583], [116.34059220000002, 39.9754057], [116.34020860000001, 39.9754038], [116.34020650000001, 39.97565639999999], [116.3405901, 39.9756583]]]}}, {"type": "Feature", "id": "BF-00592", "properties": {"id": "BF-00592", "layer": "BUILDING_FOOTPRINT", "building_type": "existing_retained", "area_sqm": 829.3, "source_id": "OSM-DERIVED-CORRIDOR-20260808", "source_type": "osm", "confidence": "medium", "geometry_role": "existing_condition"}, "geometry": {"type": "Polygon", "coordinates": [[[116.3399318, 39.9756621], [116.33993490000002, 39.97541420000001], [116.33958360000001, 39.9754118], [116.33957130000002, 39.975655], [116.3399318, 39.9756621]]]}}, {"type": "Feature", "id": "BF-00593", "properties": {"id": "BF-00593", "layer": "BUILDING_FOOTPRINT", "building_type": "existing_retained", "area_sqm": 7156.1, "source_id": "OSM-DERIVED-CORRIDOR-20260808", "source_type": "osm", "confidence": "medium", "geometry_role": "existing_condition"}, "geometry": {"type": "Polygon", "coordinates": [[[116.3416891, 39.9927281], [116.3417043, 39.992048000000004], [116.34059670000002, 39.99203059999999], [116.3405511, 39.9926932], [116.3416891, 39.9927281]]]}}, {"type": "Feature", "id": "BF-00594", "properties": {"id": "BF-00594", "layer": "BUILDING_FOOTPRINT", "building_type": "existing_retained", "area_sqm": 1797.6, "source_id": "OSM-DERIVED-CORRIDOR-20260808", "source_type": "osm", "confidence": "medium", "geometry_role": "existing_condition"}, "geometry": {"type": "Polygon", "coordinates": [[[116.3427284, 39.9934488], [116.3427284, 39.9932395], [116.34244019999998, 39.9932337], [116.3424857, 39.99287340000001], [116.3422429, 39.9928676], [116.3422126, 39.9934371], [116.3427284, 39.9934488]]]}}, {"type": "Feature", "id": "BF-00595", "properties": {"id": "BF-00595", "layer": "BUILDING_FOOTPRINT", "building_type": "existing_retained", "area_sqm": 1918.7, "source_id": "OSM-DERIVED-CORRIDOR-20260808", "source_type": "osm", "confidence": "medium", "geometry_role": "existing_condition"}, "geometry": {"type": "Polygon", "coordinates": [[[116.34277400000002, 39.9923793], [116.3429257, 39.9924781], [116.34315330000001, 39.992338600000004], [116.34309260000002, 39.99224569999999], [116.34309260000002, 39.9921352], [116.34236429999999, 39.992117799999995], [116.34236429999999, 39.9923735], [116.34277400000002, 39.9923793]]]}}, {"type": "Feature", "id": "BF-00596", "properties": {"id": "BF-00596", "layer": "BUILDING_FOOTPRINT", "building_type": "existing_retained", "area_sqm": 1887.1, "source_id": "OSM-DERIVED-CORRIDOR-20260808", "source_type": "osm", "confidence": "medium", "geometry_role": "existing_condition"}, "geometry": {"type": "Polygon", "coordinates": [[[116.34388920000002, 39.9935301], [116.3439119, 39.993274400000004], [116.3431229, 39.99325120000001], [116.3431078, 39.9935011], [116.34388920000002, 39.9935301]]]}}, {"type": "Feature", "id": "BF-00597", "properties": {"id": "BF-00597", "layer": "BUILDING_FOOTPRINT", "building_type": "existing_retained", "area_sqm": 2271.0, "source_id": "OSM-DERIVED-CORRIDOR-20260808", "source_type": "osm", "confidence": "medium", "geometry_role": "existing_condition"}, "geometry": {"type": "Polygon", "coordinates": [[[116.3442912, 39.99271639999999], [116.34432160000001, 39.992396799999995], [116.34355539999999, 39.99237930000001], [116.3435478, 39.9926932], [116.3442912, 39.99271639999999]]]}}, {"type": "Feature", "id": "BF-00598", "properties": {"id": "BF-00598", "layer": "BUILDING_FOOTPRINT", "building_type": "existing_retained", "area_sqm": 1061.4, "source_id": "OSM-DERIVED-CORRIDOR-20260808", "source_type": "osm", "confidence": "medium", "geometry_role": "existing_condition"}, "geometry": {"type": "Polygon", "coordinates": [[[116.3441699, 39.9923328], [116.34419260000001, 39.99217589999999], [116.34350229999998, 39.9921585], [116.3434871, 39.992327], [116.3441699, 39.9923328]]]}}, {"type": "Feature", "id": "BF-00599", "properties": {"id": "BF-00599", "layer": "BUILDING_FOOTPRINT", "building_type": "existing_retained", "area_sqm": 4067.3, "source_id": "OSM-DERIVED-CORRIDOR-20260808", "source_type": "osm", "confidence": "medium", "geometry_role": "existing_condition"}, "geometry": {"type": "Polygon", "coordinates": [[[116.3447426, 39.993452199999986], [116.3447533, 39.99325489999999], [116.3455312, 39.993279599999994], [116.3455204, 39.99348500000001], [116.34591200000001, 39.993497399999995], [116.3459281, 39.993390500000004], [116.3459442, 39.99331649999999], [116.34568670000002, 39.993316499999985], [116.3457028, 39.9930206], [116.3446299, 39.992975399999985], [116.3446269, 39.9930181], [116.3446085, 39.9932754], [116.34440460000002, 39.99326310000001], [116.34439390000001, 39.993431599999994], [116.3447426, 39.993452199999986]]]}}, {"type": "Feature", "id": "BF-00600", "properties": {"id": "BF-00600", "layer": "BUILDING_FOOTPRINT", "building_type": "existing_retained", "area_sqm": 944.6, "source_id": "OSM-DERIVED-CORRIDOR-20260808", "source_type": "osm", "confidence": "medium", "geometry_role": "existing_condition"}, "geometry": {"type": "Polygon", "coordinates": [[[116.34435099999999, 39.9933655], [116.3443617, 39.99323809999999], [116.34455479999998, 39.9932381], [116.3445602, 39.993110699999995], [116.34408280000001, 39.99309430000001], [116.34407200000001, 39.9933573], [116.34435099999999, 39.9933655]]]}}, {"type": "Feature", "id": "BF-00601", "properties": {"id": "BF-00601", "layer": "BUILDING_FOOTPRINT", "building_type": "existing_retained", "area_sqm": 930.4, "source_id": "OSM-DERIVED-CORRIDOR-20260808", "source_type": "osm", "confidence": "medium", "geometry_role": "existing_condition"}, "geometry": {"type": "Polygon", "coordinates": [[[116.3446269, 39.9930181], [116.3446299, 39.992975399999985], [116.3446353, 39.99290110000001], [116.3447909, 39.9929052], [116.34479290000002, 39.9927897], [116.34456, 39.992784099999994], [116.3445579, 39.9928563], [116.3441622, 39.9928488], [116.3441579, 39.99300389999999], [116.3446269, 39.9930181]]]}}, {"type": "Feature", "id": "BF-00602", "properties": {"id": "BF-00602", "layer": "BUILDING_FOOTPRINT", "building_type": "existing_retained", "area_sqm": 367.2, "source_id": "OSM-DERIVED-CORRIDOR-20260808", "source_type": "osm", "confidence": "medium", "geometry_role": "existing_condition"}, "geometry": {"type": "Polygon", "coordinates": [[[116.3447694, 39.992670999999994], [116.3447694, 39.99256820000001], [116.34441, 39.992551799999994], [116.34440460000002, 39.99266269999999], [116.3447694, 39.992670999999994]]]}}, {"type": "Feature", "id": "BF-00603", "properties": {"id": "BF-00603", "layer": "BUILDING_FOOTPRINT", "building_type": "existing_retained", "area_sqm": 343.8, "source_id": "OSM-DERIVED-CORRIDOR-20260808", "source_type": "osm", "confidence": "medium", "geometry_role": "existing_condition"}, "geometry": {"type": "Polygon", "coordinates": [[[116.34474799999998, 39.9923545], [116.3447533, 39.992251800000005], [116.34439390000001, 39.9922435], [116.34438850000001, 39.9923422], [116.34474799999998, 39.9923545]]]}}, {"type": "Feature", "id": "BF-00604", "properties": {"id": "BF-00604", "layer": "BUILDING_FOOTPRINT", "building_type": "existing_retained", "area_sqm": 1383.9, "source_id": "OSM-DERIVED-CORRIDOR-20260808", "source_type": "osm", "confidence": "medium", "geometry_role": "existing_condition"}, "geometry": {"type": "Polygon", "coordinates": [[[116.33917650000001, 39.9927785], [116.3391956, 39.99258299999998], [116.33868860000001, 39.9925692], [116.33865660000001, 39.992568399999996], [116.3386588, 39.99250680000001], [116.33849, 39.992503], [116.3384875, 39.992556199999996], [116.33847469999999, 39.99275170000001], [116.33917650000001, 39.9927785]]]}}, {"type": "Feature", "id": "BF-00605", "properties": {"id": "BF-00605", "layer": "BUILDING_FOOTPRINT", "building_type": "existing_retained", "area_sqm": 1346.4, "source_id": "OSM-DERIVED-CORRIDOR-20260808", "source_type": "osm", "confidence": "medium", "geometry_role": "existing_condition"}, "geometry": {"type": "Polygon", "coordinates": [[[116.3403642, 39.9928246], [116.340377, 39.9925839], [116.3402127, 39.9925765], [116.3402063, 39.992626599999994], [116.33967840000001, 39.9926095], [116.33966250000002, 39.992798900000004], [116.3403642, 39.9928246]]]}}, {"type": "Feature", "id": "BF-00606", "properties": {"id": "BF-00606", "layer": "BUILDING_FOOTPRINT", "building_type": "existing_retained", "area_sqm": 1112.6, "source_id": "OSM-DERIVED-CORRIDOR-20260808", "source_type": "osm", "confidence": "medium", "geometry_role": "existing_condition"}, "geometry": {"type": "Polygon", "coordinates": [[[116.33978850000001, 39.9923835], [116.33980119999998, 39.9922112], [116.33911550000002, 39.99218559999999], [116.33910590000002, 39.992355399999994], [116.33978850000001, 39.9923835]]]}}, {"type": "Feature", "id": "BF-00607", "properties": {"id": "BF-00607", "layer": "BUILDING_FOOTPRINT", "building_type": "existing_retained", "area_sqm": 1074.4, "source_id": "OSM-DERIVED-CORRIDOR-20260808", "source_type": "osm", "confidence": "medium", "geometry_role": "existing_condition"}, "geometry": {"type": "Polygon", "coordinates": [[[116.3402175, 39.99219780000001], [116.3402175, 39.9922809], [116.3403961, 39.99228819999999], [116.34042160000001, 39.9920402], [116.3398172, 39.9920218], [116.3398028, 39.992180699999984], [116.3402175, 39.99219780000001]]]}}, {"type": "Feature", "id": "BF-00608", "properties": {"id": "BF-00608", "layer": "BUILDING_FOOTPRINT", "building_type": "existing_retained", "area_sqm": 5043.9, "source_id": "OSM-DERIVED-CORRIDOR-20260808", "source_type": "osm", "confidence": "medium", "geometry_role": "existing_condition"}, "geometry": {"type": "Polygon", "coordinates": [[[116.3383894, 39.99275170000001], [116.33840510000002, 39.99253220000001], [116.33753, 39.992502800000004], [116.33754580000002, 39.992274699999996], [116.33755030000002, 39.992210799999995], [116.3384322, 39.992238500000006], [116.33843449999999, 39.992041500000006], [116.33749390000001, 39.9920125], [116.3373094, 39.992114599999994], [116.33728639999998, 39.9927275], [116.3383894, 39.99275170000001]]]}}, {"type": "Feature", "id": "BF-00609", "properties": {"id": "BF-00609", "layer": "BUILDING_FOOTPRINT", "building_type": "existing_retained", "area_sqm": 711.9, "source_id": "OSM-DERIVED-CORRIDOR-20260808", "source_type": "osm", "confidence": "medium", "geometry_role": "existing_condition"}, "geometry": {"type": "Polygon", "coordinates": [[[116.344899, 40.010694900000004], [116.3449092, 40.0105206], [116.34447250000001, 40.01052270000001], [116.34446980000001, 40.010695299999995], [116.344899, 40.010694900000004]]]}}, {"type": "Feature", "id": "BF-00610", "properties": {"id": "BF-00610", "layer": "BUILDING_FOOTPRINT", "building_type": "existing_retained", "area_sqm": 1214.9, "source_id": "OSM-DERIVED-CORRIDOR-20260808", "source_type": "osm", "confidence": "medium", "geometry_role": "existing_condition"}, "geometry": {"type": "Polygon", "coordinates": [[[116.3448964, 40.0104648], [116.3449011, 40.010214500000004], [116.3448325, 40.010215200000005], [116.34482870000001, 40.01014309999999], [116.34477499999998, 40.01010910000001], [116.3446171, 40.01010989999999], [116.34456550000002, 40.0101435], [116.34455599999998, 40.0102056], [116.344494, 40.01020640000001], [116.34448860000002, 40.0104611], [116.3448964, 40.0104648]]]}}, {"type": "Feature", "id": "BF-00611", "properties": {"id": "BF-00611", "layer": "BUILDING_FOOTPRINT", "building_type": "existing_retained", "area_sqm": 1383.6, "source_id": "OSM-DERIVED-CORRIDOR-20260808", "source_type": "osm", "confidence": "medium", "geometry_role": "existing_condition"}, "geometry": {"type": "Polygon", "coordinates": [[[116.3456527, 40.010117599999994], [116.34564410000002, 40.0097995], [116.34519670000002, 40.00980160000001], [116.34518600000001, 40.0101221], [116.3456527, 40.010117599999994]]]}}, {"type": "Feature", "id": "BF-00612", "properties": {"id": "BF-00612", "layer": "BUILDING_FOOTPRINT", "building_type": "existing_retained", "area_sqm": 1322.9, "source_id": "OSM-DERIVED-CORRIDOR-20260808", "source_type": "osm", "confidence": "medium", "geometry_role": "existing_condition"}, "geometry": {"type": "Polygon", "coordinates": [[[116.34550790000002, 40.0110297], [116.34550730000001, 40.0107302], [116.3450385, 40.0107364], [116.3450358, 40.01103009999999], [116.34550790000002, 40.0110297]]]}}, {"type": "Feature", "id": "BF-00613", "properties": {"id": "BF-00613", "layer": "BUILDING_FOOTPRINT", "building_type": "existing_retained", "area_sqm": 922.4, "source_id": "OSM-DERIVED-CORRIDOR-20260808", "source_type": "osm", "confidence": "medium", "geometry_role": "existing_condition"}, "geometry": {"type": "Polygon", "coordinates": [[[116.3444903, 40.01101439999999], [116.3445058, 40.0107498], [116.3441496, 40.01074369999999], [116.34413350000001, 40.0110251], [116.3444903, 40.01101439999999]]]}}, {"type": "Feature", "id": "BF-00614", "properties": {"id": "BF-00614", "layer": "BUILDING_FOOTPRINT", "building_type": "existing_retained", "area_sqm": 1902.2, "source_id": "OSM-DERIVED-CORRIDOR-20260808", "source_type": "osm", "confidence": "medium", "geometry_role": "existing_condition"}, "geometry": {"type": "Polygon", "coordinates": [[[116.343986, 40.01102879999999], [116.3439908, 40.0108279], [116.34324749999999, 40.0108347], [116.34324749999999, 40.01072250000001], [116.34306600000001, 40.01071700000001], [116.34306060000002, 40.011023099999996], [116.343986, 40.01102879999999]]]}}, {"type": "Feature", "id": "BF-00615", "properties": {"id": "BF-00615", "layer": "BUILDING_FOOTPRINT", "building_type": "existing_retained", "area_sqm": 1308.2, "source_id": "OSM-DERIVED-CORRIDOR-20260808", "source_type": "osm", "confidence": "medium", "geometry_role": "existing_condition"}, "geometry": {"type": "Polygon", "coordinates": [[[116.3439887, 40.010644600000006], [116.3439881, 40.0104519], [116.3432806, 40.01044579999999], [116.3432806, 40.010643], [116.3439887, 40.010644600000006]]]}}, {"type": "Feature", "id": "BF-00616", "properties": {"id": "BF-00616", "layer": "BUILDING_FOOTPRINT", "building_type": "existing_retained", "area_sqm": 1119.0, "source_id": "OSM-DERIVED-CORRIDOR-20260808", "source_type": "osm", "confidence": "medium", "geometry_role": "existing_condition"}, "geometry": {"type": "Polygon", "coordinates": [[[116.3439887, 40.0103118], [116.3439827, 40.0101355], [116.34331539999998, 40.010125300000006], [116.3433181, 40.01030200000001], [116.3439887, 40.0103118]]]}}, {"type": "Feature", "id": "BF-00617", "properties": {"id": "BF-00617", "layer": "BUILDING_FOOTPRINT", "building_type": "existing_retained", "area_sqm": 3214.6, "source_id": "OSM-DERIVED-CORRIDOR-20260808", "source_type": "osm", "confidence": "medium", "geometry_role": "existing_condition"}, "geometry": {"type": "Polygon", "coordinates": [[[116.34553550000001, 40.00694529999999], [116.3455394, 40.0067879], [116.34338819999999, 40.0067565], [116.34338430000001, 40.0069142], [116.34553550000001, 40.00694529999999]]]}}, {"type": "Feature", "id": "BF-00618", "properties": {"id": "BF-00618", "layer": "BUILDING_FOOTPRINT", "building_type": "existing_retained", "area_sqm": 1324.7, "source_id": "OSM-DERIVED-CORRIDOR-20260808", "source_type": "osm", "confidence": "medium", "geometry_role": "existing_condition"}, "geometry": {"type": "Polygon", "coordinates": [[[116.33856980000002, 40.00648100000001], [116.33856829999999, 40.0066463], [116.33941379999999, 40.0066506], [116.33941520000002, 40.00648540000001], [116.33856980000002, 40.00648100000001]]]}}, {"type": "Feature", "id": "BF-00619", "properties": {"id": "BF-00619", "layer": "BUILDING_FOOTPRINT", "building_type": "existing_retained", "area_sqm": 1479.8, "source_id": "OSM-DERIVED-CORRIDOR-20260808", "source_type": "osm", "confidence": "medium", "geometry_role": "existing_condition"}, "geometry": {"type": "Polygon", "coordinates": [[[116.3404559, 40.0067306], [116.34045949999998, 40.006554300000005], [116.33957499999998, 40.006543399999984], [116.33957130000002, 40.00671989999999], [116.3404559, 40.0067306]]]}}, {"type": "Feature", "id": "BF-00620", "properties": {"id": "BF-00620", "layer": "BUILDING_FOOTPRINT", "building_type": "existing_retained", "area_sqm": 1527.9, "source_id": "OSM-DERIVED-CORRIDOR-20260808", "source_type": "osm", "confidence": "medium", "geometry_role": "existing_condition"}, "geometry": {"type": "Polygon", "coordinates": [[[116.34146689999999, 40.00669529999998], [116.3414666, 40.0065109], [116.3405924, 40.0065119], [116.3405928, 40.00669619999999], [116.34146689999999, 40.00669529999998]]]}}, {"type": "Feature", "id": "BF-00621", "properties": {"id": "BF-00621", "layer": "BUILDING_FOOTPRINT", "building_type": "existing_retained", "area_sqm": 1436.5, "source_id": "OSM-DERIVED-CORRIDOR-20260808", "source_type": "osm", "confidence": "medium", "geometry_role": "existing_condition"}, "geometry": {"type": "Polygon", "coordinates": [[[116.33949270000001, 40.0071656], [116.3386047, 40.007156800000004], [116.33860190000001, 40.007327499999995], [116.33948979999998, 40.007336099999996], [116.33949270000001, 40.0071656]]]}}, {"type": "Feature", "id": "BF-00622", "properties": {"id": "BF-00622", "layer": "BUILDING_FOOTPRINT", "building_type": "existing_retained", "area_sqm": 1282.3, "source_id": "OSM-DERIVED-CORRIDOR-20260808", "source_type": "osm", "confidence": "medium", "geometry_role": "existing_condition"}, "geometry": {"type": "Polygon", "coordinates": [[[116.34040300000001, 40.007614], [116.34040140000002, 40.00744629999999], [116.33959500000002, 40.00745059999999], [116.33959650000001, 40.00761829999999], [116.34040300000001, 40.007614]]]}}, {"type": "Feature", "id": "BF-00623", "properties": {"id": "BF-00623", "layer": "BUILDING_FOOTPRINT", "building_type": "existing_retained", "area_sqm": 1732.7, "source_id": "OSM-DERIVED-CORRIDOR-20260808", "source_type": "osm", "confidence": "medium", "geometry_role": "existing_condition"}, "geometry": {"type": "Polygon", "coordinates": [[[116.3414629, 40.0073755], [116.34146209999999, 40.007172100000005], [116.34056319999999, 40.00717430000001], [116.340564, 40.007377500000004], [116.3414629, 40.0073755]]]}}, {"type": "Feature", "id": "BF-00624", "properties": {"id": "BF-00624", "layer": "BUILDING_FOOTPRINT", "building_type": "existing_retained", "area_sqm": 1164.5, "source_id": "OSM-DERIVED-CORRIDOR-20260808", "source_type": "osm", "confidence": "medium", "geometry_role": "existing_condition"}, "geometry": {"type": "Polygon", "coordinates": [[[116.33934770000002, 40.007935], [116.3385798, 40.0079307], [116.33857830000001, 40.00809069999999], [116.3393461, 40.008094899999996], [116.33934770000002, 40.007935]]]}}, {"type": "Feature", "id": "BF-00625", "properties": {"id": "BF-00625", "layer": "BUILDING_FOOTPRINT", "building_type": "existing_retained", "area_sqm": 1142.7, "source_id": "OSM-DERIVED-CORRIDOR-20260808", "source_type": "osm", "confidence": "medium", "geometry_role": "existing_condition"}, "geometry": {"type": "Polygon", "coordinates": [[[116.3395481, 40.0082928], [116.3403869, 40.008283899999995], [116.3403843, 40.0081402], [116.33954550000001, 40.00814919999999], [116.3395481, 40.0082928]]]}}, {"type": "Feature", "id": "BF-00626", "properties": {"id": "BF-00626", "layer": "BUILDING_FOOTPRINT", "building_type": "existing_retained", "area_sqm": 504.6, "source_id": "OSM-DERIVED-CORRIDOR-20260808", "source_type": "osm", "confidence": "medium", "geometry_role": "existing_condition"}, "geometry": {"type": "Polygon", "coordinates": [[[116.3415258, 40.00847730000001], [116.3415258, 40.00825789999999], [116.34128239999998, 40.00826260000001], [116.3412762, 40.00847499999999], [116.3415258, 40.00847730000001]]]}}, {"type": "Feature", "id": "BF-00627", "properties": {"id": "BF-00627", "layer": "BUILDING_FOOTPRINT", "building_type": "existing_retained", "area_sqm": 1899.9, "source_id": "OSM-DERIVED-CORRIDOR-20260808", "source_type": "osm", "confidence": "medium", "geometry_role": "existing_condition"}, "geometry": {"type": "Polygon", "coordinates": [[[116.3421526, 40.0067773], [116.3421598, 40.00664140000001], [116.34299399999999, 40.0066674], [116.3430033, 40.00649080000001], [116.3420001, 40.0064597], [116.3419836, 40.006772000000005], [116.3421526, 40.0067773]]]}}, {"type": "Feature", "id": "BF-00628", "properties": {"id": "BF-00628", "layer": "BUILDING_FOOTPRINT", "building_type": "existing_retained", "area_sqm": 1396.7, "source_id": "OSM-DERIVED-CORRIDOR-20260808", "source_type": "osm", "confidence": "medium", "geometry_role": "existing_condition"}, "geometry": {"type": "Polygon", "coordinates": [[[116.34214649999998, 40.00722760000001], [116.34214649999998, 40.0070955], [116.34299690000002, 40.00709549999999], [116.34299690000002, 40.006972899999994], [116.34197729999998, 40.006972999999995], [116.34197729999998, 40.0072277], [116.34214649999998, 40.00722760000001]]]}}, {"type": "Feature", "id": "BF-00629", "properties": {"id": "BF-00629", "layer": "BUILDING_FOOTPRINT", "building_type": "existing_retained", "area_sqm": 1480.7, "source_id": "OSM-DERIVED-CORRIDOR-20260808", "source_type": "osm", "confidence": "medium", "geometry_role": "existing_condition"}, "geometry": {"type": "Polygon", "coordinates": [[[116.3430101, 40.0075682], [116.3430115, 40.0074195], [116.34196100000001, 40.00741359999999], [116.34195950000002, 40.007562199999995], [116.3430101, 40.0075682]]]}}, {"type": "Feature", "id": "BF-00630", "properties": {"id": "BF-00630", "layer": "BUILDING_FOOTPRINT", "building_type": "existing_retained", "area_sqm": 1360.6, "source_id": "OSM-DERIVED-CORRIDOR-20260808", "source_type": "osm", "confidence": "medium", "geometry_role": "existing_condition"}, "geometry": {"type": "Polygon", "coordinates": [[[116.3430245, 40.0078576], [116.3430292, 40.0077243], [116.34195260000001, 40.0077021], [116.34194789999998, 40.007835199999995], [116.3430245, 40.0078576]]]}}, {"type": "Feature", "id": "BF-00631", "properties": {"id": "BF-00631", "layer": "BUILDING_FOOTPRINT", "building_type": "existing_retained", "area_sqm": 1341.3, "source_id": "OSM-DERIVED-CORRIDOR-20260808", "source_type": "osm", "confidence": "medium", "geometry_role": "existing_condition"}, "geometry": {"type": "Polygon", "coordinates": [[[116.34206390000001, 40.0082261], [116.3420659, 40.008171100000006], [116.34302249999999, 40.00819129999999], [116.343027, 40.00806819999999], [116.3420774, 40.00804819999999], [116.3420802, 40.0079704], [116.341983, 40.0079684], [116.3419737, 40.00822420000001], [116.34206390000001, 40.0082261]]]}}, {"type": "Feature", "id": "BF-00632", "properties": {"id": "BF-00632", "layer": "BUILDING_FOOTPRINT", "building_type": "existing_retained", "area_sqm": 1188.7, "source_id": "OSM-DERIVED-CORRIDOR-20260808", "source_type": "osm", "confidence": "medium", "geometry_role": "existing_condition"}, "geometry": {"type": "Polygon", "coordinates": [[[116.343014, 40.0085292], [116.34301700000002, 40.0084136], [116.341951, 40.0083924], [116.34195410000001, 40.008512700000004], [116.343014, 40.0085292]]]}}, {"type": "Feature", "id": "BF-00633", "properties": {"id": "BF-00633", "layer": "BUILDING_FOOTPRINT", "building_type": "existing_retained", "area_sqm": 1713.5, "source_id": "OSM-DERIVED-CORRIDOR-20260808", "source_type": "osm", "confidence": "medium", "geometry_role": "existing_condition"}, "geometry": {"type": "Polygon", "coordinates": [[[116.3428537, 40.00894929999999], [116.3428507, 40.00864250000001], [116.3426689, 40.0086307], [116.3426596, 40.008765200000006], [116.34226530000001, 40.0087605], [116.34225910000002, 40.00862839999999], [116.34210200000001, 40.0086284], [116.34210200000001, 40.0089375], [116.3428537, 40.00894929999999]]]}}, {"type": "Feature", "id": "BF-00634", "properties": {"id": "BF-00634", "layer": "BUILDING_FOOTPRINT", "building_type": "existing_retained", "area_sqm": 1734.7, "source_id": "OSM-DERIVED-CORRIDOR-20260808", "source_type": "osm", "confidence": "medium", "geometry_role": "existing_condition"}, "geometry": {"type": "Polygon", "coordinates": [[[116.344422, 40.009083799999985], [116.344422, 40.00891159999999], [116.34331899999998, 40.00891159999999], [116.3433097, 40.00906969999999], [116.344422, 40.009083799999985]]]}}, {"type": "Feature", "id": "BF-00635", "properties": {"id": "BF-00635", "layer": "BUILDING_FOOTPRINT", "building_type": "existing_retained", "area_sqm": 706.6, "source_id": "OSM-DERIVED-CORRIDOR-20260808", "source_type": "osm", "confidence": "medium", "geometry_role": "existing_condition"}, "geometry": {"type": "Polygon", "coordinates": [[[116.345029, 40.00908379999999], [116.3450444, 40.00892100000001], [116.34458529999999, 40.008920999999994], [116.3445791, 40.00908619999999], [116.345029, 40.00908379999999]]]}}, {"type": "Feature", "id": "BF-00636", "properties": {"id": "BF-00636", "layer": "BUILDING_FOOTPRINT", "building_type": "existing_retained", "area_sqm": 2954.8, "source_id": "OSM-DERIVED-CORRIDOR-20260808", "source_type": "osm", "confidence": "medium", "geometry_role": "existing_condition"}, "geometry": {"type": "Polygon", "coordinates": [[[116.3450181, 40.0086939], [116.3450229, 40.0085096], [116.3433335, 40.00848369999999], [116.3433287, 40.0086682], [116.3450181, 40.0086939]]]}}, {"type": "Feature", "id": "BF-00637", "properties": {"id": "BF-00637", "layer": "BUILDING_FOOTPRINT", "building_type": "existing_retained", "area_sqm": 710.0, "source_id": "OSM-DERIVED-CORRIDOR-20260808", "source_type": "osm", "confidence": "medium", "geometry_role": "existing_condition"}, "geometry": {"type": "Polygon", "coordinates": [[[116.3492572, 39.9456059], [116.34925820000001, 39.94548170000001], [116.3486558, 39.94547879999999], [116.34865480000002, 39.945603], [116.3492572, 39.9456059]]]}}, {"type": "Feature", "id": "BF-00638", "properties": {"id": "BF-00638", "layer": "BUILDING_FOOTPRINT", "building_type": "existing_retained", "area_sqm": 693.0, "source_id": "OSM-DERIVED-CORRIDOR-20260808", "source_type": "osm", "confidence": "medium", "geometry_role": "existing_condition"}, "geometry": {"type": "Polygon", "coordinates": [[[116.3492749, 39.94524139999999], [116.34927560000001, 39.9451202], [116.3486733, 39.945118099999995], [116.34867259999999, 39.945239399999984], [116.3492749, 39.94524139999999]]]}}, {"type": "Feature", "id": "BF-00639", "properties": {"id": "BF-00639", "layer": "BUILDING_FOOTPRINT", "building_type": "existing_retained", "area_sqm": 785.0, "source_id": "OSM-DERIVED-CORRIDOR-20260808", "source_type": "osm", "confidence": "medium", "geometry_role": "existing_condition"}, "geometry": {"type": "Polygon", "coordinates": [[[116.34893570000001, 39.94489389999999], [116.34909409999999, 39.9448942], [116.3492646, 39.9448946], [116.34926510000001, 39.9447559], [116.3486686, 39.944754700000004], [116.34866809999998, 39.9448934], [116.34893570000001, 39.94489389999999]]]}}, {"type": "Feature", "id": "BF-00640", "properties": {"id": "BF-00640", "layer": "BUILDING_FOOTPRINT", "building_type": "existing_retained", "area_sqm": 582.2, "source_id": "OSM-DERIVED-CORRIDOR-20260808", "source_type": "osm", "confidence": "medium", "geometry_role": "existing_condition"}, "geometry": {"type": "Polygon", "coordinates": [[[116.3492052, 39.94660759999999], [116.3492134, 39.94652029999999], [116.34849379999999, 39.94652339999999], [116.34849379999999, 39.94660759999999], [116.3492052, 39.94660759999999]]]}}, {"type": "Feature", "id": "BF-00641", "properties": {"id": "BF-00641", "layer": "BUILDING_FOOTPRINT", "building_type": "existing_retained", "area_sqm": 389.8, "source_id": "OSM-DERIVED-CORRIDOR-20260808", "source_type": "osm", "confidence": "medium", "geometry_role": "existing_condition"}, "geometry": {"type": "Polygon", "coordinates": [[[116.34916460000001, 39.946978499999986], [116.34918080000001, 39.946897400000005], [116.34868480000002, 39.94689429999999], [116.34868480000002, 39.94698160000001], [116.34916460000001, 39.946978499999986]]]}}, {"type": "Feature", "id": "BF-00642", "properties": {"id": "BF-00642", "layer": "BUILDING_FOOTPRINT", "building_type": "existing_retained", "area_sqm": 837.8, "source_id": "OSM-DERIVED-CORRIDOR-20260808", "source_type": "osm", "confidence": "medium", "geometry_role": "existing_condition"}, "geometry": {"type": "Polygon", "coordinates": [[[116.34844090000001, 39.947252799999994], [116.34844450000001, 39.947202000000004], [116.3484816, 39.9466699], [116.34830680000002, 39.9466793], [116.34831080000001, 39.947255899999995], [116.34844090000001, 39.947252799999994]]]}}, {"type": "Feature", "id": "BF-00643", "properties": {"id": "BF-00643", "layer": "BUILDING_FOOTPRINT", "building_type": "existing_retained", "area_sqm": 845.6, "source_id": "OSM-DERIVED-CORRIDOR-20260808", "source_type": "osm", "confidence": "medium", "geometry_role": "existing_condition"}, "geometry": {"type": "Polygon", "coordinates": [[[116.3487534, 39.947329800000006], [116.3487534, 39.9473641], [116.3492047, 39.94735479999999], [116.3491966, 39.94723629999999], [116.348786, 39.947245699999996], [116.348786, 39.9471989], [116.34844450000001, 39.947202000000004], [116.3485054, 39.9472176], [116.34846070000002, 39.947326700000005], [116.3487534, 39.947329800000006]]]}}, {"type": "Feature", "id": "BF-00644", "properties": {"id": "BF-00644", "layer": "BUILDING_FOOTPRINT", "building_type": "existing_retained", "area_sqm": 6073.5, "source_id": "OSM-DERIVED-CORRIDOR-20260808", "source_type": "osm", "confidence": "medium", "geometry_role": "existing_condition"}, "geometry": {"type": "Polygon", "coordinates": [[[116.3483186, 39.9498428], [116.3485101, 39.94978909999999], [116.3488137, 39.949671], [116.34897710000001, 39.949398900000006], [116.34907519999999, 39.948990699999996], [116.3481599, 39.9489979], [116.34811780000001, 39.94982850000001], [116.3483186, 39.9498428]]]}}, {"type": "Feature", "id": "BF-00645", "properties": {"id": "BF-00645", "layer": "BUILDING_FOOTPRINT", "building_type": "existing_retained", "area_sqm": 662.6, "source_id": "OSM-DERIVED-CORRIDOR-20260808", "source_type": "osm", "confidence": "medium", "geometry_role": "existing_condition"}, "geometry": {"type": "Polygon", "coordinates": [[[116.34864550000002, 39.9485361], [116.3486502, 39.9483392], [116.3482766, 39.948349900000004], [116.3483186, 39.948550400000016], [116.34864550000002, 39.9485361]]]}}, {"type": "Feature", "id": "BF-00646", "properties": {"id": "BF-00646", "layer": "BUILDING_FOOTPRINT", "building_type": "existing_retained", "area_sqm": 804.4, "source_id": "OSM-DERIVED-CORRIDOR-20260808", "source_type": "osm", "confidence": "medium", "geometry_role": "existing_condition"}, "geometry": {"type": "Polygon", "coordinates": [[[116.34936470000001, 39.948550400000016], [116.3493787, 39.94831769999999], [116.34900049999999, 39.94832480000001], [116.3490145, 39.9485576], [116.34936470000001, 39.948550400000016]]]}}, {"type": "Feature", "id": "BF-00647", "properties": {"id": "BF-00647", "layer": "BUILDING_FOOTPRINT", "building_type": "existing_retained", "area_sqm": 655.2, "source_id": "OSM-DERIVED-CORRIDOR-20260808", "source_type": "osm", "confidence": "medium", "geometry_role": "existing_condition"}, "geometry": {"type": "Polygon", "coordinates": [[[116.3487375, 39.9478434], [116.3487375, 39.947646000000006], [116.3483781, 39.947646], [116.348405, 39.94784760000001], [116.3487375, 39.9478434]]]}}, {"type": "Feature", "id": "BF-00648", "properties": {"id": "BF-00648", "layer": "BUILDING_FOOTPRINT", "building_type": "existing_retained", "area_sqm": 714.9, "source_id": "OSM-DERIVED-CORRIDOR-20260808", "source_type": "osm", "confidence": "medium", "geometry_role": "existing_condition"}, "geometry": {"type": "Polygon", "coordinates": [[[116.34957980000001, 39.94782699999999], [116.3495851, 39.9476255], [116.34920419999999, 39.9476296], [116.34923639999998, 39.94784339999999], [116.34957980000001, 39.94782699999999]]]}}, {"type": "Feature", "id": "BF-00649", "properties": {"id": "BF-00649", "layer": "BUILDING_FOOTPRINT", "building_type": "existing_retained", "area_sqm": 11499.2, "source_id": "OSM-DERIVED-CORRIDOR-20260808", "source_type": "osm", "confidence": "medium", "geometry_role": "existing_condition"}, "geometry": {"type": "Polygon", "coordinates": [[[116.34515620000002, 39.9763343], [116.3451581, 39.976295900000004], [116.34561680000002, 39.976309199999996], [116.3456148, 39.97634879999999], [116.3463109, 39.97636889999999], [116.3463444, 39.975688399999996], [116.34564379999999, 39.97566820000001], [116.3456416, 39.9757116], [116.3451843, 39.97569839999999], [116.34518630000001, 39.9756573], [116.3445059, 39.9756376], [116.3444726, 39.9763146], [116.34515620000002, 39.9763343]]]}}, {"type": "Feature", "id": "BF-00650", "properties": {"id": "BF-00650", "layer": "BUILDING_FOOTPRINT", "building_type": "existing_retained", "area_sqm": 227.1, "source_id": "OSM-DERIVED-CORRIDOR-20260808", "source_type": "osm", "confidence": "medium", "geometry_role": "existing_condition"}, "geometry": {"type": "Polygon", "coordinates": [[[116.33794429999999, 39.98102140000001], [116.3379524, 39.9808893], [116.33796100000002, 39.98074849999999], [116.33787349999999, 39.98074530000001], [116.3378568, 39.9810183], [116.33794429999999, 39.98102140000001]]]}}, {"type": "Feature", "id": "BF-00651", "properties": {"id": "BF-00651", "layer": "BUILDING_FOOTPRINT", "building_type": "existing_retained", "area_sqm": 2313.6, "source_id": "OSM-DERIVED-CORRIDOR-20260808", "source_type": "osm", "confidence": "medium", "geometry_role": "existing_condition"}, "geometry": {"type": "Polygon", "coordinates": [[[116.3464048, 39.9797351], [116.34682380000001, 39.9797458], [116.34683630000002, 39.9794577], [116.3459905, 39.97943620000001], [116.3459835, 39.979598599999996], [116.34597800000002, 39.979724299999994], [116.3464048, 39.9797351]]]}}, {"type": "Feature", "id": "BF-00652", "properties": {"id": "BF-00652", "layer": "BUILDING_FOOTPRINT", "building_type": "existing_retained", "area_sqm": 4368.0, "source_id": "OSM-DERIVED-CORRIDOR-20260808", "source_type": "osm", "confidence": "medium", "geometry_role": "existing_condition"}, "geometry": {"type": "Polygon", "coordinates": [[[116.34563230000002, 39.97927090000001], [116.3460562, 39.979278099999995], [116.34607250000002, 39.97871630000001], [116.34525319999999, 39.9787024], [116.34523690000002, 39.9792642], [116.34563230000002, 39.97927090000001]]]}}, {"type": "Feature", "id": "BF-00653", "properties": {"id": "BF-00653", "layer": "BUILDING_FOOTPRINT", "building_type": "existing_retained", "area_sqm": 2357.9, "source_id": "OSM-DERIVED-CORRIDOR-20260808", "source_type": "osm", "confidence": "medium", "geometry_role": "existing_condition"}, "geometry": {"type": "Polygon", "coordinates": [[[116.34513469999999, 39.979686], [116.34514090000002, 39.979539], [116.34514690000002, 39.9793958], [116.3442912, 39.97937470000001], [116.3442854, 39.979512199999995], [116.34427900000001, 39.9796649], [116.34513469999999, 39.979686]]]}}, {"type": "Feature", "id": "BF-00654", "properties": {"id": "BF-00654", "layer": "BUILDING_FOOTPRINT", "building_type": "existing_retained", "area_sqm": 1402.0, "source_id": "OSM-DERIVED-CORRIDOR-20260808", "source_type": "osm", "confidence": "medium", "geometry_role": "existing_condition"}, "geometry": {"type": "Polygon", "coordinates": [[[116.3414766, 39.98360339999999], [116.34147139999999, 39.98369829999999], [116.34155779999999, 39.983701100000005], [116.3415721, 39.9834417], [116.34120160000002, 39.983429699999995], [116.3407248, 39.98341429999999], [116.3407157, 39.983578699999995], [116.3414766, 39.98360339999999]]]}}, {"type": "Feature", "id": "BF-00655", "properties": {"id": "BF-00655", "layer": "BUILDING_FOOTPRINT", "building_type": "existing_retained", "area_sqm": 750.6, "source_id": "OSM-DERIVED-CORRIDOR-20260808", "source_type": "osm", "confidence": "medium", "geometry_role": "existing_condition"}, "geometry": {"type": "Polygon", "coordinates": [[[116.3431219, 39.97829659999999], [116.34332100000002, 39.9783002], [116.3433236, 39.978212], [116.34336729999998, 39.978212799999994], [116.3433701, 39.978122], [116.34290660000002, 39.9781137], [116.3429012, 39.97829269999999], [116.3431219, 39.97829659999999]]]}}, {"type": "Feature", "id": "BF-00656", "properties": {"id": "BF-00656", "layer": "BUILDING_FOOTPRINT", "building_type": "existing_retained", "area_sqm": 802.9, "source_id": "OSM-DERIVED-CORRIDOR-20260808", "source_type": "osm", "confidence": "medium", "geometry_role": "existing_condition"}, "geometry": {"type": "Polygon", "coordinates": [[[116.33298960000002, 39.9956898], [116.3329931, 39.99555899999999], [116.33234610000001, 39.99554899999999], [116.3323426, 39.9956798], [116.33298960000002, 39.9956898]]]}}, {"type": "Feature", "id": "BF-00657", "properties": {"id": "BF-00657", "layer": "BUILDING_FOOTPRINT", "building_type": "existing_retained", "area_sqm": 778.0, "source_id": "OSM-DERIVED-CORRIDOR-20260808", "source_type": "osm", "confidence": "medium", "geometry_role": "existing_condition"}, "geometry": {"type": "Polygon", "coordinates": [[[116.3329941, 39.99536129999999], [116.3329986, 39.9952284], [116.3323819, 39.9952162], [116.33237739999998, 39.99534919999999], [116.3329941, 39.99536129999999]]]}}, {"type": "Feature", "id": "BF-00658", "properties": {"id": "BF-00658", "layer": "BUILDING_FOOTPRINT", "building_type": "existing_retained", "area_sqm": 1343.7, "source_id": "OSM-DERIVED-CORRIDOR-20260808", "source_type": "osm", "confidence": "medium", "geometry_role": "existing_condition"}, "geometry": {"type": "Polygon", "coordinates": [[[116.3329022, 39.99494979999999], [116.3329004, 39.995001599999995], [116.33332060000001, 39.99501080000001], [116.33332590000002, 39.9948647], [116.33289360000002, 39.9948553], [116.33289579999999, 39.9947971], [116.3323771, 39.99478580000001], [116.3323714, 39.994938199999986], [116.3329022, 39.99494979999999]]]}}, {"type": "Feature", "id": "BF-00659", "properties": {"id": "BF-00659", "layer": "BUILDING_FOOTPRINT", "building_type": "existing_retained", "area_sqm": 3285.0, "source_id": "OSM-DERIVED-CORRIDOR-20260808", "source_type": "osm", "confidence": "medium", "geometry_role": "existing_condition"}, "geometry": {"type": "Polygon", "coordinates": [[[116.33912160000001, 39.97966009999999], [116.3391457, 39.9792367], [116.33918790000001, 39.97849670000001], [116.3392112, 39.978087699999996], [116.33899140000001, 39.9780804], [116.33890170000001, 39.9796527], [116.33912160000001, 39.97966009999999]]]}}, {"type": "Feature", "id": "BF-00660", "properties": {"id": "BF-00660", "layer": "BUILDING_FOOTPRINT", "building_type": "existing_retained", "area_sqm": 773.0, "source_id": "OSM-DERIVED-CORRIDOR-20260808", "source_type": "osm", "confidence": "medium", "geometry_role": "existing_condition"}, "geometry": {"type": "MultiPolygon", "coordinates": [[[[116.3457018, 39.99974069999999], [116.34627318693273, 39.999757281612176], [116.34627428079699, 39.99973242801001], [116.34570310984847, 39.999713976467014], [116.3457018, 39.99974069999999]]], [[[116.34570476309582, 39.99968024687432], [116.34616510928966, 39.999686949761866], [116.3462762344643, 39.999688044101376], [116.34628062561929, 39.99958945029558], [116.34574917933176, 39.99957425001281], [116.3457100078928, 39.99957324214839], [116.34570476309582, 39.99968024687432]]], [[[116.3457115, 39.9995428], [116.34571067270133, 39.999559678649725], [116.34613591276293, 39.999567449813426], [116.34617520937157, 39.999568049761656], [116.34628153412947, 39.99956904438077], [116.3462819626027, 39.999559262666345], [116.3457115, 39.9995428]]]]}}, {"type": "Feature", "id": "BF-00661", "properties": {"id": "BF-00661", "layer": "BUILDING_FOOTPRINT", "building_type": "existing_retained", "area_sqm": 1357.1, "source_id": "OSM-DERIVED-CORRIDOR-20260808", "source_type": "osm", "confidence": "medium", "geometry_role": "existing_condition"}, "geometry": {"type": "Polygon", "coordinates": [[[116.34050440000001, 39.9877897], [116.34051190000001, 39.987586199999996], [116.33979879999998, 39.9875804], [116.3397912, 39.987777999999985], [116.34050440000001, 39.9877897]]]}}, {"type": "Feature", "id": "BF-00662", "properties": {"id": "BF-00662", "layer": "BUILDING_FOOTPRINT", "building_type": "existing_retained", "area_sqm": 4844.1, "source_id": "OSM-DERIVED-CORRIDOR-20260808", "source_type": "osm", "confidence": "medium", "geometry_role": "existing_condition"}, "geometry": {"type": "Polygon", "coordinates": [[[116.34176360000001, 39.9881209], [116.3417712, 39.98793489999999], [116.3419114, 39.9879382], [116.34189590000001, 39.98832169999999], [116.34211640000001, 39.98832699999999], [116.3421357, 39.98784969999999], [116.3421389, 39.9877694], [116.3407703, 39.987736899999994], [116.34075580000001, 39.98809700000001], [116.34176360000001, 39.9881209]]]}}, {"type": "Feature", "id": "BF-00663", "properties": {"id": "BF-00663", "layer": "BUILDING_FOOTPRINT", "building_type": "existing_retained", "area_sqm": 184.6, "source_id": "OSM-DERIVED-CORRIDOR-20260808", "source_type": "osm", "confidence": "medium", "geometry_role": "existing_condition"}, "geometry": {"type": "Polygon", "coordinates": [[[116.3401486, 39.9725074], [116.3401486, 39.9722459], [116.3400742, 39.97224589999999], [116.3400742, 39.9725074], [116.3401486, 39.9725074]]]}}, {"type": "Feature", "id": "BF-00664", "properties": {"id": "BF-00664", "layer": "BUILDING_FOOTPRINT", "building_type": "existing_retained", "area_sqm": 188.7, "source_id": "OSM-DERIVED-CORRIDOR-20260808", "source_type": "osm", "confidence": "medium", "geometry_role": "existing_condition"}, "geometry": {"type": "Polygon", "coordinates": [[[116.3409144, 39.972515200000004], [116.34091879999998, 39.9722351], [116.34084780000002, 39.9722345], [116.34084340000001, 39.972514600000004], [116.3409144, 39.972515200000004]]]}}, {"type": "Feature", "id": "BF-00665", "properties": {"id": "BF-00665", "layer": "BUILDING_FOOTPRINT", "building_type": "existing_retained", "area_sqm": 834.0, "source_id": "OSM-DERIVED-CORRIDOR-20260808", "source_type": "osm", "confidence": "medium", "geometry_role": "existing_condition"}, "geometry": {"type": "Polygon", "coordinates": [[[116.3324627, 39.998463099999995], [116.3324443, 39.99851249999999], [116.3324491, 39.9985637], [116.3324728, 39.99860619999999], [116.3325125, 39.9986411], [116.3325643, 39.99866479999999], [116.3326232, 39.99867509999999], [116.33268330000001, 39.998670999999995], [116.33273880000002, 39.998652799999995], [116.3327843, 39.99862240000001], [116.3328153, 39.9985827], [116.3328287, 39.9985377], [116.3328234, 39.9984916], [116.332796, 39.998444799999994], [116.33274930000002, 39.998407900000004], [116.33268910000001, 39.99838549999998], [116.33262240000002, 39.9983802], [116.33255739999998, 39.9983928], [116.332502, 39.99842149999999], [116.3324627, 39.998463099999995]]]}}, {"type": "Feature", "id": "BF-00666", "properties": {"id": "BF-00666", "layer": "BUILDING_FOOTPRINT", "building_type": "existing_retained", "area_sqm": 2597.7, "source_id": "OSM-DERIVED-CORRIDOR-20260808", "source_type": "osm", "confidence": "medium", "geometry_role": "existing_condition"}, "geometry": {"type": "Polygon", "coordinates": [[[116.34002170000001, 39.99065360000001], [116.34002980000001, 39.9902981], [116.33999320000001, 39.99022959999999], [116.33988750000002, 39.99017669999999], [116.3397533, 39.990182899999986], [116.3397249, 39.990151699999984], [116.339456, 39.9901482], [116.33944479999998, 39.9906459], [116.34002170000001, 39.99065360000001]]]}}, {"type": "Feature", "id": "BF-00667", "properties": {"id": "BF-00667", "layer": "BUILDING_FOOTPRINT", "building_type": "existing_retained", "area_sqm": 6307.2, "source_id": "OSM-DERIVED-CORRIDOR-20260808", "source_type": "osm", "confidence": "medium", "geometry_role": "existing_condition"}, "geometry": {"type": "Polygon", "coordinates": [[[116.34249320000002, 40.00426319999999], [116.34250070000002, 40.00364720000001], [116.341431, 40.003635599999996], [116.3414235, 40.0042632], [116.34249320000002, 40.00426319999999]]]}}, {"type": "Feature", "id": "BF-00668", "properties": {"id": "BF-00668", "layer": "BUILDING_FOOTPRINT", "building_type": "existing_retained", "area_sqm": 1009.3, "source_id": "OSM-DERIVED-CORRIDOR-20260808", "source_type": "osm", "confidence": "medium", "geometry_role": "existing_condition"}, "geometry": {"type": "Polygon", "coordinates": [[[116.33703430000001, 39.9814596], [116.33699680000001, 39.981428799999996], [116.3369079, 39.98142649999998], [116.33689920000002, 39.981628699999995], [116.3369592, 39.981630199999984], [116.3370386, 39.98162960000001], [116.33704240000002, 39.9816528], [116.3377881, 39.981683600000004], [116.33779340000001, 39.98164040000001], [116.3379061, 39.9816487], [116.3379168, 39.9814801], [116.3378873, 39.98147190000001], [116.33779700000001, 39.98146880000001], [116.33779, 39.9815991], [116.3370285, 39.98157690000001], [116.33703430000001, 39.9814596]]]}}, {"type": "Feature", "id": "BF-00669", "properties": {"id": "BF-00669", "layer": "BUILDING_FOOTPRINT", "building_type": "existing_retained", "area_sqm": 929.8, "source_id": "OSM-DERIVED-CORRIDOR-20260808", "source_type": "osm", "confidence": "medium", "geometry_role": "existing_condition"}, "geometry": {"type": "Polygon", "coordinates": [[[116.33803730000001, 39.9945771], [116.33804450000001, 39.9944116], [116.3374526, 39.994396499999986], [116.33744530000001, 39.994561899999994], [116.33803730000001, 39.9945771]]]}}, {"type": "Feature", "id": "BF-00670", "properties": {"id": "BF-00670", "layer": "BUILDING_FOOTPRINT", "building_type": "existing_retained", "area_sqm": 927.0, "source_id": "OSM-DERIVED-CORRIDOR-20260808", "source_type": "osm", "confidence": "medium", "geometry_role": "existing_condition"}, "geometry": {"type": "Polygon", "coordinates": [[[116.3377527, 39.988102999999995], [116.3377635, 39.987951400000014], [116.3371209, 39.98792439999999], [116.3371101, 39.98807610000001], [116.3377527, 39.988102999999995]]]}}, {"type": "Feature", "id": "BF-00671", "properties": {"id": "BF-00671", "layer": "BUILDING_FOOTPRINT", "building_type": "existing_retained", "area_sqm": 1979.7, "source_id": "OSM-DERIVED-CORRIDOR-20260808", "source_type": "osm", "confidence": "medium", "geometry_role": "existing_condition"}, "geometry": {"type": "Polygon", "coordinates": [[[116.34100900000001, 39.9915603], [116.34100090000001, 39.9914288], [116.33943180000001, 39.991398000000004], [116.3394265, 39.99153149999999], [116.34100900000001, 39.9915603]]]}}, {"type": "Feature", "id": "BF-00672", "properties": {"id": "BF-00672", "layer": "BUILDING_FOOTPRINT", "building_type": "existing_retained", "area_sqm": 1148.4, "source_id": "OSM-DERIVED-CORRIDOR-20260808", "source_type": "osm", "confidence": "medium", "geometry_role": "existing_condition"}, "geometry": {"type": "Polygon", "coordinates": [[[116.3384331, 39.99149870000001], [116.3384378, 39.9913825], [116.3373963, 39.991357499999985], [116.3373915, 39.9914736], [116.3384331, 39.99149870000001]]]}}, {"type": "Feature", "id": "BF-00673", "properties": {"id": "BF-00673", "layer": "BUILDING_FOOTPRINT", "building_type": "existing_retained", "area_sqm": 1270.2, "source_id": "OSM-DERIVED-CORRIDOR-20260808", "source_type": "osm", "confidence": "medium", "geometry_role": "existing_condition"}, "geometry": {"type": "Polygon", "coordinates": [[[116.33849, 39.99094850000001], [116.33849670000001, 39.9908263], [116.33740249999998, 39.99079129999999], [116.3373959, 39.99091349999999], [116.33849, 39.99094850000001]]]}}, {"type": "Feature", "id": "BF-00674", "properties": {"id": "BF-00674", "layer": "BUILDING_FOOTPRINT", "building_type": "existing_retained", "area_sqm": 1104.2, "source_id": "OSM-DERIVED-CORRIDOR-20260808", "source_type": "osm", "confidence": "medium", "geometry_role": "existing_condition"}, "geometry": {"type": "Polygon", "coordinates": [[[116.33848109999998, 39.99072350000001], [116.3384875, 39.9906069], [116.3374907, 39.99057489999999], [116.33748430000001, 39.9906915], [116.33848109999998, 39.99072350000001]]]}}, {"type": "Feature", "id": "BF-00675", "properties": {"id": "BF-00675", "layer": "BUILDING_FOOTPRINT", "building_type": "existing_retained", "area_sqm": 1399.1, "source_id": "OSM-DERIVED-CORRIDOR-20260808", "source_type": "osm", "confidence": "medium", "geometry_role": "existing_condition"}, "geometry": {"type": "Polygon", "coordinates": [[[116.3390828, 39.98957169999999], [116.3390881, 39.98939609999999], [116.33824820000001, 39.9893812], [116.3382429, 39.9895567], [116.3390828, 39.98957169999999]]]}}, {"type": "Feature", "id": "BF-00676", "properties": {"id": "BF-00676", "layer": "BUILDING_FOOTPRINT", "building_type": "existing_retained", "area_sqm": 1687.3, "source_id": "OSM-DERIVED-CORRIDOR-20260808", "source_type": "osm", "confidence": "medium", "geometry_role": "existing_condition"}, "geometry": {"type": "Polygon", "coordinates": [[[116.33914880000002, 39.98923539999999], [116.33916330000001, 39.9889663], [116.33894420000001, 39.9889593], [116.3389396, 39.989045100000006], [116.33829269999998, 39.989024699999995], [116.3382828, 39.9892081], [116.33914880000002, 39.98923539999999]]]}}, {"type": "Feature", "id": "BF-00677", "properties": {"id": "BF-00677", "layer": "BUILDING_FOOTPRINT", "building_type": "existing_retained", "area_sqm": 697.1, "source_id": "OSM-DERIVED-CORRIDOR-20260808", "source_type": "osm", "confidence": "medium", "geometry_role": "existing_condition"}, "geometry": {"type": "Polygon", "coordinates": [[[116.3387789, 39.988844099999994], [116.3387848, 39.9886925], [116.3383002, 39.98868149999999], [116.3382943, 39.988833], [116.3387789, 39.988844099999994]]]}}, {"type": "Feature", "id": "BF-00678", "properties": {"id": "BF-00678", "layer": "BUILDING_FOOTPRINT", "building_type": "existing_retained", "area_sqm": 1742.3, "source_id": "OSM-DERIVED-CORRIDOR-20260808", "source_type": "osm", "confidence": "medium", "geometry_role": "existing_condition"}, "geometry": {"type": "Polygon", "coordinates": [[[116.3398681, 39.9889116], [116.3398786, 39.9887321], [116.3388569, 39.988696999999995], [116.3388464, 39.9888764], [116.3398681, 39.9889116]]]}}, {"type": "Feature", "id": "BF-00679", "properties": {"id": "BF-00679", "layer": "BUILDING_FOOTPRINT", "building_type": "existing_retained", "area_sqm": 2055.4, "source_id": "OSM-DERIVED-CORRIDOR-20260808", "source_type": "osm", "confidence": "medium", "geometry_role": "existing_condition"}, "geometry": {"type": "Polygon", "coordinates": [[[116.341142, 39.9889403], [116.3411525, 39.9887635], [116.33992890000002, 39.988720699999995], [116.33991840000002, 39.98889739999999], [116.341142, 39.9889403]]]}}, {"type": "Feature", "id": "BF-00680", "properties": {"id": "BF-00680", "layer": "BUILDING_FOOTPRINT", "building_type": "existing_retained", "area_sqm": 1467.5, "source_id": "OSM-DERIVED-CORRIDOR-20260808", "source_type": "osm", "confidence": "medium", "geometry_role": "existing_condition"}, "geometry": {"type": "Polygon", "coordinates": [[[116.3420718, 39.98895639999999], [116.3420798, 39.98877600000001], [116.3412228, 39.988753700000004], [116.34121480000002, 39.98893399999999], [116.3420718, 39.98895639999999]]]}}, {"type": "Feature", "id": "BF-00681", "properties": {"id": "BF-00681", "layer": "BUILDING_FOOTPRINT", "building_type": "existing_retained", "area_sqm": 813.0, "source_id": "OSM-DERIVED-CORRIDOR-20260808", "source_type": "osm", "confidence": "medium", "geometry_role": "existing_condition"}, "geometry": {"type": "Polygon", "coordinates": [[[116.338683, 39.98811399999999], [116.33868569999998, 39.98800309999999], [116.3380707, 39.98799419999999], [116.3380716, 39.987955899999996], [116.3379141, 39.98795359999999], [116.33791150000002, 39.98806119999999], [116.3380557, 39.9880632], [116.33805470000001, 39.9881049], [116.338683, 39.98811399999999]]]}}, {"type": "Feature", "id": "BF-00682", "properties": {"id": "BF-00682", "layer": "BUILDING_FOOTPRINT", "building_type": "existing_retained", "area_sqm": 3267.4, "source_id": "OSM-DERIVED-CORRIDOR-20260808", "source_type": "osm", "confidence": "medium", "geometry_role": "existing_condition"}, "geometry": {"type": "Polygon", "coordinates": [[[116.34041920000001, 39.9885029], [116.3404308, 39.98828209999999], [116.338873, 39.988234000000006], [116.33886140000001, 39.98845479999999], [116.34041920000001, 39.9885029]]]}}, {"type": "Feature", "id": "BF-00683", "properties": {"id": "BF-00683", "layer": "BUILDING_FOOTPRINT", "building_type": "existing_retained", "area_sqm": 1745.2, "source_id": "OSM-DERIVED-CORRIDOR-20260808", "source_type": "osm", "confidence": "medium", "geometry_role": "existing_condition"}, "geometry": {"type": "Polygon", "coordinates": [[[116.33958690000001, 39.9881902], [116.33959800000001, 39.987939299999994], [116.3388655, 39.987920200000005], [116.33885430000001, 39.9881711], [116.33958690000001, 39.9881902]]]}}, {"type": "Feature", "id": "BF-00684", "properties": {"id": "BF-00684", "layer": "BUILDING_FOOTPRINT", "building_type": "existing_retained", "area_sqm": 1132.2, "source_id": "OSM-DERIVED-CORRIDOR-20260808", "source_type": "osm", "confidence": "medium", "geometry_role": "existing_condition"}, "geometry": {"type": "Polygon", "coordinates": [[[116.3395652, 39.987749099999995], [116.33956859999999, 39.9875744], [116.3388854, 39.987566599999994], [116.338882, 39.987741299999996], [116.3395652, 39.987749099999995]]]}}, {"type": "Feature", "id": "BF-00685", "properties": {"id": "BF-00685", "layer": "BUILDING_FOOTPRINT", "building_type": "existing_retained", "area_sqm": 1224.6, "source_id": "OSM-DERIVED-CORRIDOR-20260808", "source_type": "osm", "confidence": "medium", "geometry_role": "existing_condition"}, "geometry": {"type": "Polygon", "coordinates": [[[116.3403856, 39.9881908], [116.3403977, 39.9879867], [116.3397665, 39.987964799999986], [116.3397544, 39.988169], [116.3403856, 39.9881908]]]}}, {"type": "Feature", "id": "BF-00686", "properties": {"id": "BF-00686", "layer": "BUILDING_FOOTPRINT", "building_type": "existing_retained", "area_sqm": 839.7, "source_id": "OSM-DERIVED-CORRIDOR-20260808", "source_type": "osm", "confidence": "medium", "geometry_role": "existing_condition"}, "geometry": {"type": "Polygon", "coordinates": [[[116.34119809999999, 39.98847570000001], [116.3412039, 39.98834580000001], [116.3405231, 39.988327799999986], [116.34051729999999, 39.988457699999984], [116.34119809999999, 39.98847570000001]]]}}, {"type": "Feature", "id": "BF-00687", "properties": {"id": "BF-00687", "layer": "BUILDING_FOOTPRINT", "building_type": "existing_retained", "area_sqm": 1058.8, "source_id": "OSM-DERIVED-CORRIDOR-20260808", "source_type": "osm", "confidence": "medium", "geometry_role": "existing_condition"}, "geometry": {"type": "Polygon", "coordinates": [[[116.34209010000001, 39.9885088], [116.3420941, 39.98837239999999], [116.341276, 39.98835820000001], [116.341272, 39.988494599999996], [116.34209010000001, 39.9885088]]]}}, {"type": "Feature", "id": "BF-00688", "properties": {"id": "BF-00688", "layer": "BUILDING_FOOTPRINT", "building_type": "existing_retained", "area_sqm": 1057.1, "source_id": "OSM-DERIVED-CORRIDOR-20260808", "source_type": "osm", "confidence": "medium", "geometry_role": "existing_condition"}, "geometry": {"type": "Polygon", "coordinates": [[[116.3367009, 39.9893633], [116.3367035, 39.9892195], [116.33592849999998, 39.989211199999986], [116.33592590000002, 39.989355], [116.3367009, 39.9893633]]]}}, {"type": "Feature", "id": "BF-00689", "properties": {"id": "BF-00689", "layer": "BUILDING_FOOTPRINT", "building_type": "existing_retained", "area_sqm": 790.2, "source_id": "OSM-DERIVED-CORRIDOR-20260808", "source_type": "osm", "confidence": "medium", "geometry_role": "existing_condition"}, "geometry": {"type": "Polygon", "coordinates": [[[116.33665629999999, 39.9890381], [116.3366607, 39.988920100000016], [116.33595579999998, 39.9889045], [116.3359513, 39.98902269999999], [116.33665629999999, 39.9890381]]]}}, {"type": "Feature", "id": "BF-00690", "properties": {"id": "BF-00690", "layer": "BUILDING_FOOTPRINT", "building_type": "existing_retained", "area_sqm": 1107.7, "source_id": "OSM-DERIVED-CORRIDOR-20260808", "source_type": "osm", "confidence": "medium", "geometry_role": "existing_condition"}, "geometry": {"type": "Polygon", "coordinates": [[[116.3367267, 39.98872550000001], [116.33673549999999, 39.98857340000001], [116.3359691, 39.98854729999999], [116.33596029999998, 39.98869939999999], [116.3367267, 39.98872550000001]]]}}, {"type": "Feature", "id": "BF-00691", "properties": {"id": "BF-00691", "layer": "BUILDING_FOOTPRINT", "building_type": "existing_retained", "area_sqm": 866.3, "source_id": "OSM-DERIVED-CORRIDOR-20260808", "source_type": "osm", "confidence": "medium", "geometry_role": "existing_condition"}, "geometry": {"type": "Polygon", "coordinates": [[[116.3358505, 39.9886502], [116.3358587, 39.988517099999996], [116.3351736, 39.9884926], [116.3351655, 39.98862559999999], [116.3358505, 39.9886502]]]}}, {"type": "Feature", "id": "BF-00692", "properties": {"id": "BF-00692", "layer": "BUILDING_FOOTPRINT", "building_type": "existing_retained", "area_sqm": 1198.4, "source_id": "OSM-DERIVED-CORRIDOR-20260808", "source_type": "osm", "confidence": "medium", "geometry_role": "existing_condition"}, "geometry": {"type": "Polygon", "coordinates": [[[116.34032079999999, 39.9721054], [116.340318, 39.97178169999999], [116.33992770000002, 39.9717837], [116.33993050000001, 39.9721073], [116.34032079999999, 39.9721054]]]}}, {"type": "Feature", "id": "BF-00693", "properties": {"id": "BF-00693", "layer": "BUILDING_FOOTPRINT", "building_type": "existing_retained", "area_sqm": 1198.4, "source_id": "OSM-DERIVED-CORRIDOR-20260808", "source_type": "osm", "confidence": "medium", "geometry_role": "existing_condition"}, "geometry": {"type": "Polygon", "coordinates": [[[116.3410731, 39.9721064], [116.34107029999998, 39.9717827], [116.34068, 39.97178469999999], [116.3406828, 39.972108299999995], [116.3410731, 39.9721064]]]}}, {"type": "Feature", "id": "BF-00694", "properties": {"id": "BF-00694", "layer": "BUILDING_FOOTPRINT", "building_type": "existing_retained", "area_sqm": 1198.5, "source_id": "OSM-DERIVED-CORRIDOR-20260808", "source_type": "osm", "confidence": "medium", "geometry_role": "existing_condition"}, "geometry": {"type": "Polygon", "coordinates": [[[116.34146209999999, 39.97256469999999], [116.3414593, 39.97224109999999], [116.34106900000002, 39.972243000000006], [116.34107170000001, 39.9725667], [116.34146209999999, 39.97256469999999]]]}}, {"type": "Feature", "id": "BF-00695", "properties": {"id": "BF-00695", "layer": "BUILDING_FOOTPRINT", "building_type": "existing_retained", "area_sqm": 1198.4, "source_id": "OSM-DERIVED-CORRIDOR-20260808", "source_type": "osm", "confidence": "medium", "geometry_role": "existing_condition"}, "geometry": {"type": "Polygon", "coordinates": [[[116.339952, 39.97253599999999], [116.3399492, 39.972212299999995], [116.3395589, 39.9722143], [116.33956169999999, 39.9725379], [116.339952, 39.97253599999999]]]}}, {"type": "Feature", "id": "BF-00696", "properties": {"id": "BF-00696", "layer": "BUILDING_FOOTPRINT", "building_type": "existing_retained", "area_sqm": 1198.4, "source_id": "OSM-DERIVED-CORRIDOR-20260808", "source_type": "osm", "confidence": "medium", "geometry_role": "existing_condition"}, "geometry": {"type": "Polygon", "coordinates": [[[116.3420146, 39.9720426], [116.34201179999998, 39.97171899999999], [116.3416215, 39.971720899999994], [116.34162430000002, 39.9720446], [116.3420146, 39.9720426]]]}}, {"type": "Feature", "id": "BF-00697", "properties": {"id": "BF-00697", "layer": "BUILDING_FOOTPRINT", "building_type": "existing_retained", "area_sqm": 1198.4, "source_id": "OSM-DERIVED-CORRIDOR-20260808", "source_type": "osm", "confidence": "medium", "geometry_role": "existing_condition"}, "geometry": {"type": "Polygon", "coordinates": [[[116.34147550000002, 39.9715555], [116.3414727, 39.9712318], [116.3410824, 39.9712338], [116.3410852, 39.9715574], [116.34147550000002, 39.9715555]]]}}, {"type": "Feature", "id": "BF-00698", "properties": {"id": "BF-00698", "layer": "BUILDING_FOOTPRINT", "building_type": "existing_retained", "area_sqm": 1198.6, "source_id": "OSM-DERIVED-CORRIDOR-20260808", "source_type": "osm", "confidence": "medium", "geometry_role": "existing_condition"}, "geometry": {"type": "Polygon", "coordinates": [[[116.3406788, 39.9715493], [116.34067609999998, 39.9712256], [116.3402858, 39.9712276], [116.3402885, 39.971551299999994], [116.3406788, 39.9715493]]]}}, {"type": "Feature", "id": "BF-00699", "properties": {"id": "BF-00699", "layer": "BUILDING_FOOTPRINT", "building_type": "existing_retained", "area_sqm": 1198.4, "source_id": "OSM-DERIVED-CORRIDOR-20260808", "source_type": "osm", "confidence": "medium", "geometry_role": "existing_condition"}, "geometry": {"type": "Polygon", "coordinates": [[[116.3399439, 39.9715185], [116.3399411, 39.97119479999999], [116.3395508, 39.971196799999994], [116.33955360000002, 39.9715204], [116.3399439, 39.9715185]]]}}, {"type": "Feature", "id": "BF-00700", "properties": {"id": "BF-00700", "layer": "BUILDING_FOOTPRINT", "building_type": "existing_retained", "area_sqm": 1396.6, "source_id": "OSM-DERIVED-CORRIDOR-20260808", "source_type": "osm", "confidence": "medium", "geometry_role": "existing_condition"}, "geometry": {"type": "Polygon", "coordinates": [[[116.34178340000001, 39.9727923], [116.34201829999999, 39.972795899999994], [116.3420316, 39.972285600000006], [116.341726, 39.972280899999994], [116.34171590000001, 39.9726669], [116.34178660000002, 39.97266789999999], [116.34178340000001, 39.9727923]]]}}, {"type": "Feature", "id": "BF-00701", "properties": {"id": "BF-00701", "layer": "BUILDING_FOOTPRINT", "building_type": "existing_retained", "area_sqm": 1198.5, "source_id": "OSM-DERIVED-CORRIDOR-20260808", "source_type": "osm", "confidence": "medium", "geometry_role": "existing_condition"}, "geometry": {"type": "Polygon", "coordinates": [[[116.3419755, 39.973381200000006], [116.34197270000001, 39.97305749999999], [116.34158240000001, 39.9730595], [116.3415852, 39.9733832], [116.3419755, 39.973381200000006]]]}}, {"type": "Feature", "id": "BF-00702", "properties": {"id": "BF-00702", "layer": "BUILDING_FOOTPRINT", "building_type": "existing_retained", "area_sqm": 1183.8, "source_id": "OSM-DERIVED-CORRIDOR-20260808", "source_type": "osm", "confidence": "medium", "geometry_role": "existing_condition"}, "geometry": {"type": "Polygon", "coordinates": [[[116.341798, 39.97151519999999], [116.3417316, 39.9714978], [116.3416404, 39.971501], [116.3416443, 39.97156609999999], [116.3416671, 39.97161839999999], [116.3417202, 39.97165480000001], [116.34179990000001, 39.9716286], [116.3418397, 39.9716432], [116.34205199999998, 39.97164189999999], [116.34205220000001, 39.9716635], [116.34215929999999, 39.9716628], [116.34215900000001, 39.97163929999999], [116.342176, 39.9716392], [116.34217499999998, 39.97154189999999], [116.3421211, 39.9715422], [116.3421204, 39.971468699999996], [116.34209240000001, 39.97140430000002], [116.34205780000002, 39.9714048], [116.34203690000001, 39.9714411], [116.3419819, 39.971439700000005], [116.34195919999999, 39.9713873], [116.341888, 39.971385099999985], [116.3418936, 39.97128079999999], [116.34165560000001, 39.9712732], [116.3416506, 39.9713673], [116.3417658, 39.97137089999999], [116.34176420000001, 39.9713997], [116.34184850000001, 39.971402299999994], [116.34184730000001, 39.97142509999998], [116.341815, 39.971435299999996], [116.34181880000001, 39.97145859999999], [116.3418462, 39.97148169999999], [116.341798, 39.97151519999999]]]}}, {"type": "Feature", "id": "BF-00703", "properties": {"id": "BF-00703", "layer": "BUILDING_FOOTPRINT", "building_type": "existing_retained", "area_sqm": 1276.1, "source_id": "OSM-DERIVED-CORRIDOR-20260808", "source_type": "osm", "confidence": "medium", "geometry_role": "existing_condition"}, "geometry": {"type": "Polygon", "coordinates": [[[116.3429812, 39.971845099999996], [116.34298349999999, 39.9717169], [116.342731, 39.97171419999999], [116.3427368, 39.97139499999999], [116.3425086, 39.97139260000001], [116.34250049999999, 39.9718401], [116.3429812, 39.971845099999996]]]}}, {"type": "Feature", "id": "BF-00704", "properties": {"id": "BF-00704", "layer": "BUILDING_FOOTPRINT", "building_type": "existing_retained", "area_sqm": 1067.8, "source_id": "OSM-DERIVED-CORRIDOR-20260808", "source_type": "osm", "confidence": "medium", "geometry_role": "existing_condition"}, "geometry": {"type": "Polygon", "coordinates": [[[116.34352350000002, 39.97140299999999], [116.34334740000001, 39.9714038], [116.3433499, 39.97173179999999], [116.34309929999999, 39.971732900000006], [116.34310020000001, 39.97186129999999], [116.34352710000002, 39.97185929999999], [116.34352350000002, 39.97140299999999]]]}}, {"type": "Feature", "id": "BF-00705", "properties": {"id": "BF-00705", "layer": "BUILDING_FOOTPRINT", "building_type": "existing_retained", "area_sqm": 1145.3, "source_id": "OSM-DERIVED-CORRIDOR-20260808", "source_type": "osm", "confidence": "medium", "geometry_role": "existing_condition"}, "geometry": {"type": "Polygon", "coordinates": [[[116.34286680000001, 39.9712494], [116.34286770000001, 39.97090849999999], [116.3425135, 39.97090800000001], [116.3425126, 39.97124879999999], [116.34286680000001, 39.9712494]]]}}, {"type": "Feature", "id": "BF-00706", "properties": {"id": "BF-00706", "layer": "BUILDING_FOOTPRINT", "building_type": "existing_retained", "area_sqm": 1145.3, "source_id": "OSM-DERIVED-CORRIDOR-20260808", "source_type": "osm", "confidence": "medium", "geometry_role": "existing_condition"}, "geometry": {"type": "Polygon", "coordinates": [[[116.3435455, 39.971247299999995], [116.34354640000001, 39.9709065], [116.34319220000002, 39.970905900000005], [116.3431913, 39.9712468], [116.3435455, 39.971247299999995]]]}}, {"type": "Feature", "id": "BF-00707", "properties": {"id": "BF-00707", "layer": "BUILDING_FOOTPRINT", "building_type": "existing_retained", "area_sqm": 3374.4, "source_id": "OSM-DERIVED-CORRIDOR-20260808", "source_type": "osm", "confidence": "medium", "geometry_role": "existing_condition"}, "geometry": {"type": "Polygon", "coordinates": [[[116.34296000000002, 39.9740805], [116.3429695, 39.9738822], [116.34370680000002, 39.97371609999999], [116.34363729999998, 39.9735326], [116.34281639999999, 39.973716], [116.34238610000001, 39.9737039], [116.3423688, 39.9740638], [116.34296000000002, 39.9740805]]]}}, {"type": "Feature", "id": "BF-00708", "properties": {"id": "BF-00708", "layer": "BUILDING_FOOTPRINT", "building_type": "existing_retained", "area_sqm": 1200.9, "source_id": "OSM-DERIVED-CORRIDOR-20260808", "source_type": "osm", "confidence": "medium", "geometry_role": "existing_condition"}, "geometry": {"type": "Polygon", "coordinates": [[[116.34310569999998, 39.9742122], [116.34339690000002, 39.97435639999999], [116.3437601, 39.9743611], [116.3437659, 39.974098999999995], [116.34345990000001, 39.97409499999999], [116.3434582, 39.974173], [116.34327569999999, 39.97417060000001], [116.3431805, 39.9741235], [116.34310569999998, 39.9742122]]]}}, {"type": "Feature", "id": "BF-00709", "properties": {"id": "BF-00709", "layer": "BUILDING_FOOTPRINT", "building_type": "existing_retained", "area_sqm": 3872.1, "source_id": "OSM-DERIVED-CORRIDOR-20260808", "source_type": "osm", "confidence": "medium", "geometry_role": "existing_condition"}, "geometry": {"type": "Polygon", "coordinates": [[[116.3430471, 39.97314000000001], [116.34304880000002, 39.97307510000001], [116.3434682, 39.97327430000001], [116.3437149, 39.97328540000001], [116.3436926, 39.97357639999999], [116.343812, 39.97358179999999], [116.3438476, 39.973116899999994], [116.3434861, 39.97310060000001], [116.3432438, 39.97293869999999], [116.34298860000001, 39.972850700000016], [116.34266780000002, 39.972847499999986], [116.3426693, 39.9727578], [116.34237890000001, 39.97275489999999], [116.34237260000002, 39.973131900000006], [116.3430471, 39.97314000000001]]]}}, {"type": "Feature", "id": "BF-00710", "properties": {"id": "BF-00710", "layer": "BUILDING_FOOTPRINT", "building_type": "existing_retained", "area_sqm": 3062.3, "source_id": "OSM-DERIVED-CORRIDOR-20260808", "source_type": "osm", "confidence": "medium", "geometry_role": "existing_condition"}, "geometry": {"type": "Polygon", "coordinates": [[[116.34283910000002, 39.97253980000001], [116.34307959999998, 39.972510199999995], [116.34332010000001, 39.97246679999999], [116.343515, 39.97246779999999], [116.3436212, 39.9725652], [116.34387030000002, 39.972572], [116.34387750000002, 39.9722196], [116.3435903, 39.97222039999999], [116.3435892, 39.9722513], [116.3434438, 39.9722483], [116.3432495, 39.97227349999999], [116.3429888, 39.97234009999999], [116.3428303, 39.97236270000001], [116.3424391, 39.972348], [116.3424307, 39.972525199999986], [116.34283910000002, 39.97253980000001]]]}}, {"type": "Feature", "id": "BF-00711", "properties": {"id": "BF-00711", "layer": "BUILDING_FOOTPRINT", "building_type": "existing_retained", "area_sqm": 963.5, "source_id": "OSM-DERIVED-CORRIDOR-20260808", "source_type": "osm", "confidence": "medium", "geometry_role": "existing_condition"}, "geometry": {"type": "Polygon", "coordinates": [[[116.3366615, 39.9726496], [116.33667300000002, 39.9723523], [116.3363316, 39.97234459999999], [116.33632020000002, 39.97264189999999], [116.3366615, 39.9726496]]]}}, {"type": "Feature", "id": "BF-00712", "properties": {"id": "BF-00712", "layer": "BUILDING_FOOTPRINT", "building_type": "existing_retained", "area_sqm": 964.0, "source_id": "OSM-DERIVED-CORRIDOR-20260808", "source_type": "osm", "confidence": "medium", "geometry_role": "existing_condition"}, "geometry": {"type": "Polygon", "coordinates": [[[116.3373723, 39.972653900000005], [116.3373837, 39.9723565], [116.3370423, 39.9723488], [116.3370309, 39.97264619999999], [116.3373723, 39.972653900000005]]]}}, {"type": "Feature", "id": "BF-00713", "properties": {"id": "BF-00713", "layer": "BUILDING_FOOTPRINT", "building_type": "existing_retained", "area_sqm": 963.9, "source_id": "OSM-DERIVED-CORRIDOR-20260808", "source_type": "osm", "confidence": "medium", "geometry_role": "existing_condition"}, "geometry": {"type": "Polygon", "coordinates": [[[116.3373186, 39.97180290000001], [116.33733, 39.971505500000006], [116.33698869999999, 39.971497799999995], [116.33697720000002, 39.9717952], [116.3373186, 39.97180290000001]]]}}, {"type": "Feature", "id": "BF-00714", "properties": {"id": "BF-00714", "layer": "BUILDING_FOOTPRINT", "building_type": "existing_retained", "area_sqm": 964.0, "source_id": "OSM-DERIVED-CORRIDOR-20260808", "source_type": "osm", "confidence": "medium", "geometry_role": "existing_condition"}, "geometry": {"type": "Polygon", "coordinates": [[[116.33803210000002, 39.97209480000001], [116.3380435, 39.9717974], [116.33770210000002, 39.9717897], [116.3376907, 39.9720871], [116.33803210000002, 39.97209480000001]]]}}, {"type": "Feature", "id": "BF-00715", "properties": {"id": "BF-00715", "layer": "BUILDING_FOOTPRINT", "building_type": "existing_retained", "area_sqm": 870.1, "source_id": "OSM-DERIVED-CORRIDOR-20260808", "source_type": "osm", "confidence": "medium", "geometry_role": "existing_condition"}, "geometry": {"type": "Polygon", "coordinates": [[[116.3383267, 39.97268919999999], [116.33832719999998, 39.97255969999999], [116.3376192, 39.972558], [116.3376187, 39.97268759999999], [116.3383267, 39.97268919999999]]]}}, {"type": "Feature", "id": "BF-00716", "properties": {"id": "BF-00716", "layer": "BUILDING_FOOTPRINT", "building_type": "existing_retained", "area_sqm": 870.1, "source_id": "OSM-DERIVED-CORRIDOR-20260808", "source_type": "osm", "confidence": "medium", "geometry_role": "existing_condition"}, "geometry": {"type": "Polygon", "coordinates": [[[116.3392735, 39.97246719999999], [116.33927399999999, 39.9723377], [116.338566, 39.972336000000006], [116.3385655, 39.9724656], [116.3392735, 39.97246719999999]]]}}, {"type": "Feature", "id": "BF-00717", "properties": {"id": "BF-00717", "layer": "BUILDING_FOOTPRINT", "building_type": "existing_retained", "area_sqm": 870.0, "source_id": "OSM-DERIVED-CORRIDOR-20260808", "source_type": "osm", "confidence": "medium", "geometry_role": "existing_condition"}, "geometry": {"type": "Polygon", "coordinates": [[[116.33930030000002, 39.97195750000001], [116.3393009, 39.971827899999994], [116.3385929, 39.97182629999999], [116.33859239999998, 39.9719558], [116.33930030000002, 39.97195750000001]]]}}, {"type": "Feature", "id": "BF-00718", "properties": {"id": "BF-00718", "layer": "BUILDING_FOOTPRINT", "building_type": "existing_retained", "area_sqm": 870.1, "source_id": "OSM-DERIVED-CORRIDOR-20260808", "source_type": "osm", "confidence": "medium", "geometry_role": "existing_condition"}, "geometry": {"type": "Polygon", "coordinates": [[[116.33928960000001, 39.97158749999999], [116.3392901, 39.97145789999999], [116.33858210000001, 39.9714563], [116.33858159999998, 39.971585799999986], [116.33928960000001, 39.97158749999999]]]}}, {"type": "Feature", "id": "BF-00719", "properties": {"id": "BF-00719", "layer": "BUILDING_FOOTPRINT", "building_type": "existing_retained", "area_sqm": 870.1, "source_id": "OSM-DERIVED-CORRIDOR-20260808", "source_type": "osm", "confidence": "medium", "geometry_role": "existing_condition"}, "geometry": {"type": "Polygon", "coordinates": [[[116.3383938, 39.97156280000001], [116.33839429999999, 39.97143319999999], [116.33768629999999, 39.971431599999995], [116.3376858, 39.971561099999995], [116.3383938, 39.97156280000001]]]}}, {"type": "Feature", "id": "BF-00720", "properties": {"id": "BF-00720", "layer": "BUILDING_FOOTPRINT", "building_type": "existing_retained", "area_sqm": 899.8, "source_id": "OSM-DERIVED-CORRIDOR-20260808", "source_type": "osm", "confidence": "medium", "geometry_role": "existing_condition"}, "geometry": {"type": "Polygon", "coordinates": [[[116.33935679999999, 39.97125290000001], [116.33935620000001, 39.971125799999996], [116.3386099, 39.9711281], [116.3386106, 39.9712552], [116.33935679999999, 39.97125290000001]]]}}, {"type": "Feature", "id": "BF-00721", "properties": {"id": "BF-00721", "layer": "BUILDING_FOOTPRINT", "building_type": "existing_retained", "area_sqm": 721.6, "source_id": "OSM-DERIVED-CORRIDOR-20260808", "source_type": "osm", "confidence": "medium", "geometry_role": "existing_condition"}, "geometry": {"type": "Polygon", "coordinates": [[[116.33831519999998, 39.972368900000006], [116.33831570000001, 39.9722577], [116.3376317, 39.972255700000005], [116.33763110000001, 39.9723669], [116.33831519999998, 39.972368900000006]]]}}, {"type": "Feature", "id": "BF-00722", "properties": {"id": "BF-00722", "layer": "BUILDING_FOOTPRINT", "building_type": "existing_retained", "area_sqm": 721.6, "source_id": "OSM-DERIVED-CORRIDOR-20260808", "source_type": "osm", "confidence": "medium", "geometry_role": "existing_condition"}, "geometry": {"type": "Polygon", "coordinates": [[[116.3392738, 39.9726733], [116.33927430000001, 39.97256209999999], [116.3385903, 39.972560099999995], [116.3385897, 39.9726713], [116.3392738, 39.9726733]]]}}, {"type": "Feature", "id": "BF-00723", "properties": {"id": "BF-00723", "layer": "BUILDING_FOOTPRINT", "building_type": "existing_retained", "area_sqm": 728.1, "source_id": "OSM-DERIVED-CORRIDOR-20260808", "source_type": "osm", "confidence": "medium", "geometry_role": "existing_condition"}, "geometry": {"type": "Polygon", "coordinates": [[[116.33852060000001, 39.971240599999994], [116.3385218, 39.971124599999996], [116.3378602, 39.9711206], [116.337859, 39.9712366], [116.33852060000001, 39.971240599999994]]]}}, {"type": "Feature", "id": "BF-00724", "properties": {"id": "BF-00724", "layer": "BUILDING_FOOTPRINT", "building_type": "existing_retained", "area_sqm": 1729.8, "source_id": "OSM-DERIVED-CORRIDOR-20260808", "source_type": "osm", "confidence": "medium", "geometry_role": "existing_condition"}, "geometry": {"type": "Polygon", "coordinates": [[[116.3377233, 39.97132839999999], [116.3377311, 39.970996899999996], [116.33790460000002, 39.9709993], [116.33790569999998, 39.970952999999994], [116.33850830000002, 39.9709614], [116.33851070000001, 39.970863200000004], [116.33773300000001, 39.97085239999999], [116.3377321, 39.970890100000005], [116.3375775, 39.970887999999995], [116.337576, 39.97094789999999], [116.33753029999998, 39.9709473], [116.3375288, 39.9710077], [116.33749040000001, 39.9710071], [116.33748289999998, 39.9713251], [116.3377233, 39.97132839999999]]]}}, {"type": "Feature", "id": "BF-00725", "properties": {"id": "BF-00725", "layer": "BUILDING_FOOTPRINT", "building_type": "existing_retained", "area_sqm": 2212.4, "source_id": "OSM-DERIVED-CORRIDOR-20260808", "source_type": "osm", "confidence": "medium", "geometry_role": "existing_condition"}, "geometry": {"type": "Polygon", "coordinates": [[[116.34018570000002, 39.9709405], [116.3401859, 39.97098549999999], [116.34069390000002, 39.9709844], [116.3406933, 39.97081049999999], [116.3390608, 39.970814100000005], [116.33906130000001, 39.97094289999999], [116.34018570000002, 39.9709405]]]}}, {"type": "Feature", "id": "BF-00726", "properties": {"id": "BF-00726", "layer": "BUILDING_FOOTPRINT", "building_type": "existing_retained", "area_sqm": 1073.2, "source_id": "OSM-DERIVED-CORRIDOR-20260808", "source_type": "osm", "confidence": "medium", "geometry_role": "existing_condition"}, "geometry": {"type": "Polygon", "coordinates": [[[116.34148130000001, 39.9709902], [116.34148099999999, 39.9708139], [116.3408393, 39.970814600000004], [116.34083959999998, 39.9709909], [116.34148130000001, 39.9709902]]]}}, {"type": "Feature", "id": "BF-00727", "properties": {"id": "BF-00727", "layer": "BUILDING_FOOTPRINT", "building_type": "existing_retained", "area_sqm": 1074.4, "source_id": "OSM-DERIVED-CORRIDOR-20260808", "source_type": "osm", "confidence": "medium", "geometry_role": "existing_condition"}, "geometry": {"type": "Polygon", "coordinates": [[[116.3422634, 39.97100110000001], [116.34226520000001, 39.97084039999999], [116.34156049999999, 39.97083570000001], [116.34155870000001, 39.9709964], [116.3422634, 39.97100110000001]]]}}, {"type": "Feature", "id": "BF-00728", "properties": {"id": "BF-00728", "layer": "BUILDING_FOOTPRINT", "building_type": "existing_retained", "area_sqm": 5085.0, "source_id": "OSM-DERIVED-CORRIDOR-20260808", "source_type": "osm", "confidence": "medium", "geometry_role": "existing_condition"}, "geometry": {"type": "Polygon", "coordinates": [[[116.3428211, 40.0107637], [116.34279170000002, 40.00978399999999], [116.3425295, 40.00979650000001], [116.34254340000001, 40.010607900000004], [116.3408697, 40.0105868], [116.340882, 40.01076080000001], [116.3428211, 40.0107637]]]}}, {"type": "Feature", "id": "BF-00729", "properties": {"id": "BF-00729", "layer": "BUILDING_FOOTPRINT", "building_type": "existing_retained", "area_sqm": 2025.8, "source_id": "OSM-DERIVED-CORRIDOR-20260808", "source_type": "osm", "confidence": "medium", "geometry_role": "existing_condition"}, "geometry": {"type": "Polygon", "coordinates": [[[116.34072829999998, 40.0102085], [116.34055549999998, 40.0102163], [116.3405417, 40.0097924], [116.3406162, 40.0097874], [116.3406066, 40.009668999999995], [116.3403074, 40.0096638], [116.3403485, 40.0101945], [116.3401703, 40.010203899999986], [116.34017280000002, 40.0103629], [116.340734, 40.0103605], [116.34072829999998, 40.0102085]]]}}, {"type": "Feature", "id": "BF-00730", "properties": {"id": "BF-00730", "layer": "BUILDING_FOOTPRINT", "building_type": "existing_retained", "area_sqm": 2067.4, "source_id": "OSM-DERIVED-CORRIDOR-20260808", "source_type": "osm", "confidence": "medium", "geometry_role": "existing_condition"}, "geometry": {"type": "Polygon", "coordinates": [[[116.3424058, 40.010297599999994], [116.34240140000001, 40.0101576], [116.34089389999998, 40.0101528], [116.34090250000001, 40.0103025], [116.3424058, 40.010297599999994]]]}}, {"type": "Feature", "id": "BF-00731", "properties": {"id": "BF-00731", "layer": "BUILDING_FOOTPRINT", "building_type": "existing_retained", "area_sqm": 3068.3, "source_id": "OSM-DERIVED-CORRIDOR-20260808", "source_type": "osm", "confidence": "medium", "geometry_role": "existing_condition"}, "geometry": {"type": "Polygon", "coordinates": [[[116.34275760000001, 40.009640999999995], [116.3427625, 40.0094817], [116.34070299999999, 40.0094819], [116.34069979999998, 40.009637], [116.34275760000001, 40.009640999999995]]]}}, {"type": "Feature", "id": "BF-00732", "properties": {"id": "BF-00732", "layer": "BUILDING_FOOTPRINT", "building_type": "existing_retained", "area_sqm": 1347.9, "source_id": "OSM-DERIVED-CORRIDOR-20260808", "source_type": "osm", "confidence": "medium", "geometry_role": "existing_condition"}, "geometry": {"type": "Polygon", "coordinates": [[[116.3421297, 39.9705602], [116.34213239999998, 39.9704143], [116.3411587, 39.970403999999995], [116.3411561, 39.970549899999995], [116.3421297, 39.9705602]]]}}, {"type": "Feature", "id": "BF-00733", "properties": {"id": "BF-00733", "layer": "BUILDING_FOOTPRINT", "building_type": "existing_retained", "area_sqm": 1485.5, "source_id": "OSM-DERIVED-CORRIDOR-20260808", "source_type": "osm", "confidence": "medium", "geometry_role": "existing_condition"}, "geometry": {"type": "Polygon", "coordinates": [[[116.3434433, 39.9705884], [116.34344279999999, 39.97049959999999], [116.34276470000002, 39.97050179999998], [116.3427643, 39.970418499999994], [116.34220460000002, 39.9704203], [116.34220549999999, 39.970592499999995], [116.3434433, 39.9705884]]]}}, {"type": "Feature", "id": "BF-00734", "properties": {"id": "BF-00734", "layer": "BUILDING_FOOTPRINT", "building_type": "existing_retained", "area_sqm": 719.9, "source_id": "OSM-DERIVED-CORRIDOR-20260808", "source_type": "osm", "confidence": "medium", "geometry_role": "existing_condition"}, "geometry": {"type": "Polygon", "coordinates": [[[116.3434523, 39.97022350000001], [116.3434526, 39.9701234], [116.34269490000001, 39.9701217], [116.3426945, 39.970221900000006], [116.3434523, 39.97022350000001]]]}}, {"type": "Feature", "id": "BF-00735", "properties": {"id": "BF-00735", "layer": "BUILDING_FOOTPRINT", "building_type": "existing_retained", "area_sqm": 1179.6, "source_id": "OSM-DERIVED-CORRIDOR-20260808", "source_type": "osm", "confidence": "medium", "geometry_role": "existing_condition"}, "geometry": {"type": "Polygon", "coordinates": [[[116.34211789999999, 39.9701893], [116.3421175, 39.970059799999994], [116.3411573, 39.9700615], [116.3411577, 39.970190999999986], [116.34211789999999, 39.9701893]]]}}, {"type": "Feature", "id": "BF-00736", "properties": {"id": "BF-00736", "layer": "BUILDING_FOOTPRINT", "building_type": "existing_retained", "area_sqm": 1380.2, "source_id": "OSM-DERIVED-CORRIDOR-20260808", "source_type": "osm", "confidence": "medium", "geometry_role": "existing_condition"}, "geometry": {"type": "Polygon", "coordinates": [[[116.3414517, 39.9699745], [116.3414522, 39.9699174], [116.34213799999999, 39.96992100000001], [116.34213950000002, 39.96975929999999], [116.3414556, 39.96975559999999], [116.34145510000002, 39.96981269999999], [116.34123890000001, 39.96981160000001], [116.3412375, 39.9699734], [116.3414517, 39.9699745]]]}}, {"type": "Feature", "id": "BF-00737", "properties": {"id": "BF-00737", "layer": "BUILDING_FOOTPRINT", "building_type": "existing_retained", "area_sqm": 2345.3, "source_id": "OSM-DERIVED-CORRIDOR-20260808", "source_type": "osm", "confidence": "medium", "geometry_role": "existing_condition"}, "geometry": {"type": "Polygon", "coordinates": [[[116.34209360000001, 39.9696033], [116.3420908, 39.9692908], [116.3412996, 39.969294899999994], [116.34130240000002, 39.9696073], [116.34209360000001, 39.9696033]]]}}, {"type": "Feature", "id": "BF-00738", "properties": {"id": "BF-00738", "layer": "BUILDING_FOOTPRINT", "building_type": "existing_retained", "area_sqm": 1999.8, "source_id": "OSM-DERIVED-CORRIDOR-20260808", "source_type": "osm", "confidence": "medium", "geometry_role": "existing_condition"}, "geometry": {"type": "Polygon", "coordinates": [[[116.3425311, 39.9700096], [116.342532, 39.9694403], [116.3425311, 39.9692693], [116.34253170000001, 39.9689447], [116.34233390000001, 39.96894470000001], [116.3423332, 39.9700096], [116.3425311, 39.9700096]]]}}, {"type": "Feature", "id": "BF-00739", "properties": {"id": "BF-00739", "layer": "BUILDING_FOOTPRINT", "building_type": "existing_retained", "area_sqm": 1593.2, "source_id": "OSM-DERIVED-CORRIDOR-20260808", "source_type": "osm", "confidence": "medium", "geometry_role": "existing_condition"}, "geometry": {"type": "Polygon", "coordinates": [[[116.3420695, 39.9692195], [116.3420718, 39.968984], [116.3413587, 39.9689799], [116.3413564, 39.9692154], [116.3420695, 39.9692195]]]}}, {"type": "Feature", "id": "BF-00740", "properties": {"id": "BF-00740", "layer": "BUILDING_FOOTPRINT", "building_type": "existing_retained", "area_sqm": 709.6, "source_id": "OSM-DERIVED-CORRIDOR-20260808", "source_type": "osm", "confidence": "medium", "geometry_role": "existing_condition"}, "geometry": {"type": "Polygon", "coordinates": [[[116.3434342, 39.96986840000001], [116.34343350000002, 39.9697669], [116.3426966, 39.96977019999999], [116.34269730000001, 39.96987169999999], [116.3434342, 39.96986840000001]]]}}, {"type": "Feature", "id": "BF-00741", "properties": {"id": "BF-00741", "layer": "BUILDING_FOOTPRINT", "building_type": "existing_retained", "area_sqm": 1181.9, "source_id": "OSM-DERIVED-CORRIDOR-20260808", "source_type": "osm", "confidence": "medium", "geometry_role": "existing_condition"}, "geometry": {"type": "Polygon", "coordinates": [[[116.3434682, 39.9692377], [116.34347019999998, 39.9687218], [116.3432287, 39.96872129999999], [116.3432267, 39.969237199999995], [116.3434682, 39.9692377]]]}}, {"type": "Feature", "id": "BF-00742", "properties": {"id": "BF-00742", "layer": "BUILDING_FOOTPRINT", "building_type": "existing_retained", "area_sqm": 1547.1, "source_id": "OSM-DERIVED-CORRIDOR-20260808", "source_type": "osm", "confidence": "medium", "geometry_role": "existing_condition"}, "geometry": {"type": "Polygon", "coordinates": [[[116.34348570000002, 39.96943710000001], [116.34348480000001, 39.969266100000006], [116.3425311, 39.9692693], [116.342532, 39.9694403], [116.34348570000002, 39.96943710000001]]]}}, {"type": "Feature", "id": "BF-00743", "properties": {"id": "BF-00743", "layer": "BUILDING_FOOTPRINT", "building_type": "existing_retained", "area_sqm": 1771.6, "source_id": "OSM-DERIVED-CORRIDOR-20260808", "source_type": "osm", "confidence": "medium", "geometry_role": "existing_condition"}, "geometry": {"type": "Polygon", "coordinates": [[[116.34642680000002, 39.9747174], [116.34642530000002, 39.97463429999999], [116.34625610000002, 39.97463599999999], [116.3462295, 39.9746913], [116.3461574, 39.9747232], [116.3455695, 39.9747203], [116.3454717, 39.974719], [116.3454708, 39.97475789999999], [116.3454162, 39.9747571], [116.34541580000001, 39.97477679999999], [116.3453557, 39.974776], [116.3453094, 39.974759500000005], [116.3452842, 39.9747134], [116.34527470000002, 39.974282099999996], [116.3451094, 39.974284299999994], [116.3451183, 39.974686199999994], [116.34528276972931, 39.974835702459856], [116.34530005823333, 39.974834750853425], [116.34584625818235, 39.9748046508562], [116.34584628992255, 39.97480464977213], [116.3463437330833, 39.97479805816876], [116.34642680000002, 39.9747174]]]}}, {"type": "Feature", "id": "BF-00744", "properties": {"id": "BF-00744", "layer": "BUILDING_FOOTPRINT", "building_type": "existing_retained", "area_sqm": 912.0, "source_id": "OSM-DERIVED-CORRIDOR-20260808", "source_type": "osm", "confidence": "medium", "geometry_role": "existing_condition"}, "geometry": {"type": "Polygon", "coordinates": [[[116.34620060000002, 39.9744771], [116.3463736, 39.9743805], [116.3464259, 39.9743168], [116.3464239, 39.97425059999999], [116.3462783, 39.9742531], [116.3462569, 39.97429830000001], [116.34617909999999, 39.9743394], [116.3457334, 39.9743369], [116.3457321, 39.9744745], [116.34620060000002, 39.9744771]]]}}, {"type": "Feature", "id": "BF-00745", "properties": {"id": "BF-00745", "layer": "BUILDING_FOOTPRINT", "building_type": "existing_retained", "area_sqm": 911.9, "source_id": "OSM-DERIVED-CORRIDOR-20260808", "source_type": "osm", "confidence": "medium", "geometry_role": "existing_condition"}, "geometry": {"type": "Polygon", "coordinates": [[[116.3462041, 39.97409499999999], [116.34637710000001, 39.9739984], [116.3464294, 39.97393470000001], [116.3464275, 39.97386850000001], [116.3462819, 39.973871], [116.3462604, 39.9739162], [116.34618269999999, 39.973957299999995], [116.345737, 39.97395480000001], [116.3457357, 39.974092399999996], [116.3462041, 39.97409499999999]]]}}, {"type": "Feature", "id": "BF-00746", "properties": {"id": "BF-00746", "layer": "BUILDING_FOOTPRINT", "building_type": "existing_retained", "area_sqm": 703.9, "source_id": "OSM-DERIVED-CORRIDOR-20260808", "source_type": "osm", "confidence": "medium", "geometry_role": "existing_condition"}, "geometry": {"type": "Polygon", "coordinates": [[[116.34555440000001, 39.97420809999999], [116.3455605, 39.973886400000005], [116.3453299, 39.9738839], [116.3453238, 39.9742056], [116.34555440000001, 39.97420809999999]]]}}, {"type": "Feature", "id": "BF-00747", "properties": {"id": "BF-00747", "layer": "BUILDING_FOOTPRINT", "building_type": "existing_retained", "area_sqm": 932.8, "source_id": "OSM-DERIVED-CORRIDOR-20260808", "source_type": "osm", "confidence": "medium", "geometry_role": "existing_condition"}, "geometry": {"type": "Polygon", "coordinates": [[[116.34266540000002, 39.975738], [116.3426713, 39.97547839999999], [116.34229260000001, 39.975473400000006], [116.3422867, 39.975733], [116.34266540000002, 39.975738]]]}}, {"type": "Feature", "id": "BF-00748", "properties": {"id": "BF-00748", "layer": "BUILDING_FOOTPRINT", "building_type": "existing_retained", "area_sqm": 932.6, "source_id": "OSM-DERIVED-CORRIDOR-20260808", "source_type": "osm", "confidence": "medium", "geometry_role": "existing_condition"}, "geometry": {"type": "Polygon", "coordinates": [[[116.34325610000002, 39.975738500000006], [116.34326199999998, 39.97547889999999], [116.3428834, 39.97547380000001], [116.3428775, 39.9757334], [116.34325610000002, 39.975738500000006]]]}}, {"type": "Feature", "id": "BF-00749", "properties": {"id": "BF-00749", "layer": "BUILDING_FOOTPRINT", "building_type": "existing_retained", "area_sqm": 412.1, "source_id": "OSM-DERIVED-CORRIDOR-20260808", "source_type": "osm", "confidence": "medium", "geometry_role": "existing_condition"}, "geometry": {"type": "Polygon", "coordinates": [[[116.3441907, 39.97338139999999], [116.34418909999998, 39.9735383], [116.34446590000002, 39.97354000000001], [116.3444676, 39.9733831], [116.3441907, 39.97338139999999]]]}}, {"type": "Feature", "id": "BF-00750", "properties": {"id": "BF-00750", "layer": "BUILDING_FOOTPRINT", "building_type": "existing_retained", "area_sqm": 412.4, "source_id": "OSM-DERIVED-CORRIDOR-20260808", "source_type": "osm", "confidence": "medium", "geometry_role": "existing_condition"}, "geometry": {"type": "Polygon", "coordinates": [[[116.34418120000001, 39.97295549999999], [116.34417960000002, 39.9731125], [116.34445650000002, 39.9731142], [116.34445810000001, 39.972957199999996], [116.34418120000001, 39.97295549999999]]]}}, {"type": "Feature", "id": "BF-00751", "properties": {"id": "BF-00751", "layer": "BUILDING_FOOTPRINT", "building_type": "existing_retained", "area_sqm": 412.1, "source_id": "OSM-DERIVED-CORRIDOR-20260808", "source_type": "osm", "confidence": "medium", "geometry_role": "existing_condition"}, "geometry": {"type": "Polygon", "coordinates": [[[116.34420780000002, 39.97256889999999], [116.3442062, 39.972725899999986], [116.34448300000001, 39.972727500000005], [116.3444846, 39.97257059999999], [116.34420780000002, 39.97256889999999]]]}}, {"type": "Feature", "id": "BF-00752", "properties": {"id": "BF-00752", "layer": "BUILDING_FOOTPRINT", "building_type": "existing_retained", "area_sqm": 324.0, "source_id": "OSM-DERIVED-CORRIDOR-20260808", "source_type": "osm", "confidence": "medium", "geometry_role": "existing_condition"}, "geometry": {"type": "Polygon", "coordinates": [[[116.3443061, 39.9721937], [116.34430519999998, 39.9723477], [116.344527, 39.9723484], [116.3445279, 39.97219439999999], [116.3443061, 39.9721937]]]}}, {"type": "Feature", "id": "BF-00753", "properties": {"id": "BF-00753", "layer": "BUILDING_FOOTPRINT", "building_type": "existing_retained", "area_sqm": 1132.8, "source_id": "OSM-DERIVED-CORRIDOR-20260808", "source_type": "osm", "confidence": "medium", "geometry_role": "existing_condition"}, "geometry": {"type": "Polygon", "coordinates": [[[116.3453436, 39.9725237], [116.3453405, 39.972339100000006], [116.34469370000001, 39.972345399999995], [116.3446968, 39.972530000000006], [116.3453436, 39.9725237]]]}}, {"type": "Feature", "id": "BF-00754", "properties": {"id": "BF-00754", "layer": "BUILDING_FOOTPRINT", "building_type": "existing_retained", "area_sqm": 1132.8, "source_id": "OSM-DERIVED-CORRIDOR-20260808", "source_type": "osm", "confidence": "medium", "geometry_role": "existing_condition"}, "geometry": {"type": "Polygon", "coordinates": [[[116.34531520000002, 39.973312899999996], [116.3453121, 39.97312829999999], [116.3446653, 39.973134699999996], [116.34466840000002, 39.9733193], [116.34531520000002, 39.973312899999996]]]}}, {"type": "Feature", "id": "BF-00755", "properties": {"id": "BF-00755", "layer": "BUILDING_FOOTPRINT", "building_type": "existing_retained", "area_sqm": 1070.9, "source_id": "OSM-DERIVED-CORRIDOR-20260808", "source_type": "osm", "confidence": "medium", "geometry_role": "existing_condition"}, "geometry": {"type": "Polygon", "coordinates": [[[116.3459109, 39.9727724], [116.3459074, 39.9725006], [116.34549200000001, 39.9725038], [116.3454955, 39.9727755], [116.3459109, 39.9727724]]]}}, {"type": "Feature", "id": "BF-00756", "properties": {"id": "BF-00756", "layer": "BUILDING_FOOTPRINT", "building_type": "existing_retained", "area_sqm": 284.9, "source_id": "OSM-DERIVED-CORRIDOR-20260808", "source_type": "osm", "confidence": "medium", "geometry_role": "existing_condition"}, "geometry": {"type": "Polygon", "coordinates": [[[116.34574120000002, 39.97233719999999], [116.34574120000002, 39.9722006], [116.3455213, 39.9722006], [116.3455213, 39.9723372], [116.34574120000002, 39.97233719999999]]]}}, {"type": "Feature", "id": "BF-00757", "properties": {"id": "BF-00757", "layer": "BUILDING_FOOTPRINT", "building_type": "existing_retained", "area_sqm": 2166.5, "source_id": "OSM-DERIVED-CORRIDOR-20260808", "source_type": "osm", "confidence": "medium", "geometry_role": "existing_condition"}, "geometry": {"type": "Polygon", "coordinates": [[[116.3464735, 39.9728056], [116.3464772, 39.9723139], [116.346352, 39.9722267], [116.3460735, 39.97222549999999], [116.34606920000002, 39.9728038], [116.3464735, 39.9728056]]]}}, {"type": "Feature", "id": "BF-00758", "properties": {"id": "BF-00758", "layer": "BUILDING_FOOTPRINT", "building_type": "existing_retained", "area_sqm": 1652.1, "source_id": "OSM-DERIVED-CORRIDOR-20260808", "source_type": "osm", "confidence": "medium", "geometry_role": "existing_condition"}, "geometry": {"type": "Polygon", "coordinates": [[[116.34637250000002, 39.97341980000001], [116.34637130000002, 39.9729096], [116.34602990000002, 39.97291009999999], [116.34603119999998, 39.973420299999994], [116.34637250000002, 39.97341980000001]]]}}, {"type": "Feature", "id": "BF-00759", "properties": {"id": "BF-00759", "layer": "BUILDING_FOOTPRINT", "building_type": "existing_retained", "area_sqm": 1524.7, "source_id": "OSM-DERIVED-CORRIDOR-20260808", "source_type": "osm", "confidence": "medium", "geometry_role": "existing_condition"}, "geometry": {"type": "Polygon", "coordinates": [[[116.3457657, 39.97352390000001], [116.34576839999998, 39.9729513], [116.34548770000002, 39.9729505], [116.345485, 39.9735231], [116.3457657, 39.97352390000001]]]}}, {"type": "Feature", "id": "BF-00760", "properties": {"id": "BF-00760", "layer": "BUILDING_FOOTPRINT", "building_type": "existing_retained", "area_sqm": 630.5, "source_id": "OSM-DERIVED-CORRIDOR-20260808", "source_type": "osm", "confidence": "medium", "geometry_role": "existing_condition"}, "geometry": {"type": "Polygon", "coordinates": [[[116.3462532, 39.97184899999999], [116.346257, 39.971637300000005], [116.3459432, 39.97163400000001], [116.3459394, 39.97184580000001], [116.3462532, 39.97184899999999]]]}}, {"type": "Feature", "id": "BF-00761", "properties": {"id": "BF-00761", "layer": "BUILDING_FOOTPRINT", "building_type": "existing_retained", "area_sqm": 2404.4, "source_id": "OSM-DERIVED-CORRIDOR-20260808", "source_type": "osm", "confidence": "medium", "geometry_role": "existing_condition"}, "geometry": {"type": "Polygon", "coordinates": [[[116.34590720000001, 39.971810000000005], [116.345902, 39.97106629999999], [116.34578999999998, 39.971066699999994], [116.3457939, 39.9716297], [116.3455908, 39.9716306], [116.3455905, 39.97158919999999], [116.34498970000001, 39.97159160000001], [116.3449912, 39.97181370000001], [116.34590720000001, 39.971810000000005]]]}}, {"type": "Feature", "id": "BF-00762", "properties": {"id": "BF-00762", "layer": "BUILDING_FOOTPRINT", "building_type": "existing_retained", "area_sqm": 1087.1, "source_id": "OSM-DERIVED-CORRIDOR-20260808", "source_type": "osm", "confidence": "medium", "geometry_role": "existing_condition"}, "geometry": {"type": "Polygon", "coordinates": [[[116.344461, 39.969510500000005], [116.34445690000001, 39.9693771], [116.3435987, 39.96939239999999], [116.34360279999999, 39.969525900000015], [116.344461, 39.969510500000005]]]}}, {"type": "Feature", "id": "BF-00763", "properties": {"id": "BF-00763", "layer": "BUILDING_FOOTPRINT", "building_type": "existing_retained", "area_sqm": 1086.7, "source_id": "OSM-DERIVED-CORRIDOR-20260808", "source_type": "osm", "confidence": "medium", "geometry_role": "existing_condition"}, "geometry": {"type": "Polygon", "coordinates": [[[116.3444919, 39.9698837], [116.34448780000001, 39.96975030000001], [116.3436296, 39.9697657], [116.34363369999998, 39.969899100000006], [116.3444919, 39.9698837]]]}}, {"type": "Feature", "id": "BF-00764", "properties": {"id": "BF-00764", "layer": "BUILDING_FOOTPRINT", "building_type": "existing_retained", "area_sqm": 1087.0, "source_id": "OSM-DERIVED-CORRIDOR-20260808", "source_type": "osm", "confidence": "medium", "geometry_role": "existing_condition"}, "geometry": {"type": "Polygon", "coordinates": [[[116.3444865, 39.970241400000006], [116.34448239999999, 39.970108], [116.34362430000002, 39.970123300000004], [116.3436283, 39.9702568], [116.3444865, 39.970241400000006]]]}}, {"type": "Feature", "id": "BF-00765", "properties": {"id": "BF-00765", "layer": "BUILDING_FOOTPRINT", "building_type": "existing_retained", "area_sqm": 809.5, "source_id": "OSM-DERIVED-CORRIDOR-20260808", "source_type": "osm", "confidence": "medium", "geometry_role": "existing_condition"}, "geometry": {"type": "Polygon", "coordinates": [[[116.3454615, 39.97021989999999], [116.3454597, 39.9701033], [116.34472789999998, 39.97011010000001], [116.3447298, 39.9702267], [116.3454615, 39.97021989999999]]]}}, {"type": "Feature", "id": "BF-00766", "properties": {"id": "BF-00766", "layer": "BUILDING_FOOTPRINT", "building_type": "existing_retained", "area_sqm": 810.2, "source_id": "OSM-DERIVED-CORRIDOR-20260808", "source_type": "osm", "confidence": "medium", "geometry_role": "existing_condition"}, "geometry": {"type": "Polygon", "coordinates": [[[116.345479, 39.9705909], [116.3454771, 39.9704742], [116.3447454, 39.97048099999999], [116.3447472, 39.9705977], [116.345479, 39.9705909]]]}}, {"type": "Feature", "id": "BF-00767", "properties": {"id": "BF-00767", "layer": "BUILDING_FOOTPRINT", "building_type": "existing_retained", "area_sqm": 1087.0, "source_id": "OSM-DERIVED-CORRIDOR-20260808", "source_type": "osm", "confidence": "medium", "geometry_role": "existing_condition"}, "geometry": {"type": "Polygon", "coordinates": [[[116.3444865, 39.970595], [116.34448239999999, 39.9704615], [116.34362430000002, 39.970476899999994], [116.3436283, 39.97061029999999], [116.3444865, 39.970595]]]}}, {"type": "Feature", "id": "BF-00768", "properties": {"id": "BF-00768", "layer": "BUILDING_FOOTPRINT", "building_type": "existing_retained", "area_sqm": 1030.1, "source_id": "OSM-DERIVED-CORRIDOR-20260808", "source_type": "osm", "confidence": "medium", "geometry_role": "existing_condition"}, "geometry": {"type": "Polygon", "coordinates": [[[116.34455290000001, 39.9691655], [116.3445504, 39.96900320000001], [116.34436420000002, 39.969004899999995], [116.34436090000001, 39.9687982], [116.3441486, 39.9688001], [116.3441544, 39.9691691], [116.34455290000001, 39.9691655]]]}}, {"type": "Feature", "id": "BF-00769", "properties": {"id": "BF-00769", "layer": "BUILDING_FOOTPRINT", "building_type": "existing_retained", "area_sqm": 1579.7, "source_id": "OSM-DERIVED-CORRIDOR-20260808", "source_type": "osm", "confidence": "medium", "geometry_role": "existing_condition"}, "geometry": {"type": "Polygon", "coordinates": [[[116.3442689, 39.971403599999995], [116.3442692, 39.971364599999994], [116.3447115, 39.9713664], [116.34471250000001, 39.97121550000001], [116.3437446, 39.971211600000004], [116.3437433, 39.9714014], [116.3442689, 39.971403599999995]]]}}, {"type": "Feature", "id": "BF-00770", "properties": {"id": "BF-00770", "layer": "BUILDING_FOOTPRINT", "building_type": "existing_retained", "area_sqm": 1579.5, "source_id": "OSM-DERIVED-CORRIDOR-20260808", "source_type": "osm", "confidence": "medium", "geometry_role": "existing_condition"}, "geometry": {"type": "Polygon", "coordinates": [[[116.34425920000001, 39.97104019999999], [116.3442595, 39.971001300000005], [116.34470179999998, 39.9710031], [116.3447028, 39.97085220000001], [116.3437349, 39.97084829999999], [116.34373360000001, 39.971038099999994], [116.34425920000001, 39.97104019999999]]]}}, {"type": "Feature", "id": "BF-00771", "properties": {"id": "BF-00771", "layer": "BUILDING_FOOTPRINT", "building_type": "existing_retained", "area_sqm": 1525.0, "source_id": "OSM-DERIVED-CORRIDOR-20260808", "source_type": "osm", "confidence": "medium", "geometry_role": "existing_condition"}, "geometry": {"type": "Polygon", "coordinates": [[[116.34458680000002, 39.9717349], [116.3445898, 39.9719307], [116.3447321, 39.97192940000001], [116.3447265, 39.9715619], [116.3445353, 39.97156359999999], [116.344536, 39.9716133], [116.3437166, 39.971620599999994], [116.3437184, 39.9717427], [116.34458680000002, 39.9717349]]]}}, {"type": "Feature", "id": "BF-00772", "properties": {"id": "BF-00772", "layer": "BUILDING_FOOTPRINT", "building_type": "existing_retained", "area_sqm": 853.6, "source_id": "OSM-DERIVED-CORRIDOR-20260808", "source_type": "osm", "confidence": "medium", "geometry_role": "existing_condition"}, "geometry": {"type": "Polygon", "coordinates": [[[116.3384191, 39.97346049999999], [116.3384145, 39.9732631], [116.3379588, 39.97326929999999], [116.33796340000002, 39.9734667], [116.3384191, 39.97346049999999]]]}}, {"type": "Feature", "id": "BF-00773", "properties": {"id": "BF-00773", "layer": "BUILDING_FOOTPRINT", "building_type": "existing_retained", "area_sqm": 1684.3, "source_id": "OSM-DERIVED-CORRIDOR-20260808", "source_type": "osm", "confidence": "medium", "geometry_role": "existing_condition"}, "geometry": {"type": "Polygon", "coordinates": [[[116.33937950000002, 39.973367499999995], [116.3393862, 39.9729227], [116.3386291, 39.97291599999999], [116.3386273, 39.97303589999999], [116.339306, 39.973041899999984], [116.3393024, 39.97327589999999], [116.3386287, 39.9732699], [116.3386274, 39.9733609], [116.33937950000002, 39.973367499999995]]]}}, {"type": "Feature", "id": "BF-00774", "properties": {"id": "BF-00774", "layer": "BUILDING_FOOTPRINT", "building_type": "existing_retained", "area_sqm": 1684.6, "source_id": "OSM-DERIVED-CORRIDOR-20260808", "source_type": "osm", "confidence": "medium", "geometry_role": "existing_condition"}, "geometry": {"type": "Polygon", "coordinates": [[[116.33937150000001, 39.973992300000006], [116.3393782, 39.9735475], [116.338621, 39.9735408], [116.3386192, 39.9736607], [116.33929790000002, 39.973666699999995], [116.33929440000001, 39.973900699999994], [116.3386207, 39.973894699999995], [116.33861930000002, 39.973985699999986], [116.33937150000001, 39.973992300000006]]]}}, {"type": "Feature", "id": "BF-00775", "properties": {"id": "BF-00775", "layer": "BUILDING_FOOTPRINT", "building_type": "existing_retained", "area_sqm": 1624.6, "source_id": "OSM-DERIVED-CORRIDOR-20260808", "source_type": "osm", "confidence": "medium", "geometry_role": "existing_condition"}, "geometry": {"type": "Polygon", "coordinates": [[[116.34075180000002, 39.974162], [116.34129430000002, 39.974168999999996], [116.34130480000002, 39.97368889999999], [116.34071779999998, 39.97368139999999], [116.3407151, 39.9738084], [116.3411576, 39.9738141], [116.34115240000001, 39.9740524], [116.34075430000001, 39.974047299999995], [116.34075180000002, 39.974162]]]}}, {"type": "Feature", "id": "BF-00776", "properties": {"id": "BF-00776", "layer": "BUILDING_FOOTPRINT", "building_type": "existing_retained", "area_sqm": 1624.6, "source_id": "OSM-DERIVED-CORRIDOR-20260808", "source_type": "osm", "confidence": "medium", "geometry_role": "existing_condition"}, "geometry": {"type": "Polygon", "coordinates": [[[116.34078979999998, 39.973477200000005], [116.3413323, 39.97348409999999], [116.3413428, 39.9730041], [116.34075580000001, 39.9729966], [116.34075300000002, 39.97312359999999], [116.34119560000002, 39.97312929999999], [116.3411904, 39.9733676], [116.3407923, 39.973362400000006], [116.34078979999998, 39.973477200000005]]]}}, {"type": "Feature", "id": "BF-00777", "properties": {"id": "BF-00777", "layer": "BUILDING_FOOTPRINT", "building_type": "existing_retained", "area_sqm": 2514.4, "source_id": "OSM-DERIVED-CORRIDOR-20260808", "source_type": "osm", "confidence": "medium", "geometry_role": "existing_condition"}, "geometry": {"type": "Polygon", "coordinates": [[[116.34064330000001, 39.97484609999999], [116.3406446, 39.9745933], [116.3395961, 39.9745902], [116.3395948, 39.974843000000014], [116.34064330000001, 39.97484609999999]]]}}, {"type": "Feature", "id": "BF-00778", "properties": {"id": "BF-00778", "layer": "BUILDING_FOOTPRINT", "building_type": "existing_retained", "area_sqm": 743.6, "source_id": "OSM-DERIVED-CORRIDOR-20260808", "source_type": "osm", "confidence": "medium", "geometry_role": "existing_condition"}, "geometry": {"type": "Polygon", "coordinates": [[[116.339785, 39.97440600000001], [116.3397977, 39.97392709999999], [116.33963409999998, 39.9739245], [116.33962140000001, 39.974403499999994], [116.339785, 39.97440600000001]]]}}, {"type": "Feature", "id": "BF-00779", "properties": {"id": "BF-00779", "layer": "BUILDING_FOOTPRINT", "building_type": "existing_retained", "area_sqm": 769.4, "source_id": "OSM-DERIVED-CORRIDOR-20260808", "source_type": "osm", "confidence": "medium", "geometry_role": "existing_condition"}, "geometry": {"type": "Polygon", "coordinates": [[[116.3406399, 39.97440360000001], [116.3406377, 39.9742907], [116.3399191, 39.9742993], [116.3399213, 39.97441210000001], [116.3406399, 39.97440360000001]]]}}, {"type": "Feature", "id": "BF-00780", "properties": {"id": "BF-00780", "layer": "BUILDING_FOOTPRINT", "building_type": "existing_retained", "area_sqm": 852.7, "source_id": "OSM-DERIVED-CORRIDOR-20260808", "source_type": "osm", "confidence": "medium", "geometry_role": "existing_condition"}, "geometry": {"type": "Polygon", "coordinates": [[[116.34053200000001, 39.97406600000001], [116.3405336, 39.97393460000001], [116.33984979999998, 39.9739296], [116.33984820000002, 39.97406110000001], [116.34053200000001, 39.97406600000001]]]}}, {"type": "Feature", "id": "BF-00781", "properties": {"id": "BF-00781", "layer": "BUILDING_FOOTPRINT", "building_type": "existing_retained", "area_sqm": 1662.4, "source_id": "OSM-DERIVED-CORRIDOR-20260808", "source_type": "osm", "confidence": "medium", "geometry_role": "existing_condition"}, "geometry": {"type": "Polygon", "coordinates": [[[116.3419776, 39.97412990000001], [116.34200630000001, 39.9735712], [116.34184940000002, 39.9735665], [116.3418331, 39.97388419999999], [116.34147070000002, 39.973873299999994], [116.3414584, 39.97411429999999], [116.3419776, 39.97412990000001]]]}}, {"type": "Feature", "id": "BF-00782", "properties": {"id": "BF-00782", "layer": "BUILDING_FOOTPRINT", "building_type": "existing_retained", "area_sqm": 367.1, "source_id": "OSM-DERIVED-CORRIDOR-20260808", "source_type": "osm", "confidence": "medium", "geometry_role": "existing_condition"}, "geometry": {"type": "Polygon", "coordinates": [[[116.33981169999998, 39.97383059999999], [116.33981889999998, 39.973586], [116.3396608, 39.97358320000001], [116.3396536, 39.973827899999996], [116.33981169999998, 39.97383059999999]]]}}, {"type": "Feature", "id": "BF-00783", "properties": {"id": "BF-00783", "layer": "BUILDING_FOOTPRINT", "building_type": "existing_retained", "area_sqm": 1001.1, "source_id": "OSM-DERIVED-CORRIDOR-20260808", "source_type": "osm", "confidence": "medium", "geometry_role": "existing_condition"}, "geometry": {"type": "Polygon", "coordinates": [[[116.3397377, 39.97333369999999], [116.3397353, 39.97346530000001], [116.3405371, 39.9734737], [116.34053949999999, 39.97334209999999], [116.3397377, 39.97333369999999]]]}}, {"type": "Feature", "id": "BF-00784", "properties": {"id": "BF-00784", "layer": "BUILDING_FOOTPRINT", "building_type": "existing_retained", "area_sqm": 1000.7, "source_id": "OSM-DERIVED-CORRIDOR-20260808", "source_type": "osm", "confidence": "medium", "geometry_role": "existing_condition"}, "geometry": {"type": "Polygon", "coordinates": [[[116.33976309999998, 39.972973], [116.3397607, 39.973104600000006], [116.34056250000002, 39.973113], [116.3405648, 39.9729815], [116.33976309999998, 39.972973]]]}}, {"type": "Feature", "id": "BF-00785", "properties": {"id": "BF-00785", "layer": "BUILDING_FOOTPRINT", "building_type": "existing_retained", "area_sqm": 1282.0, "source_id": "OSM-DERIVED-CORRIDOR-20260808", "source_type": "osm", "confidence": "medium", "geometry_role": "existing_condition"}, "geometry": {"type": "Polygon", "coordinates": [[[116.3396966, 39.97349030000001], [116.3397022, 39.97293179999999], [116.3406083, 39.9729371], [116.34133340000001, 39.97294140000001], [116.3413339, 39.97288900000001], [116.33962140000001, 39.9728789], [116.33961530000002, 39.973489799999996], [116.3396966, 39.97349030000001]]]}}, {"type": "Feature", "id": "BF-00786", "properties": {"id": "BF-00786", "layer": "BUILDING_FOOTPRINT", "building_type": "existing_retained", "area_sqm": 796.0, "source_id": "OSM-DERIVED-CORRIDOR-20260808", "source_type": "osm", "confidence": "medium", "geometry_role": "existing_condition"}, "geometry": {"type": "Polygon", "coordinates": [[[116.3353664, 39.968464899999994], [116.3354195, 39.96835450000001], [116.33534370000001, 39.968354500000004], [116.33535890000002, 39.9682556], [116.3354423, 39.96820329999999], [116.33543469999998, 39.9680986], [116.3351844, 39.968092799999994], [116.3351616, 39.9681742], [116.33520710000002, 39.9682382], [116.33517680000001, 39.96834869999999], [116.3351161, 39.968331199999994], [116.3350933, 39.96843009999999], [116.3353664, 39.968464899999994]]]}}, {"type": "Feature", "id": "BF-00787", "properties": {"id": "BF-00787", "layer": "BUILDING_FOOTPRINT", "building_type": "existing_retained", "area_sqm": 796.0, "source_id": "OSM-DERIVED-CORRIDOR-20260808", "source_type": "osm", "confidence": "medium", "geometry_role": "existing_condition"}, "geometry": {"type": "Polygon", "coordinates": [[[116.3344333, 39.9678951], [116.3344864, 39.96778470000001], [116.33441060000001, 39.96778470000001], [116.3344257, 39.96768579999999], [116.3345092, 39.9676335], [116.33450159999998, 39.96752879999999], [116.3342512, 39.96752300000001], [116.33422850000001, 39.967604400000006], [116.334274, 39.967668399999994], [116.33424359999998, 39.96777889999999], [116.334183, 39.96776139999999], [116.3341602, 39.96786029999999], [116.3344333, 39.9678951]]]}}, {"type": "Feature", "id": "BF-00788", "properties": {"id": "BF-00788", "layer": "BUILDING_FOOTPRINT", "building_type": "existing_retained", "area_sqm": 795.9, "source_id": "OSM-DERIVED-CORRIDOR-20260808", "source_type": "osm", "confidence": "medium", "geometry_role": "existing_condition"}, "geometry": {"type": "Polygon", "coordinates": [[[116.3342892, 39.96892429999999], [116.3343423, 39.96881380000001], [116.3342664, 39.9688138], [116.33428160000001, 39.9687149], [116.33436499999999, 39.9686626], [116.3343574, 39.96855800000001], [116.3341071, 39.96855209999998], [116.3340843, 39.96863350000001], [116.3341299, 39.9686975], [116.33409950000001, 39.96880800000001], [116.33403880000002, 39.96879049999999], [116.33401609999999, 39.968889399999995], [116.3342892, 39.96892429999999]]]}}, {"type": "Feature", "id": "BF-00789", "properties": {"id": "BF-00789", "layer": "BUILDING_FOOTPRINT", "building_type": "existing_retained", "area_sqm": 795.9, "source_id": "OSM-DERIVED-CORRIDOR-20260808", "source_type": "osm", "confidence": "medium", "geometry_role": "existing_condition"}, "geometry": {"type": "Polygon", "coordinates": [[[116.33539680000001, 39.9697324], [116.33544989999999, 39.96962199999999], [116.33537399999999, 39.96962200000001], [116.3353892, 39.96952310000001], [116.33547270000001, 39.9694708], [116.3354651, 39.969366099999995], [116.33521470000001, 39.9693603], [116.335192, 39.9694417], [116.3352375, 39.9695057], [116.33520710000002, 39.9696161], [116.3351464, 39.969598699999985], [116.3351237, 39.969697499999995], [116.33539680000001, 39.9697324]]]}}, {"type": "Feature", "id": "BF-00790", "properties": {"id": "BF-00790", "layer": "BUILDING_FOOTPRINT", "building_type": "existing_retained", "area_sqm": 795.9, "source_id": "OSM-DERIVED-CORRIDOR-20260808", "source_type": "osm", "confidence": "medium", "geometry_role": "existing_condition"}, "geometry": {"type": "Polygon", "coordinates": [[[116.3360568, 39.969790599999996], [116.33610990000001, 39.969680099999984], [116.33603400000001, 39.969680100000005], [116.3360492, 39.9695813], [116.3361327, 39.96952889999999], [116.3361251, 39.96942429999999], [116.33587469999999, 39.9694185], [116.335852, 39.969499899999995], [116.33589750000002, 39.969563799999996], [116.3358671, 39.969674299999994], [116.33580650000002, 39.969656799999996], [116.3357837, 39.9697557], [116.3360568, 39.969790599999996]]]}}, {"type": "Feature", "id": "BF-00791", "properties": {"id": "BF-00791", "layer": "BUILDING_FOOTPRINT", "building_type": "existing_retained", "area_sqm": 795.8, "source_id": "OSM-DERIVED-CORRIDOR-20260808", "source_type": "osm", "confidence": "medium", "geometry_role": "existing_condition"}, "geometry": {"type": "Polygon", "coordinates": [[[116.33671680000002, 39.96984870000001], [116.3367699, 39.9697382], [116.33669409999999, 39.9697382], [116.3367092, 39.9696394], [116.33679270000002, 39.969587100000005], [116.3367851, 39.9694824], [116.33653480000001, 39.9694766], [116.33651199999998, 39.969558], [116.3365575, 39.96962200000001], [116.33652720000002, 39.9697324], [116.3364665, 39.969715], [116.3364437, 39.96981379999999], [116.33671680000002, 39.96984870000001]]]}}, {"type": "Feature", "id": "BF-00792", "properties": {"id": "BF-00792", "layer": "BUILDING_FOOTPRINT", "building_type": "existing_retained", "area_sqm": 795.8, "source_id": "OSM-DERIVED-CORRIDOR-20260808", "source_type": "osm", "confidence": "medium", "geometry_role": "existing_condition"}, "geometry": {"type": "Polygon", "coordinates": [[[116.33626920000002, 39.9702964], [116.33632230000002, 39.970185900000004], [116.3362465, 39.970185900000004], [116.3362616, 39.9700871], [116.33634510000002, 39.9700348], [116.3363375, 39.969930100000006], [116.33608720000001, 39.9699243], [116.33606439999998, 39.97000570000001], [116.33610990000001, 39.97006959999999], [116.33607960000002, 39.97018010000001], [116.3360189, 39.97016270000001], [116.3359961, 39.9702615], [116.33626920000002, 39.9702964]]]}}, {"type": "Feature", "id": "BF-00793", "properties": {"id": "BF-00793", "layer": "BUILDING_FOOTPRINT", "building_type": "existing_retained", "area_sqm": 795.8, "source_id": "OSM-DERIVED-CORRIDOR-20260808", "source_type": "osm", "confidence": "medium", "geometry_role": "existing_condition"}, "geometry": {"type": "Polygon", "coordinates": [[[116.335594, 39.97024989999999], [116.3356471, 39.970139399999994], [116.3355713, 39.9701394], [116.33558640000001, 39.97004059999999], [116.3356699, 39.9699882], [116.33566230000001, 39.9698836], [116.33541200000002, 39.969877800000006], [116.3353892, 39.9699592], [116.33543469999998, 39.9700231], [116.3354044, 39.9701336], [116.33534370000001, 39.97011619999999], [116.33532089999999, 39.970215], [116.335594, 39.97024989999999]]]}}, {"type": "Feature", "id": "BF-00794", "properties": {"id": "BF-00794", "layer": "BUILDING_FOOTPRINT", "building_type": "existing_retained", "area_sqm": 795.9, "source_id": "OSM-DERIVED-CORRIDOR-20260808", "source_type": "osm", "confidence": "medium", "geometry_role": "existing_condition"}, "geometry": {"type": "Polygon", "coordinates": [[[116.3341374, 39.97004059999999], [116.3341905, 39.9699301], [116.33411470000001, 39.9699301], [116.3341299, 39.9698313], [116.3342133, 39.9697789], [116.33420570000001, 39.9696743], [116.3339554, 39.9696685], [116.3339326, 39.96974989999999], [116.3339781, 39.96981379999999], [116.3339478, 39.9699243], [116.33388709999998, 39.9699068], [116.3338643, 39.9700057], [116.3341374, 39.97004059999999]]]}}, {"type": "Feature", "id": "BF-00795", "properties": {"id": "BF-00795", "layer": "BUILDING_FOOTPRINT", "building_type": "existing_retained", "area_sqm": 795.8, "source_id": "OSM-DERIVED-CORRIDOR-20260808", "source_type": "osm", "confidence": "medium", "geometry_role": "existing_condition"}, "geometry": {"type": "Polygon", "coordinates": [[[116.33343949999998, 39.9699882], [116.3334926, 39.9698778], [116.3334167, 39.9698778], [116.3334319, 39.969778899999994], [116.33351539999998, 39.9697266], [116.33350779999999, 39.96962199999999], [116.33325739999998, 39.96961610000001], [116.33323470000002, 39.9696975], [116.3332802, 39.96976149999999], [116.33324979999999, 39.969872], [116.3331891, 39.9698545], [116.33316640000001, 39.9699534], [116.33343949999998, 39.9699882]]]}}, {"type": "Feature", "id": "BF-00796", "properties": {"id": "BF-00796", "layer": "BUILDING_FOOTPRINT", "building_type": "existing_retained", "area_sqm": 795.9, "source_id": "OSM-DERIVED-CORRIDOR-20260808", "source_type": "osm", "confidence": "medium", "geometry_role": "existing_condition"}, "geometry": {"type": "Polygon", "coordinates": [[[116.33301460000001, 39.970430099999994], [116.3330678, 39.9703196], [116.3329919, 39.9703196], [116.33300709999999, 39.97022080000001], [116.33309050000001, 39.97016849999999], [116.3330829, 39.9700638], [116.3328326, 39.970058], [116.3328098, 39.97013940000001], [116.3328553, 39.97020340000001], [116.33282499999999, 39.970313799999985], [116.3327643, 39.9702964], [116.3327415, 39.97039519999999], [116.33301460000001, 39.970430099999994]]]}}, {"type": "Feature", "id": "BF-00797", "properties": {"id": "BF-00797", "layer": "BUILDING_FOOTPRINT", "building_type": "existing_retained", "area_sqm": 795.8, "source_id": "OSM-DERIVED-CORRIDOR-20260808", "source_type": "osm", "confidence": "medium", "geometry_role": "existing_condition"}, "geometry": {"type": "Polygon", "coordinates": [[[116.3344257, 39.97054640000001], [116.3344788, 39.97043589999999], [116.334403, 39.9704359], [116.33441810000001, 39.9703371], [116.33450159999998, 39.970284799999995], [116.33449399999999, 39.9701801], [116.33424359999998, 39.97017429999999], [116.33422090000002, 39.97025570000001], [116.3342664, 39.9703196], [116.3342361, 39.970430099999994], [116.3341754, 39.97041269999999], [116.33415260000001, 39.9705115], [116.3344257, 39.97054640000001]]]}}, {"type": "Feature", "id": "BF-00798", "properties": {"id": "BF-00798", "layer": "BUILDING_FOOTPRINT", "building_type": "existing_retained", "area_sqm": 795.8, "source_id": "OSM-DERIVED-CORRIDOR-20260808", "source_type": "osm", "confidence": "medium", "geometry_role": "existing_condition"}, "geometry": {"type": "Polygon", "coordinates": [[[116.33489610000001, 39.97058129999999], [116.33494919999998, 39.970470799999994], [116.33487329999998, 39.9704708], [116.33488850000002, 39.970372000000005], [116.33497190000001, 39.9703196], [116.33496440000002, 39.970214999999996], [116.334714, 39.970209200000006], [116.33469119999998, 39.97029059999999], [116.3347368, 39.9703545], [116.33470640000002, 39.970465000000004], [116.3346457, 39.97044759999999], [116.334623, 39.9705464], [116.33489610000001, 39.97058129999999]]]}}, {"type": "Feature", "id": "BF-00799", "properties": {"id": "BF-00799", "layer": "BUILDING_FOOTPRINT", "building_type": "existing_retained", "area_sqm": 953.4, "source_id": "OSM-DERIVED-CORRIDOR-20260808", "source_type": "osm", "confidence": "medium", "geometry_role": "existing_condition"}, "geometry": {"type": "Polygon", "coordinates": [[[116.3334492, 39.97084329999999], [116.3334438, 39.970779699999994], [116.3333853, 39.9707775], [116.3333856, 39.97067909999999], [116.3334471, 39.9706394], [116.33346220000001, 39.970558], [116.3330602, 39.970563799999994], [116.3330602, 39.970622000000006], [116.3330981, 39.9706627], [116.33309050000001, 39.97077899999999], [116.33302980000002, 39.970767300000006], [116.33301460000001, 39.9708429], [116.3334492, 39.97084329999999]]]}}, {"type": "Feature", "id": "BF-00800", "properties": {"id": "BF-00800", "layer": "BUILDING_FOOTPRINT", "building_type": "existing_retained", "area_sqm": 953.3, "source_id": "OSM-DERIVED-CORRIDOR-20260808", "source_type": "osm", "confidence": "medium", "geometry_role": "existing_condition"}, "geometry": {"type": "Polygon", "coordinates": [[[116.3341055, 39.9709041], [116.33410000000002, 39.9708405], [116.3340415, 39.970838399999984], [116.3340418, 39.97074], [116.3341033, 39.9707003], [116.3341185, 39.970618900000005], [116.3337164, 39.9706247], [116.3337164, 39.970682800000006], [116.3337543, 39.9707235], [116.3337467, 39.97083979999999], [116.33368600000001, 39.970828199999985], [116.3336709, 39.97090380000001], [116.3341055, 39.9709041]]]}}, {"type": "Feature", "id": "BF-00801", "properties": {"id": "BF-00801", "layer": "BUILDING_FOOTPRINT", "building_type": "existing_retained", "area_sqm": 1022.8, "source_id": "OSM-DERIVED-CORRIDOR-20260808", "source_type": "osm", "confidence": "medium", "geometry_role": "existing_condition"}, "geometry": {"type": "Polygon", "coordinates": [[[116.33804180000001, 39.9740104], [116.3380404, 39.9737221], [116.3383987, 39.9737211], [116.33839810000002, 39.9735924], [116.33804530000002, 39.9735934], [116.338045, 39.9735356], [116.3379102, 39.973535999999996], [116.33791249999999, 39.9740108], [116.33804180000001, 39.9740104]]]}}, {"type": "Feature", "id": "BF-00802", "properties": {"id": "BF-00802", "layer": "BUILDING_FOOTPRINT", "building_type": "existing_retained", "area_sqm": 466.3, "source_id": "OSM-DERIVED-CORRIDOR-20260808", "source_type": "osm", "confidence": "medium", "geometry_role": "existing_condition"}, "geometry": {"type": "Polygon", "coordinates": [[[116.3379411, 39.973487299999995], [116.33794520000001, 39.9729545], [116.33827139999998, 39.97295600000001], [116.3382717, 39.972908800000006], [116.3378873, 39.972907100000015], [116.3378829, 39.97348699999999], [116.3379411, 39.973487299999995]]]}}, {"type": "Feature", "id": "BF-00803", "properties": {"id": "BF-00803", "layer": "BUILDING_FOOTPRINT", "building_type": "existing_retained", "area_sqm": 1053.9, "source_id": "OSM-DERIVED-CORRIDOR-20260808", "source_type": "osm", "confidence": "medium", "geometry_role": "existing_condition"}, "geometry": {"type": "Polygon", "coordinates": [[[116.3362794, 39.9733297], [116.3362844, 39.973029099999984], [116.3359148, 39.97302560000001], [116.3359099, 39.9733262], [116.3362794, 39.9733297]]]}}, {"type": "Feature", "id": "BF-00804", "properties": {"id": "BF-00804", "layer": "BUILDING_FOOTPRINT", "building_type": "existing_retained", "area_sqm": 1054.0, "source_id": "OSM-DERIVED-CORRIDOR-20260808", "source_type": "osm", "confidence": "medium", "geometry_role": "existing_condition"}, "geometry": {"type": "Polygon", "coordinates": [[[116.3369958, 39.973328499999994], [116.33700069999999, 39.9730279], [116.3366312, 39.9730243], [116.3366263, 39.973325], [116.3369958, 39.973328499999994]]]}}, {"type": "Feature", "id": "BF-00805", "properties": {"id": "BF-00805", "layer": "BUILDING_FOOTPRINT", "building_type": "existing_retained", "area_sqm": 1053.9, "source_id": "OSM-DERIVED-CORRIDOR-20260808", "source_type": "osm", "confidence": "medium", "geometry_role": "existing_condition"}, "geometry": {"type": "Polygon", "coordinates": [[[116.33769109999999, 39.9733481], [116.33769610000002, 39.9730475], [116.33732650000002, 39.97304390000001], [116.3373216, 39.9733445], [116.33769109999999, 39.9733481]]]}}, {"type": "Feature", "id": "BF-00806", "properties": {"id": "BF-00806", "layer": "BUILDING_FOOTPRINT", "building_type": "existing_retained", "area_sqm": 705.7, "source_id": "OSM-DERIVED-CORRIDOR-20260808", "source_type": "osm", "confidence": "medium", "geometry_role": "existing_condition"}, "geometry": {"type": "Polygon", "coordinates": [[[116.34667520000002, 39.96996029999999], [116.3466964, 39.969560400000006], [116.3465107, 39.96955460000001], [116.34648950000002, 39.9699545], [116.34667520000002, 39.96996029999999]]]}}, {"type": "Feature", "id": "BF-00807", "properties": {"id": "BF-00807", "layer": "BUILDING_FOOTPRINT", "building_type": "existing_retained", "area_sqm": 1622.1, "source_id": "OSM-DERIVED-CORRIDOR-20260808", "source_type": "osm", "confidence": "medium", "geometry_role": "existing_condition"}, "geometry": {"type": "Polygon", "coordinates": [[[116.3466628, 39.969194699999996], [116.34667259999999, 39.968854799999995], [116.34616979999998, 39.9688463], [116.34616, 39.96918620000001], [116.3466628, 39.969194699999996]]]}}, {"type": "Feature", "id": "BF-00808", "properties": {"id": "BF-00808", "layer": "BUILDING_FOOTPRINT", "building_type": "existing_retained", "area_sqm": 702.6, "source_id": "OSM-DERIVED-CORRIDOR-20260808", "source_type": "osm", "confidence": "medium", "geometry_role": "existing_condition"}, "geometry": {"type": "Polygon", "coordinates": [[[116.34675950000002, 39.96840770000001], [116.3467994, 39.9679891], [116.34662340000001, 39.9679793], [116.34658350000001, 39.968397800000005], [116.34675950000002, 39.96840770000001]]]}}, {"type": "Feature", "id": "BF-00809", "properties": {"id": "BF-00809", "layer": "BUILDING_FOOTPRINT", "building_type": "existing_retained", "area_sqm": 1214.2, "source_id": "OSM-DERIVED-CORRIDOR-20260808", "source_type": "osm", "confidence": "medium", "geometry_role": "existing_condition"}, "geometry": {"type": "Polygon", "coordinates": [[[116.34567410000001, 39.968596500000004], [116.34567050000001, 39.96830979999999], [116.3455734, 39.9683105], [116.3455717, 39.9681819], [116.3456352, 39.968181399999985], [116.34563450000002, 39.96812870000001], [116.34533879999998, 39.9681309], [116.3453436, 39.968508899999996], [116.3454759, 39.96850789999999], [116.3454771, 39.968597900000006], [116.34567410000001, 39.968596500000004]]]}}, {"type": "Feature", "id": "BF-00810", "properties": {"id": "BF-00810", "layer": "BUILDING_FOOTPRINT", "building_type": "existing_retained", "area_sqm": 1708.0, "source_id": "OSM-DERIVED-CORRIDOR-20260808", "source_type": "osm", "confidence": "medium", "geometry_role": "existing_condition"}, "geometry": {"type": "Polygon", "coordinates": [[[116.345658, 39.9681106], [116.34565940000002, 39.967977], [116.3458661, 39.9679783], [116.3458673, 39.9678651], [116.3461375, 39.9678668], [116.3461384, 39.967779099999994], [116.34531829999999, 39.967774], [116.34531469999999, 39.9681085], [116.345658, 39.9681106]]]}}, {"type": "Feature", "id": "BF-00811", "properties": {"id": "BF-00811", "layer": "BUILDING_FOOTPRINT", "building_type": "existing_retained", "area_sqm": 924.1, "source_id": "OSM-DERIVED-CORRIDOR-20260808", "source_type": "osm", "confidence": "medium", "geometry_role": "existing_condition"}, "geometry": {"type": "Polygon", "coordinates": [[[116.3454592, 39.96916439999999], [116.3454613, 39.9690324], [116.34470290000002, 39.96902529999999], [116.34470140000002, 39.9691218], [116.3447766, 39.96912250000001], [116.344776, 39.96915789999999], [116.3454592, 39.96916439999999]]]}}, {"type": "Feature", "id": "BF-00812", "properties": {"id": "BF-00812", "layer": "BUILDING_FOOTPRINT", "building_type": "existing_retained", "area_sqm": 894.5, "source_id": "OSM-DERIVED-CORRIDOR-20260808", "source_type": "osm", "confidence": "medium", "geometry_role": "existing_condition"}, "geometry": {"type": "Polygon", "coordinates": [[[116.34544870000002, 39.9688711], [116.345449, 39.968925099999986], [116.3455843, 39.96892470000001], [116.3455831, 39.9686795], [116.34544880000001, 39.9686799], [116.3454495, 39.9688327], [116.3452021, 39.96883340000001], [116.34520160000001, 39.96874859999999], [116.34478130000001, 39.96874989999999], [116.3447819, 39.9688731], [116.34544870000002, 39.9688711]]]}}, {"type": "Feature", "id": "BF-00813", "properties": {"id": "BF-00813", "layer": "BUILDING_FOOTPRINT", "building_type": "existing_retained", "area_sqm": 1595.6, "source_id": "OSM-DERIVED-CORRIDOR-20260808", "source_type": "osm", "confidence": "medium", "geometry_role": "existing_condition"}, "geometry": {"type": "Polygon", "coordinates": [[[116.34388500000001, 39.969321199999996], [116.34389440000001, 39.9687336], [116.3436082, 39.96873099999999], [116.3435988, 39.969318599999994], [116.34388500000001, 39.969321199999996]]]}}, {"type": "Feature", "id": "BF-00814", "properties": {"id": "BF-00814", "layer": "BUILDING_FOOTPRINT", "building_type": "existing_retained", "area_sqm": 926.1, "source_id": "OSM-DERIVED-CORRIDOR-20260808", "source_type": "osm", "confidence": "medium", "geometry_role": "existing_condition"}, "geometry": {"type": "Polygon", "coordinates": [[[116.34400650000002, 39.96937439999999], [116.34454770000002, 39.969364999999996], [116.3445423, 39.969184699999985], [116.34400120000001, 39.969194099999996], [116.34400650000002, 39.96937439999999]]]}}, {"type": "Feature", "id": "BF-00815", "properties": {"id": "BF-00815", "layer": "BUILDING_FOOTPRINT", "building_type": "existing_retained", "area_sqm": 2657.5, "source_id": "OSM-DERIVED-CORRIDOR-20260808", "source_type": "osm", "confidence": "medium", "geometry_role": "existing_condition"}, "geometry": {"type": "Polygon", "coordinates": [[[116.34050790000002, 40.00419939999999], [116.34051310000001, 40.003813900000004], [116.34136300000002, 40.00382049999999], [116.3413653, 40.00364760000001], [116.3402767, 40.0036391], [116.3402693, 40.0041976], [116.34050790000002, 40.00419939999999]]]}}, {"type": "Feature", "id": "BF-00816", "properties": {"id": "BF-00816", "layer": "BUILDING_FOOTPRINT", "building_type": "existing_retained", "area_sqm": 2242.0, "source_id": "OSM-DERIVED-CORRIDOR-20260808", "source_type": "osm", "confidence": "medium", "geometry_role": "existing_condition"}, "geometry": {"type": "Polygon", "coordinates": [[[116.34045840000002, 40.00919369999999], [116.34047709999999, 40.008911], [116.3396534, 40.008899799999995], [116.33961870000002, 40.0091851], [116.34045840000002, 40.00919369999999]]]}}, {"type": "Feature", "id": "BF-00817", "properties": {"id": "BF-00817", "layer": "BUILDING_FOOTPRINT", "building_type": "existing_retained", "area_sqm": 890.3, "source_id": "OSM-DERIVED-CORRIDOR-20260808", "source_type": "osm", "confidence": "medium", "geometry_role": "existing_condition"}, "geometry": {"type": "Polygon", "coordinates": [[[116.3399367, 40.00929810000001], [116.33993650000001, 40.009487], [116.33958219999998, 40.00947720000001], [116.33957459999999, 40.009535], [116.34004269999998, 40.00953969999999], [116.34025120000001, 40.00934529999999], [116.3401916, 40.0093065], [116.3400314, 40.0094406], [116.3400449, 40.0092289], [116.33961399999998, 40.009216], [116.3396123, 40.009293], [116.3399367, 40.00929810000001]]]}}, {"type": "Feature", "id": "BF-00818", "properties": {"id": "BF-00818", "layer": "BUILDING_FOOTPRINT", "building_type": "existing_retained", "area_sqm": 1927.2, "source_id": "OSM-DERIVED-CORRIDOR-20260808", "source_type": "osm", "confidence": "medium", "geometry_role": "existing_condition"}, "geometry": {"type": "Polygon", "coordinates": [[[116.33935500000001, 40.0109941], [116.3393614, 40.0108432], [116.3392229, 40.01083979999999], [116.3392253, 40.0107843], [116.33908140000001, 40.010780700000005], [116.3390791, 40.01083459999999], [116.33898330000001, 40.0108322], [116.3389858, 40.010773799999996], [116.3388497, 40.0107703], [116.3388473, 40.01082769999999], [116.33874050000001, 40.01082499999999], [116.33874300000001, 40.0107681], [116.3386156, 40.0107649], [116.338613, 40.0108257], [116.3385022, 40.01082290000001], [116.3385046, 40.01076689999999], [116.33834000000002, 40.0107628], [116.33833729999999, 40.010826300000005], [116.33822959999999, 40.0108236], [116.33822359999999, 40.0109662], [116.33935500000001, 40.0109941]]]}}, {"type": "Feature", "id": "BF-00819", "properties": {"id": "BF-00819", "layer": "BUILDING_FOOTPRINT", "building_type": "existing_retained", "area_sqm": 8722.5, "source_id": "OSM-DERIVED-CORRIDOR-20260808", "source_type": "osm", "confidence": "medium", "geometry_role": "existing_condition"}, "geometry": {"type": "Polygon", "coordinates": [[[116.3450931, 40.0081588], [116.34509510000001, 40.0076215], [116.34338259999998, 40.007617800000006], [116.3433806, 40.0081549], [116.3450931, 40.0081588]]]}}, {"type": "Feature", "id": "BF-00820", "properties": {"id": "BF-00820", "layer": "BUILDING_FOOTPRINT", "building_type": "existing_retained", "area_sqm": 486.9, "source_id": "OSM-DERIVED-CORRIDOR-20260808", "source_type": "osm", "confidence": "medium", "geometry_role": "existing_condition"}, "geometry": {"type": "Polygon", "coordinates": [[[116.3458263, 40.00775829999999], [116.34581370000001, 40.0075724], [116.34561289999999, 40.00759479999999], [116.34561710000001, 40.00766209999999], [116.34545390000001, 40.0076653], [116.34546230000001, 40.007761499999994], [116.3458263, 40.00775829999999]]]}}, {"type": "Feature", "id": "BF-00821", "properties": {"id": "BF-00821", "layer": "BUILDING_FOOTPRINT", "building_type": "existing_retained", "area_sqm": 318.0, "source_id": "OSM-DERIVED-CORRIDOR-20260808", "source_type": "osm", "confidence": "medium", "geometry_role": "existing_condition"}, "geometry": {"type": "Polygon", "coordinates": [[[116.328227, 39.979438], [116.3282296, 39.979364000000004], [116.32776560000002, 39.979353700000004], [116.32776030000001, 39.97942360000001], [116.328227, 39.979438]]]}}, {"type": "Feature", "id": "BF-00822", "properties": {"id": "BF-00822", "layer": "BUILDING_FOOTPRINT", "building_type": "existing_retained", "area_sqm": 207.8, "source_id": "OSM-DERIVED-CORRIDOR-20260808", "source_type": "osm", "confidence": "medium", "geometry_role": "existing_condition"}, "geometry": {"type": "Polygon", "coordinates": [[[116.32821350000002, 39.97959620000001], [116.3283503, 39.9796003], [116.32836639999998, 39.9794421], [116.328227, 39.979438], [116.32821350000002, 39.97959620000001]]]}}, {"type": "Feature", "id": "BF-00823", "properties": {"id": "BF-00823", "layer": "BUILDING_FOOTPRINT", "building_type": "existing_retained", "area_sqm": 4040.8, "source_id": "OSM-DERIVED-CORRIDOR-20260808", "source_type": "osm", "confidence": "medium", "geometry_role": "existing_condition"}, "geometry": {"type": "Polygon", "coordinates": [[[116.3340868, 39.9864907], [116.3336328, 39.9864809], [116.33359840000001, 39.98741869999999], [116.3340523, 39.9874285], [116.3340868, 39.9864907]]]}}, {"type": "Feature", "id": "BF-00824", "properties": {"id": "BF-00824", "layer": "BUILDING_FOOTPRINT", "building_type": "existing_retained", "area_sqm": 284.1, "source_id": "OSM-DERIVED-CORRIDOR-20260808", "source_type": "osm", "confidence": "medium", "geometry_role": "existing_condition"}, "geometry": {"type": "Polygon", "coordinates": [[[116.3440484, 39.98116220000001], [116.3440665, 39.98088679999999], [116.34395790000002, 39.98088210000001], [116.3439437, 39.9811174], [116.3439411, 39.981160599999995], [116.3440484, 39.98116220000001]]]}}, {"type": "Feature", "id": "BF-00825", "properties": {"id": "BF-00825", "layer": "BUILDING_FOOTPRINT", "building_type": "existing_retained", "area_sqm": 1119.5, "source_id": "OSM-DERIVED-CORRIDOR-20260808", "source_type": "osm", "confidence": "medium", "geometry_role": "existing_condition"}, "geometry": {"type": "Polygon", "coordinates": [[[116.33703039999999, 39.9769951], [116.3372255, 39.97701229999999], [116.3373536, 39.977012300000005], [116.33735050000001, 39.97687289999999], [116.337258, 39.976872099999994], [116.3372616, 39.9768366], [116.33728239999999, 39.97663219999999], [116.3370873, 39.976621299999984], [116.3370597, 39.976817200000006], [116.3370548, 39.97685179999999], [116.3370039, 39.976845600000004], [116.33688400000001, 39.97683], [116.33683930000001, 39.976971799999994], [116.33703039999999, 39.9769951]]]}}, {"type": "Feature", "id": "BF-00826", "properties": {"id": "BF-00826", "layer": "BUILDING_FOOTPRINT", "building_type": "existing_retained", "area_sqm": 750.9, "source_id": "OSM-DERIVED-CORRIDOR-20260808", "source_type": "osm", "confidence": "medium", "geometry_role": "existing_condition"}, "geometry": {"type": "Polygon", "coordinates": [[[116.33622540000002, 39.97665549999999], [116.33607300000001, 39.9766057], [116.3358758, 39.97653090000001], [116.33578229999999, 39.976638400000006], [116.3360018, 39.976727200000006], [116.33615370000001, 39.97678870000001], [116.3363189, 39.97684559999999], [116.3363819, 39.976713200000006], [116.33622540000002, 39.97665549999999]]]}}, {"type": "Feature", "id": "BF-00827", "properties": {"id": "BF-00827", "layer": "BUILDING_FOOTPRINT", "building_type": "existing_retained", "area_sqm": 663.0, "source_id": "OSM-DERIVED-CORRIDOR-20260808", "source_type": "osm", "confidence": "medium", "geometry_role": "existing_condition"}, "geometry": {"type": "Polygon", "coordinates": [[[116.33626809999998, 39.9764305], [116.3363372, 39.9763682], [116.3364632, 39.97628099999999], [116.3366157, 39.97619220000001], [116.3364856, 39.9760723], [116.33633110000001, 39.97616879999999], [116.3362193, 39.9762592], [116.3361461, 39.976340199999996], [116.33626809999998, 39.9764305]]]}}, {"type": "Feature", "id": "BF-00828", "properties": {"id": "BF-00828", "layer": "BUILDING_FOOTPRINT", "building_type": "existing_retained", "area_sqm": 706.2, "source_id": "OSM-DERIVED-CORRIDOR-20260808", "source_type": "osm", "confidence": "medium", "geometry_role": "existing_condition"}, "geometry": {"type": "Polygon", "coordinates": [[[116.33664810000002, 39.9761731], [116.3367246, 39.97612809999999], [116.33682820000001, 39.976067199999996], [116.33698360000001, 39.97597569999999], [116.33684950000001, 39.9758479], [116.3365527, 39.97603089999999], [116.3365154, 39.97605389999999], [116.3364856, 39.9760723], [116.3366157, 39.97619220000001], [116.33664810000002, 39.9761731]]]}}, {"type": "Feature", "id": "BF-00829", "properties": {"id": "BF-00829", "layer": "BUILDING_FOOTPRINT", "building_type": "existing_retained", "area_sqm": 740.0, "source_id": "OSM-DERIVED-CORRIDOR-20260808", "source_type": "osm", "confidence": "medium", "geometry_role": "existing_condition"}, "geometry": {"type": "Polygon", "coordinates": [[[116.3370123, 39.9759583], [116.3370812, 39.97591649999999], [116.33718220000002, 39.9758735], [116.3372276, 39.9758542], [116.3373678, 39.97579340000001], [116.3372763, 39.9756517], [116.33712180000002, 39.97570770000001], [116.33696529999999, 39.9757794], [116.33690869999998, 39.97581289999999], [116.33688040000001, 39.97582959999999], [116.33684950000001, 39.9758479], [116.33698360000001, 39.97597569999999], [116.3370123, 39.9759583]]]}}, {"type": "Feature", "id": "BF-00830", "properties": {"id": "BF-00830", "layer": "BUILDING_FOOTPRINT", "building_type": "existing_retained", "area_sqm": 767.8, "source_id": "OSM-DERIVED-CORRIDOR-20260808", "source_type": "osm", "confidence": "medium", "geometry_role": "existing_condition"}, "geometry": {"type": "Polygon", "coordinates": [[[116.3373678, 39.97579340000001], [116.33755279999998, 39.9757327], [116.3377439, 39.9756828], [116.33778820000002, 39.97567719999999], [116.33784139999999, 39.97567039999999], [116.3378109, 39.97552550000001], [116.3376687, 39.9755457], [116.33747350000002, 39.9755894], [116.3372763, 39.9756517], [116.3373678, 39.97579340000001]]]}}, {"type": "Feature", "id": "BF-00831", "properties": {"id": "BF-00831", "layer": "BUILDING_FOOTPRINT", "building_type": "existing_retained", "area_sqm": 901.7, "source_id": "OSM-DERIVED-CORRIDOR-20260808", "source_type": "osm", "confidence": "medium", "geometry_role": "existing_condition"}, "geometry": {"type": "Polygon", "coordinates": [[[116.3362193, 39.9762592], [116.33633110000001, 39.97616879999999], [116.3364856, 39.9760723], [116.3365154, 39.97605389999999], [116.3365527, 39.97603089999999], [116.33684950000001, 39.9758479], [116.3367589, 39.975756200000006], [116.3366298, 39.9758368], [116.3365232, 39.975910799999994], [116.3364618, 39.97595340000001], [116.3363687, 39.976017999999996], [116.3361776, 39.976171], [116.33606100000002, 39.9762864], [116.3361461, 39.976340199999996], [116.3362193, 39.9762592]]]}}, {"type": "Feature", "id": "BF-00832", "properties": {"id": "BF-00832", "layer": "BUILDING_FOOTPRINT", "building_type": "existing_retained", "area_sqm": 1468.6, "source_id": "OSM-DERIVED-CORRIDOR-20260808", "source_type": "osm", "confidence": "medium", "geometry_role": "existing_condition"}, "geometry": {"type": "Polygon", "coordinates": [[[116.33696529999999, 39.9757794], [116.33712180000002, 39.97570770000001], [116.3372763, 39.9756517], [116.33747350000002, 39.9755894], [116.3376687, 39.9755457], [116.3378109, 39.97552550000001], [116.33778260000001, 39.975409199999994], [116.3375722, 39.975405299999984], [116.33736580000001, 39.975432], [116.337254, 39.9754582], [116.33706550000001, 39.975564899999995], [116.3368178, 39.975719500000004], [116.33690869999998, 39.97581289999999], [116.33696529999999, 39.9757794]]]}}, {"type": "Feature", "id": "BF-00833", "properties": {"id": "BF-00833", "layer": "BUILDING_FOOTPRINT", "building_type": "existing_retained", "area_sqm": 1112.7, "source_id": "OSM-DERIVED-CORRIDOR-20260808", "source_type": "osm", "confidence": "medium", "geometry_role": "existing_condition"}, "geometry": {"type": "Polygon", "coordinates": [[[116.3378088, 39.97702339999999], [116.3379993, 39.977004900000004], [116.3381763, 39.9769689], [116.338128, 39.97683529999999], [116.3379738, 39.9768579], [116.3379669, 39.97682090000001], [116.33792950000002, 39.97662150000001], [116.3377539, 39.97663589999999], [116.3377896, 39.976839399999996], [116.3377968, 39.9768805], [116.3376372, 39.9768928], [116.33763319999998, 39.9770213], [116.3378088, 39.97702339999999]]]}}, {"type": "Feature", "id": "BF-00834", "properties": {"id": "BF-00834", "layer": "BUILDING_FOOTPRINT", "building_type": "existing_retained", "area_sqm": 1086.5, "source_id": "OSM-DERIVED-CORRIDOR-20260808", "source_type": "osm", "confidence": "medium", "geometry_role": "existing_condition"}, "geometry": {"type": "Polygon", "coordinates": [[[116.33837339999998, 39.9769219], [116.33854640000001, 39.976877], [116.33870600000002, 39.976830099999994], [116.33864570000001, 39.976709899999996], [116.3384941, 39.9767541], [116.33847829999999, 39.97671929999999], [116.33838949999999, 39.97652389999999], [116.3382273, 39.976565999999984], [116.3383113, 39.976753200000005], [116.33832919999999, 39.9767931], [116.338128, 39.97683529999999], [116.3381763, 39.9769689], [116.33837339999998, 39.9769219]]]}}, {"type": "Feature", "id": "BF-00835", "properties": {"id": "BF-00835", "layer": "BUILDING_FOOTPRINT", "building_type": "existing_retained", "area_sqm": 684.4, "source_id": "OSM-DERIVED-CORRIDOR-20260808", "source_type": "osm", "confidence": "medium", "geometry_role": "existing_condition"}, "geometry": {"type": "Polygon", "coordinates": [[[116.33870600000002, 39.976830099999994], [116.3388844, 39.976771599999985], [116.3390641, 39.9766955], [116.33921030000002, 39.9766236], [116.33912040000001, 39.9765188], [116.33896760000002, 39.9765856], [116.3388826, 39.97662209999999], [116.3388026, 39.97665649999999], [116.33864570000001, 39.976709899999996], [116.33870600000002, 39.976830099999994]]]}}, {"type": "Feature", "id": "BF-00836", "properties": {"id": "BF-00836", "layer": "BUILDING_FOOTPRINT", "building_type": "existing_retained", "area_sqm": 2845.3, "source_id": "OSM-DERIVED-CORRIDOR-20260808", "source_type": "osm", "confidence": "medium", "geometry_role": "existing_condition"}, "geometry": {"type": "Polygon", "coordinates": [[[116.34180769999999, 39.98385], [116.3419926, 39.983854699999995], [116.3419957, 39.98378160000001], [116.3429108, 39.9838075], [116.3429108, 39.9838736], [116.3430956, 39.98388069999999], [116.34311100000001, 39.9835526], [116.3429231, 39.98354779999999], [116.3429231, 39.983614], [116.3428305, 39.9836121], [116.34246020000002, 39.9836045], [116.34208750000002, 39.9835968], [116.3420049, 39.983595099999995], [116.34200800000002, 39.9835077], [116.3418201, 39.9835054], [116.34180769999999, 39.98385]]]}}, {"type": "Feature", "id": "BF-00837", "properties": {"id": "BF-00837", "layer": "BUILDING_FOOTPRINT", "building_type": "existing_retained", "area_sqm": 938.9, "source_id": "OSM-DERIVED-CORRIDOR-20260808", "source_type": "osm", "confidence": "medium", "geometry_role": "existing_condition"}, "geometry": {"type": "Polygon", "coordinates": [[[116.3419447, 39.991024599999996], [116.34195479999998, 39.990821699999984], [116.3417803, 39.9908166], [116.341777, 39.9908837], [116.34130970000001, 39.9908701], [116.341303, 39.9910059], [116.3419447, 39.991024599999996]]]}}, {"type": "Feature", "id": "BF-00838", "properties": {"id": "BF-00838", "layer": "BUILDING_FOOTPRINT", "building_type": "existing_retained", "area_sqm": 796.5, "source_id": "OSM-DERIVED-CORRIDOR-20260808", "source_type": "osm", "confidence": "medium", "geometry_role": "existing_condition"}, "geometry": {"type": "Polygon", "coordinates": [[[116.3322919, 39.99102659999999], [116.3323265, 39.9911752], [116.33248210000001, 39.991167399999995], [116.3325486, 39.9907689], [116.3324858, 39.99075189999999], [116.33232330000001, 39.9907816], [116.3322919, 39.99102659999999]]]}}, {"type": "Feature", "id": "BF-00839", "properties": {"id": "BF-00839", "layer": "BUILDING_FOOTPRINT", "building_type": "existing_retained", "area_sqm": 335.4, "source_id": "OSM-DERIVED-CORRIDOR-20260808", "source_type": "osm", "confidence": "medium", "geometry_role": "existing_condition"}, "geometry": {"type": "Polygon", "coordinates": [[[116.3417226, 39.996666], [116.3417254, 39.99660680000001], [116.3411283, 39.9965902], [116.3411255, 39.9966493], [116.3417226, 39.996666]]]}}, {"type": "Feature", "id": "BF-00840", "properties": {"id": "BF-00840", "layer": "BUILDING_FOOTPRINT", "building_type": "existing_retained", "area_sqm": 882.2, "source_id": "OSM-DERIVED-CORRIDOR-20260808", "source_type": "osm", "confidence": "medium", "geometry_role": "existing_condition"}, "geometry": {"type": "Polygon", "coordinates": [[[116.33421880000002, 40.0064074], [116.3341141, 40.0061957], [116.33372980000001, 40.0063073], [116.3338345, 40.00651899999999], [116.33421880000002, 40.0064074]]]}}, {"type": "Feature", "id": "BF-00841", "properties": {"id": "BF-00841", "layer": "BUILDING_FOOTPRINT", "building_type": "existing_retained", "area_sqm": 829.2, "source_id": "OSM-DERIVED-CORRIDOR-20260808", "source_type": "osm", "confidence": "medium", "geometry_role": "existing_condition"}, "geometry": {"type": "Polygon", "coordinates": [[[116.3347612, 40.00624280000001], [116.3346549, 40.00604179999999], [116.3342811, 40.0061551], [116.33438539999999, 40.0063569], [116.3347612, 40.00624280000001]]]}}, {"type": "Feature", "id": "BF-00842", "properties": {"id": "BF-00842", "layer": "BUILDING_FOOTPRINT", "building_type": "existing_retained", "area_sqm": 871.3, "source_id": "OSM-DERIVED-CORRIDOR-20260808", "source_type": "osm", "confidence": "medium", "geometry_role": "existing_condition"}, "geometry": {"type": "Polygon", "coordinates": [[[116.33448890000001, 40.00572789999999], [116.3345804, 40.0056991], [116.334474, 40.0055004], [116.33407820000001, 40.00562480000001], [116.33418460000001, 40.0058235], [116.33448890000001, 40.00572789999999]]]}}, {"type": "Feature", "id": "BF-00843", "properties": {"id": "BF-00843", "layer": "BUILDING_FOOTPRINT", "building_type": "existing_retained", "area_sqm": 1528.5, "source_id": "OSM-DERIVED-CORRIDOR-20260808", "source_type": "osm", "confidence": "medium", "geometry_role": "existing_condition"}, "geometry": {"type": "Polygon", "coordinates": [[[116.3417935, 39.98440479999999], [116.34217970000002, 39.984414099999995], [116.3421919, 39.98400290000001], [116.34199649999998, 39.983996799999986], [116.3417976, 39.98399049999998], [116.3417935, 39.98440479999999]]]}}, {"type": "Feature", "id": "BF-00844", "properties": {"id": "BF-00844", "layer": "BUILDING_FOOTPRINT", "building_type": "existing_retained", "area_sqm": 901.4, "source_id": "OSM-DERIVED-CORRIDOR-20260808", "source_type": "osm", "confidence": "medium", "geometry_role": "existing_condition"}, "geometry": {"type": "Polygon", "coordinates": [[[116.3451332, 39.98448379999999], [116.3451282, 39.984582399999994], [116.34533890000002, 39.98458869999999], [116.34534319999999, 39.98450429999999], [116.34527480000001, 39.9845022], [116.345293, 39.984144300000004], [116.34536020000002, 39.98414629999999], [116.34536360000001, 39.9840785], [116.345151, 39.98407219999999], [116.34514660000002, 39.984157800000006], [116.34511390000002, 39.9841568], [116.3451058, 39.98431519999999], [116.3450973, 39.9844827], [116.3451332, 39.98448379999999]]]}}, {"type": "Feature", "id": "BF-00845", "properties": {"id": "BF-00845", "layer": "BUILDING_FOOTPRINT", "building_type": "existing_retained", "area_sqm": 912.3, "source_id": "OSM-DERIVED-CORRIDOR-20260808", "source_type": "osm", "confidence": "medium", "geometry_role": "existing_condition"}, "geometry": {"type": "Polygon", "coordinates": [[[116.3430908, 39.98322739999999], [116.3431025, 39.98311509999999], [116.34311520000001, 39.9829938], [116.34270869999999, 39.9829751], [116.34269240000002, 39.9832181], [116.3430908, 39.98322739999999]]]}}, {"type": "Feature", "id": "BF-00846", "properties": {"id": "BF-00846", "layer": "BUILDING_FOOTPRINT", "building_type": "existing_retained", "area_sqm": 1000.8, "source_id": "OSM-DERIVED-CORRIDOR-20260808", "source_type": "osm", "confidence": "medium", "geometry_role": "existing_condition"}, "geometry": {"type": "Polygon", "coordinates": [[[116.3464186, 39.9808907], [116.3461718, 39.9808824], [116.34590459999998, 39.98087339999999], [116.345891, 39.981081299999985], [116.3463953, 39.981096099999995], [116.3464186, 39.9808907]]]}}, {"type": "Feature", "id": "BF-00847", "properties": {"id": "BF-00847", "layer": "BUILDING_FOOTPRINT", "building_type": "existing_retained", "area_sqm": 609.7, "source_id": "OSM-DERIVED-CORRIDOR-20260808", "source_type": "osm", "confidence": "medium", "geometry_role": "existing_condition"}, "geometry": {"type": "Polygon", "coordinates": [[[116.3419032, 39.976099], [116.34190609999999, 39.97600570000001], [116.34191219999998, 39.975939999999994], [116.34156259999999, 39.9758846], [116.34155710000002, 39.976095], [116.3419032, 39.976099]]]}}, {"type": "Feature", "id": "BF-00848", "properties": {"id": "BF-00848", "layer": "BUILDING_FOOTPRINT", "building_type": "existing_retained", "area_sqm": 1330.1, "source_id": "OSM-DERIVED-CORRIDOR-20260808", "source_type": "osm", "confidence": "medium", "geometry_role": "existing_condition"}, "geometry": {"type": "Polygon", "coordinates": [[[116.3383633, 39.995512899999994], [116.33846240000001, 39.99559699999999], [116.33860400000002, 39.9954804], [116.33849780000001, 39.9954234], [116.33849430000001, 39.9953746], [116.3384872, 39.995225500000004], [116.33832439999999, 39.99523090000001], [116.3381085, 39.99523359999999], [116.3381227, 39.995404400000005], [116.3380129, 39.99546409999999], [116.338105, 39.99560780000001], [116.3382748, 39.995521000000004], [116.3383633, 39.995512899999994]]]}}, {"type": "Feature", "id": "BF-00849", "properties": {"id": "BF-00849", "layer": "BUILDING_FOOTPRINT", "building_type": "existing_retained", "area_sqm": 1330.0, "source_id": "OSM-DERIVED-CORRIDOR-20260808", "source_type": "osm", "confidence": "medium", "geometry_role": "existing_condition"}, "geometry": {"type": "Polygon", "coordinates": [[[116.3389822, 39.9955319], [116.33908130000002, 39.995615900000004], [116.3392229, 39.9954993], [116.33911670000002, 39.995442399999995], [116.33911310000002, 39.9953936], [116.3391061, 39.99524449999999], [116.3389433, 39.99524989999999], [116.33872739999998, 39.99525259999999], [116.33874149999998, 39.9954234], [116.3386318, 39.9954831], [116.33872379999998, 39.99562679999999], [116.3388937, 39.99554000000002], [116.3389822, 39.9955319]]]}}, {"type": "Feature", "id": "BF-00850", "properties": {"id": "BF-00850", "layer": "BUILDING_FOOTPRINT", "building_type": "existing_retained", "area_sqm": 1336.8, "source_id": "OSM-DERIVED-CORRIDOR-20260808", "source_type": "osm", "confidence": "medium", "geometry_role": "existing_condition"}, "geometry": {"type": "Polygon", "coordinates": [[[116.3391289, 39.99640950000001], [116.33914139999999, 39.9958053], [116.338908, 39.9958025], [116.3388958, 39.99640670000001], [116.3391289, 39.99640950000001]]]}}, {"type": "Feature", "id": "BF-00851", "properties": {"id": "BF-00851", "layer": "BUILDING_FOOTPRINT", "building_type": "existing_retained", "area_sqm": 1226.5, "source_id": "OSM-DERIVED-CORRIDOR-20260808", "source_type": "osm", "confidence": "medium", "geometry_role": "existing_condition"}, "geometry": {"type": "Polygon", "coordinates": [[[116.33883149999998, 39.99645639999999], [116.33883269999998, 39.9962877], [116.33806580000001, 39.9962845], [116.33806460000001, 39.9964531], [116.33883149999998, 39.99645639999999]]]}}, {"type": "Feature", "id": "BF-00852", "properties": {"id": "BF-00852", "layer": "BUILDING_FOOTPRINT", "building_type": "existing_retained", "area_sqm": 1638.9, "source_id": "OSM-DERIVED-CORRIDOR-20260808", "source_type": "osm", "confidence": "medium", "geometry_role": "existing_condition"}, "geometry": {"type": "Polygon", "coordinates": [[[116.339695, 39.9976843], [116.3397008, 39.9975479], [116.34001299999998, 39.9975556], [116.3400078, 39.99767820000001], [116.3403455, 39.9976866], [116.3403548, 39.997464199999996], [116.3396124, 39.997445899999995], [116.33938710000001, 39.9975116], [116.3393801, 39.99767649999999], [116.339695, 39.9976843]]]}}, {"type": "Feature", "id": "BF-00853", "properties": {"id": "BF-00853", "layer": "BUILDING_FOOTPRINT", "building_type": "existing_retained", "area_sqm": 140.2, "source_id": "OSM-DERIVED-CORRIDOR-20260808", "source_type": "osm", "confidence": "medium", "geometry_role": "existing_condition"}, "geometry": {"type": "Polygon", "coordinates": [[[116.33941170000001, 39.9955402], [116.3392879, 39.9955375], [116.3392843, 39.995656799999985], [116.33940819999998, 39.9956595], [116.33941170000001, 39.9955402]]]}}, {"type": "Feature", "id": "BF-00854", "properties": {"id": "BF-00854", "layer": "BUILDING_FOOTPRINT", "building_type": "existing_retained", "area_sqm": 218.2, "source_id": "OSM-DERIVED-CORRIDOR-20260808", "source_type": "osm", "confidence": "medium", "geometry_role": "existing_condition"}, "geometry": {"type": "Polygon", "coordinates": [[[116.34083799999999, 39.9965271], [116.3408486, 39.996380699999996], [116.34062920000001, 39.9964539], [116.3406221, 39.99652170000001], [116.34083799999999, 39.9965271]]]}}, {"type": "Feature", "id": "BF-00855", "properties": {"id": "BF-00855", "layer": "BUILDING_FOOTPRINT", "building_type": "existing_retained", "area_sqm": 2412.6, "source_id": "OSM-DERIVED-CORRIDOR-20260808", "source_type": "osm", "confidence": "medium", "geometry_role": "existing_condition"}, "geometry": {"type": "Polygon", "coordinates": [[[116.3437649, 39.9959903], [116.3437826, 39.99564320000001], [116.34303590000002, 39.9956324], [116.34301820000002, 39.99596590000001], [116.3437649, 39.9959903]]]}}, {"type": "Feature", "id": "BF-00856", "properties": {"id": "BF-00856", "layer": "BUILDING_FOOTPRINT", "building_type": "existing_retained", "area_sqm": 1602.1, "source_id": "OSM-DERIVED-CORRIDOR-20260808", "source_type": "osm", "confidence": "medium", "geometry_role": "existing_condition"}, "geometry": {"type": "Polygon", "coordinates": [[[116.3427132, 39.99760220000001], [116.3427371, 39.9970784], [116.342415, 39.99706979999999], [116.342391, 39.997593599999995], [116.3427132, 39.99760220000001]]]}}, {"type": "Feature", "id": "BF-00857", "properties": {"id": "BF-00857", "layer": "BUILDING_FOOTPRINT", "building_type": "existing_retained", "area_sqm": 4346.9, "source_id": "OSM-DERIVED-CORRIDOR-20260808", "source_type": "osm", "confidence": "medium", "geometry_role": "existing_condition"}, "geometry": {"type": "Polygon", "coordinates": [[[116.3344789, 40.0103079], [116.3344896, 40.00974769999999], [116.33408830000002, 40.009743900000004], [116.33367080000001, 40.009739999999994], [116.33365420000001, 40.01029530000002], [116.3344789, 40.0103079]]]}}, {"type": "Feature", "id": "BF-00858", "properties": {"id": "BF-00858", "layer": "BUILDING_FOOTPRINT", "building_type": "existing_retained", "area_sqm": 1376.9, "source_id": "OSM-DERIVED-CORRIDOR-20260808", "source_type": "osm", "confidence": "medium", "geometry_role": "existing_condition"}, "geometry": {"type": "Polygon", "coordinates": [[[116.3356639, 39.9988259], [116.3356646, 39.998809900000005], [116.3360984, 39.99881990000001], [116.33610330000002, 39.9986951], [116.33566680000001, 39.9986851], [116.3356663, 39.9986986], [116.3349544, 39.9986822], [116.33494940000001, 39.9988094], [116.3356639, 39.9988259]]]}}, {"type": "Feature", "id": "BF-00859", "properties": {"id": "BF-00859", "layer": "BUILDING_FOOTPRINT", "building_type": "existing_retained", "area_sqm": 1416.3, "source_id": "OSM-DERIVED-CORRIDOR-20260808", "source_type": "osm", "confidence": "medium", "geometry_role": "existing_condition"}, "geometry": {"type": "Polygon", "coordinates": [[[116.3357332, 40.012183], [116.33573580000001, 40.012043000000006], [116.3346493, 40.012038], [116.33464480000002, 40.01209550000001], [116.3346388, 40.0121719], [116.3357332, 40.012183]]]}}, {"type": "Feature", "id": "BF-00860", "properties": {"id": "BF-00860", "layer": "BUILDING_FOOTPRINT", "building_type": "existing_retained", "area_sqm": 1323.3, "source_id": "OSM-DERIVED-CORRIDOR-20260808", "source_type": "osm", "confidence": "medium", "geometry_role": "existing_condition"}, "geometry": {"type": "Polygon", "coordinates": [[[116.33684100000002, 40.0122186], [116.33684919999999, 40.01207399999999], [116.3358854, 40.0120419], [116.3358772, 40.0121864], [116.33684100000002, 40.0122186]]]}}, {"type": "Feature", "id": "BF-00861", "properties": {"id": "BF-00861", "layer": "BUILDING_FOOTPRINT", "building_type": "existing_retained", "area_sqm": 1321.2, "source_id": "OSM-DERIVED-CORRIDOR-20260808", "source_type": "osm", "confidence": "medium", "geometry_role": "existing_condition"}, "geometry": {"type": "Polygon", "coordinates": [[[116.33467469999998, 40.01115879999999], [116.33467229999998, 40.0112184], [116.3356033, 40.0112401], [116.33560920000001, 40.01109060000001], [116.33467820000001, 40.01106879999999], [116.33467469999998, 40.01115879999999]]]}}, {"type": "Feature", "id": "BF-00862", "properties": {"id": "BF-00862", "layer": "BUILDING_FOOTPRINT", "building_type": "existing_retained", "area_sqm": 1171.3, "source_id": "OSM-DERIVED-CORRIDOR-20260808", "source_type": "osm", "confidence": "medium", "geometry_role": "existing_condition"}, "geometry": {"type": "Polygon", "coordinates": [[[116.3365379, 40.0112585], [116.33654379999999, 40.0111083], [116.33650839999999, 40.01110749999999], [116.3357225, 40.01108940000001], [116.33571660000001, 40.0112398], [116.3365379, 40.0112585]]]}}, {"type": "Feature", "id": "BF-00863", "properties": {"id": "BF-00863", "layer": "BUILDING_FOOTPRINT", "building_type": "existing_retained", "area_sqm": 964.7, "source_id": "OSM-DERIVED-CORRIDOR-20260808", "source_type": "osm", "confidence": "medium", "geometry_role": "existing_condition"}, "geometry": {"type": "Polygon", "coordinates": [[[116.3379393, 40.0121042], [116.33794309999999, 40.0120076], [116.33785250000001, 40.01200560000001], [116.33785480000002, 40.011947000000006], [116.3376909, 40.011943300000006], [116.33768930000001, 40.0119849], [116.33747260000001, 40.011979999999994], [116.33747449999998, 40.011933], [116.3372715, 40.01192840000001], [116.33726949999999, 40.0119805], [116.33717349999999, 40.011978299999996], [116.33716930000001, 40.012086499999995], [116.3379393, 40.0121042]]]}}, {"type": "Feature", "id": "BF-00864", "properties": {"id": "BF-00864", "layer": "BUILDING_FOOTPRINT", "building_type": "existing_retained", "area_sqm": 896.9, "source_id": "OSM-DERIVED-CORRIDOR-20260808", "source_type": "osm", "confidence": "medium", "geometry_role": "existing_condition"}, "geometry": {"type": "Polygon", "coordinates": [[[116.33829200000001, 40.0127392], [116.3380531, 40.0122065], [116.3378973, 40.0122472], [116.3381274, 40.0127785], [116.33829200000001, 40.0127392]]]}}, {"type": "Feature", "id": "BF-00865", "properties": {"id": "BF-00865", "layer": "BUILDING_FOOTPRINT", "building_type": "existing_retained", "area_sqm": 800.6, "source_id": "OSM-DERIVED-CORRIDOR-20260808", "source_type": "osm", "confidence": "medium", "geometry_role": "existing_condition"}, "geometry": {"type": "Polygon", "coordinates": [[[116.3338249, 40.0128538], [116.3338391, 40.0125231], [116.33358430000001, 40.012519], [116.33356840000002, 40.0128484], [116.3338249, 40.0128538]]]}}, {"type": "Feature", "id": "BF-00866", "properties": {"id": "BF-00866", "layer": "BUILDING_FOOTPRINT", "building_type": "existing_retained", "area_sqm": 1001.4, "source_id": "OSM-DERIVED-CORRIDOR-20260808", "source_type": "osm", "confidence": "medium", "geometry_role": "existing_condition"}, "geometry": {"type": "Polygon", "coordinates": [[[116.33443990000002, 40.012377], [116.33444240000001, 40.0122751], [116.3343552, 40.01227380000001], [116.3343567, 40.01221629999999], [116.3341648, 40.012213499999994], [116.3341632, 40.01227949999999], [116.33392880000001, 40.012276099999994], [116.3339306, 40.0122036], [116.3337242, 40.012200599999986], [116.33372290000001, 40.0122515], [116.33363610000002, 40.0122502], [116.3336333, 40.0123652], [116.33443990000002, 40.012377]]]}}, {"type": "Feature", "id": "BF-00867", "properties": {"id": "BF-00867", "layer": "BUILDING_FOOTPRINT", "building_type": "existing_retained", "area_sqm": 838.5, "source_id": "OSM-DERIVED-CORRIDOR-20260808", "source_type": "osm", "confidence": "medium", "geometry_role": "existing_condition"}, "geometry": {"type": "Polygon", "coordinates": [[[116.3338274, 40.011944799999995], [116.3338344, 40.01153949999999], [116.33361499999998, 40.0115368], [116.3336097, 40.01194069999999], [116.3338274, 40.011944799999995]]]}}, {"type": "Feature", "id": "BF-00868", "properties": {"id": "BF-00868", "layer": "BUILDING_FOOTPRINT", "building_type": "existing_retained", "area_sqm": 993.5, "source_id": "OSM-DERIVED-CORRIDOR-20260808", "source_type": "osm", "confidence": "medium", "geometry_role": "existing_condition"}, "geometry": {"type": "Polygon", "coordinates": [[[116.3344942, 40.0114331], [116.33449999999999, 40.01132919999999], [116.3344016, 40.011326], [116.3344053, 40.01125979999999], [116.33421850000002, 40.011253700000005], [116.33421520000002, 40.0113134], [116.3339942, 40.0113061], [116.333997, 40.01125579999999], [116.33382430000002, 40.0112501], [116.3338212, 40.011304499999994], [116.3337231, 40.0113013], [116.3337172, 40.01140770000001], [116.3344942, 40.0114331]]]}}, {"type": "Feature", "id": "BF-00869", "properties": {"id": "BF-00869", "layer": "BUILDING_FOOTPRINT", "building_type": "existing_retained", "area_sqm": 898.3, "source_id": "OSM-DERIVED-CORRIDOR-20260808", "source_type": "osm", "confidence": "medium", "geometry_role": "existing_condition"}, "geometry": {"type": "Polygon", "coordinates": [[[116.33388700000002, 40.01104759999999], [116.3338989, 40.0106626], [116.3336529, 40.0106582], [116.33364110000001, 40.0110432], [116.33388700000002, 40.01104759999999]]]}}, {"type": "Feature", "id": "BF-00870", "properties": {"id": "BF-00870", "layer": "BUILDING_FOOTPRINT", "building_type": "existing_retained", "area_sqm": 588.0, "source_id": "OSM-DERIVED-CORRIDOR-20260808", "source_type": "osm", "confidence": "medium", "geometry_role": "existing_condition"}, "geometry": {"type": "Polygon", "coordinates": [[[116.33441210000001, 40.01071089999999], [116.33441639999998, 40.01058750000001], [116.333914, 40.01057729999999], [116.3339097, 40.01070060000001], [116.33441210000001, 40.01071089999999]]]}}, {"type": "Feature", "id": "BF-00871", "properties": {"id": "BF-00871", "layer": "BUILDING_FOOTPRINT", "building_type": "existing_retained", "area_sqm": 1184.0, "source_id": "OSM-DERIVED-CORRIDOR-20260808", "source_type": "osm", "confidence": "medium", "geometry_role": "existing_condition"}, "geometry": {"type": "Polygon", "coordinates": [[[116.33554380000001, 40.0102888], [116.33554559999999, 40.01014249999999], [116.3346918, 40.01013650000001], [116.33468999999998, 40.0102827], [116.33554380000001, 40.0102888]]]}}, {"type": "Feature", "id": "BF-00872", "properties": {"id": "BF-00872", "layer": "BUILDING_FOOTPRINT", "building_type": "existing_retained", "area_sqm": 1464.3, "source_id": "OSM-DERIVED-CORRIDOR-20260808", "source_type": "osm", "confidence": "medium", "geometry_role": "existing_condition"}, "geometry": {"type": "Polygon", "coordinates": [[[116.33678529999999, 40.010326299999996], [116.33678649999999, 40.0102087], [116.33678680000001, 40.0101704], [116.33579589999998, 40.0101649], [116.3357944, 40.0103207], [116.33678529999999, 40.010326299999996]]]}}, {"type": "Feature", "id": "BF-00873", "properties": {"id": "BF-00873", "layer": "BUILDING_FOOTPRINT", "building_type": "existing_retained", "area_sqm": 1014.0, "source_id": "OSM-DERIVED-CORRIDOR-20260808", "source_type": "osm", "confidence": "medium", "geometry_role": "existing_condition"}, "geometry": {"type": "Polygon", "coordinates": [[[116.3356666, 40.0097516], [116.3356649, 40.0096335], [116.334759, 40.009640999999995], [116.33476070000002, 40.00975900000001], [116.3356666, 40.0097516]]]}}, {"type": "Feature", "id": "BF-00874", "properties": {"id": "BF-00874", "layer": "BUILDING_FOOTPRINT", "building_type": "existing_retained", "area_sqm": 967.8, "source_id": "OSM-DERIVED-CORRIDOR-20260808", "source_type": "osm", "confidence": "medium", "geometry_role": "existing_condition"}, "geometry": {"type": "Polygon", "coordinates": [[[116.33548800000001, 40.0131685], [116.33548910000002, 40.013148799999996], [116.3354942, 40.01305250000001], [116.33549550000001, 40.013027900000004], [116.3353297, 40.013025], [116.33513960000002, 40.013021699999996], [116.3349579, 40.01301860000001], [116.3348265, 40.0130163], [116.3347732, 40.01301539999999], [116.33476310000002, 40.0131566], [116.33548800000001, 40.0131685]]]}}, {"type": "Feature", "id": "BF-00875", "properties": {"id": "BF-00875", "layer": "BUILDING_FOOTPRINT", "building_type": "existing_retained", "area_sqm": 850.5, "source_id": "OSM-DERIVED-CORRIDOR-20260808", "source_type": "osm", "confidence": "medium", "geometry_role": "existing_condition"}, "geometry": {"type": "Polygon", "coordinates": [[[116.3367814, 40.01319089999999], [116.3367802, 40.01317929999999], [116.33678889999999, 40.0130861], [116.3367677, 40.01305880000001], [116.33664210000002, 40.0130566], [116.3364509, 40.01305320000001], [116.3362616, 40.01304989999999], [116.33614389999998, 40.013047900000004], [116.3360891, 40.01304689999999], [116.3360795, 40.01317160000001], [116.3367814, 40.01319089999999]]]}}, {"type": "Feature", "id": "BF-00876", "properties": {"id": "BF-00876", "layer": "BUILDING_FOOTPRINT", "building_type": "existing_retained", "area_sqm": 843.0, "source_id": "OSM-DERIVED-CORRIDOR-20260808", "source_type": "osm", "confidence": "medium", "geometry_role": "existing_condition"}, "geometry": {"type": "Polygon", "coordinates": [[[116.33816510000001, 40.0132218], [116.33816630000001, 40.013205], [116.33817320000001, 40.01310939999999], [116.33817529999999, 40.013081299999996], [116.3379628, 40.0130775], [116.33777269999999, 40.01307409999998], [116.33766040000002, 40.013072099999995], [116.3375529, 40.01307020000001], [116.33753860000002, 40.0132141], [116.33816510000001, 40.0132218]]]}}, {"type": "Feature", "id": "BF-00877", "properties": {"id": "BF-00877", "layer": "BUILDING_FOOTPRINT", "building_type": "existing_retained", "area_sqm": 757.8, "source_id": "OSM-DERIVED-CORRIDOR-20260808", "source_type": "osm", "confidence": "medium", "geometry_role": "existing_condition"}, "geometry": {"type": "Polygon", "coordinates": [[[116.3377722, 40.01168750000001], [116.3377971, 40.011678399999994], [116.33756590000002, 40.0112487], [116.3374074, 40.011298700000005], [116.3376374, 40.01172799999999], [116.3377722, 40.01168750000001]]]}}, {"type": "Feature", "id": "BF-00878", "properties": {"id": "BF-00878", "layer": "BUILDING_FOOTPRINT", "building_type": "existing_retained", "area_sqm": 1010.1, "source_id": "OSM-DERIVED-CORRIDOR-20260808", "source_type": "osm", "confidence": "medium", "geometry_role": "existing_condition"}, "geometry": {"type": "Polygon", "coordinates": [[[116.33740870000001, 40.01113960000001], [116.33741859999999, 40.0110254], [116.33731699999998, 40.0110202], [116.3373213, 40.01097130000001], [116.33712910000001, 40.0109615], [116.33712460000001, 40.01101359999999], [116.33695380000002, 40.01100490000001], [116.3369589, 40.0109471], [116.33678680000001, 40.0109383], [116.336783, 40.01098269999999], [116.3366618, 40.0109766], [116.336651, 40.011101100000005], [116.33740870000001, 40.01113960000001]]]}}, {"type": "Feature", "id": "BF-00879", "properties": {"id": "BF-00879", "layer": "BUILDING_FOOTPRINT", "building_type": "existing_retained", "area_sqm": 754.9, "source_id": "OSM-DERIVED-CORRIDOR-20260808", "source_type": "osm", "confidence": "medium", "geometry_role": "existing_condition"}, "geometry": {"type": "Polygon", "coordinates": [[[116.33730440000001, 40.01073590000001], [116.33731950000002, 40.01072899999999], [116.33710429999998, 40.010317599999986], [116.3369379, 40.01036860000001], [116.337153, 40.0107799], [116.33730440000001, 40.01073590000001]]]}}, {"type": "Feature", "id": "BF-00880", "properties": {"id": "BF-00880", "layer": "BUILDING_FOOTPRINT", "building_type": "existing_retained", "area_sqm": 18116.0, "source_id": "OSM-DERIVED-CORRIDOR-20260808", "source_type": "osm", "confidence": "medium", "geometry_role": "existing_condition"}, "geometry": {"type": "Polygon", "coordinates": [[[116.3293709, 40.01268369999999], [116.3293722, 40.012809], [116.32964629999998, 40.012810599999995], [116.3296446, 40.01268979999999], [116.3301054, 40.012694599999996], [116.33011280000001, 40.01205840000001], [116.3299452, 40.01205300000001], [116.3299452, 40.0119441], [116.3313021, 40.01194389999999], [116.3313055, 40.0117359], [116.3314597, 40.0117287], [116.3314732, 40.011535099999996], [116.33131910000002, 40.011522199999995], [116.3313211, 40.01132340000001], [116.329637, 40.0113], [116.3296371, 40.01139320000001], [116.3296373, 40.011935], [116.3297864, 40.01193609999999], [116.3297829, 40.012053399999985], [116.3288963, 40.012053099999996], [116.32889430000002, 40.01268659999999], [116.3293709, 40.01268369999999]]]}}, {"type": "Feature", "id": "BF-00881", "properties": {"id": "BF-00881", "layer": "BUILDING_FOOTPRINT", "building_type": "existing_retained", "area_sqm": 1643.6, "source_id": "OSM-DERIVED-CORRIDOR-20260808", "source_type": "osm", "confidence": "medium", "geometry_role": "existing_condition"}, "geometry": {"type": "Polygon", "coordinates": [[[116.32844039999999, 40.012596600000016], [116.3284436, 40.0121548], [116.328052, 40.01215739999999], [116.3280483, 40.01260049999999], [116.32844039999999, 40.012596600000016]]]}}, {"type": "Feature", "id": "BF-00882", "properties": {"id": "BF-00882", "layer": "BUILDING_FOOTPRINT", "building_type": "existing_retained", "area_sqm": 4500.6, "source_id": "OSM-DERIVED-CORRIDOR-20260808", "source_type": "osm", "confidence": "medium", "geometry_role": "existing_condition"}, "geometry": {"type": "Polygon", "coordinates": [[[116.3480741, 39.940883500000005], [116.34745720000001, 39.94074760000001], [116.3473016, 39.941162899999995], [116.34835690000001, 39.941395400000005], [116.34849737993159, 39.94102045604751], [116.34850196703746, 39.940977779118874], [116.3480741, 39.940883500000005]]]}}, {"type": "Feature", "id": "BF-00883", "properties": {"id": "BF-00883", "layer": "BUILDING_FOOTPRINT", "building_type": "existing_retained", "area_sqm": 1718.9, "source_id": "OSM-DERIVED-CORRIDOR-20260808", "source_type": "osm", "confidence": "medium", "geometry_role": "existing_condition"}, "geometry": {"type": "Polygon", "coordinates": [[[116.3324505, 40.0016204], [116.3324895, 40.000836400000004], [116.3322586, 40.000829700000004], [116.3322196, 40.00161359999999], [116.3324505, 40.0016204]]]}}, {"type": "Feature", "id": "BF-00884", "properties": {"id": "BF-00884", "layer": "BUILDING_FOOTPRINT", "building_type": "existing_retained", "area_sqm": 3400.9, "source_id": "OSM-DERIVED-CORRIDOR-20260808", "source_type": "osm", "confidence": "medium", "geometry_role": "existing_condition"}, "geometry": {"type": "Polygon", "coordinates": [[[116.3330862, 40.0021585], [116.3328378, 40.00160739999999], [116.33229870000001, 40.00175], [116.3324066, 40.0019893], [116.3323316, 40.002009099999995], [116.33247210000002, 40.002320899999994], [116.3330862, 40.0021585]]]}}, {"type": "Feature", "id": "BF-00885", "properties": {"id": "BF-00885", "layer": "BUILDING_FOOTPRINT", "building_type": "existing_retained", "area_sqm": 1839.2, "source_id": "OSM-DERIVED-CORRIDOR-20260808", "source_type": "osm", "confidence": "medium", "geometry_role": "existing_condition"}, "geometry": {"type": "Polygon", "coordinates": [[[116.33331160000002, 40.0026092], [116.33329030000002, 40.0023858], [116.3329901, 40.00240350000001], [116.3330009, 40.00247529999999], [116.3321548, 40.00251910000001], [116.33217270000002, 40.002669799999985], [116.33331160000002, 40.0026092]]]}}, {"type": "Feature", "id": "BF-00886", "properties": {"id": "BF-00886", "layer": "BUILDING_FOOTPRINT", "building_type": "existing_retained", "area_sqm": 2496.0, "source_id": "OSM-DERIVED-CORRIDOR-20260808", "source_type": "osm", "confidence": "medium", "geometry_role": "existing_condition"}, "geometry": {"type": "Polygon", "coordinates": [[[116.3331962, 39.9909368], [116.33320599999999, 39.990264200000006], [116.3328203, 39.9902591], [116.3327986, 39.99093], [116.3331962, 39.9909368]]]}}, {"type": "Feature", "id": "BF-00887", "properties": {"id": "BF-00887", "layer": "BUILDING_FOOTPRINT", "building_type": "existing_retained", "area_sqm": 1063.1, "source_id": "OSM-DERIVED-CORRIDOR-20260808", "source_type": "osm", "confidence": "medium", "geometry_role": "existing_condition"}, "geometry": {"type": "Polygon", "coordinates": [[[116.33585400000001, 39.9921274], [116.33586059999999, 39.9919766], [116.3351178, 39.991957600000006], [116.33511119999999, 39.9921083], [116.33585400000001, 39.9921274]]]}}, {"type": "Feature", "id": "BF-00888", "properties": {"id": "BF-00888", "layer": "BUILDING_FOOTPRINT", "building_type": "existing_retained", "area_sqm": 762.0, "source_id": "OSM-DERIVED-CORRIDOR-20260808", "source_type": "osm", "confidence": "medium", "geometry_role": "existing_condition"}, "geometry": {"type": "Polygon", "coordinates": [[[116.3360801, 39.992218400000006], [116.3360876, 39.992104], [116.3364782, 39.992119], [116.33648730000002, 39.992001], [116.3359491, 39.991980399999996], [116.335934, 39.9922128], [116.3360801, 39.992218400000006]]]}}, {"type": "Feature", "id": "BF-00889", "properties": {"id": "BF-00889", "layer": "BUILDING_FOOTPRINT", "building_type": "existing_retained", "area_sqm": 417.2, "source_id": "OSM-DERIVED-CORRIDOR-20260808", "source_type": "osm", "confidence": "medium", "geometry_role": "existing_condition"}, "geometry": {"type": "Polygon", "coordinates": [[[116.3365967, 39.9922921], [116.3366227, 39.9919589], [116.3364911, 39.99195290000001], [116.33648730000002, 39.992001], [116.3364782, 39.992119], [116.3364652, 39.992286099999994], [116.3365967, 39.9922921]]]}}, {"type": "Feature", "id": "BF-00890", "properties": {"id": "BF-00890", "layer": "BUILDING_FOOTPRINT", "building_type": "existing_retained", "area_sqm": 4604.1, "source_id": "OSM-DERIVED-CORRIDOR-20260808", "source_type": "osm", "confidence": "medium", "geometry_role": "existing_condition"}, "geometry": {"type": "Polygon", "coordinates": [[[116.32161520000001, 40.01235049999999], [116.32152840000002, 40.01233980000001], [116.32149780000002, 40.01239559999999], [116.321549, 40.0125632], [116.32160919999998, 40.0127208], [116.32171590000002, 40.0128534], [116.3218347, 40.0129595], [116.3219726, 40.013061199999996], [116.32212180000002, 40.0131079], [116.3221718, 40.01304739999999], [116.3222967, 40.0131184], [116.3224658, 40.0131594], [116.32267510000001, 40.013168699999994], [116.32290580000002, 40.0129396], [116.3227218, 40.0128638], [116.3225936, 40.012828799999994], [116.32239969999999, 40.01280560000001], [116.322231, 40.01281770000001], [116.32211110000001, 40.01285420000001], [116.3220385, 40.012779], [116.32209010000001, 40.01278419999999], [116.32213740000002, 40.01276519999998], [116.3221412, 40.012713999999995], [116.32203910000001, 40.01260769999999], [116.32201290000002, 40.01249870000001], [116.3219855, 40.01245959999999], [116.3219177, 40.0124566], [116.32188520000001, 40.01250449999999], [116.3218322, 40.01250149999999], [116.3218253, 40.0123799], [116.32161520000001, 40.01235049999999]]]}}, {"type": "Feature", "id": "BF-00891", "properties": {"id": "BF-00891", "layer": "BUILDING_FOOTPRINT", "building_type": "existing_retained", "area_sqm": 1805.9, "source_id": "OSM-DERIVED-CORRIDOR-20260808", "source_type": "osm", "confidence": "medium", "geometry_role": "existing_condition"}, "geometry": {"type": "Polygon", "coordinates": [[[116.3508816, 39.9499669], [116.3510532, 39.9494878], [116.35068389999999, 39.94941], [116.3505122, 39.94988910000001], [116.3508816, 39.9499669]]]}}, {"type": "Feature", "id": "BF-00892", "properties": {"id": "BF-00892", "layer": "BUILDING_FOOTPRINT", "building_type": "existing_retained", "area_sqm": 746.8, "source_id": "OSM-DERIVED-CORRIDOR-20260808", "source_type": "osm", "confidence": "medium", "geometry_role": "existing_condition"}, "geometry": {"type": "Polygon", "coordinates": [[[116.3515019, 39.9502572], [116.3515136, 39.9501095], [116.3509825, 39.9500849], [116.3509709, 39.95023249999999], [116.3515019, 39.9502572]]]}}, {"type": "Feature", "id": "BF-00893", "properties": {"id": "BF-00893", "layer": "BUILDING_FOOTPRINT", "building_type": "existing_retained", "area_sqm": 396.5, "source_id": "OSM-DERIVED-CORRIDOR-20260808", "source_type": "osm", "confidence": "medium", "geometry_role": "existing_condition"}, "geometry": {"type": "Polygon", "coordinates": [[[116.35209470000001, 39.950179], [116.35210300000001, 39.9500884], [116.35164429999999, 39.95006369999999], [116.351636, 39.9501544], [116.35209470000001, 39.950179]]]}}, {"type": "Feature", "id": "BF-00894", "properties": {"id": "BF-00894", "layer": "BUILDING_FOOTPRINT", "building_type": "existing_retained", "area_sqm": 867.1, "source_id": "OSM-DERIVED-CORRIDOR-20260808", "source_type": "osm", "confidence": "medium", "geometry_role": "existing_condition"}, "geometry": {"type": "Polygon", "coordinates": [[[116.3520062, 39.9505635], [116.35203440000001, 39.9503168], [116.3516669, 39.950292099999984], [116.35163869999998, 39.95053889999999], [116.3520062, 39.9505635]]]}}, {"type": "Feature", "id": "BF-00895", "properties": {"id": "BF-00895", "layer": "BUILDING_FOOTPRINT", "building_type": "existing_retained", "area_sqm": 640.1, "source_id": "OSM-DERIVED-CORRIDOR-20260808", "source_type": "osm", "confidence": "medium", "geometry_role": "existing_condition"}, "geometry": {"type": "Polygon", "coordinates": [[[116.3518131, 39.949774], [116.351829, 39.94960729999999], [116.35142670000002, 39.9495846], [116.3514107, 39.949751400000004], [116.3518131, 39.949774]]]}}, {"type": "Feature", "id": "BF-00896", "properties": {"id": "BF-00896", "layer": "BUILDING_FOOTPRINT", "building_type": "existing_retained", "area_sqm": 425.0, "source_id": "OSM-DERIVED-CORRIDOR-20260808", "source_type": "osm", "confidence": "medium", "geometry_role": "existing_condition"}, "geometry": {"type": "Polygon", "coordinates": [[[116.3522556, 39.949878799999986], [116.35226239999999, 39.9497589], [116.35188960000002, 39.94974659999999], [116.35188280000001, 39.9498665], [116.3522556, 39.949878799999986]]]}}, {"type": "Feature", "id": "BF-00897", "properties": {"id": "BF-00897", "layer": "BUILDING_FOOTPRINT", "building_type": "existing_retained", "area_sqm": 466.9, "source_id": "OSM-DERIVED-CORRIDOR-20260808", "source_type": "osm", "confidence": "medium", "geometry_role": "existing_condition"}, "geometry": {"type": "Polygon", "coordinates": [[[116.35192839999999, 39.9490337], [116.3519813, 39.94889789999999], [116.3516487, 39.9488218], [116.3515958, 39.94895770000001], [116.35192839999999, 39.9490337]]]}}, {"type": "Feature", "id": "BF-00898", "properties": {"id": "BF-00898", "layer": "BUILDING_FOOTPRINT", "building_type": "existing_retained", "area_sqm": 514.8, "source_id": "OSM-DERIVED-CORRIDOR-20260808", "source_type": "osm", "confidence": "medium", "geometry_role": "existing_condition"}, "geometry": {"type": "Polygon", "coordinates": [[[116.3524194, 39.94926759999999], [116.3524167, 39.948879], [116.35227710000001, 39.94887949999999], [116.3522798, 39.9492681], [116.3524194, 39.94926759999999]]]}}, {"type": "Feature", "id": "BF-00899", "properties": {"id": "BF-00899", "layer": "BUILDING_FOOTPRINT", "building_type": "existing_retained", "area_sqm": 299.8, "source_id": "OSM-DERIVED-CORRIDOR-20260808", "source_type": "osm", "confidence": "medium", "geometry_role": "existing_condition"}, "geometry": {"type": "Polygon", "coordinates": [[[116.35235510000001, 39.94957589999999], [116.35235239999999, 39.9493086], [116.35223419999998, 39.94930930000001], [116.35223690000001, 39.94957659999999], [116.35235510000001, 39.94957589999999]]]}}, {"type": "Feature", "id": "BF-00900", "properties": {"id": "BF-00900", "layer": "BUILDING_FOOTPRINT", "building_type": "existing_retained", "area_sqm": 541.8, "source_id": "OSM-DERIVED-CORRIDOR-20260808", "source_type": "osm", "confidence": "medium", "geometry_role": "existing_condition"}, "geometry": {"type": "Polygon", "coordinates": [[[116.3413445, 39.97733620000001], [116.34135559999999, 39.97707439999999], [116.34127519999998, 39.97707239999999], [116.341199, 39.9770705], [116.34119239999998, 39.9772252], [116.3410426, 39.9772214], [116.34103809999999, 39.977328600000014], [116.3413445, 39.97733620000001]]]}}, {"type": "Feature", "id": "BF-00901", "properties": {"id": "BF-00901", "layer": "BUILDING_FOOTPRINT", "building_type": "existing_retained", "area_sqm": 958.6, "source_id": "OSM-DERIVED-CORRIDOR-20260808", "source_type": "osm", "confidence": "medium", "geometry_role": "existing_condition"}, "geometry": {"type": "Polygon", "coordinates": [[[116.34130160000001, 39.97660350000001], [116.34130870000001, 39.9764523], [116.34099469999998, 39.9764436], [116.3406414, 39.976433799999995], [116.34063429999999, 39.97658510000001], [116.34130160000001, 39.97660350000001]]]}}, {"type": "Feature", "id": "BF-00902", "properties": {"id": "BF-00902", "layer": "BUILDING_FOOTPRINT", "building_type": "existing_retained", "area_sqm": 780.3, "source_id": "OSM-DERIVED-CORRIDOR-20260808", "source_type": "osm", "confidence": "medium", "geometry_role": "existing_condition"}, "geometry": {"type": "Polygon", "coordinates": [[[116.33497160000002, 39.98761869999999], [116.33500260000001, 39.9870872], [116.3348481, 39.98708199999999], [116.3348171, 39.987613400000015], [116.33497160000002, 39.98761869999999]]]}}, {"type": "Feature", "id": "BF-00903", "properties": {"id": "BF-00903", "layer": "BUILDING_FOOTPRINT", "building_type": "existing_retained", "area_sqm": 383.9, "source_id": "OSM-DERIVED-CORRIDOR-20260808", "source_type": "osm", "confidence": "medium", "geometry_role": "existing_condition"}, "geometry": {"type": "Polygon", "coordinates": [[[116.3355513, 39.98763299999999], [116.33555729999999, 39.9875273], [116.33517530000002, 39.9875145], [116.33516930000002, 39.9876203], [116.3355513, 39.98763299999999]]]}}, {"type": "Feature", "id": "BF-00904", "properties": {"id": "BF-00904", "layer": "BUILDING_FOOTPRINT", "building_type": "existing_retained", "area_sqm": 383.9, "source_id": "OSM-DERIVED-CORRIDOR-20260808", "source_type": "osm", "confidence": "medium", "geometry_role": "existing_condition"}, "geometry": {"type": "Polygon", "coordinates": [[[116.33558720000002, 39.98730090000001], [116.33559320000002, 39.987195199999995], [116.3352112, 39.9871824], [116.33520510000001, 39.98728820000001], [116.33558720000002, 39.98730090000001]]]}}, {"type": "Feature", "id": "BF-00905", "properties": {"id": "BF-00905", "layer": "BUILDING_FOOTPRINT", "building_type": "existing_retained", "area_sqm": 592.5, "source_id": "OSM-DERIVED-CORRIDOR-20260808", "source_type": "osm", "confidence": "medium", "geometry_role": "existing_condition"}, "geometry": {"type": "Polygon", "coordinates": [[[116.3348753, 39.9869428], [116.3356022, 39.986965899999994], [116.33560680000001, 39.98688010000001], [116.3348799, 39.986857], [116.3348753, 39.9869428]]]}}, {"type": "Feature", "id": "BF-00906", "properties": {"id": "BF-00906", "layer": "BUILDING_FOOTPRINT", "building_type": "existing_retained", "area_sqm": 537.8, "source_id": "OSM-DERIVED-CORRIDOR-20260808", "source_type": "osm", "confidence": "medium", "geometry_role": "existing_condition"}, "geometry": {"type": "Polygon", "coordinates": [[[116.3446586, 39.965920999999994], [116.3446629, 39.96581389999999], [116.3447895, 39.96581329999999], [116.34479900000001, 39.96568139999999], [116.34458200000002, 39.9656822], [116.34457929999999, 39.96577589999999], [116.34444949999998, 39.96577130000001], [116.34443619999999, 39.96591729999999], [116.3446586, 39.965920999999994]]]}}, {"type": "Feature", "id": "BF-00907", "properties": {"id": "BF-00907", "layer": "BUILDING_FOOTPRINT", "building_type": "existing_retained", "area_sqm": 2525.8, "source_id": "OSM-DERIVED-CORRIDOR-20260808", "source_type": "osm", "confidence": "medium", "geometry_role": "existing_condition"}, "geometry": {"type": "Polygon", "coordinates": [[[116.3460007, 39.98463310000001], [116.3460316, 39.984633099999996], [116.3460839, 39.98462390000001], [116.3461228, 39.98460849999999], [116.34615089999998, 39.984591], [116.3461657, 39.984574599999995], [116.34617909999999, 39.98455500000001], [116.3461912, 39.984537599999996], [116.34619790000002, 39.984517], [116.34621260000002, 39.98417690000001], [116.34570569999998, 39.98416459999999], [116.345707, 39.98415219999999], [116.34569090000001, 39.9841522], [116.3456172, 39.98421179999999], [116.3456011, 39.984620799999995], [116.3460007, 39.98463310000001]]]}}, {"type": "Feature", "id": "BF-00908", "properties": {"id": "BF-00908", "layer": "BUILDING_FOOTPRINT", "building_type": "existing_retained", "area_sqm": 2763.5, "source_id": "OSM-DERIVED-CORRIDOR-20260808", "source_type": "osm", "confidence": "medium", "geometry_role": "existing_condition"}, "geometry": {"type": "Polygon", "coordinates": [[[116.3423569, 39.97676249999999], [116.3423543, 39.9768138], [116.34262379999998, 39.976818999999985], [116.34262520000001, 39.9767717], [116.34351300000002, 39.97679529999999], [116.3435197, 39.97659490000001], [116.34213029999998, 39.97655799999999], [116.34212090000001, 39.97675530000001], [116.3423569, 39.97676249999999]]]}}, {"type": "Feature", "id": "BF-00909", "properties": {"id": "BF-00909", "layer": "BUILDING_FOOTPRINT", "building_type": "existing_retained", "area_sqm": 466.9, "source_id": "OSM-DERIVED-CORRIDOR-20260808", "source_type": "osm", "confidence": "medium", "geometry_role": "existing_condition"}, "geometry": {"type": "Polygon", "coordinates": [[[116.34388230000002, 39.9810923], [116.343896, 39.98083870000001], [116.34380070000002, 39.9808357], [116.3437022, 39.98083249999999], [116.34368850000001, 39.9810861], [116.34388230000002, 39.9810923]]]}}, {"type": "Feature", "id": "BF-00910", "properties": {"id": "BF-00910", "layer": "BUILDING_FOOTPRINT", "building_type": "existing_retained", "area_sqm": 2609.6, "source_id": "OSM-DERIVED-CORRIDOR-20260808", "source_type": "osm", "confidence": "medium", "geometry_role": "existing_condition"}, "geometry": {"type": "Polygon", "coordinates": [[[116.3393042, 39.98366360000001], [116.3393779, 39.98366339999999], [116.33938100000002, 39.983601500000006], [116.33938110000001, 39.98355009999999], [116.339854, 39.9835576], [116.3402578, 39.98356400000001], [116.34025440000002, 39.9837002], [116.3403893, 39.9837023], [116.3404539, 39.9837032], [116.3405159, 39.983705199999996], [116.34052710000002, 39.98340909999999], [116.34000360000002, 39.9833974], [116.3398585, 39.98339419999999], [116.3397599, 39.983392], [116.3391977, 39.983379500000005], [116.33919569999999, 39.98343169999998], [116.3391848, 39.9836602], [116.3393042, 39.98366360000001]]]}}, {"type": "Feature", "id": "BF-00911", "properties": {"id": "BF-00911", "layer": "BUILDING_FOOTPRINT", "building_type": "existing_retained", "area_sqm": 1382.6, "source_id": "OSM-DERIVED-CORRIDOR-20260808", "source_type": "osm", "confidence": "medium", "geometry_role": "existing_condition"}, "geometry": {"type": "Polygon", "coordinates": [[[116.34551980000002, 40.0039858], [116.3455252, 40.003792699999984], [116.34473119999998, 40.003796799999996], [116.3447366, 40.003973499999994], [116.34551980000002, 40.0039858]]]}}, {"type": "Feature", "id": "BF-00912", "properties": {"id": "BF-00912", "layer": "BUILDING_FOOTPRINT", "building_type": "existing_retained", "area_sqm": 2184.8, "source_id": "OSM-DERIVED-CORRIDOR-20260808", "source_type": "osm", "confidence": "medium", "geometry_role": "existing_condition"}, "geometry": {"type": "Polygon", "coordinates": [[[116.3330891, 39.97161639999999], [116.33313310000001, 39.9716196], [116.333639, 39.9716566], [116.33366740000001, 39.9714275], [116.3326706, 39.9713549], [116.3326422, 39.97158379999999], [116.3330891, 39.97161639999999]]]}}, {"type": "Feature", "id": "BF-00913", "properties": {"id": "BF-00913", "layer": "BUILDING_FOOTPRINT", "building_type": "existing_retained", "area_sqm": 1431.6, "source_id": "OSM-DERIVED-CORRIDOR-20260808", "source_type": "osm", "confidence": "medium", "geometry_role": "existing_condition"}, "geometry": {"type": "Polygon", "coordinates": [[[116.34315509999999, 40.00222260000001], [116.34339330000002, 40.002231900000005], [116.34340539999998, 40.00159029999998], [116.3431702, 40.0015891], [116.34315509999999, 40.00222260000001]]]}}, {"type": "Feature", "id": "BF-00914", "properties": {"id": "BF-00914", "layer": "BUILDING_FOOTPRINT", "building_type": "existing_retained", "area_sqm": 1159.4, "source_id": "OSM-DERIVED-CORRIDOR-20260808", "source_type": "osm", "confidence": "medium", "geometry_role": "existing_condition"}, "geometry": {"type": "Polygon", "coordinates": [[[116.3438439, 40.00146939999999], [116.3438545, 40.0013171], [116.3430625, 40.001301999999995], [116.34305040000001, 40.0014578], [116.3438439, 40.00146939999999]]]}}, {"type": "Feature", "id": "BF-00915", "properties": {"id": "BF-00915", "layer": "BUILDING_FOOTPRINT", "building_type": "existing_retained", "area_sqm": 696.8, "source_id": "OSM-DERIVED-CORRIDOR-20260808", "source_type": "osm", "confidence": "medium", "geometry_role": "existing_condition"}, "geometry": {"type": "Polygon", "coordinates": [[[116.34466020000002, 40.00168680000001], [116.3441717, 40.0016949], [116.3441792, 40.0018495], [116.3446526, 40.0018378], [116.34466020000002, 40.00168680000001]]]}}, {"type": "Feature", "id": "BF-00916", "properties": {"id": "BF-00916", "layer": "BUILDING_FOOTPRINT", "building_type": "existing_retained", "area_sqm": 1210.4, "source_id": "OSM-DERIVED-CORRIDOR-20260808", "source_type": "osm", "confidence": "medium", "geometry_role": "existing_condition"}, "geometry": {"type": "Polygon", "coordinates": [[[116.3435603, 40.002241999999995], [116.34450979999998, 40.0022551], [116.34452050000002, 40.0021195], [116.34355920000002, 40.00211049999999], [116.3435603, 40.002241999999995]]]}}, {"type": "Feature", "id": "BF-00917", "properties": {"id": "BF-00917", "layer": "BUILDING_FOOTPRINT", "building_type": "existing_retained", "area_sqm": 1305.1, "source_id": "OSM-DERIVED-CORRIDOR-20260808", "source_type": "osm", "confidence": "medium", "geometry_role": "existing_condition"}, "geometry": {"type": "Polygon", "coordinates": [[[116.3448032, 40.002672899999986], [116.34563249999998, 40.0026963], [116.34564520000002, 40.00253309999999], [116.3448108, 40.0025058], [116.3448032, 40.002672899999986]]]}}, {"type": "Feature", "id": "BF-00918", "properties": {"id": "BF-00918", "layer": "BUILDING_FOOTPRINT", "building_type": "existing_retained", "area_sqm": 1266.2, "source_id": "OSM-DERIVED-CORRIDOR-20260808", "source_type": "osm", "confidence": "medium", "geometry_role": "existing_condition"}, "geometry": {"type": "Polygon", "coordinates": [[[116.3447687, 40.00293380000001], [116.34559670000002, 40.00295729999999], [116.34561079999999, 40.00279799999999], [116.3447815, 40.002771599999996], [116.3447687, 40.00293380000001]]]}}, {"type": "Feature", "id": "BF-00919", "properties": {"id": "BF-00919", "layer": "BUILDING_FOOTPRINT", "building_type": "existing_retained", "area_sqm": 1229.5, "source_id": "OSM-DERIVED-CORRIDOR-20260808", "source_type": "osm", "confidence": "medium", "geometry_role": "existing_condition"}, "geometry": {"type": "Polygon", "coordinates": [[[116.3447649, 40.00326029999999], [116.3456019, 40.0032915], [116.34562100000001, 40.00313319999999], [116.34477250000002, 40.003111700000005], [116.3447649, 40.00326029999999]]]}}, {"type": "Feature", "id": "BF-00920", "properties": {"id": "BF-00920", "layer": "BUILDING_FOOTPRINT", "building_type": "existing_retained", "area_sqm": 1011.5, "source_id": "OSM-DERIVED-CORRIDOR-20260808", "source_type": "osm", "confidence": "medium", "geometry_role": "existing_condition"}, "geometry": {"type": "Polygon", "coordinates": [[[116.34471, 40.003613099999995], [116.3454768, 40.003617999999996], [116.3454743, 40.0034802], [116.3447202, 40.00347039999999], [116.34471, 40.003613099999995]]]}}, {"type": "Feature", "id": "BF-00921", "properties": {"id": "BF-00921", "layer": "BUILDING_FOOTPRINT", "building_type": "existing_retained", "area_sqm": 1166.5, "source_id": "OSM-DERIVED-CORRIDOR-20260808", "source_type": "osm", "confidence": "medium", "geometry_role": "existing_condition"}, "geometry": {"type": "Polygon", "coordinates": [[[116.3456184, 40.00383589999999], [116.3459782, 40.0038388], [116.3459872, 40.0034909], [116.34563369999998, 40.003493899999995], [116.3456184, 40.00383589999999]]]}}, {"type": "Feature", "id": "BF-00922", "properties": {"id": "BF-00922", "layer": "BUILDING_FOOTPRINT", "building_type": "existing_retained", "area_sqm": 1233.2, "source_id": "OSM-DERIVED-CORRIDOR-20260808", "source_type": "osm", "confidence": "medium", "geometry_role": "existing_condition"}, "geometry": {"type": "Polygon", "coordinates": [[[116.33624010000001, 39.99259180000001], [116.33642460000002, 39.9926042], [116.33643, 39.9925516], [116.33673469999998, 39.9925581], [116.33673360000002, 39.9926214], [116.33692029999999, 39.9926296], [116.33693959999998, 39.99239539999999], [116.33675940000002, 39.99238139999999], [116.33675079999999, 39.9924242], [116.3364429, 39.9924053], [116.336444, 39.9923748], [116.3362541, 39.992373199999996], [116.33624010000001, 39.99259180000001]]]}}, {"type": "Feature", "id": "BF-00923", "properties": {"id": "BF-00923", "layer": "BUILDING_FOOTPRINT", "building_type": "existing_retained", "area_sqm": 2295.6, "source_id": "OSM-DERIVED-CORRIDOR-20260808", "source_type": "osm", "confidence": "medium", "geometry_role": "existing_condition"}, "geometry": {"type": "Polygon", "coordinates": [[[116.3344716, 39.993164500000006], [116.33566790000002, 39.993184199999995], [116.3356735, 39.99298189999999], [116.33447720000001, 39.9929623], [116.3344716, 39.993164500000006]]]}}, {"type": "Feature", "id": "BF-00924", "properties": {"id": "BF-00924", "layer": "BUILDING_FOOTPRINT", "building_type": "existing_retained", "area_sqm": 1318.1, "source_id": "OSM-DERIVED-CORRIDOR-20260808", "source_type": "osm", "confidence": "medium", "geometry_role": "existing_condition"}, "geometry": {"type": "Polygon", "coordinates": [[[116.33249730000001, 39.9930144], [116.33321830000001, 39.993036499999995], [116.3332766, 39.99305939999999], [116.33378260000002, 39.9930739], [116.33378800000001, 39.992964400000005], [116.3332776, 39.9929497], [116.33327850000002, 39.992932], [116.3325029, 39.992908299999996], [116.33249730000001, 39.9930144]]]}}, {"type": "Feature", "id": "BF-00925", "properties": {"id": "BF-00925", "layer": "BUILDING_FOOTPRINT", "building_type": "existing_retained", "area_sqm": 707.0, "source_id": "OSM-DERIVED-CORRIDOR-20260808", "source_type": "osm", "confidence": "medium", "geometry_role": "existing_condition"}, "geometry": {"type": "Polygon", "coordinates": [[[116.3335668, 39.9937119], [116.3337044, 39.9937152], [116.3337268, 39.9931739], [116.3335892, 39.9931706], [116.3335668, 39.9937119]]]}}, {"type": "Feature", "id": "BF-00926", "properties": {"id": "BF-00926", "layer": "BUILDING_FOOTPRINT", "building_type": "existing_retained", "area_sqm": 829.4, "source_id": "OSM-DERIVED-CORRIDOR-20260808", "source_type": "osm", "confidence": "medium", "geometry_role": "existing_condition"}, "geometry": {"type": "Polygon", "coordinates": [[[116.3325032, 39.99331419999999], [116.3332445, 39.9933241], [116.3332472, 39.9932062], [116.3325059, 39.993196199999986], [116.3325032, 39.99331419999999]]]}}, {"type": "Feature", "id": "BF-00927", "properties": {"id": "BF-00927", "layer": "BUILDING_FOOTPRINT", "building_type": "existing_retained", "area_sqm": 1258.6, "source_id": "OSM-DERIVED-CORRIDOR-20260808", "source_type": "osm", "confidence": "medium", "geometry_role": "existing_condition"}, "geometry": {"type": "Polygon", "coordinates": [[[116.3325028, 39.993765599999996], [116.33287980000001, 39.99377510000001], [116.3328944, 39.993432], [116.3327234, 39.993427700000005], [116.33270310000002, 39.993407100000006], [116.3325523, 39.99340329999999], [116.3325515, 39.9934231], [116.33251750000001, 39.993422200000005], [116.3325028, 39.993765599999996]]]}}, {"type": "Feature", "id": "BF-00928", "properties": {"id": "BF-00928", "layer": "BUILDING_FOOTPRINT", "building_type": "existing_retained", "area_sqm": 1515.2, "source_id": "OSM-DERIVED-CORRIDOR-20260808", "source_type": "osm", "confidence": "medium", "geometry_role": "existing_condition"}, "geometry": {"type": "Polygon", "coordinates": [[[116.3328125, 39.99398010000001], [116.3337374, 39.99400060000001], [116.3337481, 39.99382469999999], [116.33281899999999, 39.9938116], [116.3328125, 39.99398010000001]]]}}, {"type": "Feature", "id": "BF-00929", "properties": {"id": "BF-00929", "layer": "BUILDING_FOOTPRINT", "building_type": "existing_retained", "area_sqm": 727.4, "source_id": "OSM-DERIVED-CORRIDOR-20260808", "source_type": "osm", "confidence": "medium", "geometry_role": "existing_condition"}, "geometry": {"type": "Polygon", "coordinates": [[[116.3329381, 39.994285000000005], [116.3336698, 39.9943015], [116.33367409999998, 39.9941954], [116.33294340000002, 39.994181499999996], [116.3329381, 39.994285000000005]]]}}, {"type": "Feature", "id": "BF-00930", "properties": {"id": "BF-00930", "layer": "BUILDING_FOOTPRINT", "building_type": "existing_retained", "area_sqm": 822.1, "source_id": "OSM-DERIVED-CORRIDOR-20260808", "source_type": "osm", "confidence": "medium", "geometry_role": "existing_condition"}, "geometry": {"type": "Polygon", "coordinates": [[[116.333457, 39.995064199999995], [116.3336141, 39.9950675], [116.33363410000001, 39.9945163], [116.3334769, 39.994513], [116.333457, 39.995064199999995]]]}}, {"type": "Feature", "id": "BF-00931", "properties": {"id": "BF-00931", "layer": "BUILDING_FOOTPRINT", "building_type": "existing_retained", "area_sqm": 1459.9, "source_id": "OSM-DERIVED-CORRIDOR-20260808", "source_type": "osm", "confidence": "medium", "geometry_role": "existing_condition"}, "geometry": {"type": "Polygon", "coordinates": [[[116.33244519999998, 39.994606899999994], [116.3329565, 39.99460989999999], [116.332956, 39.99465729999999], [116.33340409999998, 39.9946599], [116.33340580000001, 39.9944923], [116.3329781, 39.9944899], [116.3329784, 39.99445709999999], [116.3324467, 39.994454], [116.33244519999998, 39.994606899999994]]]}}, {"type": "Feature", "id": "BF-00932", "properties": {"id": "BF-00932", "layer": "BUILDING_FOOTPRINT", "building_type": "existing_retained", "area_sqm": 1152.1, "source_id": "OSM-DERIVED-CORRIDOR-20260808", "source_type": "osm", "confidence": "medium", "geometry_role": "existing_condition"}, "geometry": {"type": "Polygon", "coordinates": [[[116.33482970000001, 39.99405370000001], [116.3349853, 39.9940586], [116.3349842, 39.9940044], [116.33508509999999, 39.9940052], [116.33509260000001, 39.994059400000005], [116.33523960000001, 39.994061099999996], [116.33527709999998, 39.99375450000001], [116.3348608, 39.99374790000001], [116.33482970000001, 39.99405370000001]]]}}, {"type": "Feature", "id": "BF-00933", "properties": {"id": "BF-00933", "layer": "BUILDING_FOOTPRINT", "building_type": "existing_retained", "area_sqm": 2339.4, "source_id": "OSM-DERIVED-CORRIDOR-20260808", "source_type": "osm", "confidence": "medium", "geometry_role": "existing_condition"}, "geometry": {"type": "Polygon", "coordinates": [[[116.33585850000001, 39.993982199999984], [116.3360652, 39.99398980000001], [116.33606820000001, 39.99394269999999], [116.336754, 39.99396790000001], [116.3367516, 39.9940056], [116.33694489999999, 39.994012700000006], [116.33696590000001, 39.99367809999999], [116.3367668, 39.99367079999999], [116.3367587, 39.9938003], [116.336048, 39.993774099999996], [116.3360557, 39.993651899999996], [116.3358796, 39.993645400000005], [116.33585850000001, 39.993982199999984]]]}}, {"type": "Feature", "id": "BF-00934", "properties": {"id": "BF-00934", "layer": "BUILDING_FOOTPRINT", "building_type": "existing_retained", "area_sqm": 1143.7, "source_id": "OSM-DERIVED-CORRIDOR-20260808", "source_type": "osm", "confidence": "medium", "geometry_role": "existing_condition"}, "geometry": {"type": "Polygon", "coordinates": [[[116.33696089999998, 39.9935755], [116.33696649999999, 39.9934643], [116.335883, 39.993432799999994], [116.33587749999998, 39.9935439], [116.33696089999998, 39.9935755]]]}}, {"type": "Feature", "id": "BF-00935", "properties": {"id": "BF-00935", "layer": "BUILDING_FOOTPRINT", "building_type": "existing_retained", "area_sqm": 1185.8, "source_id": "OSM-DERIVED-CORRIDOR-20260808", "source_type": "osm", "confidence": "medium", "geometry_role": "existing_condition"}, "geometry": {"type": "Polygon", "coordinates": [[[116.33708080000001, 39.994904399999996], [116.3380266, 39.99492539999999], [116.33803160000001, 39.99479339999999], [116.3370858, 39.9947722], [116.33708080000001, 39.994904399999996]]]}}, {"type": "Feature", "id": "BF-00936", "properties": {"id": "BF-00936", "layer": "BUILDING_FOOTPRINT", "building_type": "existing_retained", "area_sqm": 954.4, "source_id": "OSM-DERIVED-CORRIDOR-20260808", "source_type": "osm", "confidence": "medium", "geometry_role": "existing_condition"}, "geometry": {"type": "Polygon", "coordinates": [[[116.3380947, 39.99491999999999], [116.33896920000001, 39.99494260000001], [116.3389743, 39.9948276], [116.33809970000001, 39.9948051], [116.3380947, 39.99491999999999]]]}}, {"type": "Feature", "id": "BF-00937", "properties": {"id": "BF-00937", "layer": "BUILDING_FOOTPRINT", "building_type": "existing_retained", "area_sqm": 4381.2, "source_id": "OSM-DERIVED-CORRIDOR-20260808", "source_type": "osm", "confidence": "medium", "geometry_role": "existing_condition"}, "geometry": {"type": "Polygon", "coordinates": [[[116.3344608, 40.00936010000001], [116.3344779, 40.0086913], [116.33378740000002, 40.00867689999999], [116.3337815, 40.009357200000004], [116.3344608, 40.00936010000001]]]}}, {"type": "Feature", "id": "BF-00938", "properties": {"id": "BF-00938", "layer": "BUILDING_FOOTPRINT", "building_type": "existing_retained", "area_sqm": 890.9, "source_id": "OSM-DERIVED-CORRIDOR-20260808", "source_type": "osm", "confidence": "medium", "geometry_role": "existing_condition"}, "geometry": {"type": "Polygon", "coordinates": [[[116.3419875, 39.9907068], [116.34199390000002, 39.9904978], [116.3413521, 39.9904861], [116.3413482, 39.990610899999986], [116.3416418, 39.99061629999999], [116.34182659999999, 39.99061970000001], [116.341824, 39.9907038], [116.3419875, 39.9907068]]]}}, {"type": "Feature", "id": "BF-00939", "properties": {"id": "BF-00939", "layer": "BUILDING_FOOTPRINT", "building_type": "existing_retained", "area_sqm": 750.0, "source_id": "OSM-DERIVED-CORRIDOR-20260808", "source_type": "osm", "confidence": "medium", "geometry_role": "existing_condition"}, "geometry": {"type": "Polygon", "coordinates": [[[116.3425058, 39.99043640000001], [116.3425252, 39.9901067], [116.34228059999998, 39.99010299999999], [116.34226890000001, 39.9904296], [116.3425058, 39.99043640000001]]]}}, {"type": "Feature", "id": "BF-00940", "properties": {"id": "BF-00940", "layer": "BUILDING_FOOTPRINT", "building_type": "existing_retained", "area_sqm": 1642.0, "source_id": "OSM-DERIVED-CORRIDOR-20260808", "source_type": "osm", "confidence": "medium", "geometry_role": "existing_condition"}, "geometry": {"type": "Polygon", "coordinates": [[[116.34262379999998, 39.9910211], [116.3426408, 39.99051419999999], [116.34229949999998, 39.9905075], [116.3422824, 39.9910144], [116.34262379999998, 39.9910211]]]}}, {"type": "Feature", "id": "BF-00941", "properties": {"id": "BF-00941", "layer": "BUILDING_FOOTPRINT", "building_type": "existing_retained", "area_sqm": 826.6, "source_id": "OSM-DERIVED-CORRIDOR-20260808", "source_type": "osm", "confidence": "medium", "geometry_role": "existing_condition"}, "geometry": {"type": "Polygon", "coordinates": [[[116.3328432, 39.9881975], [116.33283840000001, 39.9883437], [116.3334342, 39.9883552], [116.333439, 39.988209000000005], [116.3328432, 39.9881975]]]}}, {"type": "Feature", "id": "BF-00942", "properties": {"id": "BF-00942", "layer": "BUILDING_FOOTPRINT", "building_type": "existing_retained", "area_sqm": 663.7, "source_id": "OSM-DERIVED-CORRIDOR-20260808", "source_type": "osm", "confidence": "medium", "geometry_role": "existing_condition"}, "geometry": {"type": "Polygon", "coordinates": [[[116.33286220000001, 39.98787939999999], [116.3328589, 39.9879967], [116.33345500000001, 39.98800649999999], [116.33345829999999, 39.98788909999999], [116.33286220000001, 39.98787939999999]]]}}, {"type": "Feature", "id": "BF-00943", "properties": {"id": "BF-00943", "layer": "BUILDING_FOOTPRINT", "building_type": "existing_retained", "area_sqm": 683.2, "source_id": "OSM-DERIVED-CORRIDOR-20260808", "source_type": "osm", "confidence": "medium", "geometry_role": "existing_condition"}, "geometry": {"type": "Polygon", "coordinates": [[[116.3328886, 39.987541199999995], [116.332878, 39.987662099999994], [116.33347119999999, 39.98769250000001], [116.3334817, 39.98757159999999], [116.3328886, 39.987541199999995]]]}}, {"type": "Feature", "id": "BF-00944", "properties": {"id": "BF-00944", "layer": "BUILDING_FOOTPRINT", "building_type": "existing_retained", "area_sqm": 838.2, "source_id": "OSM-DERIVED-CORRIDOR-20260808", "source_type": "osm", "confidence": "medium", "geometry_role": "existing_condition"}, "geometry": {"type": "Polygon", "coordinates": [[[116.3349262, 39.9883485], [116.3349472, 39.9877335], [116.33480369999998, 39.98773059999999], [116.3347825, 39.988345599999995], [116.3349262, 39.9883485]]]}}, {"type": "Feature", "id": "BF-00945", "properties": {"id": "BF-00945", "layer": "BUILDING_FOOTPRINT", "building_type": "existing_retained", "area_sqm": 1590.6, "source_id": "OSM-DERIVED-CORRIDOR-20260808", "source_type": "osm", "confidence": "medium", "geometry_role": "existing_condition"}, "geometry": {"type": "Polygon", "coordinates": [[[116.33662800000002, 39.9879799], [116.3366327, 39.98786979999999], [116.33510900000002, 39.98783129999999], [116.33510429999998, 39.98794109999999], [116.33662800000002, 39.9879799]]]}}, {"type": "Feature", "id": "BF-00946", "properties": {"id": "BF-00946", "layer": "BUILDING_FOOTPRINT", "building_type": "existing_retained", "area_sqm": 899.6, "source_id": "OSM-DERIVED-CORRIDOR-20260808", "source_type": "osm", "confidence": "medium", "geometry_role": "existing_condition"}, "geometry": {"type": "Polygon", "coordinates": [[[116.3360342, 39.98826139999999], [116.3360379, 39.988158600000006], [116.3351155, 39.988139], [116.3351118, 39.9882417], [116.3360342, 39.98826139999999]]]}}, {"type": "Feature", "id": "BF-00947", "properties": {"id": "BF-00947", "layer": "BUILDING_FOOTPRINT", "building_type": "existing_retained", "area_sqm": 674.1, "source_id": "OSM-DERIVED-CORRIDOR-20260808", "source_type": "osm", "confidence": "medium", "geometry_role": "existing_condition"}, "geometry": {"type": "Polygon", "coordinates": [[[116.33616159999998, 39.9881683], [116.3361569, 39.988261999999985], [116.33691429999999, 39.9882842], [116.336919, 39.9881905], [116.33616159999998, 39.9881683]]]}}, {"type": "Feature", "id": "BF-00948", "properties": {"id": "BF-00948", "layer": "BUILDING_FOOTPRINT", "building_type": "existing_retained", "area_sqm": 700.1, "source_id": "OSM-DERIVED-CORRIDOR-20260808", "source_type": "osm", "confidence": "medium", "geometry_role": "existing_condition"}, "geometry": {"type": "Polygon", "coordinates": [[[116.33665, 39.9876356], [116.3366547, 39.987528899999994], [116.3359633, 39.9875111], [116.3359586, 39.98761770000001], [116.33665, 39.9876356]]]}}, {"type": "Feature", "id": "BF-00949", "properties": {"id": "BF-00949", "layer": "BUILDING_FOOTPRINT", "building_type": "existing_retained", "area_sqm": 366.3, "source_id": "OSM-DERIVED-CORRIDOR-20260808", "source_type": "osm", "confidence": "medium", "geometry_role": "existing_condition"}, "geometry": {"type": "Polygon", "coordinates": [[[116.33199140000002, 40.0089011], [116.33200359999998, 40.00878959999999], [116.3316595, 40.0087676], [116.33164730000001, 40.0088791], [116.33199140000002, 40.0089011]]]}}, {"type": "Feature", "id": "BF-00950", "properties": {"id": "BF-00950", "layer": "BUILDING_FOOTPRINT", "building_type": "existing_retained", "area_sqm": 403.0, "source_id": "OSM-DERIVED-CORRIDOR-20260808", "source_type": "osm", "confidence": "medium", "geometry_role": "existing_condition"}, "geometry": {"type": "Polygon", "coordinates": [[[116.33289240000002, 40.0039755], [116.3328969, 40.0039076], [116.33274930000002, 40.0039019], [116.3327572, 40.0037812], [116.33286990000002, 40.0037856], [116.3328647, 40.003864899999996], [116.3329369, 40.003867699999994], [116.33294470000001, 40.00374800000001], [116.332676, 40.003737699999995], [116.332661, 40.0039666], [116.33289240000002, 40.0039755]]]}}, {"type": "Feature", "id": "BF-00951", "properties": {"id": "BF-00951", "layer": "BUILDING_FOOTPRINT", "building_type": "existing_retained", "area_sqm": 1949.9, "source_id": "OSM-DERIVED-CORRIDOR-20260808", "source_type": "osm", "confidence": "medium", "geometry_role": "existing_condition"}, "geometry": {"type": "Polygon", "coordinates": [[[116.33401480000002, 40.004956899999996], [116.3337242, 40.00433089999999], [116.3334344, 40.00441719999999], [116.3337264, 40.00504159999999], [116.33401480000002, 40.004956899999996]]]}}, {"type": "Feature", "id": "BF-00952", "properties": {"id": "BF-00952", "layer": "BUILDING_FOOTPRINT", "building_type": "existing_retained", "area_sqm": 1104.9, "source_id": "OSM-DERIVED-CORRIDOR-20260808", "source_type": "osm", "confidence": "medium", "geometry_role": "existing_condition"}, "geometry": {"type": "Polygon", "coordinates": [[[116.3343015, 40.004868800000004], [116.33399260000002, 40.00423009999999], [116.3338314, 40.0042876], [116.3341455, 40.0049149], [116.3343015, 40.004868800000004]]]}}, {"type": "Feature", "id": "BF-00953", "properties": {"id": "BF-00953", "layer": "BUILDING_FOOTPRINT", "building_type": "existing_retained", "area_sqm": 1582.0, "source_id": "OSM-DERIVED-CORRIDOR-20260808", "source_type": "osm", "confidence": "medium", "geometry_role": "existing_condition"}, "geometry": {"type": "Polygon", "coordinates": [[[116.33263800000002, 40.00645819999999], [116.3330877, 40.0064769], [116.33311389999999, 40.006107], [116.33266410000002, 40.006088299999995], [116.33263800000002, 40.00645819999999]]]}}, {"type": "Feature", "id": "BF-00954", "properties": {"id": "BF-00954", "layer": "BUILDING_FOOTPRINT", "building_type": "existing_retained", "area_sqm": 1408.9, "source_id": "OSM-DERIVED-CORRIDOR-20260808", "source_type": "osm", "confidence": "medium", "geometry_role": "existing_condition"}, "geometry": {"type": "Polygon", "coordinates": [[[116.33069959999999, 40.0126293], [116.33070199999999, 40.0126755], [116.3309163, 40.012672699999996], [116.33091560000001, 40.01263529999999], [116.33112269999998, 40.0126314], [116.33112359999998, 40.0124398], [116.33082190000002, 40.01243799999999], [116.33086439999998, 40.0123818], [116.3308533, 40.0123376], [116.33082499999999, 40.01231099999999], [116.3307421, 40.0123099], [116.33069959999999, 40.012335199999995], [116.3306985, 40.0123773], [116.330742, 40.0124375], [116.3304791, 40.01244869999999], [116.3304859, 40.0126294], [116.33069959999999, 40.0126293]]]}}, {"type": "Feature", "id": "BF-00955", "properties": {"id": "BF-00955", "layer": "BUILDING_FOOTPRINT", "building_type": "existing_retained", "area_sqm": 1654.2, "source_id": "OSM-DERIVED-CORRIDOR-20260808", "source_type": "osm", "confidence": "medium", "geometry_role": "existing_condition"}, "geometry": {"type": "Polygon", "coordinates": [[[116.3359228, 40.005802599999996], [116.3357516, 40.00534270000001], [116.3353933, 40.005424000000005], [116.33556630000001, 40.0058692], [116.3359228, 40.005802599999996]]]}}, {"type": "Feature", "id": "BF-00956", "properties": {"id": "BF-00956", "layer": "BUILDING_FOOTPRINT", "building_type": "existing_retained", "area_sqm": 942.0, "source_id": "OSM-DERIVED-CORRIDOR-20260808", "source_type": "osm", "confidence": "medium", "geometry_role": "existing_condition"}, "geometry": {"type": "Polygon", "coordinates": [[[116.3365411, 40.0060953], [116.3365505, 40.0059686], [116.3357417, 40.005962099999984], [116.3357363, 40.006081499999986], [116.3365411, 40.0060953]]]}}, {"type": "Feature", "id": "BF-00957", "properties": {"id": "BF-00957", "layer": "BUILDING_FOOTPRINT", "building_type": "existing_retained", "area_sqm": 320.9, "source_id": "OSM-DERIVED-CORRIDOR-20260808", "source_type": "osm", "confidence": "medium", "geometry_role": "existing_condition"}, "geometry": {"type": "Polygon", "coordinates": [[[116.33662950000002, 40.005913], [116.3366427, 40.005676], [116.33649460000001, 40.005671899999996], [116.33649220000001, 40.0059088], [116.33662950000002, 40.005913]]]}}, {"type": "Feature", "id": "BF-00958", "properties": {"id": "BF-00958", "layer": "BUILDING_FOOTPRINT", "building_type": "existing_retained", "area_sqm": 615.2, "source_id": "OSM-DERIVED-CORRIDOR-20260808", "source_type": "osm", "confidence": "medium", "geometry_role": "existing_condition"}, "geometry": {"type": "Polygon", "coordinates": [[[116.33666589999999, 40.005647100000004], [116.3366879, 40.0051649], [116.3365531, 40.005162500000004], [116.3365313, 40.0056426], [116.33666589999999, 40.005647100000004]]]}}, {"type": "Feature", "id": "BF-00959", "properties": {"id": "BF-00959", "layer": "BUILDING_FOOTPRINT", "building_type": "existing_retained", "area_sqm": 631.5, "source_id": "OSM-DERIVED-CORRIDOR-20260808", "source_type": "osm", "confidence": "medium", "geometry_role": "existing_condition"}, "geometry": {"type": "Polygon", "coordinates": [[[116.3366878, 40.0050864], [116.336715, 40.0045501], [116.3365817, 40.004551299999996], [116.33657100000002, 40.00507939999999], [116.3366878, 40.0050864]]]}}, {"type": "Feature", "id": "BF-00960", "properties": {"id": "BF-00960", "layer": "BUILDING_FOOTPRINT", "building_type": "existing_retained", "area_sqm": 481.5, "source_id": "OSM-DERIVED-CORRIDOR-20260808", "source_type": "osm", "confidence": "medium", "geometry_role": "existing_condition"}, "geometry": {"type": "Polygon", "coordinates": [[[116.33644209999999, 40.0056355], [116.33644569999998, 40.0055385], [116.3359303, 40.005521499999986], [116.33593190000002, 40.0056225], [116.33644209999999, 40.0056355]]]}}, {"type": "Feature", "id": "BF-00961", "properties": {"id": "BF-00961", "layer": "BUILDING_FOOTPRINT", "building_type": "existing_retained", "area_sqm": 1163.4, "source_id": "OSM-DERIVED-CORRIDOR-20260808", "source_type": "osm", "confidence": "medium", "geometry_role": "existing_condition"}, "geometry": {"type": "Polygon", "coordinates": [[[116.33642910000002, 40.005316900000004], [116.3364377, 40.0052071], [116.335364, 40.005179299999995], [116.3353657, 40.005299], [116.33642910000002, 40.005316900000004]]]}}, {"type": "Feature", "id": "BF-00962", "properties": {"id": "BF-00962", "layer": "BUILDING_FOOTPRINT", "building_type": "existing_retained", "area_sqm": 331.9, "source_id": "OSM-DERIVED-CORRIDOR-20260808", "source_type": "osm", "confidence": "medium", "geometry_role": "existing_condition"}, "geometry": {"type": "Polygon", "coordinates": [[[116.33645770000001, 40.0049372], [116.3364563, 40.0048431], [116.3360899, 40.00482890000001], [116.3360938, 40.0049267], [116.33645770000001, 40.0049372]]]}}, {"type": "Feature", "id": "BF-00963", "properties": {"id": "BF-00963", "layer": "BUILDING_FOOTPRINT", "building_type": "existing_retained", "area_sqm": 766.6, "source_id": "OSM-DERIVED-CORRIDOR-20260808", "source_type": "osm", "confidence": "medium", "geometry_role": "existing_condition"}, "geometry": {"type": "Polygon", "coordinates": [[[116.3358866, 40.00495939999999], [116.33590340000002, 40.0048436], [116.3351796, 40.0048229], [116.3351818, 40.004933], [116.3358866, 40.00495939999999]]]}}, {"type": "Feature", "id": "BF-00964", "properties": {"id": "BF-00964", "layer": "BUILDING_FOOTPRINT", "building_type": "existing_retained", "area_sqm": 420.2, "source_id": "OSM-DERIVED-CORRIDOR-20260808", "source_type": "osm", "confidence": "medium", "geometry_role": "existing_condition"}, "geometry": {"type": "Polygon", "coordinates": [[[116.3364547, 40.00458170000001], [116.33646370000001, 40.00449209999999], [116.3359808, 40.004473899999994], [116.33597610000001, 40.004568199999994], [116.3364547, 40.00458170000001]]]}}, {"type": "Feature", "id": "BF-00965", "properties": {"id": "BF-00965", "layer": "BUILDING_FOOTPRINT", "building_type": "existing_retained", "area_sqm": 754.9, "source_id": "OSM-DERIVED-CORRIDOR-20260808", "source_type": "osm", "confidence": "medium", "geometry_role": "existing_condition"}, "geometry": {"type": "Polygon", "coordinates": [[[116.3357606, 40.00464589999999], [116.33576699999999, 40.00452389999999], [116.33507010000001, 40.0045181], [116.33506890000001, 40.0046253], [116.3357606, 40.00464589999999]]]}}, {"type": "Feature", "id": "BF-00966", "properties": {"id": "BF-00966", "layer": "BUILDING_FOOTPRINT", "building_type": "existing_retained", "area_sqm": 198.6, "source_id": "OSM-DERIVED-CORRIDOR-20260808", "source_type": "osm", "confidence": "medium", "geometry_role": "existing_condition"}, "geometry": {"type": "Polygon", "coordinates": [[[116.33508920000001, 40.0047001], [116.3350066, 40.00449119999999], [116.33490570000001, 40.004516499999994], [116.3350006, 40.0047135], [116.33508920000001, 40.0047001]]]}}, {"type": "Feature", "id": "BF-00967", "properties": {"id": "BF-00967", "layer": "BUILDING_FOOTPRINT", "building_type": "existing_retained", "area_sqm": 577.7, "source_id": "OSM-DERIVED-CORRIDOR-20260808", "source_type": "osm", "confidence": "medium", "geometry_role": "existing_condition"}, "geometry": {"type": "Polygon", "coordinates": [[[116.33551469999999, 40.004329399999996], [116.33552570000002, 40.0042236], [116.33495729999999, 40.004203200000006], [116.33496110000002, 40.004314400000005], [116.33551469999999, 40.004329399999996]]]}}, {"type": "Feature", "id": "BF-00968", "properties": {"id": "BF-00968", "layer": "BUILDING_FOOTPRINT", "building_type": "existing_retained", "area_sqm": 972.4, "source_id": "OSM-DERIVED-CORRIDOR-20260808", "source_type": "osm", "confidence": "medium", "geometry_role": "existing_condition"}, "geometry": {"type": "Polygon", "coordinates": [[[116.33646610000001, 40.0042841], [116.33647420000001, 40.004162], [116.3356307, 40.00414209999999], [116.33562750000002, 40.0042636], [116.33646610000001, 40.0042841]]]}}, {"type": "Feature", "id": "BF-00969", "properties": {"id": "BF-00969", "layer": "BUILDING_FOOTPRINT", "building_type": "existing_retained", "area_sqm": 630.2, "source_id": "OSM-DERIVED-CORRIDOR-20260808", "source_type": "osm", "confidence": "medium", "geometry_role": "existing_condition"}, "geometry": {"type": "Polygon", "coordinates": [[[116.3354898, 40.0040956], [116.33549249999999, 40.003998], [116.33480630000001, 40.0039734], [116.3348068, 40.0040699], [116.3354898, 40.0040956]]]}}, {"type": "Feature", "id": "BF-00970", "properties": {"id": "BF-00970", "layer": "BUILDING_FOOTPRINT", "building_type": "existing_retained", "area_sqm": 890.1, "source_id": "OSM-DERIVED-CORRIDOR-20260808", "source_type": "osm", "confidence": "medium", "geometry_role": "existing_condition"}, "geometry": {"type": "Polygon", "coordinates": [[[116.336486, 40.00394789999999], [116.3364938, 40.0038431], [116.3356435, 40.00380779999999], [116.3356492, 40.003925499999994], [116.336486, 40.00394789999999]]]}}, {"type": "Feature", "id": "BF-00971", "properties": {"id": "BF-00971", "layer": "BUILDING_FOOTPRINT", "building_type": "existing_retained", "area_sqm": 981.2, "source_id": "OSM-DERIVED-CORRIDOR-20260808", "source_type": "osm", "confidence": "medium", "geometry_role": "existing_condition"}, "geometry": {"type": "Polygon", "coordinates": [[[116.33637819999998, 40.0036113], [116.33638200000001, 40.003555199999994], [116.3364936, 40.00356130000001], [116.3364977, 40.003398399999995], [116.3363771, 40.003398499999996], [116.33637150000001, 40.0034862], [116.3356699, 40.00347000000001], [116.3356654, 40.0035821], [116.33637819999998, 40.0036113]]]}}, {"type": "Feature", "id": "BF-00972", "properties": {"id": "BF-00972", "layer": "BUILDING_FOOTPRINT", "building_type": "existing_retained", "area_sqm": 658.5, "source_id": "OSM-DERIVED-CORRIDOR-20260808", "source_type": "osm", "confidence": "medium", "geometry_role": "existing_condition"}, "geometry": {"type": "Polygon", "coordinates": [[[116.33637480000002, 40.003286100000004], [116.3363825, 40.0031808], [116.33567150000002, 40.0031643], [116.3356747, 40.0032557], [116.33637480000002, 40.003286100000004]]]}}, {"type": "Feature", "id": "BF-00973", "properties": {"id": "BF-00973", "layer": "BUILDING_FOOTPRINT", "building_type": "existing_retained", "area_sqm": 324.8, "source_id": "OSM-DERIVED-CORRIDOR-20260808", "source_type": "osm", "confidence": "medium", "geometry_role": "existing_condition"}, "geometry": {"type": "Polygon", "coordinates": [[[116.3344951, 40.003574799999996], [116.3343096, 40.003247800000004], [116.33422069999999, 40.003276699999994], [116.334405, 40.00360109999999], [116.3344951, 40.003574799999996]]]}}, {"type": "Feature", "id": "BF-00974", "properties": {"id": "BF-00974", "layer": "BUILDING_FOOTPRINT", "building_type": "existing_retained", "area_sqm": 396.4, "source_id": "OSM-DERIVED-CORRIDOR-20260808", "source_type": "osm", "confidence": "medium", "geometry_role": "existing_condition"}, "geometry": {"type": "Polygon", "coordinates": [[[116.33473640000001, 40.0037511], [116.3347537, 40.0035561], [116.33452849999999, 40.0035501], [116.33452420000002, 40.00373640000001], [116.33473640000001, 40.0037511]]]}}, {"type": "Feature", "id": "BF-00975", "properties": {"id": "BF-00975", "layer": "BUILDING_FOOTPRINT", "building_type": "existing_retained", "area_sqm": 1003.8, "source_id": "OSM-DERIVED-CORRIDOR-20260808", "source_type": "osm", "confidence": "medium", "geometry_role": "existing_condition"}, "geometry": {"type": "Polygon", "coordinates": [[[116.33459980000002, 40.00321069999999], [116.33458469999998, 40.0034495], [116.3347555, 40.0034575], [116.3347779, 40.00312639999999], [116.33467679999998, 40.0031206], [116.334681, 40.0030709], [116.33429299999999, 40.00305279999999], [116.3342814, 40.00319359999999], [116.33459980000002, 40.00321069999999]]]}}, {"type": "Feature", "id": "BF-00976", "properties": {"id": "BF-00976", "layer": "BUILDING_FOOTPRINT", "building_type": "existing_retained", "area_sqm": 1093.0, "source_id": "OSM-DERIVED-CORRIDOR-20260808", "source_type": "osm", "confidence": "medium", "geometry_role": "existing_condition"}, "geometry": {"type": "Polygon", "coordinates": [[[116.33555790000001, 40.0033522], [116.3355762, 40.00317400000001], [116.3349073, 40.003166799999995], [116.33490259999999, 40.0033364], [116.33555790000001, 40.0033522]]]}}, {"type": "Feature", "id": "BF-00977", "properties": {"id": "BF-00977", "layer": "BUILDING_FOOTPRINT", "building_type": "existing_retained", "area_sqm": 794.1, "source_id": "OSM-DERIVED-CORRIDOR-20260808", "source_type": "osm", "confidence": "medium", "geometry_role": "existing_condition"}, "geometry": {"type": "Polygon", "coordinates": [[[116.3354101, 40.00381780000001], [116.3354188, 40.003704899999995], [116.33499170000002, 40.0036989], [116.3350048, 40.0035894], [116.33481979999999, 40.00358150000001], [116.3348091, 40.0037933], [116.3354101, 40.00381780000001]]]}}, {"type": "Feature", "id": "BF-00978", "properties": {"id": "BF-00978", "layer": "BUILDING_FOOTPRINT", "building_type": "existing_retained", "area_sqm": 775.8, "source_id": "OSM-DERIVED-CORRIDOR-20260808", "source_type": "osm", "confidence": "medium", "geometry_role": "existing_condition"}, "geometry": {"type": "Polygon", "coordinates": [[[116.3367248, 40.004352399999995], [116.3367554, 40.0038684], [116.3365905, 40.003862599999984], [116.3365532, 40.0043495], [116.3367248, 40.004352399999995]]]}}, {"type": "Feature", "id": "BF-00979", "properties": {"id": "BF-00979", "layer": "BUILDING_FOOTPRINT", "building_type": "existing_retained", "area_sqm": 356.6, "source_id": "OSM-DERIVED-CORRIDOR-20260808", "source_type": "osm", "confidence": "medium", "geometry_role": "existing_condition"}, "geometry": {"type": "Polygon", "coordinates": [[[116.3366097, 40.00340679999999], [116.33674090000001, 40.00340869999999], [116.336771, 40.003132], [116.33662960000001, 40.003132], [116.3366097, 40.00340679999999]]]}}, {"type": "Feature", "id": "BF-00980", "properties": {"id": "BF-00980", "layer": "BUILDING_FOOTPRINT", "building_type": "existing_retained", "area_sqm": 1083.4, "source_id": "OSM-DERIVED-CORRIDOR-20260808", "source_type": "osm", "confidence": "medium", "geometry_role": "existing_condition"}, "geometry": {"type": "Polygon", "coordinates": [[[116.3451837, 40.004367], [116.34519520000002, 40.004132600000005], [116.3446822, 40.004145300000005], [116.3446752, 40.004358399999994], [116.3451837, 40.004367]]]}}, {"type": "Feature", "id": "BF-00981", "properties": {"id": "BF-00981", "layer": "BUILDING_FOOTPRINT", "building_type": "existing_retained", "area_sqm": 949.9, "source_id": "OSM-DERIVED-CORRIDOR-20260808", "source_type": "osm", "confidence": "medium", "geometry_role": "existing_condition"}, "geometry": {"type": "Polygon", "coordinates": [[[116.3457903, 40.0045408], [116.3458057, 40.0042762], [116.34541, 40.0042782], [116.3454184, 40.00453559999999], [116.3457903, 40.0045408]]]}}, {"type": "Feature", "id": "BF-00982", "properties": {"id": "BF-00982", "layer": "BUILDING_FOOTPRINT", "building_type": "existing_retained", "area_sqm": 1608.4, "source_id": "OSM-DERIVED-CORRIDOR-20260808", "source_type": "osm", "confidence": "medium", "geometry_role": "existing_condition"}, "geometry": {"type": "Polygon", "coordinates": [[[116.3457726, 40.00540099999999], [116.34579529999999, 40.004735299999986], [116.34553150000002, 40.0047461], [116.3455195, 40.005393299999994], [116.3457726, 40.00540099999999]]]}}, {"type": "Feature", "id": "BF-00983", "properties": {"id": "BF-00983", "layer": "BUILDING_FOOTPRINT", "building_type": "existing_retained", "area_sqm": 790.2, "source_id": "OSM-DERIVED-CORRIDOR-20260808", "source_type": "osm", "confidence": "medium", "geometry_role": "existing_condition"}, "geometry": {"type": "Polygon", "coordinates": [[[116.3456907, 40.005897699999984], [116.34569879999998, 40.005638700000006], [116.34536270000001, 40.005642099999996], [116.34536809999999, 40.0058892], [116.3456907, 40.005897699999984]]]}}, {"type": "Feature", "id": "BF-00984", "properties": {"id": "BF-00984", "layer": "BUILDING_FOOTPRINT", "building_type": "existing_retained", "area_sqm": 1741.0, "source_id": "OSM-DERIVED-CORRIDOR-20260808", "source_type": "osm", "confidence": "medium", "geometry_role": "existing_condition"}, "geometry": {"type": "Polygon", "coordinates": [[[116.3451045, 40.005827], [116.3451048, 40.00568049999999], [116.34419500000001, 40.00568079999999], [116.3442024, 40.0054988], [116.34399939999999, 40.0054978], [116.3439911, 40.0057533], [116.3441876, 40.005754499999995], [116.3441838, 40.0058228], [116.3451045, 40.005827]]]}}, {"type": "Feature", "id": "BF-00985", "properties": {"id": "BF-00985", "layer": "BUILDING_FOOTPRINT", "building_type": "existing_retained", "area_sqm": 1048.8, "source_id": "OSM-DERIVED-CORRIDOR-20260808", "source_type": "osm", "confidence": "medium", "geometry_role": "existing_condition"}, "geometry": {"type": "Polygon", "coordinates": [[[116.3432272, 40.005827], [116.343233, 40.0055166], [116.34287640000001, 40.00551649999999], [116.3428685, 40.0058246], [116.3432272, 40.005827]]]}}, {"type": "Feature", "id": "BF-00986", "properties": {"id": "BF-00986", "layer": "BUILDING_FOOTPRINT", "building_type": "existing_retained", "area_sqm": 666.9, "source_id": "OSM-DERIVED-CORRIDOR-20260808", "source_type": "osm", "confidence": "medium", "geometry_role": "existing_condition"}, "geometry": {"type": "Polygon", "coordinates": [[[116.3438995, 40.005757900000006], [116.3439186, 40.00563509999999], [116.3433396, 40.005632399999996], [116.343334, 40.0057553], [116.3438995, 40.005757900000006]]]}}, {"type": "Feature", "id": "BF-00987", "properties": {"id": "BF-00987", "layer": "BUILDING_FOOTPRINT", "building_type": "existing_retained", "area_sqm": 180.4, "source_id": "OSM-DERIVED-CORRIDOR-20260808", "source_type": "osm", "confidence": "medium", "geometry_role": "existing_condition"}, "geometry": {"type": "Polygon", "coordinates": [[[116.343893, 40.0056063], [116.3438999, 40.0054457], [116.3437766, 40.005449600000006], [116.3437729, 40.0056017], [116.343893, 40.0056063]]]}}, {"type": "Feature", "id": "BF-00988", "properties": {"id": "BF-00988", "layer": "BUILDING_FOOTPRINT", "building_type": "existing_retained", "area_sqm": 1833.6, "source_id": "OSM-DERIVED-CORRIDOR-20260808", "source_type": "osm", "confidence": "medium", "geometry_role": "existing_condition"}, "geometry": {"type": "Polygon", "coordinates": [[[116.34492400000002, 40.0053497], [116.3449245, 40.0055306], [116.3451286, 40.0055355], [116.3451247, 40.00529209999999], [116.34493400000001, 40.0052887], [116.3449353, 40.0051886], [116.3440122, 40.00518159999999], [116.34401290000001, 40.00533459999999], [116.34492400000002, 40.0053497]]]}}, {"type": "Feature", "id": "BF-00989", "properties": {"id": "BF-00989", "layer": "BUILDING_FOOTPRINT", "building_type": "existing_retained", "area_sqm": 1195.2, "source_id": "OSM-DERIVED-CORRIDOR-20260808", "source_type": "osm", "confidence": "medium", "geometry_role": "existing_condition"}, "geometry": {"type": "Polygon", "coordinates": [[[116.34348699999998, 40.005397699999996], [116.3434923, 40.00532330000001], [116.3439103, 40.005327900000005], [116.34391200000002, 40.005197599999995], [116.3435027, 40.00520199999999], [116.34349900000001, 40.00527730000001], [116.3428615, 40.005274], [116.3428594, 40.00538840000001], [116.34348699999998, 40.005397699999996]]]}}, {"type": "Feature", "id": "BF-00990", "properties": {"id": "BF-00990", "layer": "BUILDING_FOOTPRINT", "building_type": "existing_retained", "area_sqm": 1535.3, "source_id": "OSM-DERIVED-CORRIDOR-20260808", "source_type": "osm", "confidence": "medium", "geometry_role": "existing_condition"}, "geometry": {"type": "Polygon", "coordinates": [[[116.3434648, 40.005023099999995], [116.3434843, 40.004871599999994], [116.34307269999998, 40.004857400000006], [116.3431096, 40.00462900000001], [116.34347310000001, 40.0046347], [116.3434949, 40.00451319999999], [116.34309279999998, 40.004496100000004], [116.3431012, 40.0045883], [116.3429344, 40.00459339999999], [116.34292550000002, 40.0049066], [116.34306000000001, 40.004910299999985], [116.34304640000002, 40.005004099999994], [116.3434648, 40.005023099999995]]]}}, {"type": "Feature", "id": "BF-00991", "properties": {"id": "BF-00991", "layer": "BUILDING_FOOTPRINT", "building_type": "existing_retained", "area_sqm": 363.0, "source_id": "OSM-DERIVED-CORRIDOR-20260808", "source_type": "osm", "confidence": "medium", "geometry_role": "existing_condition"}, "geometry": {"type": "Polygon", "coordinates": [[[116.34309960000002, 40.0044286], [116.3431169, 40.00419320000001], [116.34294240000001, 40.0042016], [116.3429404, 40.0044254], [116.34309960000002, 40.0044286]]]}}, {"type": "Feature", "id": "BF-00992", "properties": {"id": "BF-00992", "layer": "BUILDING_FOOTPRINT", "building_type": "existing_retained", "area_sqm": 1849.7, "source_id": "OSM-DERIVED-CORRIDOR-20260808", "source_type": "osm", "confidence": "medium", "geometry_role": "existing_condition"}, "geometry": {"type": "Polygon", "coordinates": [[[116.34436789999998, 40.0049327], [116.3443694, 40.00497080000001], [116.3449522, 40.0049773], [116.3449546, 40.0048331], [116.3443706, 40.004819], [116.34437199999999, 40.0047848], [116.34364209999998, 40.00477380000001], [116.34364710000001, 40.00492539999999], [116.34436789999998, 40.0049327]]]}}, {"type": "Feature", "id": "BF-00993", "properties": {"id": "BF-00993", "layer": "BUILDING_FOOTPRINT", "building_type": "existing_retained", "area_sqm": 1648.5, "source_id": "OSM-DERIVED-CORRIDOR-20260808", "source_type": "osm", "confidence": "medium", "geometry_role": "existing_condition"}, "geometry": {"type": "Polygon", "coordinates": [[[116.34439510000001, 40.0045748], [116.34439510000001, 40.004614300000014], [116.3449571, 40.00462120000002], [116.34495619999998, 40.0044868], [116.34440260000001, 40.00447980000001], [116.3444052, 40.0044413], [116.3436551, 40.00444600000001], [116.3436579, 40.00457790000001], [116.34439510000001, 40.0045748]]]}}, {"type": "Feature", "id": "BF-00994", "properties": {"id": "BF-00994", "layer": "BUILDING_FOOTPRINT", "building_type": "existing_retained", "area_sqm": 658.5, "source_id": "OSM-DERIVED-CORRIDOR-20260808", "source_type": "osm", "confidence": "medium", "geometry_role": "existing_condition"}, "geometry": {"type": "Polygon", "coordinates": [[[116.3444003, 40.00423339999998], [116.3444019, 40.00412469999999], [116.3437673, 40.00411539999999], [116.3437634, 40.00422509999999], [116.3444003, 40.00423339999998]]]}}, {"type": "Feature", "id": "BF-00995", "properties": {"id": "BF-00995", "layer": "BUILDING_FOOTPRINT", "building_type": "existing_retained", "area_sqm": 271.1, "source_id": "OSM-DERIVED-CORRIDOR-20260808", "source_type": "osm", "confidence": "medium", "geometry_role": "existing_condition"}, "geometry": {"type": "Polygon", "coordinates": [[[116.34456519999999, 40.0041239], [116.3445825, 40.0039127], [116.3444313, 40.0039169], [116.34443680000001, 40.00411449999999], [116.34456519999999, 40.0041239]]]}}, {"type": "Feature", "id": "BF-00996", "properties": {"id": "BF-00996", "layer": "BUILDING_FOOTPRINT", "building_type": "existing_retained", "area_sqm": 560.1, "source_id": "OSM-DERIVED-CORRIDOR-20260808", "source_type": "osm", "confidence": "medium", "geometry_role": "existing_condition"}, "geometry": {"type": "Polygon", "coordinates": [[[116.3442822, 40.00390920000001], [116.344289, 40.0037937], [116.3437751, 40.00379089999999], [116.34376869999998, 40.0039053], [116.3442822, 40.00390920000001]]]}}, {"type": "Feature", "id": "BF-00997", "properties": {"id": "BF-00997", "layer": "BUILDING_FOOTPRINT", "building_type": "existing_retained", "area_sqm": 1024.4, "source_id": "OSM-DERIVED-CORRIDOR-20260808", "source_type": "osm", "confidence": "medium", "geometry_role": "existing_condition"}, "geometry": {"type": "Polygon", "coordinates": [[[116.344583, 40.0037686], [116.34458289999999, 40.0035416], [116.34443680000001, 40.0035386], [116.34445600000001, 40.00346699999999], [116.34382680000002, 40.003462500000005], [116.3438213, 40.0035813], [116.34442270000001, 40.0035784], [116.34441340000001, 40.0037666], [116.344583, 40.0037686]]]}}, {"type": "Feature", "id": "BF-00998", "properties": {"id": "BF-00998", "layer": "BUILDING_FOOTPRINT", "building_type": "existing_retained", "area_sqm": 736.5, "source_id": "OSM-DERIVED-CORRIDOR-20260808", "source_type": "osm", "confidence": "medium", "geometry_role": "existing_condition"}, "geometry": {"type": "Polygon", "coordinates": [[[116.3444544, 40.0032586], [116.34446109999999, 40.00313369999999], [116.3438178, 40.003122399999995], [116.34381360000002, 40.0032392], [116.3444544, 40.0032586]]]}}, {"type": "Feature", "id": "BF-00999", "properties": {"id": "BF-00999", "layer": "BUILDING_FOOTPRINT", "building_type": "existing_retained", "area_sqm": 282.2, "source_id": "OSM-DERIVED-CORRIDOR-20260808", "source_type": "osm", "confidence": "medium", "geometry_role": "existing_condition"}, "geometry": {"type": "Polygon", "coordinates": [[[116.34460810000002, 40.00312230000001], [116.34462250000001, 40.0029023], [116.3444751, 40.002908100000006], [116.3444736, 40.0031101], [116.34460810000002, 40.00312230000001]]]}}, {"type": "Feature", "id": "BF-01000", "properties": {"id": "BF-01000", "layer": "BUILDING_FOOTPRINT", "building_type": "existing_retained", "area_sqm": 560.4, "source_id": "OSM-DERIVED-CORRIDOR-20260808", "source_type": "osm", "confidence": "medium", "geometry_role": "existing_condition"}, "geometry": {"type": "Polygon", "coordinates": [[[116.3443218, 40.00292559999999], [116.34433350000002, 40.00279979999999], [116.34382680000002, 40.00280560000001], [116.3438294, 40.0029164], [116.3443218, 40.00292559999999]]]}}, {"type": "Feature", "id": "BF-01001", "properties": {"id": "BF-01001", "layer": "BUILDING_FOOTPRINT", "building_type": "existing_retained", "area_sqm": 997.1, "source_id": "OSM-DERIVED-CORRIDOR-20260808", "source_type": "osm", "confidence": "medium", "geometry_role": "existing_condition"}, "geometry": {"type": "Polygon", "coordinates": [[[116.34460699999998, 40.00281459999999], [116.34461989999998, 40.00255969999999], [116.34447159999999, 40.00256739999998], [116.344473, 40.0025095], [116.3438521, 40.0024889], [116.3438408, 40.00260169999999], [116.3444608, 40.00261019999999], [116.34445389999999, 40.00281100000001], [116.34460699999998, 40.00281459999999]]]}}, {"type": "Feature", "id": "BF-01002", "properties": {"id": "BF-01002", "layer": "BUILDING_FOOTPRINT", "building_type": "existing_retained", "area_sqm": 746.6, "source_id": "OSM-DERIVED-CORRIDOR-20260808", "source_type": "osm", "confidence": "medium", "geometry_role": "existing_condition"}, "geometry": {"type": "Polygon", "coordinates": [[[116.34332909999999, 40.0041118], [116.343329, 40.00404910000002], [116.3432884, 40.00404879999999], [116.3432899, 40.003945900000005], [116.34321570000002, 40.0039445], [116.34321899999999, 40.003898799999995], [116.34326070000002, 40.003899799999985], [116.3432638, 40.0038358], [116.34300860000002, 40.0038324], [116.34300630000001, 40.0038976], [116.34306410000002, 40.0038993], [116.34306330000001, 40.003947000000004], [116.34298469999999, 40.00394649999999], [116.34298, 40.00404249999999], [116.3429458, 40.004041400000006], [116.34294120000001, 40.0041061], [116.34332909999999, 40.0041118]]]}}, {"type": "Feature", "id": "BF-01003", "properties": {"id": "BF-01003", "layer": "BUILDING_FOOTPRINT", "building_type": "existing_retained", "area_sqm": 860.2, "source_id": "OSM-DERIVED-CORRIDOR-20260808", "source_type": "osm", "confidence": "medium", "geometry_role": "existing_condition"}, "geometry": {"type": "Polygon", "coordinates": [[[116.34364050000002, 40.00371309999999], [116.34365170000001, 40.00346389999999], [116.34328350000001, 40.00345319999999], [116.34327840000002, 40.003619099999995], [116.3432759, 40.0036986], [116.34364050000002, 40.00371309999999]]]}}, {"type": "Feature", "id": "BF-01004", "properties": {"id": "BF-01004", "layer": "BUILDING_FOOTPRINT", "building_type": "existing_retained", "area_sqm": 1005.9, "source_id": "OSM-DERIVED-CORRIDOR-20260808", "source_type": "osm", "confidence": "medium", "geometry_role": "existing_condition"}, "geometry": {"type": "Polygon", "coordinates": [[[116.34336140000002, 40.003222599999994], [116.3433798, 40.00294259999999], [116.34299559999998, 40.002930299999996], [116.3429902, 40.003211300000004], [116.34336140000002, 40.003222599999994]]]}}, {"type": "Feature", "id": "BF-01005", "properties": {"id": "BF-01005", "layer": "BUILDING_FOOTPRINT", "building_type": "existing_retained", "area_sqm": 917.5, "source_id": "OSM-DERIVED-CORRIDOR-20260808", "source_type": "osm", "confidence": "medium", "geometry_role": "existing_condition"}, "geometry": {"type": "Polygon", "coordinates": [[[116.3436961, 40.0027507], [116.3437234, 40.002485699999994], [116.34334479999998, 40.002477199999994], [116.34333999999998, 40.002738099999995], [116.3436961, 40.0027507]]]}}, {"type": "Feature", "id": "BF-01006", "properties": {"id": "BF-01006", "layer": "BUILDING_FOOTPRINT", "building_type": "existing_retained", "area_sqm": 2314.6, "source_id": "OSM-DERIVED-CORRIDOR-20260808", "source_type": "osm", "confidence": "medium", "geometry_role": "existing_condition"}, "geometry": {"type": "Polygon", "coordinates": [[[116.3328363, 39.9925017], [116.3328722, 39.99212620000001], [116.3328896, 39.9918321], [116.33256730000001, 39.99182549999999], [116.33255409999998, 39.9921192], [116.33254440000002, 39.9923961], [116.3321638, 39.9923872], [116.332154, 39.9924756], [116.3328363, 39.9925017]]]}}, {"type": "Feature", "id": "BF-01007", "properties": {"id": "BF-01007", "layer": "BUILDING_FOOTPRINT", "building_type": "existing_retained", "area_sqm": 5392.4, "source_id": "OSM-DERIVED-CORRIDOR-20260808", "source_type": "osm", "confidence": "medium", "geometry_role": "existing_condition"}, "geometry": {"type": "Polygon", "coordinates": [[[116.33379130000002, 39.992829799999996], [116.3338322, 39.9920696], [116.333073, 39.99207109999999], [116.3330391, 39.9928151], [116.33379130000002, 39.992829799999996]]]}}, {"type": "Feature", "id": "BF-01008", "properties": {"id": "BF-01008", "layer": "BUILDING_FOOTPRINT", "building_type": "existing_retained", "area_sqm": 304.5, "source_id": "OSM-DERIVED-CORRIDOR-20260808", "source_type": "osm", "confidence": "medium", "geometry_role": "existing_condition"}, "geometry": {"type": "Polygon", "coordinates": [[[116.33381380000002, 39.99187950000001], [116.3338028, 39.991974], [116.33389069999998, 39.99197250000001], [116.33390239999999, 39.9918144], [116.33353269999999, 39.99180479999998], [116.33353549999998, 39.991868700000005], [116.33381380000002, 39.99187950000001]]]}}, {"type": "Feature", "id": "BF-01009", "properties": {"id": "BF-01009", "layer": "BUILDING_FOOTPRINT", "building_type": "existing_retained", "area_sqm": 698.4, "source_id": "OSM-DERIVED-CORRIDOR-20260808", "source_type": "osm", "confidence": "medium", "geometry_role": "existing_condition"}, "geometry": {"type": "Polygon", "coordinates": [[[116.3365885, 39.993253800000005], [116.3365956, 39.993140800000006], [116.3359453, 39.993116900000004], [116.33593830000001, 39.993229899999996], [116.3365885, 39.993253800000005]]]}}, {"type": "Feature", "id": "BF-01010", "properties": {"id": "BF-01010", "layer": "BUILDING_FOOTPRINT", "building_type": "existing_retained", "area_sqm": 411.2, "source_id": "OSM-DERIVED-CORRIDOR-20260808", "source_type": "osm", "confidence": "medium", "geometry_role": "existing_condition"}, "geometry": {"type": "Polygon", "coordinates": [[[116.33701780000001, 39.993262], [116.3370207, 39.993150799999995], [116.3366309, 39.9931448], [116.33662800000002, 39.993256], [116.33701780000001, 39.993262]]]}}, {"type": "Feature", "id": "BF-01011", "properties": {"id": "BF-01011", "layer": "BUILDING_FOOTPRINT", "building_type": "existing_retained", "area_sqm": 1395.0, "source_id": "OSM-DERIVED-CORRIDOR-20260808", "source_type": "osm", "confidence": "medium", "geometry_role": "existing_condition"}, "geometry": {"type": "Polygon", "coordinates": [[[116.3370098, 39.992952800000005], [116.33701879999998, 39.99281860000001], [116.33592480000002, 39.9927755], [116.33591580000001, 39.99290949999999], [116.3370098, 39.992952800000005]]]}}, {"type": "Feature", "id": "BF-01012", "properties": {"id": "BF-01012", "layer": "BUILDING_FOOTPRINT", "building_type": "existing_retained", "area_sqm": 1370.9, "source_id": "OSM-DERIVED-CORRIDOR-20260808", "source_type": "osm", "confidence": "medium", "geometry_role": "existing_condition"}, "geometry": {"type": "Polygon", "coordinates": [[[116.3368893, 39.994862], [116.3368941, 39.9947331], [116.33577440000002, 39.9947083], [116.33576960000002, 39.994837399999994], [116.3368893, 39.994862]]]}}, {"type": "Feature", "id": "BF-01013", "properties": {"id": "BF-01013", "layer": "BUILDING_FOOTPRINT", "building_type": "existing_retained", "area_sqm": 1044.0, "source_id": "OSM-DERIVED-CORRIDOR-20260808", "source_type": "osm", "confidence": "medium", "geometry_role": "existing_condition"}, "geometry": {"type": "Polygon", "coordinates": [[[116.3366251, 39.99449539999999], [116.33663, 39.9943642], [116.33579160000001, 39.99434579999999], [116.3357867, 39.994476999999996], [116.3366251, 39.99449539999999]]]}}, {"type": "Feature", "id": "BF-01014", "properties": {"id": "BF-01014", "layer": "BUILDING_FOOTPRINT", "building_type": "existing_retained", "area_sqm": 585.3, "source_id": "OSM-DERIVED-CORRIDOR-20260808", "source_type": "osm", "confidence": "medium", "geometry_role": "existing_condition"}, "geometry": {"type": "Polygon", "coordinates": [[[116.3345367, 40.0133685], [116.3345506, 40.01324639999999], [116.3340451, 40.01324069999999], [116.3340408, 40.0133368], [116.3340395, 40.013364700000004], [116.3345367, 40.0133685]]]}}, {"type": "Feature", "id": "BF-01015", "properties": {"id": "BF-01015", "layer": "BUILDING_FOOTPRINT", "building_type": "existing_retained", "area_sqm": 2313.0, "source_id": "OSM-DERIVED-CORRIDOR-20260808", "source_type": "osm", "confidence": "medium", "geometry_role": "existing_condition"}, "geometry": {"type": "Polygon", "coordinates": [[[116.34181, 40.013487600000005], [116.34050670000002, 40.0134496], [116.34053139999999, 40.01312639999998], [116.3403818, 40.013117799999996], [116.3403593, 40.0135415], [116.3419314, 40.01359819999999], [116.34195590000002, 40.01320739999999], [116.34182710000002, 40.0132047], [116.34181, 40.013487600000005]]]}}, {"type": "Feature", "id": "BF-01016", "properties": {"id": "BF-01016", "layer": "BUILDING_FOOTPRINT", "building_type": "existing_retained", "area_sqm": 1037.1, "source_id": "OSM-DERIVED-CORRIDOR-20260808", "source_type": "osm", "confidence": "medium", "geometry_role": "existing_condition"}, "geometry": {"type": "Polygon", "coordinates": [[[116.34157219999999, 40.01317679999999], [116.3415838, 40.01305049999999], [116.3407481, 40.01300839999999], [116.3407368, 40.0131429], [116.34157219999999, 40.01317679999999]]]}}, {"type": "Feature", "id": "BF-01017", "properties": {"id": "BF-01017", "layer": "BUILDING_FOOTPRINT", "building_type": "existing_retained", "area_sqm": 2159.6, "source_id": "OSM-DERIVED-CORRIDOR-20260808", "source_type": "osm", "confidence": "medium", "geometry_role": "existing_condition"}, "geometry": {"type": "Polygon", "coordinates": [[[116.34188960000002, 40.01308929999999], [116.34190489999999, 40.01271140000001], [116.3404487, 40.012636999999984], [116.34043000000001, 40.013042000000006], [116.34055810000001, 40.0130537], [116.3405714, 40.0127454], [116.3417652, 40.01281229999999], [116.34176080000002, 40.0130793], [116.34188960000002, 40.01308929999999]]]}}, {"type": "Feature", "id": "BF-01018", "properties": {"id": "BF-01018", "layer": "BUILDING_FOOTPRINT", "building_type": "existing_retained", "area_sqm": 1505.5, "source_id": "OSM-DERIVED-CORRIDOR-20260808", "source_type": "osm", "confidence": "medium", "geometry_role": "existing_condition"}, "geometry": {"type": "Polygon", "coordinates": [[[116.3436899, 40.013641400000004], [116.3436926, 40.01339370000001], [116.3430353, 40.01338499999999], [116.34303350000002, 40.0136207], [116.3436899, 40.013641400000004]]]}}, {"type": "Feature", "id": "BF-01019", "properties": {"id": "BF-01019", "layer": "BUILDING_FOOTPRINT", "building_type": "existing_retained", "area_sqm": 1118.9, "source_id": "OSM-DERIVED-CORRIDOR-20260808", "source_type": "osm", "confidence": "medium", "geometry_role": "existing_condition"}, "geometry": {"type": "Polygon", "coordinates": [[[116.3453832, 40.0125661], [116.34541010000001, 40.01226569999999], [116.3450022, 40.0122634], [116.3449843, 40.01254689999999], [116.3453832, 40.0125661]]]}}, {"type": "Feature", "id": "BF-01020", "properties": {"id": "BF-01020", "layer": "BUILDING_FOOTPRINT", "building_type": "existing_retained", "area_sqm": 2274.4, "source_id": "OSM-DERIVED-CORRIDOR-20260808", "source_type": "osm", "confidence": "medium", "geometry_role": "existing_condition"}, "geometry": {"type": "Polygon", "coordinates": [[[116.34530890000002, 40.0128775], [116.34531610000002, 40.0126887], [116.3440247, 40.01266179999999], [116.3440133, 40.0128435], [116.34530890000002, 40.0128775]]]}}, {"type": "Feature", "id": "BF-01021", "properties": {"id": "BF-01021", "layer": "BUILDING_FOOTPRINT", "building_type": "existing_retained", "area_sqm": 2835.1, "source_id": "OSM-DERIVED-CORRIDOR-20260808", "source_type": "osm", "confidence": "medium", "geometry_role": "existing_condition"}, "geometry": {"type": "Polygon", "coordinates": [[[116.34475640000001, 40.013622500000004], [116.3447577, 40.01356689999999], [116.34538259999998, 40.0135828], [116.34549029999998, 40.0135037], [116.345505, 40.01333619999999], [116.3455474, 40.01333730000001], [116.3455498, 40.0131203], [116.3452842, 40.0131193], [116.3452744, 40.0134227], [116.3447638, 40.01340569999999], [116.34476289999999, 40.0134636], [116.3440938, 40.0134354], [116.3440922, 40.01360450000001], [116.34475640000001, 40.013622500000004]]]}}, {"type": "Feature", "id": "BF-01022", "properties": {"id": "BF-01022", "layer": "BUILDING_FOOTPRINT", "building_type": "existing_retained", "area_sqm": 1486.7, "source_id": "OSM-DERIVED-CORRIDOR-20260808", "source_type": "osm", "confidence": "medium", "geometry_role": "existing_condition"}, "geometry": {"type": "Polygon", "coordinates": [[[116.34395110000001, 40.0131629], [116.3439602, 40.01297129999999], [116.3431064, 40.012979099999995], [116.34310220000002, 40.0131559], [116.34395110000001, 40.0131629]]]}}, {"type": "Feature", "id": "BF-01023", "properties": {"id": "BF-01023", "layer": "BUILDING_FOOTPRINT", "building_type": "existing_retained", "area_sqm": 1565.0, "source_id": "OSM-DERIVED-CORRIDOR-20260808", "source_type": "osm", "confidence": "medium", "geometry_role": "existing_condition"}, "geometry": {"type": "Polygon", "coordinates": [[[116.343106, 40.012709799999996], [116.3431183, 40.012519499999996], [116.34223889999998, 40.01250399999999], [116.34223580000001, 40.012690799999994], [116.343106, 40.012709799999996]]]}}, {"type": "Feature", "id": "BF-01024", "properties": {"id": "BF-01024", "layer": "BUILDING_FOOTPRINT", "building_type": "existing_retained", "area_sqm": 1311.0, "source_id": "OSM-DERIVED-CORRIDOR-20260808", "source_type": "osm", "confidence": "medium", "geometry_role": "existing_condition"}, "geometry": {"type": "Polygon", "coordinates": [[[116.3439926, 40.01244389999998], [116.344004, 40.01228589999999], [116.34311400000001, 40.01226729999999], [116.34310809999998, 40.0124206], [116.3439926, 40.01244389999998]]]}}, {"type": "Feature", "id": "BF-01025", "properties": {"id": "BF-01025", "layer": "BUILDING_FOOTPRINT", "building_type": "existing_retained", "area_sqm": 1857.1, "source_id": "OSM-DERIVED-CORRIDOR-20260808", "source_type": "osm", "confidence": "medium", "geometry_role": "existing_condition"}, "geometry": {"type": "Polygon", "coordinates": [[[116.3453073, 40.0120995], [116.34531740000001, 40.011954499999995], [116.344025, 40.0119099], [116.34402220000001, 40.01206849999999], [116.3453073, 40.0120995]]]}}, {"type": "Feature", "id": "BF-01026", "properties": {"id": "BF-01026", "layer": "BUILDING_FOOTPRINT", "building_type": "existing_retained", "area_sqm": 1567.4, "source_id": "OSM-DERIVED-CORRIDOR-20260808", "source_type": "osm", "confidence": "medium", "geometry_role": "existing_condition"}, "geometry": {"type": "Polygon", "coordinates": [[[116.34316050000001, 40.0119852], [116.3431741, 40.011801], [116.3422837, 40.01177990000001], [116.34227459999998, 40.011967500000004], [116.34316050000001, 40.0119852]]]}}, {"type": "Feature", "id": "BF-01027", "properties": {"id": "BF-01027", "layer": "BUILDING_FOOTPRINT", "building_type": "existing_retained", "area_sqm": 1453.9, "source_id": "OSM-DERIVED-CORRIDOR-20260808", "source_type": "osm", "confidence": "medium", "geometry_role": "existing_condition"}, "geometry": {"type": "Polygon", "coordinates": [[[116.34400080000002, 40.011729599999995], [116.3440144, 40.0115424], [116.3431759, 40.011519899999996], [116.34316629999998, 40.0116986], [116.34400080000002, 40.011729599999995]]]}}, {"type": "Feature", "id": "BF-01028", "properties": {"id": "BF-01028", "layer": "BUILDING_FOOTPRINT", "building_type": "existing_retained", "area_sqm": 1283.2, "source_id": "OSM-DERIVED-CORRIDOR-20260808", "source_type": "osm", "confidence": "medium", "geometry_role": "existing_condition"}, "geometry": {"type": "Polygon", "coordinates": [[[116.34310110000001, 40.0113634], [116.3431051, 40.01119349999998], [116.34229949999998, 40.0111683], [116.34230150000002, 40.011335599999995], [116.34310110000001, 40.0113634]]]}}, {"type": "Feature", "id": "BF-01029", "properties": {"id": "BF-01029", "layer": "BUILDING_FOOTPRINT", "building_type": "existing_retained", "area_sqm": 2182.4, "source_id": "OSM-DERIVED-CORRIDOR-20260808", "source_type": "osm", "confidence": "medium", "geometry_role": "existing_condition"}, "geometry": {"type": "Polygon", "coordinates": [[[116.34554179999999, 40.01171829999999], [116.34555830000001, 40.01126659999999], [116.34537139999999, 40.011182899999994], [116.3446384, 40.011168700000006], [116.3446203, 40.011345399999996], [116.3453475, 40.01136389999999], [116.3453425, 40.0117104], [116.34554179999999, 40.01171829999999]]]}}, {"type": "Feature", "id": "BF-01030", "properties": {"id": "BF-01030", "layer": "BUILDING_FOOTPRINT", "building_type": "existing_retained", "area_sqm": 732.0, "source_id": "OSM-DERIVED-CORRIDOR-20260808", "source_type": "osm", "confidence": "medium", "geometry_role": "existing_condition"}, "geometry": {"type": "Polygon", "coordinates": [[[116.3418466, 40.011420099999995], [116.3418711, 40.011158200000004], [116.3415634, 40.01115549999999], [116.34155329999999, 40.0114065], [116.3418466, 40.011420099999995]]]}}, {"type": "Feature", "id": "BF-01031", "properties": {"id": "BF-01031", "layer": "BUILDING_FOOTPRINT", "building_type": "existing_retained", "area_sqm": 687.5, "source_id": "OSM-DERIVED-CORRIDOR-20260808", "source_type": "osm", "confidence": "medium", "geometry_role": "existing_condition"}, "geometry": {"type": "Polygon", "coordinates": [[[116.34126340000002, 40.0114004], [116.3412888, 40.011167], [116.3409811, 40.011148899999995], [116.3409608, 40.01138850000001], [116.34126340000002, 40.0114004]]]}}, {"type": "Feature", "id": "BF-01032", "properties": {"id": "BF-01032", "layer": "BUILDING_FOOTPRINT", "building_type": "existing_retained", "area_sqm": 691.9, "source_id": "OSM-DERIVED-CORRIDOR-20260808", "source_type": "osm", "confidence": "medium", "geometry_role": "existing_condition"}, "geometry": {"type": "Polygon", "coordinates": [[[116.34065490000002, 40.0113953], [116.3406875, 40.01114930000001], [116.34038500000001, 40.01113509999999], [116.34036690000002, 40.011381], [116.34065490000002, 40.0113953]]]}}, {"type": "Feature", "id": "BF-01033", "properties": {"id": "BF-01033", "layer": "BUILDING_FOOTPRINT", "building_type": "existing_retained", "area_sqm": 687.9, "source_id": "OSM-DERIVED-CORRIDOR-20260808", "source_type": "osm", "confidence": "medium", "geometry_role": "existing_condition"}, "geometry": {"type": "Polygon", "coordinates": [[[116.34007710000002, 40.01136189999999], [116.34010560000002, 40.0110968], [116.3398266, 40.011087999999994], [116.3398045, 40.0113469], [116.34007710000002, 40.01136189999999]]]}}, {"type": "Feature", "id": "BF-01034", "properties": {"id": "BF-01034", "layer": "BUILDING_FOOTPRINT", "building_type": "existing_retained", "area_sqm": 637.7, "source_id": "OSM-DERIVED-CORRIDOR-20260808", "source_type": "osm", "confidence": "medium", "geometry_role": "existing_condition"}, "geometry": {"type": "Polygon", "coordinates": [[[116.3399534, 40.0118151], [116.3399792, 40.011503100000006], [116.339758, 40.01149699999999], [116.33974350000001, 40.011807799999985], [116.3399534, 40.0118151]]]}}, {"type": "Feature", "id": "BF-01035", "properties": {"id": "BF-01035", "layer": "BUILDING_FOOTPRINT", "building_type": "existing_retained", "area_sqm": 771.5, "source_id": "OSM-DERIVED-CORRIDOR-20260808", "source_type": "osm", "confidence": "medium", "geometry_role": "existing_condition"}, "geometry": {"type": "Polygon", "coordinates": [[[116.3403224, 40.01211059999999], [116.34035430000002, 40.01181509999999], [116.34007500000001, 40.01180740000001], [116.3400481, 40.012097699999984], [116.3403224, 40.01211059999999]]]}}, {"type": "Feature", "id": "BF-01036", "properties": {"id": "BF-01036", "layer": "BUILDING_FOOTPRINT", "building_type": "existing_retained", "area_sqm": 830.3, "source_id": "OSM-DERIVED-CORRIDOR-20260808", "source_type": "osm", "confidence": "medium", "geometry_role": "existing_condition"}, "geometry": {"type": "Polygon", "coordinates": [[[116.34094060000001, 40.0121269], [116.3409774, 40.0118447], [116.34065079999999, 40.0118425], [116.34063189999999, 40.01210999999999], [116.34094060000001, 40.0121269]]]}}, {"type": "Feature", "id": "BF-01037", "properties": {"id": "BF-01037", "layer": "BUILDING_FOOTPRINT", "building_type": "existing_retained", "area_sqm": 730.2, "source_id": "OSM-DERIVED-CORRIDOR-20260808", "source_type": "osm", "confidence": "medium", "geometry_role": "existing_condition"}, "geometry": {"type": "Polygon", "coordinates": [[[116.34150980000001, 40.01214610000001], [116.34154280000001, 40.011889000000004], [116.3412504, 40.01186859999999], [116.3412191, 40.0121365], [116.34150980000001, 40.01214610000001]]]}}, {"type": "Feature", "id": "BF-01038", "properties": {"id": "BF-01038", "layer": "BUILDING_FOOTPRINT", "building_type": "existing_retained", "area_sqm": 712.0, "source_id": "OSM-DERIVED-CORRIDOR-20260808", "source_type": "osm", "confidence": "medium", "geometry_role": "existing_condition"}, "geometry": {"type": "Polygon", "coordinates": [[[116.34205199999998, 40.0121604], [116.3420712, 40.01187680000001], [116.3418172, 40.0118602], [116.34178370000001, 40.0121489], [116.34205199999998, 40.0121604]]]}}, {"type": "Feature", "id": "BF-01039", "properties": {"id": "BF-01039", "layer": "BUILDING_FOOTPRINT", "building_type": "existing_retained", "area_sqm": 1836.8, "source_id": "OSM-DERIVED-CORRIDOR-20260808", "source_type": "osm", "confidence": "medium", "geometry_role": "existing_condition"}, "geometry": {"type": "Polygon", "coordinates": [[[116.33423959999999, 39.972764600000005], [116.3343226, 39.97201229999999], [116.3340664, 39.971995699999994], [116.33398340000001, 39.972742399999994], [116.33423959999999, 39.972764600000005]]]}}, {"type": "Feature", "id": "BF-01040", "properties": {"id": "BF-01040", "layer": "BUILDING_FOOTPRINT", "building_type": "existing_retained", "area_sqm": 121.0, "source_id": "OSM-DERIVED-CORRIDOR-20260808", "source_type": "osm", "confidence": "medium", "geometry_role": "existing_condition"}, "geometry": {"type": "Polygon", "coordinates": [[[116.34687330000001, 39.975412199999994], [116.346875, 39.9753418], [116.3466938, 39.9753392], [116.34669210000001, 39.9754096], [116.34687330000001, 39.975412199999994]]]}}, {"type": "Feature", "id": "BF-01041", "properties": {"id": "BF-01041", "layer": "BUILDING_FOOTPRINT", "building_type": "existing_retained", "area_sqm": 1239.0, "source_id": "OSM-DERIVED-CORRIDOR-20260808", "source_type": "osm", "confidence": "medium", "geometry_role": "existing_condition"}, "geometry": {"type": "Polygon", "coordinates": [[[116.3345804, 40.0056991], [116.33448890000001, 40.00572789999999], [116.3346549, 40.00604179999999], [116.3347612, 40.00624280000001], [116.3349438, 40.0061861], [116.3345655, 40.0054712], [116.334474, 40.0055004], [116.3345804, 40.0056991]]]}}, {"type": "Feature", "id": "BF-01042", "properties": {"id": "BF-01042", "layer": "BUILDING_FOOTPRINT", "building_type": "existing_retained", "area_sqm": 352.9, "source_id": "OSM-DERIVED-CORRIDOR-20260808", "source_type": "osm", "confidence": "medium", "geometry_role": "existing_condition"}, "geometry": {"type": "Polygon", "coordinates": [[[116.3457469, 40.0093883], [116.34575120000001, 40.0093012], [116.3453049, 40.009312699999995], [116.3453049, 40.00939329999999], [116.3457469, 40.0093883]]]}}, {"type": "Feature", "id": "BF-01043", "properties": {"id": "BF-01043", "layer": "BUILDING_FOOTPRINT", "building_type": "existing_retained", "area_sqm": 595.2, "source_id": "OSM-DERIVED-CORRIDOR-20260808", "source_type": "osm", "confidence": "medium", "geometry_role": "existing_condition"}, "geometry": {"type": "Polygon", "coordinates": [[[116.3457162, 40.0096575], [116.3457132, 40.009446999999994], [116.34541490000001, 40.0094496], [116.345418, 40.009660000000004], [116.3457162, 40.0096575]]]}}, {"type": "Feature", "id": "BF-01044", "properties": {"id": "BF-01044", "layer": "BUILDING_FOOTPRINT", "building_type": "existing_retained", "area_sqm": 2193.6, "source_id": "OSM-DERIVED-CORRIDOR-20260808", "source_type": "osm", "confidence": "medium", "geometry_role": "existing_condition"}, "geometry": {"type": "Polygon", "coordinates": [[[116.33428730000001, 39.9992135], [116.33300880000002, 39.999184199999995], [116.3330009, 39.9993853], [116.3342794, 39.9994149], [116.33428283007628, 39.999327454936264], [116.33425337974873, 39.99932645004405], [116.33394233129286, 39.99932050402765], [116.33395038217964, 39.99937845215837], [116.33395038548474, 39.999378497524546], [116.33395038282839, 39.999378542915935], [116.33395037423762, 39.99937858787036], [116.3339503597999, 39.99937863193007], [116.33395033966224, 39.999378674646465], [116.33395031402969, 39.99937871558458], [116.33395028316325, 39.999378754327594], [116.33395024737719, 39.99937879048103], [116.33395020703588, 39.99937882367674], [116.3339501625501, 39.99937885357676], [116.33395011437281, 39.99937887987662], [116.33395006299453, 39.99937890230854], [116.33395000893842, 39.999378920644126], [116.33394995275488, 39.999378934696665], [116.33394989501596, 39.99937894432307], [116.33394983630959, 39.999378949425335], [116.33394977723353, 39.99937894995151], [116.33379607723253, 39.999374349951495], [116.33379601985678, 39.99937434605366], [116.33379596325665, 39.9993743378389], [116.33379590797992, 39.999374325386704], [116.33379585456157, 39.9993743088176], [116.3337958035186, 39.99937428829193], [116.33379575534501, 39.99937426400834], [116.33379571050699, 39.99937423620187], [116.3337956694385, 39.999374205141606], [116.33379563253702, 39.99937417112818], [116.33379560015969, 39.999374134490736], [116.33379557261982, 39.99937409558389], [116.33379555018396, 39.999374054784184], [116.33379553306926, 39.999374012486456], [116.33379552144136, 39.99937396910007], [116.33378403976725, 39.99931710752896], [116.3337805924043, 39.99930003487202], [116.33377032144242, 39.999249169099954], [116.33377031546989, 39.999249125806855], [116.33377031496144, 39.99924908227251], [116.33377031992183, 39.999249038903905], [116.33377033030472, 39.9992489961064], [116.33377034601297, 39.99924895428007], [116.33377036689981, 39.99924891381591], [116.33377039276996, 39.999248875092164], [116.33377042338164, 39.99924883847081], [116.33377045844863, 39.999248804294176], [116.33377049764316, 39.999248772881764], [116.33377054059886, 39.99924874452717], [116.33377058691418, 39.999248719495505], [116.33377063615616, 39.99924869802069], [116.3337706878645, 39.99924868030354], [116.33377074155585, 39.999248666509615], [116.33377079672832, 39.999248656767875], [116.33377085286614, 39.99924865116942], [116.33377090944457, 39.999248649766514], [116.3339321094435, 39.999250649766495], [116.33393216583251, 39.999250652563404], [116.33393222160835, 39.99925065952789], [116.33393227625149, 39.99925067059504], [116.333932329253, 39.99925068566178], [116.33393238011918, 39.99925070458778], [116.33393242837623, 39.99925072719678], [116.3339324735747, 39.999250753278154], [116.33393251529361, 39.999250782588994], [116.33393255314432, 39.999250814856296], [116.33393258677437, 39.9992508497795], [116.33393261587044, 39.99925088703333], [116.33393264016155, 39.99925092627078], [116.33393265942144, 39.99925096712642], [116.33393267347074, 39.99925100921966], [116.33393268217857, 39.99925105215845], [116.3339398373925, 39.999302553580584], [116.33425301457052, 39.999308549847356], [116.33425301775286, 39.999308549914936], [116.33428354369855, 39.999309262087515], [116.33428730000001, 39.9992135]]]}}, {"type": "Feature", "id": "BF-01045", "properties": {"id": "BF-01045", "layer": "BUILDING_FOOTPRINT", "building_type": "existing_retained", "area_sqm": 196.6, "source_id": "OSM-DERIVED-CORRIDOR-20260808", "source_type": "osm", "confidence": "medium", "geometry_role": "existing_condition"}, "geometry": {"type": "Polygon", "coordinates": [[[116.3448409, 40.0066843], [116.3448489, 40.006513000000005], [116.34472750000002, 40.00651020000001], [116.34472069999998, 40.0066818], [116.3448409, 40.0066843]]]}}, {"type": "Feature", "id": "BF-01046", "properties": {"id": "BF-01046", "layer": "BUILDING_FOOTPRINT", "building_type": "existing_retained", "area_sqm": 196.5, "source_id": "OSM-DERIVED-CORRIDOR-20260808", "source_type": "osm", "confidence": "medium", "geometry_role": "existing_condition"}, "geometry": {"type": "Polygon", "coordinates": [[[116.3446535, 40.00668170000001], [116.34466159999998, 40.0065104], [116.3445402, 40.006507599999985], [116.34453340000002, 40.006679199999994], [116.3446535, 40.00668170000001]]]}}, {"type": "Feature", "id": "BF-01047", "properties": {"id": "BF-01047", "layer": "BUILDING_FOOTPRINT", "building_type": "existing_retained", "area_sqm": 196.6, "source_id": "OSM-DERIVED-CORRIDOR-20260808", "source_type": "osm", "confidence": "medium", "geometry_role": "existing_condition"}, "geometry": {"type": "Polygon", "coordinates": [[[116.34449329999998, 40.006684099999994], [116.34450129999999, 40.0065128], [116.3443799, 40.0065099], [116.3443731, 40.00668149999999], [116.34449329999998, 40.006684099999994]]]}}, {"type": "Feature", "id": "BF-01048", "properties": {"id": "BF-01048", "layer": "BUILDING_FOOTPRINT", "building_type": "existing_retained", "area_sqm": 196.6, "source_id": "OSM-DERIVED-CORRIDOR-20260808", "source_type": "osm", "confidence": "medium", "geometry_role": "existing_condition"}, "geometry": {"type": "Polygon", "coordinates": [[[116.34429919999998, 40.0066841], [116.34430719999999, 40.0065128], [116.3441858, 40.00650989999999], [116.344179, 40.00668149999999], [116.34429919999998, 40.0066841]]]}}, {"type": "Feature", "id": "BF-01049", "properties": {"id": "BF-01049", "layer": "BUILDING_FOOTPRINT", "building_type": "existing_retained", "area_sqm": 196.6, "source_id": "OSM-DERIVED-CORRIDOR-20260808", "source_type": "osm", "confidence": "medium", "geometry_role": "existing_condition"}, "geometry": {"type": "Polygon", "coordinates": [[[116.3440866, 40.0066841], [116.3440947, 40.006512799999996], [116.3439732, 40.0065099], [116.34396639999999, 40.00668149999999], [116.3440866, 40.0066841]]]}}, {"type": "Feature", "id": "BF-01050", "properties": {"id": "BF-01050", "layer": "BUILDING_FOOTPRINT", "building_type": "existing_retained", "area_sqm": 196.6, "source_id": "OSM-DERIVED-CORRIDOR-20260808", "source_type": "osm", "confidence": "medium", "geometry_role": "existing_condition"}, "geometry": {"type": "Polygon", "coordinates": [[[116.343911, 40.0066817], [116.34391899999999, 40.00651040000001], [116.3437976, 40.00650759999999], [116.3437908, 40.0066792], [116.343911, 40.0066817]]]}}, {"type": "Feature", "id": "BF-01051", "properties": {"id": "BF-01051", "layer": "BUILDING_FOOTPRINT", "building_type": "existing_retained", "area_sqm": 196.5, "source_id": "OSM-DERIVED-CORRIDOR-20260808", "source_type": "osm", "confidence": "medium", "geometry_role": "existing_condition"}, "geometry": {"type": "Polygon", "coordinates": [[[116.34372609999998, 40.0066817], [116.34373419999999, 40.00651040000001], [116.3436128, 40.00650759999998], [116.343606, 40.0066792], [116.34372609999998, 40.0066817]]]}}, {"type": "Feature", "id": "BF-01052", "properties": {"id": "BF-01052", "layer": "BUILDING_FOOTPRINT", "building_type": "existing_retained", "area_sqm": 196.4, "source_id": "OSM-DERIVED-CORRIDOR-20260808", "source_type": "osm", "confidence": "medium", "geometry_role": "existing_condition"}, "geometry": {"type": "Polygon", "coordinates": [[[116.34502630000001, 40.0066888], [116.34503440000002, 40.0065175], [116.344913, 40.00651469999998], [116.3449062, 40.00668619999999], [116.34502630000001, 40.0066888]]]}}, {"type": "Feature", "id": "BF-01053", "properties": {"id": "BF-01053", "layer": "BUILDING_FOOTPRINT", "building_type": "existing_retained", "area_sqm": 196.6, "source_id": "OSM-DERIVED-CORRIDOR-20260808", "source_type": "osm", "confidence": "medium", "geometry_role": "existing_condition"}, "geometry": {"type": "Polygon", "coordinates": [[[116.3454207, 40.0067053], [116.34542870000001, 40.006533999999995], [116.3453073, 40.00653119999999], [116.3453005, 40.00670279999999], [116.3454207, 40.0067053]]]}}, {"type": "Feature", "id": "BF-01054", "properties": {"id": "BF-01054", "layer": "BUILDING_FOOTPRINT", "building_type": "existing_retained", "area_sqm": 196.4, "source_id": "OSM-DERIVED-CORRIDOR-20260808", "source_type": "osm", "confidence": "medium", "geometry_role": "existing_condition"}, "geometry": {"type": "Polygon", "coordinates": [[[116.34560860000002, 40.0067124], [116.3456167, 40.0065411], [116.34549530000001, 40.0065383], [116.3454885, 40.0067098], [116.34560860000002, 40.0067124]]]}}, {"type": "Feature", "id": "BF-01055", "properties": {"id": "BF-01055", "layer": "BUILDING_FOOTPRINT", "building_type": "existing_retained", "area_sqm": 196.5, "source_id": "OSM-DERIVED-CORRIDOR-20260808", "source_type": "osm", "confidence": "medium", "geometry_role": "existing_condition"}, "geometry": {"type": "Polygon", "coordinates": [[[116.34522349999999, 40.0066982], [116.3452316, 40.00652689999999], [116.3451102, 40.00652409999999], [116.3451034, 40.006695699999995], [116.34522349999999, 40.0066982]]]}}, {"type": "Feature", "id": "BF-01056", "properties": {"id": "BF-01056", "layer": "BUILDING_FOOTPRINT", "building_type": "existing_retained", "area_sqm": 1876.2, "source_id": "OSM-DERIVED-CORRIDOR-20260808", "source_type": "osm", "confidence": "medium", "geometry_role": "existing_condition"}, "geometry": {"type": "Polygon", "coordinates": [[[116.3450859, 40.0099603], [116.3450812, 40.00975290000001], [116.34413790000002, 40.0097564], [116.34413790000002, 40.00996750000001], [116.3450859, 40.0099603]]]}}, {"type": "Feature", "id": "BF-01057", "properties": {"id": "BF-01057", "layer": "BUILDING_FOOTPRINT", "building_type": "existing_retained", "area_sqm": 747.2, "source_id": "OSM-DERIVED-CORRIDOR-20260808", "source_type": "osm", "confidence": "medium", "geometry_role": "existing_condition"}, "geometry": {"type": "Polygon", "coordinates": [[[116.3361621, 39.996277599999985], [116.3363942, 39.9962803], [116.33640090000002, 39.99594090000001], [116.33616879999998, 39.9959382], [116.3361621, 39.996277599999985]]]}}, {"type": "Feature", "id": "BF-01058", "properties": {"id": "BF-01058", "layer": "BUILDING_FOOTPRINT", "building_type": "existing_retained", "area_sqm": 857.1, "source_id": "OSM-DERIVED-CORRIDOR-20260808", "source_type": "osm", "confidence": "medium", "geometry_role": "existing_condition"}, "geometry": {"type": "Polygon", "coordinates": [[[116.3369915, 39.995368], [116.3372528, 39.99537660000001], [116.33724940000002, 39.99543740000001], [116.3374289, 39.995443300000005], [116.3374362, 39.9953113], [116.33749870000001, 39.99531339999999], [116.337504, 39.995218], [116.33700069999999, 39.995201699999996], [116.3369915, 39.995368]]]}}, {"type": "Feature", "id": "BF-01059", "properties": {"id": "BF-01059", "layer": "BUILDING_FOOTPRINT", "building_type": "existing_retained", "area_sqm": 360.7, "source_id": "OSM-DERIVED-CORRIDOR-20260808", "source_type": "osm", "confidence": "medium", "geometry_role": "existing_condition"}, "geometry": {"type": "Polygon", "coordinates": [[[116.3375725, 39.9953388], [116.33786980000002, 39.9953433], [116.3378731, 39.99521539999999], [116.3375758, 39.995210900000004], [116.3375725, 39.9953388]]]}}, {"type": "Feature", "id": "BF-01060", "properties": {"id": "BF-01060", "layer": "BUILDING_FOOTPRINT", "building_type": "existing_retained", "area_sqm": 730.6, "source_id": "OSM-DERIVED-CORRIDOR-20260808", "source_type": "osm", "confidence": "medium", "geometry_role": "existing_condition"}, "geometry": {"type": "Polygon", "coordinates": [[[116.3370396, 39.9956667], [116.3370024, 39.995665800000005], [116.33699520000002, 39.995829099999995], [116.3371013, 39.9958318], [116.33710239999999, 39.9958068], [116.3372685, 39.9958111], [116.33728330000001, 39.9954707], [116.33723110000001, 39.995469299999996], [116.33722849999998, 39.995528500000006], [116.33704590000002, 39.9955238], [116.3370396, 39.9956667]]]}}, {"type": "Feature", "id": "BF-01061", "properties": {"id": "BF-01061", "layer": "BUILDING_FOOTPRINT", "building_type": "existing_retained", "area_sqm": 3354.4, "source_id": "OSM-DERIVED-CORRIDOR-20260808", "source_type": "osm", "confidence": "medium", "geometry_role": "existing_condition"}, "geometry": {"type": "Polygon", "coordinates": [[[116.3375059, 39.9963227], [116.3374704, 39.996322299999996], [116.3374715, 39.99627649999999], [116.33689960000001, 39.9962689], [116.33689579999998, 39.9964348], [116.33748920000001, 39.996442699999996], [116.33748859999999, 39.9964676], [116.33786749999999, 39.99647259999999], [116.33788310000001, 39.9957761], [116.33751820000002, 39.99577129999999], [116.3375059, 39.9963227]]]}}, {"type": "Feature", "id": "BF-01062", "properties": {"id": "BF-01062", "layer": "BUILDING_FOOTPRINT", "building_type": "existing_retained", "area_sqm": 307.3, "source_id": "OSM-DERIVED-CORRIDOR-20260808", "source_type": "osm", "confidence": "medium", "geometry_role": "existing_condition"}, "geometry": {"type": "Polygon", "coordinates": [[[116.3373026, 39.995932300000014], [116.33730200000001, 39.99597529999999], [116.337332, 39.9959756], [116.337504, 39.99597689999999], [116.3375061, 39.99581649999998], [116.33730409999998, 39.99581489999999], [116.3373026, 39.995932300000014]]]}}, {"type": "Feature", "id": "BF-01063", "properties": {"id": "BF-01063", "layer": "BUILDING_FOOTPRINT", "building_type": "existing_retained", "area_sqm": 668.8, "source_id": "OSM-DERIVED-CORRIDOR-20260808", "source_type": "osm", "confidence": "medium", "geometry_role": "existing_condition"}, "geometry": {"type": "Polygon", "coordinates": [[[116.33444990000001, 39.9958394], [116.33525370000001, 39.9958532], [116.3352563, 39.9957656], [116.3344525, 39.995751599999984], [116.33444990000001, 39.9958394]]]}}, {"type": "Feature", "id": "BF-01064", "properties": {"id": "BF-01064", "layer": "BUILDING_FOOTPRINT", "building_type": "existing_retained", "area_sqm": 668.8, "source_id": "OSM-DERIVED-CORRIDOR-20260808", "source_type": "osm", "confidence": "medium", "geometry_role": "existing_condition"}, "geometry": {"type": "Polygon", "coordinates": [[[116.33444449999999, 39.9960664], [116.3352483, 39.9960802], [116.33525090000002, 39.9959926], [116.33444710000002, 39.995978599999994], [116.33444449999999, 39.9960664]]]}}, {"type": "Feature", "id": "BF-01065", "properties": {"id": "BF-01065", "layer": "BUILDING_FOOTPRINT", "building_type": "existing_retained", "area_sqm": 2355.7, "source_id": "OSM-DERIVED-CORRIDOR-20260808", "source_type": "osm", "confidence": "medium", "geometry_role": "existing_condition"}, "geometry": {"type": "Polygon", "coordinates": [[[116.3356733, 39.99548189999999], [116.3357516, 39.9955954], [116.3360284, 39.9956003], [116.33607239999999, 39.99565449999999], [116.3362215, 39.995655400000004], [116.33627730000002, 39.99560029999999], [116.3363953, 39.9956036], [116.33635350000002, 39.995656999999994], [116.3365466, 39.9956685], [116.33667210000002, 39.9955091], [116.3365659, 39.9953537], [116.33588460000001, 39.99534140000001], [116.33586099999998, 39.9953817], [116.33574729999998, 39.995377600000005], [116.3356733, 39.99548189999999]]]}}, {"type": "Feature", "id": "BF-01066", "properties": {"id": "BF-01066", "layer": "BUILDING_FOOTPRINT", "building_type": "existing_retained", "area_sqm": 747.8, "source_id": "OSM-DERIVED-CORRIDOR-20260808", "source_type": "osm", "confidence": "medium", "geometry_role": "existing_condition"}, "geometry": {"type": "Polygon", "coordinates": [[[116.33562389999999, 39.99534299999999], [116.33547590000002, 39.9953365], [116.3353591, 39.995358], [116.3353524, 39.995591899999994], [116.3354909, 39.995625], [116.3356003, 39.995625], [116.33564430000001, 39.9955781], [116.335654, 39.99538], [116.33562389999999, 39.99534299999999]]]}}, {"type": "Feature", "id": "BF-01067", "properties": {"id": "BF-01067", "layer": "BUILDING_FOOTPRINT", "building_type": "existing_retained", "area_sqm": 1108.9, "source_id": "OSM-DERIVED-CORRIDOR-20260808", "source_type": "osm", "confidence": "medium", "geometry_role": "existing_condition"}, "geometry": {"type": "Polygon", "coordinates": [[[116.33434880000001, 39.99534419999999], [116.3341224, 39.9953388], [116.33412, 39.99533869999999], [116.3341092, 39.9956002], [116.33495780000001, 39.995620900000006], [116.3349616, 39.9955289], [116.33434180000002, 39.9955139], [116.33434880000001, 39.99534419999999]]]}}, {"type": "Feature", "id": "BF-01068", "properties": {"id": "BF-01068", "layer": "BUILDING_FOOTPRINT", "building_type": "existing_retained", "area_sqm": 323.9, "source_id": "OSM-DERIVED-CORRIDOR-20260808", "source_type": "osm", "confidence": "medium", "geometry_role": "existing_condition"}, "geometry": {"type": "Polygon", "coordinates": [[[116.3342781, 39.9952534], [116.33457029999998, 39.9952593], [116.3345743, 39.9951425], [116.3342821, 39.995136599999995], [116.3342781, 39.9952534]]]}}, {"type": "Feature", "id": "BF-01069", "properties": {"id": "BF-01069", "layer": "BUILDING_FOOTPRINT", "building_type": "existing_retained", "area_sqm": 458.7, "source_id": "OSM-DERIVED-CORRIDOR-20260808", "source_type": "osm", "confidence": "medium", "geometry_role": "existing_condition"}, "geometry": {"type": "Polygon", "coordinates": [[[116.3345832, 39.9953362], [116.335027, 39.9953438], [116.33503010000001, 39.99523490000001], [116.33458639999999, 39.995227199999995], [116.3345832, 39.9953362]]]}}, {"type": "Feature", "id": "BF-01070", "properties": {"id": "BF-01070", "layer": "BUILDING_FOOTPRINT", "building_type": "existing_retained", "area_sqm": 230.2, "source_id": "OSM-DERIVED-CORRIDOR-20260808", "source_type": "osm", "confidence": "medium", "geometry_role": "existing_condition"}, "geometry": {"type": "Polygon", "coordinates": [[[116.33511620000002, 39.9952301], [116.33538420000001, 39.995232599999994], [116.3353856, 39.9951489], [116.3352077, 39.9951473], [116.3351182, 39.9951054], [116.33511620000002, 39.9952301]]]}}, {"type": "Feature", "id": "BF-01071", "properties": {"id": "BF-01071", "layer": "BUILDING_FOOTPRINT", "building_type": "existing_retained", "area_sqm": 654.0, "source_id": "OSM-DERIVED-CORRIDOR-20260808", "source_type": "osm", "confidence": "medium", "geometry_role": "existing_condition"}, "geometry": {"type": "Polygon", "coordinates": [[[116.3354432, 39.99522189999999], [116.33613940000001, 39.99524029999999], [116.33614380000002, 39.9951414], [116.3354476, 39.995122900000005], [116.3354432, 39.99522189999999]]]}}, {"type": "Feature", "id": "BF-01072", "properties": {"id": "BF-01072", "layer": "BUILDING_FOOTPRINT", "building_type": "existing_retained", "area_sqm": 653.4, "source_id": "OSM-DERIVED-CORRIDOR-20260808", "source_type": "osm", "confidence": "medium", "geometry_role": "existing_condition"}, "geometry": {"type": "Polygon", "coordinates": [[[116.336159, 39.9951913], [116.33685519999999, 39.99520969999999], [116.33685969999999, 39.99511089999999], [116.3361635, 39.99509239999999], [116.336159, 39.9951913]]]}}, {"type": "Feature", "id": "BF-01073", "properties": {"id": "BF-01073", "layer": "BUILDING_FOOTPRINT", "building_type": "existing_retained", "area_sqm": 245.7, "source_id": "OSM-DERIVED-CORRIDOR-20260808", "source_type": "osm", "confidence": "medium", "geometry_role": "existing_condition"}, "geometry": {"type": "Polygon", "coordinates": [[[116.3341801, 39.9947704], [116.3342604, 39.9947732], [116.33427979999999, 39.99445139999999], [116.33419939999999, 39.9944486], [116.3341801, 39.9947704]]]}}, {"type": "Feature", "id": "BF-01074", "properties": {"id": "BF-01074", "layer": "BUILDING_FOOTPRINT", "building_type": "existing_retained", "area_sqm": 132.2, "source_id": "OSM-DERIVED-CORRIDOR-20260808", "source_type": "osm", "confidence": "medium", "geometry_role": "existing_condition"}, "geometry": {"type": "Polygon", "coordinates": [[[116.334165, 39.9950282], [116.3342397, 39.99503030000001], [116.3342487, 39.9948439], [116.334174, 39.9948418], [116.334165, 39.9950282]]]}}, {"type": "Feature", "id": "BF-01075", "properties": {"id": "BF-01075", "layer": "BUILDING_FOOTPRINT", "building_type": "existing_retained", "area_sqm": 406.3, "source_id": "OSM-DERIVED-CORRIDOR-20260808", "source_type": "osm", "confidence": "medium", "geometry_role": "existing_condition"}, "geometry": {"type": "Polygon", "coordinates": [[[116.33419360000002, 39.99604510000001], [116.33417980000002, 39.9963983], [116.334301, 39.99640109999999], [116.3343148, 39.9960479], [116.33419360000002, 39.99604510000001]]]}}, {"type": "Feature", "id": "BF-01076", "properties": {"id": "BF-01076", "layer": "BUILDING_FOOTPRINT", "building_type": "existing_retained", "area_sqm": 669.2, "source_id": "OSM-DERIVED-CORRIDOR-20260808", "source_type": "osm", "confidence": "medium", "geometry_role": "existing_condition"}, "geometry": {"type": "Polygon", "coordinates": [[[116.33441420000001, 39.996368699999984], [116.33521800000001, 39.996382499999996], [116.33522060000001, 39.99629480000001], [116.3344168, 39.996280899999995], [116.33441420000001, 39.996368699999984]]]}}, {"type": "Feature", "id": "BF-01077", "properties": {"id": "BF-01077", "layer": "BUILDING_FOOTPRINT", "building_type": "existing_retained", "area_sqm": 555.5, "source_id": "OSM-DERIVED-CORRIDOR-20260808", "source_type": "osm", "confidence": "medium", "geometry_role": "existing_condition"}, "geometry": {"type": "Polygon", "coordinates": [[[116.3380255, 39.996104], [116.3382292, 39.99610690000001], [116.3382361, 39.99581929999999], [116.33803250000001, 39.99581649999999], [116.3380255, 39.996104]]]}}, {"type": "Feature", "id": "BF-01078", "properties": {"id": "BF-01078", "layer": "BUILDING_FOOTPRINT", "building_type": "existing_retained", "area_sqm": 262.1, "source_id": "OSM-DERIVED-CORRIDOR-20260808", "source_type": "osm", "confidence": "medium", "geometry_role": "existing_condition"}, "geometry": {"type": "Polygon", "coordinates": [[[116.3343297, 39.994592999999995], [116.334585, 39.9946012], [116.33459090000001, 39.99449310000001], [116.33433559999999, 39.99448499999998], [116.3343297, 39.994592999999995]]]}}, {"type": "Feature", "id": "BF-01079", "properties": {"id": "BF-01079", "layer": "BUILDING_FOOTPRINT", "building_type": "existing_retained", "area_sqm": 262.3, "source_id": "OSM-DERIVED-CORRIDOR-20260808", "source_type": "osm", "confidence": "medium", "geometry_role": "existing_condition"}, "geometry": {"type": "Polygon", "coordinates": [[[116.33430680000001, 39.9948226], [116.33456219999998, 39.9948308], [116.33456810000001, 39.99472269999999], [116.3343127, 39.9947145], [116.33430680000001, 39.9948226]]]}}, {"type": "Feature", "id": "BF-01080", "properties": {"id": "BF-01080", "layer": "BUILDING_FOOTPRINT", "building_type": "existing_retained", "area_sqm": 262.1, "source_id": "OSM-DERIVED-CORRIDOR-20260808", "source_type": "osm", "confidence": "medium", "geometry_role": "existing_condition"}, "geometry": {"type": "Polygon", "coordinates": [[[116.33522520000001, 39.994842299999995], [116.33548049999999, 39.9948505], [116.33548649999999, 39.99474239999999], [116.33523110000002, 39.994734300000005], [116.33522520000001, 39.994842299999995]]]}}, {"type": "Feature", "id": "BF-01081", "properties": {"id": "BF-01081", "layer": "BUILDING_FOOTPRINT", "building_type": "existing_retained", "area_sqm": 262.2, "source_id": "OSM-DERIVED-CORRIDOR-20260808", "source_type": "osm", "confidence": "medium", "geometry_role": "existing_condition"}, "geometry": {"type": "Polygon", "coordinates": [[[116.3352327, 39.99461380000001], [116.3354881, 39.99462200000001], [116.33549400000001, 39.99451390000001], [116.3352386, 39.994505799999985], [116.3352327, 39.99461380000001]]]}}, {"type": "Feature", "id": "BF-01082", "properties": {"id": "BF-01082", "layer": "BUILDING_FOOTPRINT", "building_type": "existing_retained", "area_sqm": 550.5, "source_id": "OSM-DERIVED-CORRIDOR-20260808", "source_type": "osm", "confidence": "medium", "geometry_role": "existing_condition"}, "geometry": {"type": "Polygon", "coordinates": [[[116.33460079999999, 39.99490490000001], [116.3345971, 39.9950018], [116.335196, 39.995015099999996], [116.3351997, 39.9949183], [116.33460079999999, 39.99490490000001]]]}}, {"type": "Feature", "id": "BF-01083", "properties": {"id": "BF-01083", "layer": "BUILDING_FOOTPRINT", "building_type": "existing_retained", "area_sqm": 1091.8, "source_id": "OSM-DERIVED-CORRIDOR-20260808", "source_type": "osm", "confidence": "medium", "geometry_role": "existing_condition"}, "geometry": {"type": "Polygon", "coordinates": [[[116.3353426, 39.99576590000001], [116.3353312, 39.996066500000005], [116.33577800000002, 39.9960764], [116.33578040000002, 39.99601310000001], [116.33552940000001, 39.996007500000005], [116.3355314, 39.9959539], [116.33567970000001, 39.99595719999999], [116.33568080000002, 39.995926299999994], [116.33574449999999, 39.995927699999996], [116.33574710000002, 39.9958589], [116.335787, 39.99585979999999], [116.3357902, 39.9957759], [116.3353426, 39.99576590000001]]]}}, {"type": "Feature", "id": "BF-01084", "properties": {"id": "BF-01084", "layer": "BUILDING_FOOTPRINT", "building_type": "existing_retained", "area_sqm": 379.6, "source_id": "OSM-DERIVED-CORRIDOR-20260808", "source_type": "osm", "confidence": "medium", "geometry_role": "existing_condition"}, "geometry": {"type": "Polygon", "coordinates": [[[116.33529950000002, 39.9961445], [116.3352965, 39.99622949999999], [116.33576739999998, 39.99623919999999], [116.3357704, 39.99615430000001], [116.33529950000002, 39.9961445]]]}}, {"type": "Feature", "id": "BF-01085", "properties": {"id": "BF-01085", "layer": "BUILDING_FOOTPRINT", "building_type": "existing_retained", "area_sqm": 379.8, "source_id": "OSM-DERIVED-CORRIDOR-20260808", "source_type": "osm", "confidence": "medium", "geometry_role": "existing_condition"}, "geometry": {"type": "Polygon", "coordinates": [[[116.3352874, 39.9963093], [116.3352844, 39.9963943], [116.33575529999999, 39.99640409999999], [116.33575830000001, 39.9963191], [116.3352874, 39.9963093]]]}}, {"type": "Feature", "id": "BF-01086", "properties": {"id": "BF-01086", "layer": "BUILDING_FOOTPRINT", "building_type": "existing_retained", "area_sqm": 337.4, "source_id": "OSM-DERIVED-CORRIDOR-20260808", "source_type": "osm", "confidence": "medium", "geometry_role": "existing_condition"}, "geometry": {"type": "Polygon", "coordinates": [[[116.334229, 39.9957458], [116.33422480000002, 39.99603799999999], [116.33434660000002, 39.996039], [116.3343507, 39.99574679999999], [116.334229, 39.9957458]]]}}, {"type": "Feature", "id": "BF-01087", "properties": {"id": "BF-01087", "layer": "BUILDING_FOOTPRINT", "building_type": "existing_retained", "area_sqm": 475.2, "source_id": "OSM-DERIVED-CORRIDOR-20260808", "source_type": "osm", "confidence": "medium", "geometry_role": "existing_condition"}, "geometry": {"type": "Polygon", "coordinates": [[[116.3341022, 39.996514499999996], [116.3341053, 39.99619549999999], [116.3341601, 39.9961651], [116.33416300000002, 39.99588279999998], [116.33408470000002, 39.9958823], [116.33408270000001, 39.9960788], [116.3340394, 39.9960785], [116.3340351, 39.996514099999985], [116.3341022, 39.996514499999996]]]}}, {"type": "Feature", "id": "BF-01088", "properties": {"id": "BF-01088", "layer": "BUILDING_FOOTPRINT", "building_type": "existing_retained", "area_sqm": 475.2, "source_id": "OSM-DERIVED-CORRIDOR-20260808", "source_type": "osm", "confidence": "medium", "geometry_role": "existing_condition"}, "geometry": {"type": "Polygon", "coordinates": [[[116.33401040000001, 39.9968402], [116.33463, 39.99684669999999], [116.33463080000001, 39.99679710000001], [116.33411110000002, 39.9967916], [116.3341146, 39.996597599999994], [116.33401480000002, 39.9965966], [116.33401040000001, 39.9968402]]]}}, {"type": "Feature", "id": "BF-01089", "properties": {"id": "BF-01089", "layer": "BUILDING_FOOTPRINT", "building_type": "existing_retained", "area_sqm": 744.1, "source_id": "OSM-DERIVED-CORRIDOR-20260808", "source_type": "osm", "confidence": "medium", "geometry_role": "existing_condition"}, "geometry": {"type": "Polygon", "coordinates": [[[116.3341306, 39.99677929999999], [116.33458090000002, 39.996786300000004], [116.3345862, 39.9965873], [116.33412970000002, 39.99658019999999], [116.334128, 39.99664399999999], [116.3343673, 39.996647700000004], [116.33436590000001, 39.9966974], [116.3341329, 39.996693699999994], [116.3341306, 39.99677929999999]]]}}, {"type": "Feature", "id": "BF-01090", "properties": {"id": "BF-01090", "layer": "BUILDING_FOOTPRINT", "building_type": "existing_retained", "area_sqm": 976.7, "source_id": "OSM-DERIVED-CORRIDOR-20260808", "source_type": "osm", "confidence": "medium", "geometry_role": "existing_condition"}, "geometry": {"type": "Polygon", "coordinates": [[[116.3347495, 39.996751399999994], [116.3351254, 39.99675959999998], [116.3351357, 39.9964859], [116.3347596, 39.9964777], [116.3347495, 39.996751399999994]]]}}, {"type": "Feature", "id": "BF-01091", "properties": {"id": "BF-01091", "layer": "BUILDING_FOOTPRINT", "building_type": "existing_retained", "area_sqm": 123.4, "source_id": "OSM-DERIVED-CORRIDOR-20260808", "source_type": "osm", "confidence": "medium", "geometry_role": "existing_condition"}, "geometry": {"type": "Polygon", "coordinates": [[[116.3342004, 39.997049], [116.33429099999998, 39.9970506], [116.3342952, 39.996907], [116.33420470000002, 39.996905399999996], [116.3342004, 39.997049]]]}}, {"type": "Feature", "id": "BF-01092", "properties": {"id": "BF-01092", "layer": "BUILDING_FOOTPRINT", "building_type": "existing_retained", "area_sqm": 274.6, "source_id": "OSM-DERIVED-CORRIDOR-20260808", "source_type": "osm", "confidence": "medium", "geometry_role": "existing_condition"}, "geometry": {"type": "Polygon", "coordinates": [[[116.3341491, 39.9950787], [116.33414029999999, 39.995325199999996], [116.3342577, 39.9953276], [116.3342665, 39.995081199999994], [116.3341491, 39.9950787]]]}}, {"type": "Feature", "id": "BF-01093", "properties": {"id": "BF-01093", "layer": "BUILDING_FOOTPRINT", "building_type": "existing_retained", "area_sqm": 684.6, "source_id": "OSM-DERIVED-CORRIDOR-20260808", "source_type": "osm", "confidence": "medium", "geometry_role": "existing_condition"}, "geometry": {"type": "Polygon", "coordinates": [[[116.33341240000001, 39.9965895], [116.3335572, 39.996590600000005], [116.3335638, 39.9960919], [116.3334191, 39.9960908], [116.33341240000001, 39.9965895]]]}}, {"type": "Feature", "id": "BF-01094", "properties": {"id": "BF-01094", "layer": "BUILDING_FOOTPRINT", "building_type": "existing_retained", "area_sqm": 344.9, "source_id": "OSM-DERIVED-CORRIDOR-20260808", "source_type": "osm", "confidence": "medium", "geometry_role": "existing_condition"}, "geometry": {"type": "Polygon", "coordinates": [[[116.33695129999998, 39.9960096], [116.33723430000002, 39.99601369999999], [116.3372327, 39.9960798], [116.3373294, 39.9960812], [116.337332, 39.9959756], [116.33730200000001, 39.99597529999999], [116.3373026, 39.995932300000014], [116.33695329999999, 39.99592729999999], [116.33695129999998, 39.9960096]]]}}, {"type": "Feature", "id": "BF-01095", "properties": {"id": "BF-01095", "layer": "BUILDING_FOOTPRINT", "building_type": "existing_retained", "area_sqm": 600.7, "source_id": "OSM-DERIVED-CORRIDOR-20260808", "source_type": "osm", "confidence": "medium", "geometry_role": "existing_condition"}, "geometry": {"type": "Polygon", "coordinates": [[[116.3334303, 39.995943499999996], [116.3335839, 39.9959443], [116.33358769999998, 39.9955319], [116.3334341, 39.9955311], [116.3334303, 39.995943499999996]]]}}, {"type": "Feature", "id": "BF-01096", "properties": {"id": "BF-01096", "layer": "BUILDING_FOOTPRINT", "building_type": "existing_retained", "area_sqm": 425.0, "source_id": "OSM-DERIVED-CORRIDOR-20260808", "source_type": "osm", "confidence": "medium", "geometry_role": "existing_condition"}, "geometry": {"type": "Polygon", "coordinates": [[[116.33325019999998, 39.99540689999999], [116.3334797, 39.99540999999999], [116.3334789, 39.99544379999999], [116.33363, 39.995445800000006], [116.3336332, 39.99530769999999], [116.3336096, 39.9953074], [116.33332689999999, 39.9953036], [116.33325259999998, 39.9953025], [116.33325019999998, 39.99540689999999]]]}}, {"type": "Feature", "id": "BF-01097", "properties": {"id": "BF-01097", "layer": "BUILDING_FOOTPRINT", "building_type": "existing_retained", "area_sqm": 250.2, "source_id": "OSM-DERIVED-CORRIDOR-20260808", "source_type": "osm", "confidence": "medium", "geometry_role": "existing_condition"}, "geometry": {"type": "Polygon", "coordinates": [[[116.3331971, 39.9955682], [116.33319340000001, 39.9957213], [116.3333657, 39.99572369999999], [116.3333693, 39.99557060000001], [116.3331971, 39.9955682]]]}}, {"type": "Feature", "id": "BF-01098", "properties": {"id": "BF-01098", "layer": "BUILDING_FOOTPRINT", "building_type": "existing_retained", "area_sqm": 784.3, "source_id": "OSM-DERIVED-CORRIDOR-20260808", "source_type": "osm", "confidence": "medium", "geometry_role": "existing_condition"}, "geometry": {"type": "Polygon", "coordinates": [[[116.3326703, 39.996163499999994], [116.33326660000002, 39.9961781], [116.3332724, 39.9960396], [116.33267610000001, 39.9960249], [116.3326703, 39.996163499999994]]]}}, {"type": "Feature", "id": "BF-01099", "properties": {"id": "BF-01099", "layer": "BUILDING_FOOTPRINT", "building_type": "existing_retained", "area_sqm": 378.9, "source_id": "OSM-DERIVED-CORRIDOR-20260808", "source_type": "osm", "confidence": "medium", "geometry_role": "existing_condition"}, "geometry": {"type": "Polygon", "coordinates": [[[116.33332779999999, 39.9951636], [116.33332689999999, 39.9953036], [116.3336096, 39.9953074], [116.3336106, 39.9951648], [116.33332779999999, 39.9951636]]]}}, {"type": "Feature", "id": "BF-01100", "properties": {"id": "BF-01100", "layer": "BUILDING_FOOTPRINT", "building_type": "existing_retained", "area_sqm": 784.5, "source_id": "OSM-DERIVED-CORRIDOR-20260808", "source_type": "osm", "confidence": "medium", "geometry_role": "existing_condition"}, "geometry": {"type": "Polygon", "coordinates": [[[116.3326565, 39.9965523], [116.33325280000001, 39.9965669], [116.33325859999998, 39.9964283], [116.3326623, 39.996413700000005], [116.3326565, 39.9965523]]]}}, {"type": "Feature", "id": "BF-01101", "properties": {"id": "BF-01101", "layer": "BUILDING_FOOTPRINT", "building_type": "existing_retained", "area_sqm": 1251.6, "source_id": "OSM-DERIVED-CORRIDOR-20260808", "source_type": "osm", "confidence": "medium", "geometry_role": "existing_condition"}, "geometry": {"type": "Polygon", "coordinates": [[[116.33187570000001, 39.994999699999994], [116.3320732, 39.995001900000005], [116.3320796, 39.99498729999999], [116.3323022, 39.9949897], [116.33230800000001, 39.99468709999999], [116.3318818, 39.994682299999994], [116.33187570000001, 39.994999699999994]]]}}, {"type": "Feature", "id": "BF-01102", "properties": {"id": "BF-01102", "layer": "BUILDING_FOOTPRINT", "building_type": "existing_retained", "area_sqm": 161.4, "source_id": "OSM-DERIVED-CORRIDOR-20260808", "source_type": "osm", "confidence": "medium", "geometry_role": "existing_condition"}, "geometry": {"type": "Polygon", "coordinates": [[[116.3318335, 39.994672], [116.33190519999998, 39.99467330000001], [116.33191260000001, 39.9944362], [116.3318408, 39.99443490000001], [116.3318335, 39.994672]]]}}, {"type": "Feature", "id": "BF-01103", "properties": {"id": "BF-01103", "layer": "BUILDING_FOOTPRINT", "building_type": "existing_retained", "area_sqm": 291.1, "source_id": "OSM-DERIVED-CORRIDOR-20260808", "source_type": "osm", "confidence": "medium", "geometry_role": "existing_condition"}, "geometry": {"type": "Polygon", "coordinates": [[[116.33191950000001, 39.9946728], [116.3320514, 39.9946742], [116.3320559, 39.9944416], [116.33192400000001, 39.99444009999999], [116.33191950000001, 39.9946728]]]}}, {"type": "Feature", "id": "BF-01104", "properties": {"id": "BF-01104", "layer": "BUILDING_FOOTPRINT", "building_type": "existing_retained", "area_sqm": 161.0, "source_id": "OSM-DERIVED-CORRIDOR-20260808", "source_type": "osm", "confidence": "medium", "geometry_role": "existing_condition"}, "geometry": {"type": "Polygon", "coordinates": [[[116.33206709999999, 39.9945029], [116.33230890000002, 39.99450409999999], [116.3323095, 39.9944339], [116.3320676, 39.9944327], [116.33206709999999, 39.9945029]]]}}, {"type": "Feature", "id": "BF-01105", "properties": {"id": "BF-01105", "layer": "BUILDING_FOOTPRINT", "building_type": "existing_retained", "area_sqm": 940.4, "source_id": "OSM-DERIVED-CORRIDOR-20260808", "source_type": "osm", "confidence": "medium", "geometry_role": "existing_condition"}, "geometry": {"type": "Polygon", "coordinates": [[[116.33205669999998, 39.994425], [116.33206200000001, 39.99428319999999], [116.33231259999998, 39.994288800000014], [116.33231520000001, 39.9942195], [116.3320547, 39.994213699999996], [116.3320633, 39.9939869], [116.33188140000001, 39.99398289999999], [116.33186490000001, 39.994420700000006], [116.33205669999998, 39.994425]]]}}, {"type": "Feature", "id": "BF-01106", "properties": {"id": "BF-01106", "layer": "BUILDING_FOOTPRINT", "building_type": "existing_retained", "area_sqm": 332.5, "source_id": "OSM-DERIVED-CORRIDOR-20260808", "source_type": "osm", "confidence": "medium", "geometry_role": "existing_condition"}, "geometry": {"type": "Polygon", "coordinates": [[[116.3320871, 39.99420020000001], [116.3323247, 39.99420439999999], [116.33232909999998, 39.994056900000004], [116.3320915, 39.99405269999999], [116.3320871, 39.99420020000001]]]}}, {"type": "Feature", "id": "BF-01107", "properties": {"id": "BF-01107", "layer": "BUILDING_FOOTPRINT", "building_type": "existing_retained", "area_sqm": 790.7, "source_id": "OSM-DERIVED-CORRIDOR-20260808", "source_type": "osm", "confidence": "medium", "geometry_role": "existing_condition"}, "geometry": {"type": "Polygon", "coordinates": [[[116.33244360000002, 39.99421869999999], [116.3324257, 39.99421879999999], [116.3324255, 39.9942058], [116.33234910000002, 39.9942064], [116.332351, 39.99435989999999], [116.33243250000001, 39.99438289999999], [116.3324336, 39.9944249], [116.3327093, 39.9944277], [116.3327093, 39.99438779999999], [116.33268790000001, 39.9943837], [116.33269110000002, 39.9941848], [116.33262990000001, 39.9941503], [116.33244279999998, 39.994151599999995], [116.33244360000002, 39.99421869999999]]]}}, {"type": "Feature", "id": "BF-01108", "properties": {"id": "BF-01108", "layer": "BUILDING_FOOTPRINT", "building_type": "existing_retained", "area_sqm": 506.4, "source_id": "OSM-DERIVED-CORRIDOR-20260808", "source_type": "osm", "confidence": "medium", "geometry_role": "existing_condition"}, "geometry": {"type": "Polygon", "coordinates": [[[116.3321002, 39.9939953], [116.33228409999998, 39.9939991], [116.3322866, 39.9939279], [116.3322067, 39.99392629999999], [116.3322148, 39.993694999999995], [116.33233620000001, 39.99369740000001], [116.33233869999998, 39.9936255], [116.3321134, 39.993620799999995], [116.3321002, 39.9939953]]]}}, {"type": "Feature", "id": "BF-01109", "properties": {"id": "BF-01109", "layer": "BUILDING_FOOTPRINT", "building_type": "existing_retained", "area_sqm": 253.5, "source_id": "OSM-DERIVED-CORRIDOR-20260808", "source_type": "osm", "confidence": "medium", "geometry_role": "existing_condition"}, "geometry": {"type": "Polygon", "coordinates": [[[116.3318818, 39.993982700000004], [116.3320726, 39.9939866], [116.33207450000002, 39.9939347], [116.3319566, 39.9939322], [116.33196480000001, 39.99370209999999], [116.3318918, 39.9937006], [116.3318818, 39.993982700000004]]]}}, {"type": "Feature", "id": "BF-01110", "properties": {"id": "BF-01110", "layer": "BUILDING_FOOTPRINT", "building_type": "existing_retained", "area_sqm": 789.9, "source_id": "OSM-DERIVED-CORRIDOR-20260808", "source_type": "osm", "confidence": "medium", "geometry_role": "existing_condition"}, "geometry": {"type": "Polygon", "coordinates": [[[116.3373629, 39.993902000000006], [116.3380143, 39.99393930000001], [116.33802680000001, 39.99381219999999], [116.3373753, 39.993774800000004], [116.3373629, 39.993902000000006]]]}}, {"type": "Feature", "id": "BF-01111", "properties": {"id": "BF-01111", "layer": "BUILDING_FOOTPRINT", "building_type": "existing_retained", "area_sqm": 790.0, "source_id": "OSM-DERIVED-CORRIDOR-20260808", "source_type": "osm", "confidence": "medium", "geometry_role": "existing_condition"}, "geometry": {"type": "Polygon", "coordinates": [[[116.3373957, 39.9935997], [116.33804719999999, 39.99363700000001], [116.33805959999998, 39.99350989999999], [116.33740810000002, 39.9934725], [116.3373957, 39.9935997]]]}}, {"type": "Feature", "id": "BF-01112", "properties": {"id": "BF-01112", "layer": "BUILDING_FOOTPRINT", "building_type": "existing_retained", "area_sqm": 721.4, "source_id": "OSM-DERIVED-CORRIDOR-20260808", "source_type": "osm", "confidence": "medium", "geometry_role": "existing_condition"}, "geometry": {"type": "Polygon", "coordinates": [[[116.33811619999999, 39.9942172], [116.3385964, 39.9942285], [116.3386009, 39.99411659999999], [116.33821610000001, 39.9941075], [116.33822540000001, 39.993874199999986], [116.3381301, 39.9938719], [116.33811619999999, 39.9942172]]]}}, {"type": "Feature", "id": "BF-01113", "properties": {"id": "BF-01113", "layer": "BUILDING_FOOTPRINT", "building_type": "existing_retained", "area_sqm": 542.7, "source_id": "OSM-DERIVED-CORRIDOR-20260808", "source_type": "osm", "confidence": "medium", "geometry_role": "existing_condition"}, "geometry": {"type": "Polygon", "coordinates": [[[116.3353877, 39.9926595], [116.33551880000002, 39.99266159999999], [116.3355157, 39.992777200000006], [116.3356378, 39.99277920000001], [116.33564079999998, 39.9926668], [116.33578740000002, 39.9926691], [116.3357903, 39.99255920000001], [116.33539049999999, 39.992552999999994], [116.3353877, 39.9926595]]]}}, {"type": "Feature", "id": "BF-01114", "properties": {"id": "BF-01114", "layer": "BUILDING_FOOTPRINT", "building_type": "existing_retained", "area_sqm": 699.7, "source_id": "OSM-DERIVED-CORRIDOR-20260808", "source_type": "osm", "confidence": "medium", "geometry_role": "existing_condition"}, "geometry": {"type": "Polygon", "coordinates": [[[116.3344996, 39.992474200000004], [116.3346358, 39.992476], [116.33463659999998, 39.99244060000001], [116.3348018, 39.99244279999999], [116.3348007, 39.9924907], [116.33524310000001, 39.99249640000001], [116.3352427, 39.9925183], [116.3353383, 39.992519400000006], [116.33534010000001, 39.99243450000001], [116.33492180000002, 39.9924295], [116.33492309999998, 39.9923652], [116.33466020000002, 39.99236210000001], [116.3346253, 39.99235049999999], [116.3345025, 39.9923488], [116.3344996, 39.992474200000004]]]}}, {"type": "Feature", "id": "BF-01115", "properties": {"id": "BF-01115", "layer": "BUILDING_FOOTPRINT", "building_type": "existing_retained", "area_sqm": 1048.3, "source_id": "OSM-DERIVED-CORRIDOR-20260808", "source_type": "osm", "confidence": "medium", "geometry_role": "existing_condition"}, "geometry": {"type": "Polygon", "coordinates": [[[116.334481, 39.992855799999994], [116.33527860000001, 39.99286669999999], [116.33528189999998, 39.99272819999999], [116.3344843, 39.99271720000001], [116.334481, 39.992855799999994]]]}}, {"type": "Feature", "id": "BF-01116", "properties": {"id": "BF-01116", "layer": "BUILDING_FOOTPRINT", "building_type": "existing_retained", "area_sqm": 257.4, "source_id": "OSM-DERIVED-CORRIDOR-20260808", "source_type": "osm", "confidence": "medium", "geometry_role": "existing_condition"}, "geometry": {"type": "Polygon", "coordinates": [[[116.3342691, 39.9930496], [116.3344204, 39.99305180000001], [116.33442319999999, 39.9929389], [116.33445310000002, 39.9929394], [116.3344545, 39.99288390000001], [116.33427320000001, 39.99288129999999], [116.3342691, 39.9930496]]]}}, {"type": "Feature", "id": "BF-01117", "properties": {"id": "BF-01117", "layer": "BUILDING_FOOTPRINT", "building_type": "existing_retained", "area_sqm": 356.8, "source_id": "OSM-DERIVED-CORRIDOR-20260808", "source_type": "osm", "confidence": "medium", "geometry_role": "existing_condition"}, "geometry": {"type": "Polygon", "coordinates": [[[116.33427830000001, 39.9924658], [116.334475, 39.9924699], [116.3344809, 39.9923036], [116.3344503, 39.9922759], [116.33428520000001, 39.992272499999984], [116.33427830000001, 39.9924658]]]}}, {"type": "Feature", "id": "BF-01118", "properties": {"id": "BF-01118", "layer": "BUILDING_FOOTPRINT", "building_type": "existing_retained", "area_sqm": 600.9, "source_id": "OSM-DERIVED-CORRIDOR-20260808", "source_type": "osm", "confidence": "medium", "geometry_role": "existing_condition"}, "geometry": {"type": "Polygon", "coordinates": [[[116.33451769999999, 39.992095799999994], [116.3345152, 39.992206200000005], [116.33468039999998, 39.9922101], [116.3346823, 39.9921222], [116.3347614, 39.9920581], [116.33499170000002, 39.99206549999999], [116.3349943, 39.9919433], [116.33478380000001, 39.9919394], [116.33451769999999, 39.992095799999994]]]}}, {"type": "Feature", "id": "BF-01119", "properties": {"id": "BF-01119", "layer": "BUILDING_FOOTPRINT", "building_type": "existing_retained", "area_sqm": 792.1, "source_id": "OSM-DERIVED-CORRIDOR-20260808", "source_type": "osm", "confidence": "medium", "geometry_role": "existing_condition"}, "geometry": {"type": "Polygon", "coordinates": [[[116.3346492, 39.9970281], [116.3350611, 39.997030599999995], [116.33506070000001, 39.99706859999999], [116.33537940000001, 39.99707060000001], [116.3353807, 39.996953100000006], [116.3350735, 39.99695119999999], [116.3350738, 39.9969197], [116.3346504, 39.996917100000005], [116.3346492, 39.9970281]]]}}, {"type": "Feature", "id": "BF-01120", "properties": {"id": "BF-01120", "layer": "BUILDING_FOOTPRINT", "building_type": "existing_retained", "area_sqm": 909.1, "source_id": "OSM-DERIVED-CORRIDOR-20260808", "source_type": "osm", "confidence": "medium", "geometry_role": "existing_condition"}, "geometry": {"type": "Polygon", "coordinates": [[[116.3350438, 39.99725269999999], [116.334535, 39.9972509], [116.3345352, 39.997213099999996], [116.33421280000002, 39.9972119], [116.33421200000001, 39.997330600000005], [116.33452060000002, 39.99733169999999], [116.33452039999999, 39.99736319999999], [116.3350432, 39.997365], [116.3350438, 39.99725269999999]]]}}, {"type": "Feature", "id": "BF-01121", "properties": {"id": "BF-01121", "layer": "BUILDING_FOOTPRINT", "building_type": "existing_retained", "area_sqm": 841.1, "source_id": "OSM-DERIVED-CORRIDOR-20260808", "source_type": "osm", "confidence": "medium", "geometry_role": "existing_condition"}, "geometry": {"type": "Polygon", "coordinates": [[[116.33499290000002, 39.99762179999999], [116.334449, 39.997620999999995], [116.3344492, 39.997581999999994], [116.33419280000001, 39.997581600000004], [116.33419240000002, 39.9977003], [116.33442580000002, 39.99770070000001], [116.33442580000002, 39.99772699999999], [116.33499259999999, 39.9977278], [116.33499290000002, 39.99762179999999]]]}}, {"type": "Feature", "id": "BF-01122", "properties": {"id": "BF-01122", "layer": "BUILDING_FOOTPRINT", "building_type": "existing_retained", "area_sqm": 1130.4, "source_id": "OSM-DERIVED-CORRIDOR-20260808", "source_type": "osm", "confidence": "medium", "geometry_role": "existing_condition"}, "geometry": {"type": "Polygon", "coordinates": [[[116.3355493, 39.997073], [116.335634, 39.997073699999994], [116.33563380000001, 39.997089100000004], [116.335715, 39.9970898], [116.3357147, 39.9971102], [116.33580630000002, 39.99711099999999], [116.3358059, 39.997134200000005], [116.3363196, 39.997138699999994], [116.3363219, 39.996981000000005], [116.33584089999998, 39.9969769], [116.33584110000001, 39.9969607], [116.3357582, 39.996959999999994], [116.3357584, 39.9969475], [116.3356555, 39.9969466], [116.3356556, 39.996937], [116.3355511, 39.9969361], [116.3355493, 39.997073]]]}}, {"type": "Feature", "id": "BF-01123", "properties": {"id": "BF-01123", "layer": "BUILDING_FOOTPRINT", "building_type": "existing_retained", "area_sqm": 1385.2, "source_id": "OSM-DERIVED-CORRIDOR-20260808", "source_type": "osm", "confidence": "medium", "geometry_role": "existing_condition"}, "geometry": {"type": "Polygon", "coordinates": [[[116.33554220000002, 39.997423], [116.3356267, 39.9974239], [116.3356264, 39.99743939999998], [116.33570730000001, 39.997440299999994], [116.33570700000001, 39.997460700000005], [116.33579820000001, 39.99746169999999], [116.3357978, 39.997485], [116.3364806, 39.99749239999999], [116.33648349999999, 39.9973344], [116.3358331, 39.99732740000001], [116.3358334, 39.9973111], [116.33575080000001, 39.9973103], [116.335751, 39.99729769999999], [116.3356484, 39.9972966], [116.3356486, 39.99728689999999], [116.33554460000002, 39.9972858], [116.33554220000002, 39.997423]]]}}, {"type": "Feature", "id": "BF-01124", "properties": {"id": "BF-01124", "layer": "BUILDING_FOOTPRINT", "building_type": "existing_retained", "area_sqm": 275.5, "source_id": "OSM-DERIVED-CORRIDOR-20260808", "source_type": "osm", "confidence": "medium", "geometry_role": "existing_condition"}, "geometry": {"type": "Polygon", "coordinates": [[[116.33533139999999, 39.99682979999999], [116.335491, 39.99682880000001], [116.33548910000002, 39.9966468], [116.33532950000001, 39.99664780000001], [116.33533139999999, 39.99682979999999]]]}}, {"type": "Feature", "id": "BF-01125", "properties": {"id": "BF-01125", "layer": "BUILDING_FOOTPRINT", "building_type": "existing_retained", "area_sqm": 1561.5, "source_id": "OSM-DERIVED-CORRIDOR-20260808", "source_type": "osm", "confidence": "medium", "geometry_role": "existing_condition"}, "geometry": {"type": "Polygon", "coordinates": [[[116.33551050000001, 39.9967205], [116.33580999999998, 39.9967198], [116.3358091, 39.996745399999995], [116.3363414, 39.99675779999999], [116.336387, 39.9967901], [116.3367815, 39.9968331], [116.33679970000001, 39.9968191], [116.33682549999999, 39.9968191], [116.3368316, 39.996711], [116.33678910000002, 39.9967122], [116.3364037, 39.9966587], [116.3364037, 39.996632], [116.33581199999999, 39.9966215], [116.33581050000001, 39.99660410000001], [116.3355123, 39.9965989], [116.33551050000001, 39.9967205]]]}}, {"type": "Feature", "id": "BF-01126", "properties": {"id": "BF-01126", "layer": "BUILDING_FOOTPRINT", "building_type": "existing_retained", "area_sqm": 834.7, "source_id": "OSM-DERIVED-CORRIDOR-20260808", "source_type": "osm", "confidence": "medium", "geometry_role": "existing_condition"}, "geometry": {"type": "Polygon", "coordinates": [[[116.3366439, 39.997438], [116.3368268, 39.997443000000004], [116.33684919999999, 39.996962499999995], [116.33666620000001, 39.99695750000001], [116.3366439, 39.997438]]]}}, {"type": "Feature", "id": "BF-01127", "properties": {"id": "BF-01127", "layer": "BUILDING_FOOTPRINT", "building_type": "existing_retained", "area_sqm": 1351.2, "source_id": "OSM-DERIVED-CORRIDOR-20260808", "source_type": "osm", "confidence": "medium", "geometry_role": "existing_condition"}, "geometry": {"type": "Polygon", "coordinates": [[[116.3370113, 39.99740700000001], [116.337498, 39.9974146], [116.33749690000002, 39.9974575], [116.33761700000001, 39.9974593], [116.3376255, 39.99713129999999], [116.337505, 39.9971294], [116.3375031, 39.99720289999999], [116.3370168, 39.9971954], [116.3370113, 39.99740700000001]]]}}, {"type": "Feature", "id": "BF-01128", "properties": {"id": "BF-01128", "layer": "BUILDING_FOOTPRINT", "building_type": "existing_retained", "area_sqm": 612.7, "source_id": "OSM-DERIVED-CORRIDOR-20260808", "source_type": "osm", "confidence": "medium", "geometry_role": "existing_condition"}, "geometry": {"type": "Polygon", "coordinates": [[[116.33702239999998, 39.997594199999995], [116.3372166, 39.9975974], [116.33725629999999, 39.99762040000001], [116.3376377, 39.9976266], [116.3376408, 39.997513999999995], [116.3370249, 39.99750389999999], [116.33702239999998, 39.997594199999995]]]}}, {"type": "Feature", "id": "BF-01129", "properties": {"id": "BF-01129", "layer": "BUILDING_FOOTPRINT", "building_type": "existing_retained", "area_sqm": 168.2, "source_id": "OSM-DERIVED-CORRIDOR-20260808", "source_type": "osm", "confidence": "medium", "geometry_role": "existing_condition"}, "geometry": {"type": "Polygon", "coordinates": [[[116.3381754, 39.997907699999985], [116.33832230000002, 39.9979089], [116.338324, 39.997788099999994], [116.33817710000001, 39.997786999999995], [116.3381754, 39.997907699999985]]]}}, {"type": "Feature", "id": "BF-01130", "properties": {"id": "BF-01130", "layer": "BUILDING_FOOTPRINT", "building_type": "existing_retained", "area_sqm": 749.3, "source_id": "OSM-DERIVED-CORRIDOR-20260808", "source_type": "osm", "confidence": "medium", "geometry_role": "existing_condition"}, "geometry": {"type": "Polygon", "coordinates": [[[116.3392134, 39.99807590000001], [116.3395387, 39.9980796], [116.33954340000001, 39.9978367], [116.33921819999999, 39.99783300000001], [116.3392134, 39.99807590000001]]]}}, {"type": "Feature", "id": "BF-01131", "properties": {"id": "BF-01131", "layer": "BUILDING_FOOTPRINT", "building_type": "existing_retained", "area_sqm": 1181.3, "source_id": "OSM-DERIVED-CORRIDOR-20260808", "source_type": "osm", "confidence": "medium", "geometry_role": "existing_condition"}, "geometry": {"type": "Polygon", "coordinates": [[[116.3404292, 39.99760929999999], [116.3405954, 39.997612800000006], [116.3405918, 39.997712400000005], [116.3408285, 39.9977174], [116.3408412, 39.9973674], [116.34043819999998, 39.9973589], [116.3404292, 39.99760929999999]]]}}, {"type": "Feature", "id": "BF-01132", "properties": {"id": "BF-01132", "layer": "BUILDING_FOOTPRINT", "building_type": "existing_retained", "area_sqm": 2581.8, "source_id": "OSM-DERIVED-CORRIDOR-20260808", "source_type": "osm", "confidence": "medium", "geometry_role": "existing_condition"}, "geometry": {"type": "Polygon", "coordinates": [[[116.33652790000001, 39.99852380000001], [116.33652520000001, 39.99859730000001], [116.3364872, 39.99861940000001], [116.33648040000001, 39.99865719999999], [116.33651070000002, 39.998675199999994], [116.3365102, 39.9987079], [116.336335, 39.998706199999994], [116.33633310000002, 39.998819399999995], [116.33657799999999, 39.998821899999996], [116.3365775, 39.998854200000004], [116.33662830000002, 39.99885479999999], [116.3366291, 39.99880769999999], [116.33664730000001, 39.99879899999999], [116.33688339999999, 39.998804099999994], [116.33688150000002, 39.99885539999999], [116.3369799, 39.9988575], [116.33698440000002, 39.998735700000005], [116.3370552, 39.998737199999994], [116.33706790000001, 39.998393], [116.33637850000001, 39.998377999999995], [116.3363732, 39.9985204], [116.33652790000001, 39.99852380000001]]]}}, {"type": "Feature", "id": "BF-01133", "properties": {"id": "BF-01133", "layer": "BUILDING_FOOTPRINT", "building_type": "existing_retained", "area_sqm": 1851.4, "source_id": "OSM-DERIVED-CORRIDOR-20260808", "source_type": "osm", "confidence": "medium", "geometry_role": "existing_condition"}, "geometry": {"type": "Polygon", "coordinates": [[[116.33630820000002, 39.9983282], [116.3370585, 39.99835149999999], [116.3370635, 39.998257], [116.3363966, 39.99823620000001], [116.3363977, 39.998216400000004], [116.33732619999999, 39.998245499999996], [116.3373336, 39.9981079], [116.3369188, 39.9980949], [116.33691700000001, 39.99812790000001], [116.33640210000002, 39.9981118], [116.33640399999999, 39.9980778], [116.3363216, 39.998075299999996], [116.33630820000002, 39.9983282]]]}}, {"type": "Feature", "id": "BF-01134", "properties": {"id": "BF-01134", "layer": "BUILDING_FOOTPRINT", "building_type": "existing_retained", "area_sqm": 1288.1, "source_id": "OSM-DERIVED-CORRIDOR-20260808", "source_type": "osm", "confidence": "medium", "geometry_role": "existing_condition"}, "geometry": {"type": "Polygon", "coordinates": [[[116.3369877, 39.996925], [116.33750770000002, 39.9969262], [116.33750740000002, 39.9970094], [116.3376814, 39.9970098], [116.33768269999999, 39.99668510000001], [116.3375214, 39.99668470000001], [116.33752090000002, 39.99681369999999], [116.3371274, 39.996812799999994], [116.337128, 39.9966516], [116.33698869999999, 39.9966513], [116.3369877, 39.996925]]]}}, {"type": "Feature", "id": "BF-01135", "properties": {"id": "BF-01135", "layer": "BUILDING_FOOTPRINT", "building_type": "existing_retained", "area_sqm": 187.7, "source_id": "OSM-DERIVED-CORRIDOR-20260808", "source_type": "osm", "confidence": "medium", "geometry_role": "existing_condition"}, "geometry": {"type": "Polygon", "coordinates": [[[116.33452180000002, 39.998937399999996], [116.3345178, 39.9990945], [116.3346514, 39.9990965], [116.3346526, 39.99904929999999], [116.33461160000002, 39.9990487], [116.3346124, 39.99901789999999], [116.3346541, 39.99901849999999], [116.3346561, 39.998939299999996], [116.33452180000002, 39.998937399999996]]]}}, {"type": "Feature", "id": "BF-01136", "properties": {"id": "BF-01136", "layer": "BUILDING_FOOTPRINT", "building_type": "existing_retained", "area_sqm": 125.0, "source_id": "OSM-DERIVED-CORRIDOR-20260808", "source_type": "osm", "confidence": "medium", "geometry_role": "existing_condition"}, "geometry": {"type": "Polygon", "coordinates": [[[116.3326547, 39.99282569999999], [116.33242590000002, 39.9928222], [116.3324244, 39.99287979999999], [116.3326532, 39.99288330000001], [116.3326547, 39.99282569999999]]]}}, {"type": "Feature", "id": "BF-01137", "properties": {"id": "BF-01137", "layer": "BUILDING_FOOTPRINT", "building_type": "existing_retained", "area_sqm": 151.3, "source_id": "OSM-DERIVED-CORRIDOR-20260808", "source_type": "osm", "confidence": "medium", "geometry_role": "existing_condition"}, "geometry": {"type": "Polygon", "coordinates": [[[116.33215860000001, 39.99290149999999], [116.3323304, 39.99290320000001], [116.332332, 39.9928104], [116.3321602, 39.99280859999999], [116.33215860000001, 39.99290149999999]]]}}, {"type": "Feature", "id": "BF-01138", "properties": {"id": "BF-01138", "layer": "BUILDING_FOOTPRINT", "building_type": "existing_retained", "area_sqm": 1329.7, "source_id": "OSM-DERIVED-CORRIDOR-20260808", "source_type": "osm", "confidence": "medium", "geometry_role": "existing_condition"}, "geometry": {"type": "Polygon", "coordinates": [[[116.33572719999998, 39.9984471], [116.3357324, 39.99831600000001], [116.33496080000002, 39.9982981], [116.3349593, 39.99833459999999], [116.3346582, 39.99832769999999], [116.33465320000002, 39.9984566], [116.33495780000001, 39.998463599999994], [116.3349591, 39.99842929999999], [116.33572719999998, 39.9984471]]]}}, {"type": "Feature", "id": "BF-01139", "properties": {"id": "BF-01139", "layer": "BUILDING_FOOTPRINT", "building_type": "existing_retained", "area_sqm": 1034.3, "source_id": "OSM-DERIVED-CORRIDOR-20260808", "source_type": "osm", "confidence": "medium", "geometry_role": "existing_condition"}, "geometry": {"type": "Polygon", "coordinates": [[[116.33736850000001, 39.99045399999999], [116.33808569999998, 39.990481200000005], [116.33809550000001, 39.9903296], [116.33737840000002, 39.99030220000001], [116.33736850000001, 39.99045399999999]]]}}, {"type": "Feature", "id": "BF-01140", "properties": {"id": "BF-01140", "layer": "BUILDING_FOOTPRINT", "building_type": "existing_retained", "area_sqm": 813.1, "source_id": "OSM-DERIVED-CORRIDOR-20260808", "source_type": "osm", "confidence": "medium", "geometry_role": "existing_condition"}, "geometry": {"type": "Polygon", "coordinates": [[[116.33872580000002, 39.98774250000001], [116.33872860000001, 39.98763159999999], [116.3381136, 39.98762269999999], [116.3381145, 39.9875844], [116.337957, 39.9875821], [116.3379544, 39.9876897], [116.33809859999998, 39.98769179999999], [116.33809750000002, 39.9877334], [116.33872580000002, 39.98774250000001]]]}}, {"type": "Feature", "id": "BF-01141", "properties": {"id": "BF-01141", "layer": "BUILDING_FOOTPRINT", "building_type": "existing_retained", "area_sqm": 850.0, "source_id": "OSM-DERIVED-CORRIDOR-20260808", "source_type": "osm", "confidence": "medium", "geometry_role": "existing_condition"}, "geometry": {"type": "Polygon", "coordinates": [[[116.3378281, 39.9877242], [116.33783480000001, 39.9875842], [116.33719519999998, 39.98756649999999], [116.3371886, 39.9877064], [116.3378281, 39.9877242]]]}}, {"type": "Feature", "id": "BF-01142", "properties": {"id": "BF-01142", "layer": "BUILDING_FOOTPRINT", "building_type": "existing_retained", "area_sqm": 813.0, "source_id": "OSM-DERIVED-CORRIDOR-20260808", "source_type": "osm", "confidence": "medium", "geometry_role": "existing_condition"}, "geometry": {"type": "Polygon", "coordinates": [[[116.3386378, 39.988464199999996], [116.33864060000002, 39.98835329999999], [116.33802560000001, 39.9883444], [116.33802650000001, 39.988306099999996], [116.33786900000001, 39.98830389999999], [116.3378664, 39.98841139999999], [116.33801059999999, 39.98841350000001], [116.33800960000002, 39.9884551], [116.3386378, 39.988464199999996]]]}}, {"type": "Feature", "id": "BF-01143", "properties": {"id": "BF-01143", "layer": "BUILDING_FOOTPRINT", "building_type": "existing_retained", "area_sqm": 927.0, "source_id": "OSM-DERIVED-CORRIDOR-20260808", "source_type": "osm", "confidence": "medium", "geometry_role": "existing_condition"}, "geometry": {"type": "Polygon", "coordinates": [[[116.33776040000001, 39.98846019999999], [116.3377712, 39.9883086], [116.3371286, 39.98828159999999], [116.3371178, 39.9884333], [116.33776040000001, 39.98846019999999]]]}}, {"type": "Feature", "id": "BF-01144", "properties": {"id": "BF-01144", "layer": "BUILDING_FOOTPRINT", "building_type": "existing_retained", "area_sqm": 1542.8, "source_id": "OSM-DERIVED-CORRIDOR-20260808", "source_type": "osm", "confidence": "medium", "geometry_role": "existing_condition"}, "geometry": {"type": "Polygon", "coordinates": [[[116.3368521, 39.9886881], [116.3368464, 39.98880890000001], [116.3381925, 39.988846], [116.33819810000001, 39.9887254], [116.3368521, 39.9886881]]]}}, {"type": "Feature", "id": "BF-01145", "properties": {"id": "BF-01145", "layer": "BUILDING_FOOTPRINT", "building_type": "existing_retained", "area_sqm": 1542.8, "source_id": "OSM-DERIVED-CORRIDOR-20260808", "source_type": "osm", "confidence": "medium", "geometry_role": "existing_condition"}, "geometry": {"type": "Polygon", "coordinates": [[[116.3368265, 39.9890285], [116.3368208, 39.98914930000001], [116.3381668, 39.98918640000001], [116.3381725, 39.98906579999999], [116.3368265, 39.9890285]]]}}, {"type": "Feature", "id": "BF-01146", "properties": {"id": "BF-01146", "layer": "BUILDING_FOOTPRINT", "building_type": "existing_retained", "area_sqm": 1542.9, "source_id": "OSM-DERIVED-CORRIDOR-20260808", "source_type": "osm", "confidence": "medium", "geometry_role": "existing_condition"}, "geometry": {"type": "Polygon", "coordinates": [[[116.33682000000002, 39.989372100000004], [116.3368143, 39.9894929], [116.3381604, 39.98953], [116.33816609999998, 39.98940940000001], [116.33682000000002, 39.989372100000004]]]}}, {"type": "Feature", "id": "BF-01147", "properties": {"id": "BF-01147", "layer": "BUILDING_FOOTPRINT", "building_type": "existing_retained", "area_sqm": 1328.3, "source_id": "OSM-DERIVED-CORRIDOR-20260808", "source_type": "osm", "confidence": "medium", "geometry_role": "existing_condition"}, "geometry": {"type": "Polygon", "coordinates": [[[116.3360521, 39.9865666], [116.33628390000001, 39.986571500000004], [116.3362874, 39.9864737], [116.3370596, 39.98649009999999], [116.3370647, 39.98635109999999], [116.33630260000001, 39.98633499999999], [116.33629930000001, 39.98642689999999], [116.33605740000002, 39.98642169999999], [116.3360521, 39.9865666]]]}}, {"type": "Feature", "id": "BF-01148", "properties": {"id": "BF-01148", "layer": "BUILDING_FOOTPRINT", "building_type": "existing_retained", "area_sqm": 998.6, "source_id": "OSM-DERIVED-CORRIDOR-20260808", "source_type": "osm", "confidence": "medium", "geometry_role": "existing_condition"}, "geometry": {"type": "Polygon", "coordinates": [[[116.33605229999999, 39.986014099999984], [116.33625870000002, 39.9860174], [116.33625639999998, 39.9860988], [116.33707960000001, 39.986112], [116.3370824, 39.98600949999999], [116.33626120000001, 39.98599639999998], [116.33626329999998, 39.9859169], [116.33605500000002, 39.9859136], [116.33605229999999, 39.986014099999984]]]}}, {"type": "Feature", "id": "BF-01149", "properties": {"id": "BF-01149", "layer": "BUILDING_FOOTPRINT", "building_type": "existing_retained", "area_sqm": 805.2, "source_id": "OSM-DERIVED-CORRIDOR-20260808", "source_type": "osm", "confidence": "medium", "geometry_role": "existing_condition"}, "geometry": {"type": "Polygon", "coordinates": [[[116.33731579999998, 39.98600319999999], [116.3374388, 39.9860043], [116.33743820000001, 39.9860368], [116.337943, 39.9860416], [116.3379451, 39.985908], [116.3375361, 39.98590420000001], [116.3375364, 39.9858811], [116.3373177, 39.98587899999999], [116.33731579999998, 39.98600319999999]]]}}, {"type": "Feature", "id": "BF-01150", "properties": {"id": "BF-01150", "layer": "BUILDING_FOOTPRINT", "building_type": "existing_retained", "area_sqm": 611.3, "source_id": "OSM-DERIVED-CORRIDOR-20260808", "source_type": "osm", "confidence": "medium", "geometry_role": "existing_condition"}, "geometry": {"type": "Polygon", "coordinates": [[[116.3372346, 39.9863049], [116.33778109999999, 39.9863257], [116.3377888, 39.9862081], [116.3372423, 39.9861872], [116.3372346, 39.9863049]]]}}, {"type": "Feature", "id": "BF-01151", "properties": {"id": "BF-01151", "layer": "BUILDING_FOOTPRINT", "building_type": "existing_retained", "area_sqm": 561.1, "source_id": "OSM-DERIVED-CORRIDOR-20260808", "source_type": "osm", "confidence": "medium", "geometry_role": "existing_condition"}, "geometry": {"type": "Polygon", "coordinates": [[[116.33722209999999, 39.98654839999999], [116.337759, 39.9865552], [116.33776120000002, 39.986449400000005], [116.33730100000001, 39.98644359999999], [116.33730160000002, 39.9864128], [116.337225, 39.98641189999999], [116.33722209999999, 39.98654839999999]]]}}, {"type": "Feature", "id": "BF-01152", "properties": {"id": "BF-01152", "layer": "BUILDING_FOOTPRINT", "building_type": "existing_retained", "area_sqm": 632.1, "source_id": "OSM-DERIVED-CORRIDOR-20260808", "source_type": "osm", "confidence": "medium", "geometry_role": "existing_condition"}, "geometry": {"type": "Polygon", "coordinates": [[[116.33728639999998, 39.987246799999994], [116.33748440000001, 39.98724889999999], [116.3374907, 39.98691240000001], [116.3372927, 39.9869102], [116.33728639999998, 39.987246799999994]]]}}, {"type": "Feature", "id": "BF-01153", "properties": {"id": "BF-01153", "layer": "BUILDING_FOOTPRINT", "building_type": "existing_retained", "area_sqm": 120.1, "source_id": "OSM-DERIVED-CORRIDOR-20260808", "source_type": "osm", "confidence": "medium", "geometry_role": "existing_condition"}, "geometry": {"type": "Polygon", "coordinates": [[[116.33723659999998, 39.98687699999999], [116.3373252, 39.986877599999985], [116.3373267, 39.9867347], [116.33723810000001, 39.98673409999999], [116.33723659999998, 39.98687699999999]]]}}, {"type": "Feature", "id": "BF-01154", "properties": {"id": "BF-01154", "layer": "BUILDING_FOOTPRINT", "building_type": "existing_retained", "area_sqm": 1682.5, "source_id": "OSM-DERIVED-CORRIDOR-20260808", "source_type": "osm", "confidence": "medium", "geometry_role": "existing_condition"}, "geometry": {"type": "Polygon", "coordinates": [[[116.33627160000002, 39.986696800000004], [116.33626950000001, 39.9867599], [116.33590580000002, 39.986753], [116.3358983, 39.9869835], [116.33627739999999, 39.986990699999986], [116.3362831, 39.986815500000006], [116.3370345, 39.986829799999995], [116.3370384, 39.98671149999999], [116.33627160000002, 39.986696800000004]]]}}, {"type": "Feature", "id": "BF-01155", "properties": {"id": "BF-01155", "layer": "BUILDING_FOOTPRINT", "building_type": "existing_retained", "area_sqm": 521.9, "source_id": "OSM-DERIVED-CORRIDOR-20260808", "source_type": "osm", "confidence": "medium", "geometry_role": "existing_condition"}, "geometry": {"type": "Polygon", "coordinates": [[[116.3357339, 39.98732619999999], [116.33618859999999, 39.987339399999996], [116.33619459999998, 39.98721849999999], [116.3357399, 39.9872054], [116.3357339, 39.98732619999999]]]}}, {"type": "Feature", "id": "BF-01156", "properties": {"id": "BF-01156", "layer": "BUILDING_FOOTPRINT", "building_type": "existing_retained", "area_sqm": 652.9, "source_id": "OSM-DERIVED-CORRIDOR-20260808", "source_type": "osm", "confidence": "medium", "geometry_role": "existing_condition"}, "geometry": {"type": "Polygon", "coordinates": [[[116.33619690000002, 39.987281299999985], [116.3368038, 39.9872948], [116.33680810000001, 39.98718149999999], [116.3362013, 39.9871679], [116.33619690000002, 39.987281299999985]]]}}, {"type": "Feature", "id": "BF-01157", "properties": {"id": "BF-01157", "layer": "BUILDING_FOOTPRINT", "building_type": "existing_retained", "area_sqm": 348.5, "source_id": "OSM-DERIVED-CORRIDOR-20260808", "source_type": "osm", "confidence": "medium", "geometry_role": "existing_condition"}, "geometry": {"type": "Polygon", "coordinates": [[[116.33572679999999, 39.9867186], [116.3358508, 39.9867209], [116.33586000000001, 39.98642470000001], [116.335736, 39.9864224], [116.33572679999999, 39.9867186]]]}}, {"type": "Feature", "id": "BF-01158", "properties": {"id": "BF-01158", "layer": "BUILDING_FOOTPRINT", "building_type": "existing_retained", "area_sqm": 1197.8, "source_id": "OSM-DERIVED-CORRIDOR-20260808", "source_type": "osm", "confidence": "medium", "geometry_role": "existing_condition"}, "geometry": {"type": "Polygon", "coordinates": [[[116.33675109999999, 39.9880562], [116.33701309999998, 39.9880634], [116.3370357, 39.9875818], [116.33677390000001, 39.9875746], [116.33675109999999, 39.9880562]]]}}, {"type": "Feature", "id": "BF-01159", "properties": {"id": "BF-01159", "layer": "BUILDING_FOOTPRINT", "building_type": "existing_retained", "area_sqm": 504.0, "source_id": "OSM-DERIVED-CORRIDOR-20260808", "source_type": "osm", "confidence": "medium", "geometry_role": "existing_condition"}, "geometry": {"type": "Polygon", "coordinates": [[[116.3376609, 39.987135], [116.33812210000002, 39.9871522], [116.33812940000001, 39.987037300000004], [116.3376682, 39.98702000000001], [116.3376609, 39.987135]]]}}, {"type": "Feature", "id": "BF-01160", "properties": {"id": "BF-01160", "layer": "BUILDING_FOOTPRINT", "building_type": "existing_retained", "area_sqm": 1564.0, "source_id": "OSM-DERIVED-CORRIDOR-20260808", "source_type": "osm", "confidence": "medium", "geometry_role": "existing_condition"}, "geometry": {"type": "Polygon", "coordinates": [[[116.3382204, 39.9873851], [116.3387858, 39.9873926], [116.33878889999998, 39.9872567], [116.33847420000001, 39.98725259999999], [116.3384821, 39.986901399999994], [116.33823140000001, 39.9868981], [116.3382204, 39.9873851]]]}}, {"type": "Feature", "id": "BF-01161", "properties": {"id": "BF-01161", "layer": "BUILDING_FOOTPRINT", "building_type": "existing_retained", "area_sqm": 888.3, "source_id": "OSM-DERIVED-CORRIDOR-20260808", "source_type": "osm", "confidence": "medium", "geometry_role": "existing_condition"}, "geometry": {"type": "Polygon", "coordinates": [[[116.33826670000002, 39.9867919], [116.33867, 39.98680329999999], [116.3386664, 39.98687859999999], [116.3388211, 39.986883], [116.33882820000001, 39.98673499999999], [116.33879370000001, 39.9867105], [116.3387964, 39.9866557], [116.33827390000002, 39.98664089999999], [116.33826670000002, 39.9867919]]]}}, {"type": "Feature", "id": "BF-01162", "properties": {"id": "BF-01162", "layer": "BUILDING_FOOTPRINT", "building_type": "existing_retained", "area_sqm": 1195.5, "source_id": "OSM-DERIVED-CORRIDOR-20260808", "source_type": "osm", "confidence": "medium", "geometry_role": "existing_condition"}, "geometry": {"type": "Polygon", "coordinates": [[[116.33878070000002, 39.986315299999994], [116.33883119999999, 39.986363], [116.33945540000002, 39.98637839999999], [116.3394581, 39.98631389999999], [116.3395457, 39.9863161], [116.33954039999999, 39.9864412], [116.33971170000001, 39.986445399999994], [116.3397197, 39.9862538], [116.3387842, 39.98623099999999], [116.33878070000002, 39.986315299999994]]]}}, {"type": "Feature", "id": "BF-01163", "properties": {"id": "BF-01163", "layer": "BUILDING_FOOTPRINT", "building_type": "existing_retained", "area_sqm": 1465.6, "source_id": "OSM-DERIVED-CORRIDOR-20260808", "source_type": "osm", "confidence": "medium", "geometry_role": "existing_condition"}, "geometry": {"type": "Polygon", "coordinates": [[[116.3380102, 39.98634539999999], [116.33792110000002, 39.98634359999999], [116.33791720000002, 39.9864583], [116.3378775, 39.98645750000001], [116.33786989999999, 39.986676300000006], [116.3380761, 39.986680500000006], [116.3380846, 39.986434599999995], [116.3381947, 39.9864368], [116.33819720000001, 39.986367200000004], [116.33845610000002, 39.9863725], [116.3384541, 39.986431], [116.3387005, 39.986436], [116.3387064, 39.986265499999995], [116.3385937, 39.986263099999995], [116.338599, 39.9862771], [116.33801299999999, 39.986265400000015], [116.3380102, 39.98634539999999]]]}}, {"type": "Feature", "id": "BF-01164", "properties": {"id": "BF-01164", "layer": "BUILDING_FOOTPRINT", "building_type": "existing_retained", "area_sqm": 743.4, "source_id": "OSM-DERIVED-CORRIDOR-20260808", "source_type": "osm", "confidence": "medium", "geometry_role": "existing_condition"}, "geometry": {"type": "Polygon", "coordinates": [[[116.33972190000001, 39.98737220000001], [116.3403083, 39.98738859999999], [116.3403097, 39.9873586], [116.3403147, 39.9872552], [116.3397283, 39.9872386], [116.33972190000001, 39.98737220000001]]]}}, {"type": "Feature", "id": "BF-01165", "properties": {"id": "BF-01165", "layer": "BUILDING_FOOTPRINT", "building_type": "existing_retained", "area_sqm": 2144.3, "source_id": "OSM-DERIVED-CORRIDOR-20260808", "source_type": "osm", "confidence": "medium", "geometry_role": "existing_condition"}, "geometry": {"type": "Polygon", "coordinates": [[[116.33972700000001, 39.987054799999996], [116.3398817, 39.9870611], [116.3398955, 39.98686090000001], [116.3398527, 39.9868591], [116.33992779999998, 39.9868172], [116.33992690000001, 39.9868414], [116.34004860000002, 39.9868441], [116.3400461, 39.98691], [116.34087270000002, 39.98692849999998], [116.34087459999999, 39.9868775], [116.34100910000001, 39.986880500000005], [116.34101030000001, 39.98684929999999], [116.3410683, 39.98690680000001], [116.3410355, 39.98690630000001], [116.34103120000002, 39.9870865], [116.3411133, 39.9870877], [116.34118310000001, 39.987048200000004], [116.34118090000001, 39.9868197], [116.3411337, 39.98676209999999], [116.34087430000001, 39.9867561], [116.3408721, 39.9868115], [116.3400578, 39.9867926], [116.3400601, 39.98673350000001], [116.3398145, 39.98672779999998], [116.33974539999998, 39.9867876], [116.33972700000001, 39.987054799999996]]]}}, {"type": "Feature", "id": "BF-01166", "properties": {"id": "BF-01166", "layer": "BUILDING_FOOTPRINT", "building_type": "existing_retained", "area_sqm": 878.2, "source_id": "OSM-DERIVED-CORRIDOR-20260808", "source_type": "osm", "confidence": "medium", "geometry_role": "existing_condition"}, "geometry": {"type": "Polygon", "coordinates": [[[116.33985840000001, 39.986020100000005], [116.3404232, 39.9860306], [116.3404284, 39.98586679999999], [116.3398636, 39.98585619999999], [116.33985840000001, 39.986020100000005]]]}}, {"type": "Feature", "id": "BF-01167", "properties": {"id": "BF-01167", "layer": "BUILDING_FOOTPRINT", "building_type": "existing_retained", "area_sqm": 850.8, "source_id": "OSM-DERIVED-CORRIDOR-20260808", "source_type": "osm", "confidence": "medium", "geometry_role": "existing_condition"}, "geometry": {"type": "Polygon", "coordinates": [[[116.3408385, 39.985958499999995], [116.3410178, 39.9859631], [116.34112760000001, 39.9859646], [116.34156440000001, 39.9859676], [116.341567, 39.98584540000001], [116.3408411, 39.9858364], [116.3408385, 39.985958499999995]]]}}, {"type": "Feature", "id": "BF-01168", "properties": {"id": "BF-01168", "layer": "BUILDING_FOOTPRINT", "building_type": "existing_retained", "area_sqm": 739.9, "source_id": "OSM-DERIVED-CORRIDOR-20260808", "source_type": "osm", "confidence": "medium", "geometry_role": "existing_condition"}, "geometry": {"type": "Polygon", "coordinates": [[[116.34141160000001, 39.9861506], [116.34213679999999, 39.9861598], [116.3421391, 39.986052300000004], [116.3414139, 39.98604299999999], [116.34141160000001, 39.9861506]]]}}, {"type": "Feature", "id": "BF-01169", "properties": {"id": "BF-01169", "layer": "BUILDING_FOOTPRINT", "building_type": "existing_retained", "area_sqm": 808.8, "source_id": "OSM-DERIVED-CORRIDOR-20260808", "source_type": "osm", "confidence": "medium", "geometry_role": "existing_condition"}, "geometry": {"type": "Polygon", "coordinates": [[[116.34101380000001, 39.98612919999999], [116.3408732, 39.98612719999999], [116.3408684, 39.9863263], [116.3408984, 39.9863249], [116.34099790000002, 39.98632550000001], [116.3410238, 39.9863284], [116.34102289999998, 39.9863642], [116.34108709999998, 39.9863651], [116.3410877, 39.986340199999994], [116.34118639999998, 39.9863415], [116.34119150000001, 39.9861229], [116.3411238, 39.986121999999995], [116.34112760000001, 39.9859646], [116.3410178, 39.9859631], [116.34101380000001, 39.98612919999999]]]}}, {"type": "Feature", "id": "BF-01170", "properties": {"id": "BF-01170", "layer": "BUILDING_FOOTPRINT", "building_type": "existing_retained", "area_sqm": 1162.3, "source_id": "OSM-DERIVED-CORRIDOR-20260808", "source_type": "osm", "confidence": "medium", "geometry_role": "existing_condition"}, "geometry": {"type": "Polygon", "coordinates": [[[116.3401486, 39.986494999999984], [116.3401928, 39.9865185], [116.3401913, 39.986561099999996], [116.3402553, 39.9865625], [116.3402558, 39.9865488], [116.34114010000002, 39.98656760000001], [116.34101110000002, 39.986468699999996], [116.3409964, 39.9864729], [116.34094129999998, 39.9864725], [116.34094160000001, 39.9864445], [116.3409263, 39.986423099999996], [116.34089740000002, 39.98642290000001], [116.340152, 39.9864057], [116.3401486, 39.986494999999984]]]}}, {"type": "Feature", "id": "BF-01171", "properties": {"id": "BF-01171", "layer": "BUILDING_FOOTPRINT", "building_type": "existing_retained", "area_sqm": 594.4, "source_id": "OSM-DERIVED-CORRIDOR-20260808", "source_type": "osm", "confidence": "medium", "geometry_role": "existing_condition"}, "geometry": {"type": "Polygon", "coordinates": [[[116.34007929999999, 39.9860736], [116.3400689, 39.9863441], [116.3403004, 39.9863493], [116.3403108, 39.98607879999999], [116.34007929999999, 39.9860736]]]}}, {"type": "Feature", "id": "BF-01172", "properties": {"id": "BF-01172", "layer": "BUILDING_FOOTPRINT", "building_type": "existing_retained", "area_sqm": 1471.5, "source_id": "OSM-DERIVED-CORRIDOR-20260808", "source_type": "osm", "confidence": "medium", "geometry_role": "existing_condition"}, "geometry": {"type": "Polygon", "coordinates": [[[116.3348967, 39.9863043], [116.33486479999999, 39.9863845], [116.33484530000001, 39.9866027], [116.3355625, 39.98664039999999], [116.3355776, 39.9864719], [116.3353603, 39.98646039999999], [116.33535890000002, 39.986476100000004], [116.33511750000001, 39.98646289999999], [116.33511620000002, 39.9864766], [116.3350775, 39.9864744], [116.33509829999998, 39.98626190000001], [116.33490200000001, 39.98625059999999], [116.3348967, 39.9863043]]]}}, {"type": "Feature", "id": "BF-01173", "properties": {"id": "BF-01173", "layer": "BUILDING_FOOTPRINT", "building_type": "existing_retained", "area_sqm": 742.4, "source_id": "OSM-DERIVED-CORRIDOR-20260808", "source_type": "osm", "confidence": "medium", "geometry_role": "existing_condition"}, "geometry": {"type": "Polygon", "coordinates": [[[116.33492660000002, 39.9862166], [116.33496110000002, 39.986249900000004], [116.3351547, 39.9862595], [116.33518370000002, 39.98591919999999], [116.33495300000001, 39.9859077], [116.33492660000002, 39.9862166]]]}}, {"type": "Feature", "id": "BF-01174", "properties": {"id": "BF-01174", "layer": "BUILDING_FOOTPRINT", "building_type": "existing_retained", "area_sqm": 2885.5, "source_id": "OSM-DERIVED-CORRIDOR-20260808", "source_type": "osm", "confidence": "medium", "geometry_role": "existing_condition"}, "geometry": {"type": "Polygon", "coordinates": [[[116.3425002, 39.987982300000006], [116.34247850000001, 39.988427099999996], [116.34243000000001, 39.9884257], [116.34240800000002, 39.9888751], [116.34245480000001, 39.98887640000001], [116.34243170000002, 39.9893531], [116.3426386, 39.98935899999999], [116.3427052, 39.987988200000004], [116.3425002, 39.987982300000006]]]}}, {"type": "Feature", "id": "BF-01175", "properties": {"id": "BF-01175", "layer": "BUILDING_FOOTPRINT", "building_type": "existing_retained", "area_sqm": 1249.4, "source_id": "OSM-DERIVED-CORRIDOR-20260808", "source_type": "osm", "confidence": "medium", "geometry_role": "existing_condition"}, "geometry": {"type": "Polygon", "coordinates": [[[116.3435574, 39.985838], [116.3435233, 39.985837399999994], [116.3435194, 39.9859542], [116.34353920000001, 39.9859546], [116.34353880000002, 39.98596839999998], [116.34384300000002, 39.9859744], [116.3438368, 39.98615739999999], [116.3440866, 39.9861623], [116.34409780000001, 39.98582780000001], [116.34355809999998, 39.9858172], [116.3435574, 39.985838]]]}}, {"type": "Feature", "id": "BF-01176", "properties": {"id": "BF-01176", "layer": "BUILDING_FOOTPRINT", "building_type": "existing_retained", "area_sqm": 1288.1, "source_id": "OSM-DERIVED-CORRIDOR-20260808", "source_type": "osm", "confidence": "medium", "geometry_role": "existing_condition"}, "geometry": {"type": "Polygon", "coordinates": [[[116.3433997, 39.986320299999996], [116.3433956, 39.986484999999995], [116.3436973, 39.98648929999999], [116.34369660000002, 39.986518399999994], [116.3439409, 39.9865219], [116.34394050000002, 39.9865408], [116.34407680000001, 39.986542799999995], [116.34407859999999, 39.98646739999999], [116.34414990000002, 39.9864684], [116.3441532, 39.986331199999995], [116.3433997, 39.986320299999996]]]}}, {"type": "Feature", "id": "BF-01177", "properties": {"id": "BF-01177", "layer": "BUILDING_FOOTPRINT", "building_type": "existing_retained", "area_sqm": 1105.9, "source_id": "OSM-DERIVED-CORRIDOR-20260808", "source_type": "osm", "confidence": "medium", "geometry_role": "existing_condition"}, "geometry": {"type": "Polygon", "coordinates": [[[116.34304859999999, 39.9870071], [116.344191, 39.987036999999994], [116.3441956, 39.98693510000001], [116.34305309999999, 39.98690510000001], [116.34304859999999, 39.9870071]]]}}, {"type": "Feature", "id": "BF-01178", "properties": {"id": "BF-01178", "layer": "BUILDING_FOOTPRINT", "building_type": "existing_retained", "area_sqm": 624.2, "source_id": "OSM-DERIVED-CORRIDOR-20260808", "source_type": "osm", "confidence": "medium", "geometry_role": "existing_condition"}, "geometry": {"type": "Polygon", "coordinates": [[[116.3424859, 39.9869322], [116.3424598, 39.9869314], [116.34243920000002, 39.987333000000014], [116.3425866, 39.9873375], [116.3426101, 39.9868825], [116.3424886, 39.98687880000001], [116.3424859, 39.9869322]]]}}, {"type": "Feature", "id": "BF-01179", "properties": {"id": "BF-01179", "layer": "BUILDING_FOOTPRINT", "building_type": "existing_retained", "area_sqm": 709.3, "source_id": "OSM-DERIVED-CORRIDOR-20260808", "source_type": "osm", "confidence": "medium", "geometry_role": "existing_condition"}, "geometry": {"type": "Polygon", "coordinates": [[[116.342597, 39.9873729], [116.3433455, 39.9873961], [116.34335079999998, 39.987296399999984], [116.3426023, 39.98727310000001], [116.342597, 39.9873729]]]}}, {"type": "Feature", "id": "BF-01180", "properties": {"id": "BF-01180", "layer": "BUILDING_FOOTPRINT", "building_type": "existing_retained", "area_sqm": 708.6, "source_id": "OSM-DERIVED-CORRIDOR-20260808", "source_type": "osm", "confidence": "medium", "geometry_role": "existing_condition"}, "geometry": {"type": "Polygon", "coordinates": [[[116.34341, 39.9873688], [116.3441585, 39.98739200000001], [116.34416379999999, 39.987292399999994], [116.3434153, 39.98726909999999], [116.34341, 39.9873688]]]}}, {"type": "Feature", "id": "BF-01181", "properties": {"id": "BF-01181", "layer": "BUILDING_FOOTPRINT", "building_type": "existing_retained", "area_sqm": 1188.6, "source_id": "OSM-DERIVED-CORRIDOR-20260808", "source_type": "osm", "confidence": "medium", "geometry_role": "existing_condition"}, "geometry": {"type": "Polygon", "coordinates": [[[116.34430039999998, 39.9874177], [116.34444139999998, 39.987421999999995], [116.34443899999998, 39.98746659999999], [116.34490420000002, 39.98748090000001], [116.344907, 39.98742799999999], [116.34503090000001, 39.987431799999996], [116.34504019999999, 39.9872518], [116.3450136, 39.98725099999999], [116.345015, 39.987222700000004], [116.34491870000001, 39.9872198], [116.3449173, 39.987248199999996], [116.3448884, 39.987247400000015], [116.34488380000002, 39.98733839999999], [116.3444718, 39.987326], [116.3444766, 39.987233], [116.3444381, 39.9872318], [116.3444395, 39.98720539999999], [116.34433720000001, 39.9872023], [116.34433570000002, 39.98723160000001], [116.3443101, 39.987230899999986], [116.34430039999998, 39.9874177]]]}}, {"type": "Feature", "id": "BF-01182", "properties": {"id": "BF-01182", "layer": "BUILDING_FOOTPRINT", "building_type": "existing_retained", "area_sqm": 1296.6, "source_id": "OSM-DERIVED-CORRIDOR-20260808", "source_type": "osm", "confidence": "medium", "geometry_role": "existing_condition"}, "geometry": {"type": "Polygon", "coordinates": [[[116.34432990000002, 39.98713349999999], [116.3448032, 39.9871438], [116.3448168, 39.9867785], [116.34436570000001, 39.98676869999999], [116.34436080000002, 39.986898999999994], [116.34460480000001, 39.986904300000006], [116.34463810000001, 39.9868813], [116.3446313, 39.9870643], [116.34444970000001, 39.987060400000004], [116.34445429999998, 39.98693589999999], [116.3443374, 39.9869334], [116.34432990000002, 39.98713349999999]]]}}, {"type": "Feature", "id": "BF-01183", "properties": {"id": "BF-01183", "layer": "BUILDING_FOOTPRINT", "building_type": "existing_retained", "area_sqm": 2475.9, "source_id": "OSM-DERIVED-CORRIDOR-20260808", "source_type": "osm", "confidence": "medium", "geometry_role": "existing_condition"}, "geometry": {"type": "Polygon", "coordinates": [[[116.3448885, 39.987150899999996], [116.34505480000001, 39.98715539999999], [116.3450565, 39.987118499999994], [116.34589490000002, 39.98714120000001], [116.34589310000001, 39.987180699999996], [116.34607400000002, 39.987185700000005], [116.3460855, 39.9869375], [116.3448999, 39.9869052], [116.3448885, 39.987150899999996]]]}}, {"type": "Feature", "id": "BF-01184", "properties": {"id": "BF-01184", "layer": "BUILDING_FOOTPRINT", "building_type": "existing_retained", "area_sqm": 1325.1, "source_id": "OSM-DERIVED-CORRIDOR-20260808", "source_type": "osm", "confidence": "medium", "geometry_role": "existing_condition"}, "geometry": {"type": "Polygon", "coordinates": [[[116.34589640000002, 39.987525500000004], [116.34651650000002, 39.987538799999996], [116.34651779999999, 39.98750269999999], [116.3466793, 39.98750619999999], [116.3466869, 39.98729939999999], [116.3465248, 39.98729590000001], [116.3465212, 39.98739189999999], [116.34607790000001, 39.98738230000001], [116.3460811, 39.98729699999999], [116.34590490000001, 39.98729320000001], [116.34589640000002, 39.987525500000004]]]}}, {"type": "Feature", "id": "BF-01185", "properties": {"id": "BF-01185", "layer": "BUILDING_FOOTPRINT", "building_type": "existing_retained", "area_sqm": 342.7, "source_id": "OSM-DERIVED-CORRIDOR-20260808", "source_type": "osm", "confidence": "medium", "geometry_role": "existing_condition"}, "geometry": {"type": "Polygon", "coordinates": [[[116.3465158, 39.9872519], [116.34668160000001, 39.987253300000006], [116.3466847, 39.98703530000001], [116.34651899999999, 39.987033999999994], [116.3465158, 39.9872519]]]}}, {"type": "Feature", "id": "BF-01186", "properties": {"id": "BF-01186", "layer": "BUILDING_FOOTPRINT", "building_type": "existing_retained", "area_sqm": 686.6, "source_id": "OSM-DERIVED-CORRIDOR-20260808", "source_type": "osm", "confidence": "medium", "geometry_role": "existing_condition"}, "geometry": {"type": "Polygon", "coordinates": [[[116.3462104, 39.9870029], [116.346509, 39.98700949999999], [116.34651299999999, 39.986899599999994], [116.3464258, 39.98689770000001], [116.3464327, 39.9867106], [116.3462214, 39.986706], [116.3462104, 39.9870029]]]}}, {"type": "Feature", "id": "BF-01187", "properties": {"id": "BF-01187", "layer": "BUILDING_FOOTPRINT", "building_type": "existing_retained", "area_sqm": 478.5, "source_id": "OSM-DERIVED-CORRIDOR-20260808", "source_type": "osm", "confidence": "medium", "geometry_role": "existing_condition"}, "geometry": {"type": "Polygon", "coordinates": [[[116.34653330000002, 39.98700079999999], [116.34674769999998, 39.98700289999999], [116.3467514, 39.9867675], [116.3465371, 39.98676549999999], [116.34653330000002, 39.98700079999999]]]}}, {"type": "Feature", "id": "BF-01188", "properties": {"id": "BF-01188", "layer": "BUILDING_FOOTPRINT", "building_type": "existing_retained", "area_sqm": 562.6, "source_id": "OSM-DERIVED-CORRIDOR-20260808", "source_type": "osm", "confidence": "medium", "geometry_role": "existing_condition"}, "geometry": {"type": "Polygon", "coordinates": [[[116.34595820000001, 39.98684289999999], [116.3461281, 39.986847], [116.34614249999998, 39.98649830000001], [116.3459725, 39.9864942], [116.34595820000001, 39.98684289999999]]]}}, {"type": "Feature", "id": "BF-01189", "properties": {"id": "BF-01189", "layer": "BUILDING_FOOTPRINT", "building_type": "existing_retained", "area_sqm": 235.0, "source_id": "OSM-DERIVED-CORRIDOR-20260808", "source_type": "osm", "confidence": "medium", "geometry_role": "existing_condition"}, "geometry": {"type": "Polygon", "coordinates": [[[116.34623160000001, 39.9866585], [116.34645770000002, 39.9866643], [116.34645869999999, 39.986639700000005], [116.3466253, 39.9866439], [116.3466274, 39.986594999999994], [116.34623480000002, 39.9865851], [116.34623160000001, 39.9866585]]]}}, {"type": "Feature", "id": "BF-01190", "properties": {"id": "BF-01190", "layer": "BUILDING_FOOTPRINT", "building_type": "existing_retained", "area_sqm": 234.9, "source_id": "OSM-DERIVED-CORRIDOR-20260808", "source_type": "osm", "confidence": "medium", "geometry_role": "existing_condition"}, "geometry": {"type": "Polygon", "coordinates": [[[116.3462334, 39.9865622], [116.3464594, 39.98656799999999], [116.3464605, 39.986543399999995], [116.34662700000001, 39.9865476], [116.34662909999999, 39.9864987], [116.3462366, 39.986488800000004], [116.3462334, 39.9865622]]]}}, {"type": "Feature", "id": "BF-01191", "properties": {"id": "BF-01191", "layer": "BUILDING_FOOTPRINT", "building_type": "existing_retained", "area_sqm": 1568.0, "source_id": "OSM-DERIVED-CORRIDOR-20260808", "source_type": "osm", "confidence": "medium", "geometry_role": "existing_condition"}, "geometry": {"type": "Polygon", "coordinates": [[[116.3453335, 39.986500799999995], [116.3453187, 39.9868113], [116.34585050000001, 39.9868262], [116.34586519999999, 39.98651569999999], [116.3453335, 39.986500799999995]]]}}, {"type": "Feature", "id": "BF-01192", "properties": {"id": "BF-01192", "layer": "BUILDING_FOOTPRINT", "building_type": "existing_retained", "area_sqm": 652.9, "source_id": "OSM-DERIVED-CORRIDOR-20260808", "source_type": "osm", "confidence": "medium", "geometry_role": "existing_condition"}, "geometry": {"type": "Polygon", "coordinates": [[[116.34488980000002, 39.9867896], [116.3450877, 39.98679429999999], [116.3450991, 39.986513300000006], [116.34511579999999, 39.9865086], [116.345118, 39.986452099999994], [116.3449036, 39.98644710000001], [116.34488980000002, 39.9867896]]]}}, {"type": "Feature", "id": "BF-01193", "properties": {"id": "BF-01193", "layer": "BUILDING_FOOTPRINT", "building_type": "existing_retained", "area_sqm": 824.5, "source_id": "OSM-DERIVED-CORRIDOR-20260808", "source_type": "osm", "confidence": "medium", "geometry_role": "existing_condition"}, "geometry": {"type": "Polygon", "coordinates": [[[116.34432750000002, 39.986404499999985], [116.34432310000001, 39.98658229999999], [116.34481159999999, 39.98658950000001], [116.344816, 39.9864115], [116.34432750000002, 39.986404499999985]]]}}, {"type": "Feature", "id": "BF-01194", "properties": {"id": "BF-01194", "layer": "BUILDING_FOOTPRINT", "building_type": "existing_retained", "area_sqm": 1176.5, "source_id": "OSM-DERIVED-CORRIDOR-20260808", "source_type": "osm", "confidence": "medium", "geometry_role": "existing_condition"}, "geometry": {"type": "Polygon", "coordinates": [[[116.34598499999998, 39.9863608], [116.34681839999999, 39.9863839], [116.3468254, 39.98623529999999], [116.345992, 39.98621210000001], [116.34598499999998, 39.9863608]]]}}, {"type": "Feature", "id": "BF-01195", "properties": {"id": "BF-01195", "layer": "BUILDING_FOOTPRINT", "building_type": "existing_retained", "area_sqm": 785.9, "source_id": "OSM-DERIVED-CORRIDOR-20260808", "source_type": "osm", "confidence": "medium", "geometry_role": "existing_condition"}, "geometry": {"type": "Polygon", "coordinates": [[[116.3456262, 39.98600269999999], [116.3463499, 39.9860187], [116.3463542, 39.98590420000001], [116.3456304, 39.9858884], [116.3456262, 39.98600269999999]]]}}, {"type": "Feature", "id": "BF-01196", "properties": {"id": "BF-01196", "layer": "BUILDING_FOOTPRINT", "building_type": "existing_retained", "area_sqm": 1365.8, "source_id": "OSM-DERIVED-CORRIDOR-20260808", "source_type": "osm", "confidence": "medium", "geometry_role": "existing_condition"}, "geometry": {"type": "Polygon", "coordinates": [[[116.34447199999998, 39.9858517], [116.34447, 39.98590600000001], [116.34444040000001, 39.98590539999999], [116.3444371, 39.9859938], [116.34442000000001, 39.98599339999999], [116.34441849999999, 39.986034199999985], [116.34446269999998, 39.986035199999996], [116.34446029999998, 39.98610219999999], [116.3447023, 39.9861074], [116.3447046, 39.98604290000001], [116.34513019999999, 39.9860521], [116.34513709999999, 39.98586599999999], [116.34447199999998, 39.9858517]]]}}, {"type": "Feature", "id": "BF-01197", "properties": {"id": "BF-01197", "layer": "BUILDING_FOOTPRINT", "building_type": "existing_retained", "area_sqm": 772.8, "source_id": "OSM-DERIVED-CORRIDOR-20260808", "source_type": "osm", "confidence": "medium", "geometry_role": "existing_condition"}, "geometry": {"type": "Polygon", "coordinates": [[[116.3431121, 39.986865599999994], [116.34415689999999, 39.98689170000001], [116.3441603, 39.9868139], [116.34311550000001, 39.9867876], [116.3431121, 39.986865599999994]]]}}, {"type": "Feature", "id": "BF-01198", "properties": {"id": "BF-01198", "layer": "BUILDING_FOOTPRINT", "building_type": "existing_retained", "area_sqm": 467.8, "source_id": "OSM-DERIVED-CORRIDOR-20260808", "source_type": "osm", "confidence": "medium", "geometry_role": "existing_condition"}, "geometry": {"type": "Polygon", "coordinates": [[[116.3414227, 39.986545], [116.34132620000001, 39.98654330000001], [116.3413244, 39.98660219999999], [116.34140920000002, 39.98660370000001], [116.3414073, 39.9866661], [116.3413372, 39.98666430000001], [116.34133540000002, 39.9867464], [116.3414134, 39.9867484], [116.341412, 39.98679409999999], [116.34154070000001, 39.98679640000001], [116.34154280000001, 39.986728199999995], [116.34152290000002, 39.9867279], [116.341524, 39.9866923], [116.341569, 39.9866931], [116.3415718, 39.986603300000006], [116.3415361, 39.98660259999999], [116.3415388, 39.9865142], [116.3414237, 39.9865121], [116.3414227, 39.986545]]]}}, {"type": "Feature", "id": "BF-01199", "properties": {"id": "BF-01199", "layer": "BUILDING_FOOTPRINT", "building_type": "existing_retained", "area_sqm": 763.1, "source_id": "OSM-DERIVED-CORRIDOR-20260808", "source_type": "osm", "confidence": "medium", "geometry_role": "existing_condition"}, "geometry": {"type": "Polygon", "coordinates": [[[116.34136900000001, 39.986497299999996], [116.34143380000002, 39.986498299999994], [116.3414346, 39.986465300000006], [116.3415297, 39.986466799999995], [116.3415289, 39.986494999999984], [116.3416047, 39.9864962], [116.34160549999999, 39.9864663], [116.3416782, 39.9864674], [116.3416773, 39.9864994], [116.34177850000002, 39.986501100000005], [116.3417793, 39.98647210000001], [116.34184760000001, 39.986473200000006], [116.3418466, 39.98651009999998], [116.341903, 39.98651099999999], [116.34190400000001, 39.986475600000006], [116.34201560000001, 39.9864775], [116.3420147, 39.98650889999999], [116.342118, 39.98651059999999], [116.3421198, 39.98644920000001], [116.34206849999998, 39.98644829999999], [116.3420688, 39.98643589999999], [116.342106, 39.98643650000001], [116.3421069, 39.98640449999999], [116.3420545, 39.986403599999996], [116.34205559999998, 39.9863661], [116.34196679999998, 39.98636460000001], [116.3419659, 39.98639669999999], [116.34186490000002, 39.98639500000001], [116.3418657, 39.986367300000005], [116.34179860000002, 39.98636609999999], [116.3417979, 39.9863894], [116.3416923, 39.9863877], [116.34169300000002, 39.9863608], [116.3416261, 39.9863597], [116.3416254, 39.986386200000005], [116.34151420000002, 39.98638439999999], [116.3415149, 39.98635929999999], [116.34144460000002, 39.9863582], [116.3414442, 39.9863767], [116.3413722, 39.98637559999999], [116.34136900000001, 39.986497299999996]]]}}, {"type": "Feature", "id": "BF-01200", "properties": {"id": "BF-01200", "layer": "BUILDING_FOOTPRINT", "building_type": "existing_retained", "area_sqm": 492.9, "source_id": "OSM-DERIVED-CORRIDOR-20260808", "source_type": "osm", "confidence": "medium", "geometry_role": "existing_condition"}, "geometry": {"type": "Polygon", "coordinates": [[[116.3420577, 39.9867838], [116.3421543, 39.9867856], [116.3421562, 39.98672669999999], [116.3420713, 39.986725100000015], [116.34207329999998, 39.986662700000004], [116.34217530000001, 39.98666459999999], [116.34217790000001, 39.98658249999999], [116.34206729999998, 39.98658040000001], [116.3420688, 39.98653470000001], [116.3419401, 39.9865322], [116.34193789999999, 39.98660039999999], [116.3419579, 39.98660079999999], [116.3419567, 39.986636299999994], [116.3419117, 39.986635500000006], [116.34190880000001, 39.986725299999996], [116.3419444, 39.986726000000004], [116.3419416, 39.9868145], [116.34205670000001, 39.9868166], [116.3420577, 39.9867838]]]}}, {"type": "Feature", "id": "BF-01201", "properties": {"id": "BF-01201", "layer": "BUILDING_FOOTPRINT", "building_type": "existing_retained", "area_sqm": 227.9, "source_id": "OSM-DERIVED-CORRIDOR-20260808", "source_type": "osm", "confidence": "medium", "geometry_role": "existing_condition"}, "geometry": {"type": "Polygon", "coordinates": [[[116.3450586, 39.9875343], [116.3451685, 39.9875374], [116.34517879999999, 39.98731900000001], [116.34506890000002, 39.98731589999999], [116.3450586, 39.9875343]]]}}, {"type": "Feature", "id": "BF-01202", "properties": {"id": "BF-01202", "layer": "BUILDING_FOOTPRINT", "building_type": "existing_retained", "area_sqm": 254.2, "source_id": "OSM-DERIVED-CORRIDOR-20260808", "source_type": "osm", "confidence": "medium", "geometry_role": "existing_condition"}, "geometry": {"type": "Polygon", "coordinates": [[[116.3461823, 39.99110610000001], [116.3464985, 39.9911133], [116.3465017, 39.99102859999999], [116.34618560000001, 39.99102139999999], [116.3461823, 39.99110610000001]]]}}, {"type": "Feature", "id": "BF-01203", "properties": {"id": "BF-01203", "layer": "BUILDING_FOOTPRINT", "building_type": "existing_retained", "area_sqm": 224.3, "source_id": "OSM-DERIVED-CORRIDOR-20260808", "source_type": "osm", "confidence": "medium", "geometry_role": "existing_condition"}, "geometry": {"type": "Polygon", "coordinates": [[[116.3461042, 39.99100899999999], [116.3465065, 39.9910212], [116.34650960000002, 39.9909625], [116.3461072, 39.990950300000016], [116.3461042, 39.99100899999999]]]}}, {"type": "Feature", "id": "BF-01204", "properties": {"id": "BF-01204", "layer": "BUILDING_FOOTPRINT", "building_type": "existing_retained", "area_sqm": 259.4, "source_id": "OSM-DERIVED-CORRIDOR-20260808", "source_type": "osm", "confidence": "medium", "geometry_role": "existing_condition"}, "geometry": {"type": "Polygon", "coordinates": [[[116.34651440000002, 39.991171599999994], [116.34659150000002, 39.9911734], [116.34660539999999, 39.99081919999999], [116.3465282, 39.99081739999999], [116.34651440000002, 39.991171599999994]]]}}, {"type": "Feature", "id": "BF-01205", "properties": {"id": "BF-01205", "layer": "BUILDING_FOOTPRINT", "building_type": "existing_retained", "area_sqm": 1479.4, "source_id": "OSM-DERIVED-CORRIDOR-20260808", "source_type": "osm", "confidence": "medium", "geometry_role": "existing_condition"}, "geometry": {"type": "Polygon", "coordinates": [[[116.34469130000001, 39.9917125], [116.34572270000001, 39.991737099999995], [116.3457288, 39.99158599999999], [116.3446974, 39.9915614], [116.34469130000001, 39.9917125]]]}}, {"type": "Feature", "id": "BF-01206", "properties": {"id": "BF-01206", "layer": "BUILDING_FOOTPRINT", "building_type": "existing_retained", "area_sqm": 789.6, "source_id": "OSM-DERIVED-CORRIDOR-20260808", "source_type": "osm", "confidence": "medium", "geometry_role": "existing_condition"}, "geometry": {"type": "Polygon", "coordinates": [[[116.34172609999999, 40.0070225], [116.3418789, 40.00702309999999], [116.34188239999999, 40.00647789999999], [116.34172969999999, 40.0064774], [116.34172609999999, 40.0070225]]]}}, {"type": "Feature", "id": "BF-01207", "properties": {"id": "BF-01207", "layer": "BUILDING_FOOTPRINT", "building_type": "existing_retained", "area_sqm": 726.5, "source_id": "OSM-DERIVED-CORRIDOR-20260808", "source_type": "osm", "confidence": "medium", "geometry_role": "existing_condition"}, "geometry": {"type": "Polygon", "coordinates": [[[116.3417391, 40.0070762], [116.34173390000001, 40.0076156], [116.341876, 40.00761640000002], [116.3418811, 40.007077], [116.3417391, 40.0070762]]]}}, {"type": "Feature", "id": "BF-01208", "properties": {"id": "BF-01208", "layer": "BUILDING_FOOTPRINT", "building_type": "existing_retained", "area_sqm": 713.2, "source_id": "OSM-DERIVED-CORRIDOR-20260808", "source_type": "osm", "confidence": "medium", "geometry_role": "existing_condition"}, "geometry": {"type": "Polygon", "coordinates": [[[116.34173150000001, 40.00770370000001], [116.34173150000001, 40.0077047], [116.34172289999998, 40.008198400000005], [116.3418789, 40.00819760000001], [116.34187940000001, 40.007702099999996], [116.34173150000001, 40.00770370000001]]]}}, {"type": "Feature", "id": "BF-01209", "properties": {"id": "BF-01209", "layer": "BUILDING_FOOTPRINT", "building_type": "existing_retained", "area_sqm": 452.1, "source_id": "OSM-DERIVED-CORRIDOR-20260808", "source_type": "osm", "confidence": "medium", "geometry_role": "existing_condition"}, "geometry": {"type": "Polygon", "coordinates": [[[116.3417286, 40.00824310000001], [116.34173270000001, 40.00856730000001], [116.3418797, 40.0085662], [116.34187910000001, 40.0085167], [116.3418757, 40.00824200000001], [116.3417286, 40.00824310000001]]]}}, {"type": "Feature", "id": "BF-01210", "properties": {"id": "BF-01210", "layer": "BUILDING_FOOTPRINT", "building_type": "existing_retained", "area_sqm": 850.3, "source_id": "OSM-DERIVED-CORRIDOR-20260808", "source_type": "osm", "confidence": "medium", "geometry_role": "existing_condition"}, "geometry": {"type": "Polygon", "coordinates": [[[116.34133660000002, 40.00875559999999], [116.3418432, 40.00875979999999], [116.3418457, 40.00858280000001], [116.34133909999998, 40.0085786], [116.34133660000002, 40.00875559999999]]]}}, {"type": "Feature", "id": "BF-01211", "properties": {"id": "BF-01211", "layer": "BUILDING_FOOTPRINT", "building_type": "existing_retained", "area_sqm": 1291.7, "source_id": "OSM-DERIVED-CORRIDOR-20260808", "source_type": "osm", "confidence": "medium", "geometry_role": "existing_condition"}, "geometry": {"type": "Polygon", "coordinates": [[[116.3413315, 40.0089868], [116.34132640000001, 40.00907479999999], [116.3415637, 40.0090728], [116.3415637, 40.00935960000001], [116.3418273, 40.00936], [116.3418871, 40.0092473], [116.3418843, 40.00899069999999], [116.3413315, 40.0089868]]]}}, {"type": "Feature", "id": "BF-01212", "properties": {"id": "BF-01212", "layer": "BUILDING_FOOTPRINT", "building_type": "existing_retained", "area_sqm": 419.3, "source_id": "OSM-DERIVED-CORRIDOR-20260808", "source_type": "osm", "confidence": "medium", "geometry_role": "existing_condition"}, "geometry": {"type": "Polygon", "coordinates": [[[116.3411601, 40.008998299999995], [116.3411575, 40.00935929999999], [116.34127999999998, 40.009359800000006], [116.34128260000001, 40.00899879999999], [116.3411601, 40.008998299999995]]]}}, {"type": "Feature", "id": "BF-01213", "properties": {"id": "BF-01213", "layer": "BUILDING_FOOTPRINT", "building_type": "existing_retained", "area_sqm": 619.1, "source_id": "OSM-DERIVED-CORRIDOR-20260808", "source_type": "osm", "confidence": "medium", "geometry_role": "existing_condition"}, "geometry": {"type": "Polygon", "coordinates": [[[116.34062419999998, 40.009164899999995], [116.34108950000001, 40.0091769], [116.3410983, 40.00897529999999], [116.340986, 40.0089724], [116.3409807, 40.0090924], [116.34073959999999, 40.00908619999999], [116.34074500000001, 40.008963], [116.3406332, 40.0089601], [116.34062419999998, 40.009164899999995]]]}}, {"type": "Feature", "id": "BF-01214", "properties": {"id": "BF-01214", "layer": "BUILDING_FOOTPRINT", "building_type": "existing_retained", "area_sqm": 1805.3, "source_id": "OSM-DERIVED-CORRIDOR-20260808", "source_type": "osm", "confidence": "medium", "geometry_role": "existing_condition"}, "geometry": {"type": "Polygon", "coordinates": [[[116.3374659, 40.00914490000001], [116.33744830000002, 40.00947669999999], [116.3380213, 40.00949450000001], [116.3380389, 40.0091628], [116.3374659, 40.00914490000001]]]}}, {"type": "Feature", "id": "BF-01215", "properties": {"id": "BF-01215", "layer": "BUILDING_FOOTPRINT", "building_type": "existing_retained", "area_sqm": 3650.0, "source_id": "OSM-DERIVED-CORRIDOR-20260808", "source_type": "osm", "confidence": "medium", "geometry_role": "existing_condition"}, "geometry": {"type": "Polygon", "coordinates": [[[116.33852390000001, 40.00880780000001], [116.3395877, 40.00881570000001], [116.3395922, 40.0084538], [116.33852840000002, 40.008446000000006], [116.33852390000001, 40.00880780000001]]]}}, {"type": "Feature", "id": "BF-01216", "properties": {"id": "BF-01216", "layer": "BUILDING_FOOTPRINT", "building_type": "existing_retained", "area_sqm": 1524.7, "source_id": "OSM-DERIVED-CORRIDOR-20260808", "source_type": "osm", "confidence": "medium", "geometry_role": "existing_condition"}, "geometry": {"type": "Polygon", "coordinates": [[[116.3396542, 40.00862970000001], [116.3405546, 40.0086296], [116.3405546, 40.0084509], [116.3396542, 40.0084512], [116.3396542, 40.00862970000001]]]}}, {"type": "Feature", "id": "BF-01217", "properties": {"id": "BF-01217", "layer": "BUILDING_FOOTPRINT", "building_type": "existing_retained", "area_sqm": 472.9, "source_id": "OSM-DERIVED-CORRIDOR-20260808", "source_type": "osm", "confidence": "medium", "geometry_role": "existing_condition"}, "geometry": {"type": "Polygon", "coordinates": [[[116.3374928, 40.009111600000004], [116.3380443, 40.00912449999999], [116.3380479, 40.0090341], [116.3374964, 40.00902129999999], [116.3374928, 40.009111600000004]]]}}, {"type": "Feature", "id": "BF-01218", "properties": {"id": "BF-01218", "layer": "BUILDING_FOOTPRINT", "building_type": "existing_retained", "area_sqm": 1152.6, "source_id": "OSM-DERIVED-CORRIDOR-20260808", "source_type": "osm", "confidence": "medium", "geometry_role": "existing_condition"}, "geometry": {"type": "Polygon", "coordinates": [[[116.33711679999999, 40.008875399999994], [116.33715760000001, 40.0088762], [116.3371926, 40.00894579999999], [116.33736190000002, 40.008895800000005], [116.3371178, 40.0084108], [116.3370588, 40.0084283], [116.3370263, 40.0083638], [116.3368811, 40.008406699999995], [116.33711679999999, 40.008875399999994]]]}}, {"type": "Feature", "id": "BF-01219", "properties": {"id": "BF-01219", "layer": "BUILDING_FOOTPRINT", "building_type": "existing_retained", "area_sqm": 1132.1, "source_id": "OSM-DERIVED-CORRIDOR-20260808", "source_type": "osm", "confidence": "medium", "geometry_role": "existing_condition"}, "geometry": {"type": "Polygon", "coordinates": [[[116.3374452, 40.0082673], [116.3381965, 40.0082745], [116.3381991, 40.00811569999999], [116.3374478, 40.0081083], [116.3374452, 40.0082673]]]}}, {"type": "Feature", "id": "BF-01220", "properties": {"id": "BF-01220", "layer": "BUILDING_FOOTPRINT", "building_type": "existing_retained", "area_sqm": 536.0, "source_id": "OSM-DERIVED-CORRIDOR-20260808", "source_type": "osm", "confidence": "medium", "geometry_role": "existing_condition"}, "geometry": {"type": "Polygon", "coordinates": [[[116.3376756, 40.007871099999996], [116.33809859999998, 40.00787549999999], [116.33812280000001, 40.007801199999996], [116.33810240000001, 40.007745500000006], [116.3376779, 40.007741099999976], [116.3376756, 40.007871099999996]]]}}, {"type": "Feature", "id": "BF-01221", "properties": {"id": "BF-01221", "layer": "BUILDING_FOOTPRINT", "building_type": "existing_retained", "area_sqm": 525.2, "source_id": "OSM-DERIVED-CORRIDOR-20260808", "source_type": "osm", "confidence": "medium", "geometry_role": "existing_condition"}, "geometry": {"type": "Polygon", "coordinates": [[[116.33789140000002, 40.007712500000004], [116.33808409999999, 40.007712500000004], [116.3380842, 40.00764230000001], [116.3381119, 40.0076423], [116.33811200000001, 40.00745249999999], [116.33789150000001, 40.0074524], [116.33789140000002, 40.007712500000004]]]}}, {"type": "Feature", "id": "BF-01222", "properties": {"id": "BF-01222", "layer": "BUILDING_FOOTPRINT", "building_type": "existing_retained", "area_sqm": 2132.3, "source_id": "OSM-DERIVED-CORRIDOR-20260808", "source_type": "osm", "confidence": "medium", "geometry_role": "existing_condition"}, "geometry": {"type": "Polygon", "coordinates": [[[116.33668860000002, 40.0075278], [116.3367026, 40.00758689999999], [116.3374289, 40.00758859999998], [116.3374268, 40.0076149], [116.3376349, 40.00753350000001], [116.3375745, 40.0074943], [116.3377323, 40.0073111], [116.3377286, 40.00728970000001], [116.33812160000001, 40.00728720000001], [116.33812280000001, 40.00715079999999], [116.33773369999999, 40.007158499999996], [116.3375919, 40.00723330000001], [116.3375661, 40.0072226], [116.33740579999998, 40.0074137], [116.3374634, 40.0074431], [116.33745679999998, 40.00745710000002], [116.3367069, 40.0074522], [116.33668860000002, 40.0075278]]]}}, {"type": "Feature", "id": "BF-01223", "properties": {"id": "BF-01223", "layer": "BUILDING_FOOTPRINT", "building_type": "existing_retained", "area_sqm": 1155.7, "source_id": "OSM-DERIVED-CORRIDOR-20260808", "source_type": "osm", "confidence": "medium", "geometry_role": "existing_condition"}, "geometry": {"type": "Polygon", "coordinates": [[[116.3362928, 40.0070154], [116.33629080000001, 40.00713600000001], [116.3363333, 40.007303399999984], [116.3364015, 40.0074242], [116.3364865, 40.00750789999999], [116.3364926, 40.00755670000001], [116.3365897, 40.007549700000006], [116.33659420000001, 40.0070512], [116.3362928, 40.0070154]]]}}, {"type": "Feature", "id": "BF-01224", "properties": {"id": "BF-01224", "layer": "BUILDING_FOOTPRINT", "building_type": "existing_retained", "area_sqm": 719.5, "source_id": "OSM-DERIVED-CORRIDOR-20260808", "source_type": "osm", "confidence": "medium", "geometry_role": "existing_condition"}, "geometry": {"type": "Polygon", "coordinates": [[[116.3361473, 40.00693859999999], [116.3366736, 40.0069446], [116.33667639999999, 40.0068004], [116.33615010000001, 40.00679450000001], [116.3361473, 40.00693859999999]]]}}, {"type": "Feature", "id": "BF-01225", "properties": {"id": "BF-01225", "layer": "BUILDING_FOOTPRINT", "building_type": "existing_retained", "area_sqm": 760.6, "source_id": "OSM-DERIVED-CORRIDOR-20260808", "source_type": "osm", "confidence": "medium", "geometry_role": "existing_condition"}, "geometry": {"type": "Polygon", "coordinates": [[[116.33594499999998, 40.006553600000004], [116.3366897, 40.006562800000005], [116.33669190000002, 40.006455199999984], [116.33594730000002, 40.0064458], [116.33594499999998, 40.006553600000004]]]}}, {"type": "Feature", "id": "BF-01226", "properties": {"id": "BF-01226", "layer": "BUILDING_FOOTPRINT", "building_type": "existing_retained", "area_sqm": 423.1, "source_id": "OSM-DERIVED-CORRIDOR-20260808", "source_type": "osm", "confidence": "medium", "geometry_role": "existing_condition"}, "geometry": {"type": "Polygon", "coordinates": [[[116.3367885, 40.0069267], [116.33722449999999, 40.00693379999999], [116.3372274, 40.00683149999999], [116.33679129999999, 40.00682439999999], [116.3367885, 40.0069267]]]}}, {"type": "Feature", "id": "BF-01227", "properties": {"id": "BF-01227", "layer": "BUILDING_FOOTPRINT", "building_type": "existing_retained", "area_sqm": 423.1, "source_id": "OSM-DERIVED-CORRIDOR-20260808", "source_type": "osm", "confidence": "medium", "geometry_role": "existing_condition"}, "geometry": {"type": "Polygon", "coordinates": [[[116.3373462, 40.0069374], [116.33778229999999, 40.0069445], [116.3377851, 40.0068422], [116.33734909999998, 40.0068351], [116.3373462, 40.0069374]]]}}, {"type": "Feature", "id": "BF-01228", "properties": {"id": "BF-01228", "layer": "BUILDING_FOOTPRINT", "building_type": "existing_retained", "area_sqm": 423.2, "source_id": "OSM-DERIVED-CORRIDOR-20260808", "source_type": "osm", "confidence": "medium", "geometry_role": "existing_condition"}, "geometry": {"type": "Polygon", "coordinates": [[[116.3378757, 40.0069423], [116.33831180000001, 40.0069494], [116.3383146, 40.0068471], [116.33787850000002, 40.00683999999999], [116.3378757, 40.0069423]]]}}, {"type": "Feature", "id": "BF-01229", "properties": {"id": "BF-01229", "layer": "BUILDING_FOOTPRINT", "building_type": "existing_retained", "area_sqm": 423.4, "source_id": "OSM-DERIVED-CORRIDOR-20260808", "source_type": "osm", "confidence": "medium", "geometry_role": "existing_condition"}, "geometry": {"type": "Polygon", "coordinates": [[[116.3374126, 40.0065347], [116.33784859999999, 40.006541899999995], [116.3378515, 40.006439500000006], [116.33741539999998, 40.006432399999994], [116.3374126, 40.0065347]]]}}, {"type": "Feature", "id": "BF-01230", "properties": {"id": "BF-01230", "layer": "BUILDING_FOOTPRINT", "building_type": "existing_retained", "area_sqm": 488.3, "source_id": "OSM-DERIVED-CORRIDOR-20260808", "source_type": "osm", "confidence": "medium", "geometry_role": "existing_condition"}, "geometry": {"type": "Polygon", "coordinates": [[[116.3368308, 40.00652490000001], [116.33733379999998, 40.0065327], [116.3373365, 40.0064303], [116.3368335, 40.00642260000001], [116.3368308, 40.00652490000001]]]}}, {"type": "Feature", "id": "BF-01231", "properties": {"id": "BF-01231", "layer": "BUILDING_FOOTPRINT", "building_type": "existing_retained", "area_sqm": 416.3, "source_id": "OSM-DERIVED-CORRIDOR-20260808", "source_type": "osm", "confidence": "medium", "geometry_role": "existing_condition"}, "geometry": {"type": "Polygon", "coordinates": [[[116.33795330000001, 40.0067413], [116.3383056, 40.006744899999994], [116.3383078, 40.0066203], [116.33795540000001, 40.00661670000001], [116.33795330000001, 40.0067413]]]}}, {"type": "Feature", "id": "BF-01232", "properties": {"id": "BF-01232", "layer": "BUILDING_FOOTPRINT", "building_type": "existing_retained", "area_sqm": 416.6, "source_id": "OSM-DERIVED-CORRIDOR-20260808", "source_type": "osm", "confidence": "medium", "geometry_role": "existing_condition"}, "geometry": {"type": "Polygon", "coordinates": [[[116.3379556, 40.006544600000005], [116.33830789999999, 40.00654819999999], [116.3383101, 40.0064235], [116.33795780000001, 40.0064199], [116.3379556, 40.006544600000005]]]}}, {"type": "Feature", "id": "BF-01233", "properties": {"id": "BF-01233", "layer": "BUILDING_FOOTPRINT", "building_type": "existing_retained", "area_sqm": 707.0, "source_id": "OSM-DERIVED-CORRIDOR-20260808", "source_type": "osm", "confidence": "medium", "geometry_role": "existing_condition"}, "geometry": {"type": "Polygon", "coordinates": [[[116.3368328, 40.006738199999994], [116.3374301, 40.006746099999994], [116.33743300000002, 40.00661599999999], [116.33710519999998, 40.00661169999999], [116.3371049, 40.00662340000001], [116.3368355, 40.0066198], [116.3368328, 40.006738199999994]]]}}, {"type": "Feature", "id": "BF-01234", "properties": {"id": "BF-01234", "layer": "BUILDING_FOOTPRINT", "building_type": "existing_retained", "area_sqm": 798.4, "source_id": "OSM-DERIVED-CORRIDOR-20260808", "source_type": "osm", "confidence": "medium", "geometry_role": "existing_condition"}, "geometry": {"type": "Polygon", "coordinates": [[[116.33758480000002, 40.00871719999999], [116.3378515, 40.00871239999999], [116.33784190000002, 40.00839679999999], [116.33757529999998, 40.0084015], [116.33758480000002, 40.00871719999999]]]}}, {"type": "Feature", "id": "BF-01235", "properties": {"id": "BF-01235", "layer": "BUILDING_FOOTPRINT", "building_type": "existing_retained", "area_sqm": 517.2, "source_id": "OSM-DERIVED-CORRIDOR-20260808", "source_type": "osm", "confidence": "medium", "geometry_role": "existing_condition"}, "geometry": {"type": "Polygon", "coordinates": [[[116.3380914, 40.0088845], [116.33829740000002, 40.0088854], [116.3382994, 40.0086206], [116.33809339999999, 40.0086197], [116.3380914, 40.0088845]]]}}, {"type": "Feature", "id": "BF-01236", "properties": {"id": "BF-01236", "layer": "BUILDING_FOOTPRINT", "building_type": "existing_retained", "area_sqm": 236.5, "source_id": "OSM-DERIVED-CORRIDOR-20260808", "source_type": "osm", "confidence": "medium", "geometry_role": "existing_condition"}, "geometry": {"type": "Polygon", "coordinates": [[[116.3380902, 40.0085219], [116.3383357, 40.00852279999999], [116.3383363, 40.0084212], [116.3380908, 40.0084203], [116.3380902, 40.0085219]]]}}, {"type": "Feature", "id": "BF-01237", "properties": {"id": "BF-01237", "layer": "BUILDING_FOOTPRINT", "building_type": "existing_retained", "area_sqm": 1271.2, "source_id": "OSM-DERIVED-CORRIDOR-20260808", "source_type": "osm", "confidence": "medium", "geometry_role": "existing_condition"}, "geometry": {"type": "Polygon", "coordinates": [[[116.3377887, 39.997572500000004], [116.3378731, 39.997573499999994], [116.3378727, 39.997589000000005], [116.3379535, 39.99759], [116.33795309999998, 39.99761050000001], [116.33804410000002, 39.997611599999985], [116.3380437, 39.997634999999995], [116.3386495, 39.99764249999999], [116.33865290000001, 39.9974843], [116.3380792, 39.9974772], [116.33807950000002, 39.99746090000001], [116.3379972, 39.9974599], [116.3379975, 39.99744720000001], [116.33789510000001, 39.997446], [116.3378953, 39.997436300000004], [116.3377915, 39.997435], [116.3377887, 39.997572500000004]]]}}, {"type": "Feature", "id": "BF-01238", "properties": {"id": "BF-01238", "layer": "BUILDING_FOOTPRINT", "building_type": "existing_retained", "area_sqm": 402.2, "source_id": "OSM-DERIVED-CORRIDOR-20260808", "source_type": "osm", "confidence": "medium", "geometry_role": "existing_condition"}, "geometry": {"type": "Polygon", "coordinates": [[[116.3380758, 39.9946181], [116.33821040000001, 39.9946232], [116.33823079999999, 39.9943089], [116.3380962, 39.994303699999996], [116.3380758, 39.9946181]]]}}, {"type": "Feature", "id": "BF-01239", "properties": {"id": "BF-01239", "layer": "BUILDING_FOOTPRINT", "building_type": "existing_retained", "area_sqm": 285.7, "source_id": "OSM-DERIVED-CORRIDOR-20260808", "source_type": "osm", "confidence": "medium", "geometry_role": "existing_condition"}, "geometry": {"type": "Polygon", "coordinates": [[[116.33385970000002, 40.0074238], [116.33386090000002, 40.0071805], [116.33373710000001, 40.00718010000001], [116.33373580000001, 40.0074234], [116.33385970000002, 40.0074238]]]}}, {"type": "Feature", "id": "BF-01240", "properties": {"id": "BF-01240", "layer": "BUILDING_FOOTPRINT", "building_type": "existing_retained", "area_sqm": 1815.8, "source_id": "OSM-DERIVED-CORRIDOR-20260808", "source_type": "osm", "confidence": "medium", "geometry_role": "existing_condition"}, "geometry": {"type": "Polygon", "coordinates": [[[116.3356387, 39.96358339999999], [116.33578740000002, 39.963005299999985], [116.3356447, 39.96298370000001], [116.33546870000002, 39.962957100000004], [116.3353201, 39.963535300000004], [116.3356387, 39.96358339999999]]]}}, {"type": "Feature", "id": "BF-01241", "properties": {"id": "BF-01241", "layer": "BUILDING_FOOTPRINT", "building_type": "existing_retained", "area_sqm": 1090.6, "source_id": "OSM-DERIVED-CORRIDOR-20260808", "source_type": "osm", "confidence": "medium", "geometry_role": "existing_condition"}, "geometry": {"type": "Polygon", "coordinates": [[[116.33579220000001, 39.962978699999994], [116.3358212, 39.962847499999995], [116.33497, 39.96273720000001], [116.33494110000001, 39.962868599999986], [116.33579220000001, 39.962978699999994]]]}}, {"type": "Feature", "id": "BF-01242", "properties": {"id": "BF-01242", "layer": "BUILDING_FOOTPRINT", "building_type": "existing_retained", "area_sqm": 580.0, "source_id": "OSM-DERIVED-CORRIDOR-20260808", "source_type": "osm", "confidence": "medium", "geometry_role": "existing_condition"}, "geometry": {"type": "Polygon", "coordinates": [[[116.3354081, 39.9626353], [116.33539790000002, 39.962681499999995], [116.33581230000001, 39.9627352], [116.33583449999999, 39.9626346], [116.3354779, 39.962588499999995], [116.33548800000001, 39.962543], [116.33527850000002, 39.962515799999984], [116.3352565, 39.96261559999999], [116.3354081, 39.9626353]]]}}, {"type": "Feature", "id": "BF-01243", "properties": {"id": "BF-01243", "layer": "BUILDING_FOOTPRINT", "building_type": "existing_retained", "area_sqm": 361.9, "source_id": "OSM-DERIVED-CORRIDOR-20260808", "source_type": "osm", "confidence": "medium", "geometry_role": "existing_condition"}, "geometry": {"type": "Polygon", "coordinates": [[[116.3358896, 39.9624506], [116.3359156, 39.9623461], [116.3355634, 39.9622946], [116.33553740000002, 39.96239909999999], [116.3358896, 39.9624506]]]}}, {"type": "Feature", "id": "BF-01244", "properties": {"id": "BF-01244", "layer": "BUILDING_FOOTPRINT", "building_type": "existing_retained", "area_sqm": 624.9, "source_id": "OSM-DERIVED-CORRIDOR-20260808", "source_type": "osm", "confidence": "medium", "geometry_role": "existing_condition"}, "geometry": {"type": "Polygon", "coordinates": [[[116.33575950000001, 39.9770518], [116.33592129999998, 39.9770595], [116.3360507, 39.977037599999996], [116.33605530000001, 39.9769387], [116.33584830000001, 39.9769362], [116.3358524, 39.9768369], [116.33566499999999, 39.9768338], [116.33563020000001, 39.977022500000004], [116.33575950000001, 39.9770518]]]}}, {"type": "Feature", "id": "BF-01245", "properties": {"id": "BF-01245", "layer": "BUILDING_FOOTPRINT", "building_type": "existing_retained", "area_sqm": 149.5, "source_id": "OSM-DERIVED-CORRIDOR-20260808", "source_type": "osm", "confidence": "medium", "geometry_role": "existing_condition"}, "geometry": {"type": "Polygon", "coordinates": [[[116.33288169999999, 39.99888570000001], [116.3328858, 39.998816500000004], [116.3326586, 39.99880859999999], [116.33265450000002, 39.9988779], [116.33288169999999, 39.99888570000001]]]}}, {"type": "Feature", "id": "BF-01246", "properties": {"id": "BF-01246", "layer": "BUILDING_FOOTPRINT", "building_type": "existing_retained", "area_sqm": 193.3, "source_id": "OSM-DERIVED-CORRIDOR-20260808", "source_type": "osm", "confidence": "medium", "geometry_role": "existing_condition"}, "geometry": {"type": "Polygon", "coordinates": [[[116.34572459999998, 39.999364500000006], [116.34572840000001, 39.9992939], [116.34548090000001, 39.9992861], [116.34547939999999, 39.999314], [116.34541250000001, 39.999311899999995], [116.3454102, 39.9993547], [116.34572459999998, 39.999364500000006]]]}}, {"type": "Feature", "id": "BF-01247", "properties": {"id": "BF-01247", "layer": "BUILDING_FOOTPRINT", "building_type": "existing_retained", "area_sqm": 138.5, "source_id": "OSM-DERIVED-CORRIDOR-20260808", "source_type": "osm", "confidence": "medium", "geometry_role": "existing_condition"}, "geometry": {"type": "Polygon", "coordinates": [[[116.33114720000002, 39.9909995], [116.33117539999999, 39.990852799999985], [116.33107850000002, 39.990839799999996], [116.3310501, 39.9909866], [116.33114720000002, 39.9909995]]]}}, {"type": "Feature", "id": "BF-01248", "properties": {"id": "BF-01248", "layer": "BUILDING_FOOTPRINT", "building_type": "existing_retained", "area_sqm": 2182.5, "source_id": "OSM-DERIVED-CORRIDOR-20260808", "source_type": "osm", "confidence": "medium", "geometry_role": "existing_condition"}, "geometry": {"type": "Polygon", "coordinates": [[[116.35121160000001, 39.944657], [116.3512085, 39.94419250000001], [116.35135080000002, 39.944118800000005], [116.35143819999999, 39.9440736], [116.3513483, 39.94396619999999], [116.3512639, 39.944009499999986], [116.3512115, 39.94403669999999], [116.3512084, 39.944036699999984], [116.35097820000001, 39.9440383], [116.35088070000002, 39.944039], [116.35088799999998, 39.94465749999999], [116.35121160000001, 39.944657]]]}}, {"type": "Feature", "id": "BF-01249", "properties": {"id": "BF-01249", "layer": "BUILDING_FOOTPRINT", "building_type": "existing_retained", "area_sqm": 1373.0, "source_id": "OSM-DERIVED-CORRIDOR-20260808", "source_type": "osm", "confidence": "medium", "geometry_role": "existing_condition"}, "geometry": {"type": "Polygon", "coordinates": [[[116.35159609999998, 39.944027099999985], [116.3515964, 39.9440081], [116.3516576, 39.944008700000005], [116.35165810000001, 39.94397639999999], [116.3517165, 39.9439769], [116.3517177, 39.943905399999984], [116.3517581, 39.94390580000001], [116.3517603, 39.943772700000004], [116.3517215, 39.94377239999999], [116.35172260000002, 39.9437038], [116.3516645, 39.9437033], [116.35166500000001, 39.943674099999996], [116.3516015, 39.943673499999996], [116.3516018, 39.9436547], [116.3514389, 39.94365309999999], [116.3514386, 39.9436721], [116.3513775, 39.9436715], [116.35137700000001, 39.943703899999996], [116.3513187, 39.94370330000001], [116.3513175, 39.94377490000001], [116.351277, 39.94377440000001], [116.35127530000001, 39.9439073], [116.3513136, 39.943908], [116.3513124, 39.943976400000004], [116.3513706, 39.94397699999999], [116.35137010000001, 39.94400609999999], [116.35143369999999, 39.94400679999999], [116.3514333, 39.9440255], [116.35159609999998, 39.944027099999985]]]}}, {"type": "Feature", "id": "BF-01250", "properties": {"id": "BF-01250", "layer": "BUILDING_FOOTPRINT", "building_type": "existing_retained", "area_sqm": 622.0, "source_id": "OSM-DERIVED-CORRIDOR-20260808", "source_type": "osm", "confidence": "medium", "geometry_role": "existing_condition"}, "geometry": {"type": "Polygon", "coordinates": [[[116.35120890000002, 39.943979599999984], [116.35120920000001, 39.94397130000001], [116.35121, 39.9439662], [116.35121050000001, 39.94396289999999], [116.3512141, 39.94395529999999], [116.3512193, 39.9439477], [116.3512259, 39.943941599999995], [116.35122930000001, 39.9439392], [116.35123420000001, 39.943935499999995], [116.3512433, 39.94393130000001], [116.3512535, 39.9439279], [116.3512643, 39.943926000000005], [116.35127499999999, 39.943925500000006], [116.35127530000001, 39.9439073], [116.351277, 39.94377440000001], [116.35127739999999, 39.9437463], [116.351249, 39.94374719999999], [116.35122940000001, 39.94374909999999], [116.3512256, 39.943749499999996], [116.35120299999998, 39.9437529], [116.3511801, 39.94375779999998], [116.35115830000001, 39.94376439999999], [116.3511365, 39.9437726], [116.3511158, 39.94378120000001], [116.3510954, 39.9437918], [116.351078, 39.94380319999999], [116.3510612, 39.9438157], [116.3510449, 39.9438293], [116.35103, 39.943844199999994], [116.3510177, 39.94385909999999], [116.3510071, 39.9438746], [116.3509974, 39.943891900000004], [116.3509894, 39.943909600000005], [116.35098430000001, 39.9439275], [116.35098060000001, 39.943945299999996], [116.3509787, 39.94395620000001], [116.3509781, 39.943966999999994], [116.3509776, 39.9439816], [116.35097820000001, 39.9440383], [116.3512084, 39.944036699999984], [116.35120890000002, 39.943979599999984]]]}}, {"type": "Feature", "id": "BF-01251", "properties": {"id": "BF-01251", "layer": "BUILDING_FOOTPRINT", "building_type": "existing_retained", "area_sqm": 2492.0, "source_id": "OSM-DERIVED-CORRIDOR-20260808", "source_type": "osm", "confidence": "medium", "geometry_role": "existing_condition"}, "geometry": {"type": "Polygon", "coordinates": [[[116.3520834, 39.94427149999999], [116.3520836, 39.94433659999999], [116.3522681, 39.9443364], [116.3522681, 39.94435959999999], [116.3524854, 39.9443594], [116.35248550000001, 39.94442419999999], [116.35269250000002, 39.94442399999999], [116.35269250000002, 39.9444387], [116.3528989, 39.9444385], [116.35289900000001, 39.9445029], [116.3530675, 39.944502699999994], [116.35306700000001, 39.9441797], [116.35273510000002, 39.94417999999999], [116.35273520000001, 39.9442832], [116.35257290000001, 39.9442834], [116.35257280000002, 39.9442343], [116.3522349, 39.9442347], [116.35223450000001, 39.943974799999985], [116.35200850000001, 39.9439751], [116.3520087, 39.9440911], [116.3519493, 39.9440912], [116.35194940000001, 39.9441748], [116.3518701, 39.9441749], [116.3518703, 39.944271699999994], [116.3520834, 39.94427149999999]]]}}, {"type": "Feature", "id": "BF-01252", "properties": {"id": "BF-01252", "layer": "BUILDING_FOOTPRINT", "building_type": "existing_retained", "area_sqm": 3528.6, "source_id": "OSM-DERIVED-CORRIDOR-20260808", "source_type": "osm", "confidence": "medium", "geometry_role": "existing_condition"}, "geometry": {"type": "Polygon", "coordinates": [[[116.35091369999999, 39.9460485], [116.3512199, 39.94605039999999], [116.35122450000001, 39.94484849999999], [116.3509112, 39.9448496], [116.35091369999999, 39.9460485]]]}}, {"type": "Feature", "id": "BF-01253", "properties": {"id": "BF-01253", "layer": "BUILDING_FOOTPRINT", "building_type": "existing_retained", "area_sqm": 555.6, "source_id": "OSM-DERIVED-CORRIDOR-20260808", "source_type": "osm", "confidence": "medium", "geometry_role": "existing_condition"}, "geometry": {"type": "Polygon", "coordinates": [[[116.33981800000001, 40.00185520000001], [116.33982249999998, 40.00171009999999], [116.33941890000001, 40.0017048], [116.33941560000001, 40.001850399999995], [116.33981800000001, 40.00185520000001]]]}}, {"type": "Feature", "id": "BF-01254", "properties": {"id": "BF-01254", "layer": "BUILDING_FOOTPRINT", "building_type": "existing_retained", "area_sqm": 128.4, "source_id": "OSM-DERIVED-CORRIDOR-20260808", "source_type": "osm", "confidence": "medium", "geometry_role": "existing_condition"}, "geometry": {"type": "Polygon", "coordinates": [[[116.3352904, 40.001312000000006], [116.3352942, 40.0011889], [116.3352355, 40.00118990000001], [116.335233, 40.001258299999996], [116.33510669999998, 40.0012563], [116.3351041, 40.0013052], [116.3352904, 40.001312000000006]]]}}, {"type": "Feature", "id": "BF-01255", "properties": {"id": "BF-01255", "layer": "BUILDING_FOOTPRINT", "building_type": "existing_retained", "area_sqm": 479.5, "source_id": "OSM-DERIVED-CORRIDOR-20260808", "source_type": "osm", "confidence": "medium", "geometry_role": "existing_condition"}, "geometry": {"type": "Polygon", "coordinates": [[[116.34012189999999, 40.000965900000004], [116.34012700000001, 40.000831100000006], [116.33974930000001, 40.0008291], [116.33974419999998, 40.000961999999994], [116.34012189999999, 40.000965900000004]]]}}, {"type": "Feature", "id": "BF-01256", "properties": {"id": "BF-01256", "layer": "BUILDING_FOOTPRINT", "building_type": "existing_retained", "area_sqm": 1310.6, "source_id": "OSM-DERIVED-CORRIDOR-20260808", "source_type": "osm", "confidence": "medium", "geometry_role": "existing_condition"}, "geometry": {"type": "Polygon", "coordinates": [[[116.3419519, 40.0028616], [116.341951, 40.00283890000001], [116.3424339, 40.0028462], [116.34243299999999, 40.002874099999985], [116.34255660000001, 40.00287560000001], [116.34256610000001, 40.00262899999999], [116.34244250000002, 40.00262819999999], [116.3424406, 40.00268549999999], [116.34195380000001, 40.00268179999999], [116.34195290000001, 40.00261789999999], [116.34183019999999, 40.00262010000001], [116.3418216, 40.002861599999996], [116.3419519, 40.0028616]]]}}, {"type": "Feature", "id": "BF-01257", "properties": {"id": "BF-01257", "layer": "BUILDING_FOOTPRINT", "building_type": "existing_retained", "area_sqm": 660.8, "source_id": "OSM-DERIVED-CORRIDOR-20260808", "source_type": "osm", "confidence": "medium", "geometry_role": "existing_condition"}, "geometry": {"type": "Polygon", "coordinates": [[[116.3424445, 40.003476400000004], [116.3424504, 40.00334720000001], [116.3419119, 40.003332699999994], [116.341906, 40.00346199999999], [116.3424445, 40.003476400000004]]]}}, {"type": "Feature", "id": "BF-01258", "properties": {"id": "BF-01258", "layer": "BUILDING_FOOTPRINT", "building_type": "existing_retained", "area_sqm": 3016.2, "source_id": "OSM-DERIVED-CORRIDOR-20260808", "source_type": "osm", "confidence": "medium", "geometry_role": "existing_condition"}, "geometry": {"type": "Polygon", "coordinates": [[[116.33220480000001, 40.00339129999999], [116.33245950000001, 40.00338059999999], [116.3324495, 40.003095900000005], [116.33245209999998, 40.0029455], [116.3326022, 40.00294540000001], [116.3326061, 40.00301509999999], [116.3330813, 40.0030014], [116.3330858, 40.00317900000001], [116.33326240000001, 40.00317489999999], [116.33327850000002, 40.00309980000001], [116.3333696, 40.0030781], [116.333369, 40.00302820000002], [116.33329210000001, 40.0030111], [116.33329519999998, 40.002812899999995], [116.3330268, 40.0028186], [116.33302359999999, 40.00286330000001], [116.33279710000001, 40.00286839999999], [116.3327962, 40.0028259], [116.332189, 40.0028313], [116.33220480000001, 40.00339129999999]]]}}, {"type": "Feature", "id": "BF-01259", "properties": {"id": "BF-01259", "layer": "BUILDING_FOOTPRINT", "building_type": "existing_retained", "area_sqm": 1053.9, "source_id": "OSM-DERIVED-CORRIDOR-20260808", "source_type": "osm", "confidence": "medium", "geometry_role": "existing_condition"}, "geometry": {"type": "Polygon", "coordinates": [[[116.33383129999999, 40.00545850000001], [116.33442220000002, 40.00528179999999], [116.3342967, 40.005035400000004], [116.33410600000002, 40.00509240000001], [116.3341686, 40.0052152], [116.3337684, 40.0053348], [116.33383129999999, 40.00545850000001]]]}}, {"type": "Feature", "id": "BF-01260", "properties": {"id": "BF-01260", "layer": "BUILDING_FOOTPRINT", "building_type": "existing_retained", "area_sqm": 446.2, "source_id": "OSM-DERIVED-CORRIDOR-20260808", "source_type": "osm", "confidence": "medium", "geometry_role": "existing_condition"}, "geometry": {"type": "Polygon", "coordinates": [[[116.33286510000002, 40.004703], [116.33311860000002, 40.0047151], [116.33313369999999, 40.0045302], [116.3328802, 40.004518099999984], [116.33286510000002, 40.004703]]]}}, {"type": "Feature", "id": "BF-01261", "properties": {"id": "BF-01261", "layer": "BUILDING_FOOTPRINT", "building_type": "existing_retained", "area_sqm": 406.2, "source_id": "OSM-DERIVED-CORRIDOR-20260808", "source_type": "osm", "confidence": "medium", "geometry_role": "existing_condition"}, "geometry": {"type": "Polygon", "coordinates": [[[116.3328557, 40.004803700000004], [116.33333310000002, 40.004826], [116.33334019999998, 40.0047366], [116.33286279999999, 40.0047143], [116.3328557, 40.004803700000004]]]}}, {"type": "Feature", "id": "BF-01262", "properties": {"id": "BF-01262", "layer": "BUILDING_FOOTPRINT", "building_type": "existing_retained", "area_sqm": 547.9, "source_id": "OSM-DERIVED-CORRIDOR-20260808", "source_type": "osm", "confidence": "medium", "geometry_role": "existing_condition"}, "geometry": {"type": "Polygon", "coordinates": [[[116.3322653, 40.0053283], [116.3322754, 40.00524279999999], [116.3316052, 40.0051961], [116.331595, 40.0052816], [116.3322653, 40.0053283]]]}}, {"type": "Feature", "id": "BF-01263", "properties": {"id": "BF-01263", "layer": "BUILDING_FOOTPRINT", "building_type": "existing_retained", "area_sqm": 3086.9, "source_id": "OSM-DERIVED-CORRIDOR-20260808", "source_type": "osm", "confidence": "medium", "geometry_role": "existing_condition"}, "geometry": {"type": "Polygon", "coordinates": [[[116.3382495, 39.983973], [116.33824199999998, 39.98421960000001], [116.3389376, 39.984232], [116.33894990000002, 39.983830000000005], [116.3389519, 39.983764400000005], [116.33876660000001, 39.9837611], [116.33840390000002, 39.9837546], [116.33825630000001, 39.98375190000001], [116.3382495, 39.983973]]]}}, {"type": "Feature", "id": "BF-01264", "properties": {"id": "BF-01264", "layer": "BUILDING_FOOTPRINT", "building_type": "existing_retained", "area_sqm": 2696.3, "source_id": "OSM-DERIVED-CORRIDOR-20260808", "source_type": "osm", "confidence": "medium", "geometry_role": "existing_condition"}, "geometry": {"type": "Polygon", "coordinates": [[[116.3391248, 39.9842919], [116.33933349999998, 39.98430059999999], [116.33966410000001, 39.984303000000004], [116.33991390000001, 39.9843059], [116.3404623, 39.9843217], [116.34047290000001, 39.984042800000005], [116.3402387, 39.98403749999999], [116.3402363, 39.984099399999984], [116.34023470000001, 39.984142799999994], [116.33935719999998, 39.98412249999999], [116.3393569, 39.98406970000001], [116.33936180000002, 39.98399799999999], [116.3393534, 39.98400130000001], [116.33913600000001, 39.98399640000002], [116.3391248, 39.9842919]]]}}, {"type": "Feature", "id": "BF-01265", "properties": {"id": "BF-01265", "layer": "BUILDING_FOOTPRINT", "building_type": "existing_retained", "area_sqm": 1331.5, "source_id": "OSM-DERIVED-CORRIDOR-20260808", "source_type": "osm", "confidence": "medium", "geometry_role": "existing_condition"}, "geometry": {"type": "Polygon", "coordinates": [[[116.3370659, 39.9818679], [116.33696499999999, 39.9818644], [116.33696739999999, 39.9818233], [116.33605869999998, 39.98179129999999], [116.336056, 39.9818366], [116.3359481, 39.98183279999999], [116.335937, 39.98201819999999], [116.3360756, 39.9820231], [116.33608340000002, 39.981893899999996], [116.3369273, 39.9819236], [116.33691940000001, 39.982055300000006], [116.33705440000001, 39.982060000000004], [116.3370659, 39.9818679]]]}}, {"type": "Feature", "id": "BF-01266", "properties": {"id": "BF-01266", "layer": "BUILDING_FOOTPRINT", "building_type": "existing_retained", "area_sqm": 1331.0, "source_id": "OSM-DERIVED-CORRIDOR-20260808", "source_type": "osm", "confidence": "medium", "geometry_role": "existing_condition"}, "geometry": {"type": "Polygon", "coordinates": [[[116.33584790000002, 39.9830784], [116.3359489, 39.9830812], [116.33594699999999, 39.9831222], [116.33685609999999, 39.98314679999999], [116.33685820000001, 39.983101500000004], [116.3369661, 39.983104499999996], [116.3369747, 39.982918999999995], [116.33683599999999, 39.982915199999994], [116.33683, 39.9830445], [116.33598570000001, 39.983021599999994], [116.3359918, 39.982889899999996], [116.3358568, 39.982886199999996], [116.33584790000002, 39.9830784]]]}}, {"type": "Feature", "id": "BF-01267", "properties": {"id": "BF-01267", "layer": "BUILDING_FOOTPRINT", "building_type": "existing_retained", "area_sqm": 724.0, "source_id": "OSM-DERIVED-CORRIDOR-20260808", "source_type": "osm", "confidence": "medium", "geometry_role": "existing_condition"}, "geometry": {"type": "Polygon", "coordinates": [[[116.3355524, 39.98385760000001], [116.3355592, 39.983735100000004], [116.3349369, 39.9837151], [116.3349301, 39.98383749999999], [116.3355524, 39.98385760000001]]]}}, {"type": "Feature", "id": "BF-01268", "properties": {"id": "BF-01268", "layer": "BUILDING_FOOTPRINT", "building_type": "existing_retained", "area_sqm": 1282.2, "source_id": "OSM-DERIVED-CORRIDOR-20260808", "source_type": "osm", "confidence": "medium", "geometry_role": "existing_condition"}, "geometry": {"type": "Polygon", "coordinates": [[[116.33690410000001, 39.98380190000001], [116.33691010000001, 39.98368030000001], [116.3358004, 39.9836483], [116.3357944, 39.98377000000001], [116.33690410000001, 39.98380190000001]]]}}, {"type": "Feature", "id": "BF-01269", "properties": {"id": "BF-01269", "layer": "BUILDING_FOOTPRINT", "building_type": "existing_retained", "area_sqm": 1070.2, "source_id": "OSM-DERIVED-CORRIDOR-20260808", "source_type": "osm", "confidence": "medium", "geometry_role": "existing_condition"}, "geometry": {"type": "Polygon", "coordinates": [[[116.3389489, 39.9833955], [116.33804410000002, 39.9833566], [116.3380258, 39.9836069], [116.33819030000001, 39.983614], [116.33820160000002, 39.983459999999994], [116.33894190000001, 39.98349179999999], [116.3389489, 39.9833955]]]}}, {"type": "Feature", "id": "BF-01270", "properties": {"id": "BF-01270", "layer": "BUILDING_FOOTPRINT", "building_type": "existing_retained", "area_sqm": 1282.2, "source_id": "OSM-DERIVED-CORRIDOR-20260808", "source_type": "osm", "confidence": "medium", "geometry_role": "existing_condition"}, "geometry": {"type": "Polygon", "coordinates": [[[116.3368967, 39.9841609], [116.33690259999999, 39.98403919999999], [116.3357929, 39.9840073], [116.335787, 39.9841289], [116.3368967, 39.9841609]]]}}, {"type": "Feature", "id": "BF-01271", "properties": {"id": "BF-01271", "layer": "BUILDING_FOOTPRINT", "building_type": "existing_retained", "area_sqm": 1568.5, "source_id": "OSM-DERIVED-CORRIDOR-20260808", "source_type": "osm", "confidence": "medium", "geometry_role": "existing_condition"}, "geometry": {"type": "Polygon", "coordinates": [[[116.33527229999999, 39.9841738], [116.3352964, 39.9843159], [116.33541930000001, 39.98442519999999], [116.3356003, 39.984473099999995], [116.33662450000001, 39.98450570000001], [116.3366337, 39.9844098], [116.33561309999999, 39.9843846], [116.3355119, 39.98435979999999], [116.335429, 39.98427970000001], [116.33540760000001, 39.98416919999999], [116.3354164, 39.984135], [116.33546090000002, 39.9841363], [116.33546990000002, 39.98403649999999], [116.3352898, 39.9840183], [116.33527229999999, 39.9841738]]]}}, {"type": "Feature", "id": "BF-01272", "properties": {"id": "BF-01272", "layer": "BUILDING_FOOTPRINT", "building_type": "existing_retained", "area_sqm": 724.0, "source_id": "OSM-DERIVED-CORRIDOR-20260808", "source_type": "osm", "confidence": "medium", "geometry_role": "existing_condition"}, "geometry": {"type": "Polygon", "coordinates": [[[116.3378265, 39.983920600000005], [116.33783320000002, 39.983798099999994], [116.3372109, 39.983778099999995], [116.3372042, 39.9839005], [116.3378265, 39.983920600000005]]]}}, {"type": "Feature", "id": "BF-01273", "properties": {"id": "BF-01273", "layer": "BUILDING_FOOTPRINT", "building_type": "existing_retained", "area_sqm": 901.0, "source_id": "OSM-DERIVED-CORRIDOR-20260808", "source_type": "osm", "confidence": "medium", "geometry_role": "existing_condition"}, "geometry": {"type": "Polygon", "coordinates": [[[116.336828, 39.9843055], [116.33682469999998, 39.9843945], [116.336877, 39.984395599999985], [116.3368761, 39.98442179999999], [116.33682130000001, 39.9844206], [116.3368191, 39.98447839999999], [116.3368691, 39.984479500000006], [116.33686729999998, 39.984527400000005], [116.33681320000001, 39.9845263], [116.3368109, 39.9845861], [116.33684439999999, 39.9845869], [116.33684359999998, 39.98460769999999], [116.3368053, 39.9846069], [116.3368039, 39.98464469999999], [116.3371406, 39.98465209999999], [116.33714170000002, 39.9846222], [116.3370942, 39.98462119999999], [116.3370956, 39.984585800000005], [116.3371317, 39.9845866], [116.33713329999999, 39.9845426], [116.33707840000001, 39.9845414], [116.3370797, 39.9845063], [116.33709690000002, 39.9845067], [116.3370977, 39.9844851], [116.33714, 39.984486], [116.33714200000001, 39.984430999999994], [116.33708440000001, 39.984429799999994], [116.33708530000001, 39.9844063], [116.33714470000001, 39.98440759999999], [116.33714800000001, 39.9843168], [116.3370753, 39.9843152], [116.3370743, 39.9843436], [116.33702359999998, 39.984342600000005], [116.3370243, 39.9843213], [116.336951, 39.984319799999994], [116.33695020000002, 39.984340399999994], [116.3369037, 39.98433940000001], [116.3369049, 39.984307199999996], [116.336828, 39.9843055]]]}}, {"type": "Feature", "id": "BF-01274", "properties": {"id": "BF-01274", "layer": "BUILDING_FOOTPRINT", "building_type": "existing_retained", "area_sqm": 1034.7, "source_id": "OSM-DERIVED-CORRIDOR-20260808", "source_type": "osm", "confidence": "medium", "geometry_role": "existing_condition"}, "geometry": {"type": "Polygon", "coordinates": [[[116.33692660000001, 39.983328699999994], [116.3369252, 39.9833699], [116.33682829999998, 39.9833679], [116.3368227, 39.98352839999999], [116.3369402, 39.9835309], [116.33694399999999, 39.98342369999999], [116.3376669, 39.98343870000001], [116.33766289999998, 39.9835501], [116.3377815, 39.9835526], [116.33778740000001, 39.9833854], [116.3376972, 39.9833835], [116.33769860000001, 39.983344699999996], [116.33692660000001, 39.983328699999994]]]}}, {"type": "Feature", "id": "BF-01275", "properties": {"id": "BF-01275", "layer": "BUILDING_FOOTPRINT", "building_type": "existing_retained", "area_sqm": 901.2, "source_id": "OSM-DERIVED-CORRIDOR-20260808", "source_type": "osm", "confidence": "medium", "geometry_role": "existing_condition"}, "geometry": {"type": "Polygon", "coordinates": [[[116.33745190000002, 39.9843463], [116.33744860000002, 39.9844353], [116.337501, 39.9844364], [116.3375, 39.98446260000001], [116.3374452, 39.9844614], [116.3374431, 39.9845192], [116.3374931, 39.98452029999999], [116.33749129999998, 39.984568199999984], [116.3374371, 39.98456699999999], [116.3374349, 39.9846269], [116.33746840000002, 39.98462769999999], [116.33746759999998, 39.984648499999984], [116.3374292, 39.984647599999995], [116.3374278, 39.984685500000005], [116.33776450000002, 39.98469289999999], [116.33776570000002, 39.98466299999999], [116.3377182, 39.98466189999999], [116.33771950000002, 39.9846265], [116.33775560000001, 39.984627299999985], [116.33775730000002, 39.98458339999999], [116.3377024, 39.98458219999999], [116.3377037, 39.98454709999999], [116.3377209, 39.984547400000004], [116.3377217, 39.9845258], [116.337764, 39.98452679999999], [116.33776600000002, 39.984471799999994], [116.3377084, 39.984470599999995], [116.3377092, 39.984447100000004], [116.3377686, 39.98444839999999], [116.33777200000002, 39.98435750000001], [116.3376993, 39.98435599999999], [116.33769820000002, 39.984384399999996], [116.33764750000002, 39.9843833], [116.3376483, 39.9843621], [116.33757490000002, 39.9843605], [116.33757409999998, 39.9843812], [116.3375277, 39.9843802], [116.3375289, 39.98434799999999], [116.33745190000002, 39.9843463]]]}}, {"type": "Feature", "id": "BF-01276", "properties": {"id": "BF-01276", "layer": "BUILDING_FOOTPRINT", "building_type": "existing_retained", "area_sqm": 1034.8, "source_id": "OSM-DERIVED-CORRIDOR-20260808", "source_type": "osm", "confidence": "medium", "geometry_role": "existing_condition"}, "geometry": {"type": "Polygon", "coordinates": [[[116.33505140000001, 39.98325979999999], [116.33505000000001, 39.983301], [116.3349531, 39.98329900000002], [116.3349474, 39.9834595], [116.33506499999999, 39.983462], [116.3350687, 39.983354799999994], [116.33579160000001, 39.9833698], [116.33578770000001, 39.98348130000001], [116.33590620000001, 39.983483699999994], [116.33591220000001, 39.9833165], [116.33582199999998, 39.98331459999999], [116.33582340000001, 39.98327580000001], [116.33505140000001, 39.98325979999999]]]}}, {"type": "Feature", "id": "BF-01277", "properties": {"id": "BF-01277", "layer": "BUILDING_FOOTPRINT", "building_type": "existing_retained", "area_sqm": 1154.3, "source_id": "OSM-DERIVED-CORRIDOR-20260808", "source_type": "osm", "confidence": "medium", "geometry_role": "existing_condition"}, "geometry": {"type": "Polygon", "coordinates": [[[116.33600640000002, 39.9834938], [116.3362451, 39.9835023], [116.3362473, 39.9834651], [116.3367515, 39.98348310000001], [116.33676070000001, 39.9833316], [116.336018, 39.98330500000001], [116.33600640000002, 39.9834938]]]}}, {"type": "Feature", "id": "BF-01278", "properties": {"id": "BF-01278", "layer": "BUILDING_FOOTPRINT", "building_type": "existing_retained", "area_sqm": 400.6, "source_id": "OSM-DERIVED-CORRIDOR-20260808", "source_type": "osm", "confidence": "medium", "geometry_role": "existing_condition"}, "geometry": {"type": "Polygon", "coordinates": [[[116.32220860000001, 40.01344869999999], [116.3222204, 40.0132567], [116.32211010000002, 40.01325520000001], [116.322108, 40.013344], [116.3219045, 40.013340299999996], [116.3219006, 40.0134482], [116.32220860000001, 40.01344869999999]]]}}, {"type": "Feature", "id": "BF-01279", "properties": {"id": "BF-01279", "layer": "BUILDING_FOOTPRINT", "building_type": "existing_retained", "area_sqm": 686.3, "source_id": "OSM-DERIVED-CORRIDOR-20260808", "source_type": "osm", "confidence": "medium", "geometry_role": "existing_condition"}, "geometry": {"type": "Polygon", "coordinates": [[[116.32241299999998, 40.0136086], [116.322237, 40.013589], [116.3221605, 40.01399190000001], [116.32233640000001, 40.01401149999999], [116.32241299999998, 40.0136086]]]}}, {"type": "Feature", "id": "BF-01280", "properties": {"id": "BF-01280", "layer": "BUILDING_FOOTPRINT", "building_type": "existing_retained", "area_sqm": 513.9, "source_id": "OSM-DERIVED-CORRIDOR-20260808", "source_type": "osm", "confidence": "medium", "geometry_role": "existing_condition"}, "geometry": {"type": "Polygon", "coordinates": [[[116.3259329, 40.0117622], [116.3262756, 40.0114507], [116.3261763, 40.01138419999999], [116.3258297, 40.01169779999999], [116.3259329, 40.0117622]]]}}, {"type": "Feature", "id": "BF-01281", "properties": {"id": "BF-01281", "layer": "BUILDING_FOOTPRINT", "building_type": "existing_retained", "area_sqm": 6746.8, "source_id": "OSM-DERIVED-CORRIDOR-20260808", "source_type": "osm", "confidence": "medium", "geometry_role": "existing_condition"}, "geometry": {"type": "Polygon", "coordinates": [[[116.3315058, 39.9840578], [116.3315234, 39.983642], [116.3315311, 39.98346020000001], [116.33065939999999, 39.9834202], [116.3306388, 39.9835208], [116.3304838, 39.983534199999994], [116.3304648, 39.98356199999999], [116.3303572, 39.98354749999999], [116.3301785, 39.98382149999998], [116.3301927, 39.9839936], [116.3315058, 39.9840578]]]}}, {"type": "Feature", "id": "BF-01282", "properties": {"id": "BF-01282", "layer": "BUILDING_FOOTPRINT", "building_type": "existing_retained", "area_sqm": 1457.2, "source_id": "OSM-DERIVED-CORRIDOR-20260808", "source_type": "osm", "confidence": "medium", "geometry_role": "existing_condition"}, "geometry": {"type": "Polygon", "coordinates": [[[116.3315058, 39.9840578], [116.3315234, 39.983642], [116.3311563, 39.983631300000006], [116.33112719999998, 39.9840377], [116.3315058, 39.9840578]]]}}, {"type": "Feature", "id": "BF-01283", "properties": {"id": "BF-01283", "layer": "BUILDING_FOOTPRINT", "building_type": "existing_retained", "area_sqm": 161.3, "source_id": "OSM-DERIVED-CORRIDOR-20260808", "source_type": "osm", "confidence": "medium", "geometry_role": "existing_condition"}, "geometry": {"type": "Polygon", "coordinates": [[[116.33337210000002, 39.981152599999994], [116.33339689999998, 39.9810021], [116.33328570000002, 39.9809913], [116.33326090000001, 39.981141799999996], [116.33337210000002, 39.981152599999994]]]}}, {"type": "Feature", "id": "BF-01284", "properties": {"id": "BF-01284", "layer": "BUILDING_FOOTPRINT", "building_type": "existing_retained", "area_sqm": 5519.3, "source_id": "OSM-DERIVED-CORRIDOR-20260808", "source_type": "osm", "confidence": "medium", "geometry_role": "existing_condition"}, "geometry": {"type": "Polygon", "coordinates": [[[116.3359618, 39.963773799999984], [116.3375871, 39.963982099999996], [116.3384653, 39.964094700000004], [116.33851310000001, 39.963876], [116.3358989, 39.9635405], [116.33587589999999, 39.9636455], [116.3359618, 39.963773799999984]]]}}, {"type": "Feature", "id": "BF-01285", "properties": {"id": "BF-01285", "layer": "BUILDING_FOOTPRINT", "building_type": "existing_retained", "area_sqm": 1320.5, "source_id": "OSM-DERIVED-CORRIDOR-20260808", "source_type": "osm", "confidence": "medium", "geometry_role": "existing_condition"}, "geometry": {"type": "Polygon", "coordinates": [[[116.3385838, 39.963475700000004], [116.33869529999998, 39.9629067], [116.33846789999998, 39.96287379999999], [116.3383348, 39.9634363], [116.3385838, 39.963475700000004]]]}}, {"type": "Feature", "id": "BF-01286", "properties": {"id": "BF-01286", "layer": "BUILDING_FOOTPRINT", "building_type": "existing_retained", "area_sqm": 70609.7, "source_id": "OSM-DERIVED-CORRIDOR-20260808", "source_type": "osm", "confidence": "medium", "geometry_role": "existing_condition"}, "geometry": {"type": "Polygon", "coordinates": [[[116.34705220000001, 39.9418654], [116.3466545, 39.9422165], [116.34582770000002, 39.9445459], [116.3457285, 39.9448502], [116.34564, 39.945193599999996], [116.3455716, 39.94553499999999], [116.34553400000001, 39.94588759999999], [116.3455233, 39.9461704], [116.34556490000001, 39.9465549], [116.34569900000001, 39.9465549], [116.34571310000001, 39.94691269999999], [116.3467048, 39.9469466], [116.34676110000001, 39.9463452], [116.3468041, 39.9460552], [116.34686979999998, 39.94574159999999], [116.3469851, 39.94530569999999], [116.3471058, 39.94490270000001], [116.34835690000001, 39.941395400000005], [116.3473016, 39.941162899999995], [116.34705220000001, 39.9418654]]]}}, {"type": "Feature", "id": "BF-01287", "properties": {"id": "BF-01287", "layer": "BUILDING_FOOTPRINT", "building_type": "existing_retained", "area_sqm": 521.0, "source_id": "OSM-DERIVED-CORRIDOR-20260808", "source_type": "osm", "confidence": "medium", "geometry_role": "existing_condition"}, "geometry": {"type": "Polygon", "coordinates": [[[116.34702270000001, 39.94597999999999], [116.3471233, 39.9456746], [116.3469543, 39.9456419], [116.3468537, 39.94594730000001], [116.34702270000001, 39.94597999999999]]]}}, {"type": "Feature", "id": "BF-01288", "properties": {"id": "BF-01288", "layer": "BUILDING_FOOTPRINT", "building_type": "existing_retained", "area_sqm": 285.7, "source_id": "OSM-DERIVED-CORRIDOR-20260808", "source_type": "osm", "confidence": "medium", "geometry_role": "existing_condition"}, "geometry": {"type": "Polygon", "coordinates": [[[116.34701310000001, 39.946309799999995], [116.34711240000001, 39.946034], [116.3470109, 39.946012599999996], [116.34691169999999, 39.94628840000001], [116.34701310000001, 39.946309799999995]]]}}, {"type": "Feature", "id": "BF-01289", "properties": {"id": "BF-01289", "layer": "BUILDING_FOOTPRINT", "building_type": "existing_retained", "area_sqm": 299.0, "source_id": "OSM-DERIVED-CORRIDOR-20260808", "source_type": "osm", "confidence": "medium", "geometry_role": "existing_condition"}, "geometry": {"type": "Polygon", "coordinates": [[[116.34690870000001, 39.9462876], [116.34700500000001, 39.9460106], [116.34691449999998, 39.94599209999999], [116.3468915, 39.9460582], [116.34682220000002, 39.9460441], [116.34680039999999, 39.94610659999999], [116.34686970000001, 39.9461208], [116.34681810000001, 39.946269099999995], [116.34690870000001, 39.9462876]]]}}, {"type": "Feature", "id": "BF-01290", "properties": {"id": "BF-01290", "layer": "BUILDING_FOOTPRINT", "building_type": "existing_retained", "area_sqm": 276.2, "source_id": "OSM-DERIVED-CORRIDOR-20260808", "source_type": "osm", "confidence": "medium", "geometry_role": "existing_condition"}, "geometry": {"type": "Polygon", "coordinates": [[[116.3467751, 39.94639990000001], [116.34671610000001, 39.9465726], [116.3468738, 39.9466043], [116.3469328, 39.946431499999996], [116.3467751, 39.94639990000001]]]}}, {"type": "Feature", "id": "BF-01291", "properties": {"id": "BF-01291", "layer": "BUILDING_FOOTPRINT", "building_type": "existing_retained", "area_sqm": 223.4, "source_id": "OSM-DERIVED-CORRIDOR-20260808", "source_type": "osm", "confidence": "medium", "geometry_role": "existing_condition"}, "geometry": {"type": "Polygon", "coordinates": [[[116.3468617, 39.9466521], [116.34676920000001, 39.946632799999996], [116.3466854, 39.9468698], [116.34677789999999, 39.94688909999999], [116.3468617, 39.9466521]]]}}, {"type": "Feature", "id": "BF-01292", "properties": {"id": "BF-01292", "layer": "BUILDING_FOOTPRINT", "building_type": "existing_retained", "area_sqm": 172.3, "source_id": "OSM-DERIVED-CORRIDOR-20260808", "source_type": "osm", "confidence": "medium", "geometry_role": "existing_condition"}, "geometry": {"type": "Polygon", "coordinates": [[[116.3464949, 39.9477318], [116.3465694, 39.947513300000004], [116.3464916, 39.9474977], [116.3464171, 39.947716199999995], [116.3464949, 39.9477318]]]}}, {"type": "Feature", "id": "BF-01293", "properties": {"id": "BF-01293", "layer": "BUILDING_FOOTPRINT", "building_type": "existing_retained", "area_sqm": 250.6, "source_id": "OSM-DERIVED-CORRIDOR-20260808", "source_type": "osm", "confidence": "medium", "geometry_role": "existing_condition"}, "geometry": {"type": "Polygon", "coordinates": [[[116.3463467, 39.948834000000005], [116.3464312, 39.9486335], [116.34631190000002, 39.948603999999996], [116.3462274, 39.94880450000001], [116.3463467, 39.948834000000005]]]}}, {"type": "Feature", "id": "BF-01294", "properties": {"id": "BF-01294", "layer": "BUILDING_FOOTPRINT", "building_type": "existing_retained", "area_sqm": 977.1, "source_id": "OSM-DERIVED-CORRIDOR-20260808", "source_type": "osm", "confidence": "medium", "geometry_role": "existing_condition"}, "geometry": {"type": "Polygon", "coordinates": [[[116.3497873, 39.9449299], [116.34979, 39.9443912], [116.3495989, 39.944390600000006], [116.3495962, 39.9449294], [116.3497873, 39.9449299]]]}}, {"type": "Feature", "id": "BF-01295", "properties": {"id": "BF-01295", "layer": "BUILDING_FOOTPRINT", "building_type": "existing_retained", "area_sqm": 414.2, "source_id": "OSM-DERIVED-CORRIDOR-20260808", "source_type": "osm", "confidence": "medium", "geometry_role": "existing_condition"}, "geometry": {"type": "Polygon", "coordinates": [[[116.3488117, 39.942431899999995], [116.34872380000002, 39.942149400000005], [116.3485776, 39.9421762], [116.3486655, 39.94245859999999], [116.3488117, 39.942431899999995]]]}}, {"type": "Feature", "id": "BF-01296", "properties": {"id": "BF-01296", "layer": "BUILDING_FOOTPRINT", "building_type": "existing_retained", "area_sqm": 1023.0, "source_id": "OSM-DERIVED-CORRIDOR-20260808", "source_type": "osm", "confidence": "medium", "geometry_role": "existing_condition"}, "geometry": {"type": "Polygon", "coordinates": [[[116.33452760000002, 39.9780155], [116.33462480000001, 39.977423], [116.33444569999999, 39.9774058], [116.3343483, 39.97799820000001], [116.33452760000002, 39.9780155]]]}}, {"type": "Feature", "id": "BF-01297", "properties": {"id": "BF-01297", "layer": "BUILDING_FOOTPRINT", "building_type": "existing_retained", "area_sqm": 131.5, "source_id": "OSM-DERIVED-CORRIDOR-20260808", "source_type": "osm", "confidence": "medium", "geometry_role": "existing_condition"}, "geometry": {"type": "Polygon", "coordinates": [[[116.3340786, 39.98286780000001], [116.3340904, 39.9826764], [116.3340181, 39.98267379999999], [116.33400640000002, 39.98286519999999], [116.3340786, 39.98286780000001]]]}}, {"type": "Feature", "id": "BF-01298", "properties": {"id": "BF-01298", "layer": "BUILDING_FOOTPRINT", "building_type": "existing_retained", "area_sqm": 219.2, "source_id": "OSM-DERIVED-CORRIDOR-20260808", "source_type": "osm", "confidence": "medium", "geometry_role": "existing_condition"}, "geometry": {"type": "Polygon", "coordinates": [[[116.33135339999998, 39.9920856], [116.33135909999999, 39.991800600000005], [116.33124890000002, 39.991823000000004], [116.3312946, 39.99197089999999], [116.33125310000001, 39.991969600000004], [116.3312805, 39.992069099999995], [116.33135339999998, 39.9920856]]]}}, {"type": "Feature", "id": "BF-01299", "properties": {"id": "BF-01299", "layer": "BUILDING_FOOTPRINT", "building_type": "existing_retained", "area_sqm": 975.1, "source_id": "OSM-DERIVED-CORRIDOR-20260808", "source_type": "osm", "confidence": "medium", "geometry_role": "existing_condition"}, "geometry": {"type": "Polygon", "coordinates": [[[116.34081250000001, 40.00298029999999], [116.3408166, 40.002825], [116.3401546, 40.0028149], [116.34015060000002, 40.0029702], [116.34081250000001, 40.00298029999999]]]}}, {"type": "Feature", "id": "BF-01300", "properties": {"id": "BF-01300", "layer": "BUILDING_FOOTPRINT", "building_type": "existing_retained", "area_sqm": 741.9, "source_id": "OSM-DERIVED-CORRIDOR-20260808", "source_type": "osm", "confidence": "medium", "geometry_role": "existing_condition"}, "geometry": {"type": "Polygon", "coordinates": [[[116.3414976, 40.00301949999999], [116.3415048, 40.0028592], [116.34101710000002, 40.002846399999996], [116.34100990000002, 40.0030066], [116.3414976, 40.00301949999999]]]}}, {"type": "Feature", "id": "BF-01301", "properties": {"id": "BF-01301", "layer": "BUILDING_FOOTPRINT", "building_type": "existing_retained", "area_sqm": 901.6, "source_id": "OSM-DERIVED-CORRIDOR-20260808", "source_type": "osm", "confidence": "medium", "geometry_role": "existing_condition"}, "geometry": {"type": "Polygon", "coordinates": [[[116.34096370000002, 40.0033489], [116.34096280000001, 40.0032308], [116.340157, 40.00323430000001], [116.34015790000001, 40.0033522], [116.34096370000002, 40.0033489]]]}}, {"type": "Feature", "id": "BF-01302", "properties": {"id": "BF-01302", "layer": "BUILDING_FOOTPRINT", "building_type": "existing_retained", "area_sqm": 498.5, "source_id": "OSM-DERIVED-CORRIDOR-20260808", "source_type": "osm", "confidence": "medium", "geometry_role": "existing_condition"}, "geometry": {"type": "Polygon", "coordinates": [[[116.34152500000002, 40.0033547], [116.3415249, 40.0032312], [116.34109900000001, 40.0032314], [116.34109910000001, 40.00335479999999], [116.34152500000002, 40.0033547]]]}}, {"type": "Feature", "id": "BF-01303", "properties": {"id": "BF-01303", "layer": "BUILDING_FOOTPRINT", "building_type": "existing_retained", "area_sqm": 614.7, "source_id": "OSM-DERIVED-CORRIDOR-20260808", "source_type": "osm", "confidence": "medium", "geometry_role": "existing_condition"}, "geometry": {"type": "Polygon", "coordinates": [[[116.33201870000002, 39.98226329999999], [116.33205080000002, 39.9821347], [116.3315589, 39.98205550000001], [116.3315127, 39.98217339999999], [116.33201870000002, 39.98226329999999]]]}}, {"type": "Feature", "id": "BF-01304", "properties": {"id": "BF-01304", "layer": "BUILDING_FOOTPRINT", "building_type": "existing_retained", "area_sqm": 455.8, "source_id": "OSM-DERIVED-CORRIDOR-20260808", "source_type": "osm", "confidence": "medium", "geometry_role": "existing_condition"}, "geometry": {"type": "Polygon", "coordinates": [[[116.3320952, 39.982006999999996], [116.3321359, 39.981874600000005], [116.33178419999999, 39.98181309999999], [116.33175089999999, 39.981943599999994], [116.3320952, 39.982006999999996]]]}}, {"type": "Feature", "id": "BF-01305", "properties": {"id": "BF-01305", "layer": "BUILDING_FOOTPRINT", "building_type": "existing_retained", "area_sqm": 556.7, "source_id": "OSM-DERIVED-CORRIDOR-20260808", "source_type": "osm", "confidence": "medium", "geometry_role": "existing_condition"}, "geometry": {"type": "Polygon", "coordinates": [[[116.33219640000002, 39.98178479999999], [116.3322704, 39.98150019999999], [116.33213099999999, 39.9814727], [116.33207790000002, 39.98163439999998], [116.3319619, 39.981618399999995], [116.33192489999999, 39.9817328], [116.33219640000002, 39.98178479999999]]]}}, {"type": "Feature", "id": "BF-01306", "properties": {"id": "BF-01306", "layer": "BUILDING_FOOTPRINT", "building_type": "existing_retained", "area_sqm": 1364.3, "source_id": "OSM-DERIVED-CORRIDOR-20260808", "source_type": "osm", "confidence": "medium", "geometry_role": "existing_condition"}, "geometry": {"type": "Polygon", "coordinates": [[[116.3467148, 39.9885475], [116.3467343, 39.98823839999999], [116.3462512, 39.98823980000001], [116.34624059999999, 39.9885313], [116.3467148, 39.9885475]]]}}, {"type": "Feature", "id": "BF-01307", "properties": {"id": "BF-01307", "layer": "BUILDING_FOOTPRINT", "building_type": "existing_retained", "area_sqm": 1288.6, "source_id": "OSM-DERIVED-CORRIDOR-20260808", "source_type": "osm", "confidence": "medium", "geometry_role": "existing_condition"}, "geometry": {"type": "Polygon", "coordinates": [[[116.342986, 39.991051299999995], [116.3430196, 39.99050630000001], [116.34276480000001, 39.9905063], [116.34274, 39.99104590000001], [116.342986, 39.991051299999995]]]}}, {"type": "Feature", "id": "BF-01308", "properties": {"id": "BF-01308", "layer": "BUILDING_FOOTPRINT", "building_type": "existing_retained", "area_sqm": 248.9, "source_id": "OSM-DERIVED-CORRIDOR-20260808", "source_type": "osm", "confidence": "medium", "geometry_role": "existing_condition"}, "geometry": {"type": "Polygon", "coordinates": [[[116.3367246, 39.97612809999999], [116.33663280000002, 39.9760373], [116.33665740000002, 39.9760195], [116.3365232, 39.975910799999994], [116.3364618, 39.97595340000001], [116.3365527, 39.97603089999999], [116.3365154, 39.97605389999999], [116.33664810000002, 39.9761731], [116.3367246, 39.97612809999999]]]}}, {"type": "Feature", "id": "BF-01309", "properties": {"id": "BF-01309", "layer": "BUILDING_FOOTPRINT", "building_type": "existing_retained", "area_sqm": 2091.7, "source_id": "OSM-DERIVED-CORRIDOR-20260808", "source_type": "osm", "confidence": "medium", "geometry_role": "existing_condition"}, "geometry": {"type": "Polygon", "coordinates": [[[116.33473459999999, 40.0081425], [116.3352398, 40.008144399999985], [116.3352391, 40.0081238], [116.33523809999998, 40.008094599999986], [116.3352349, 40.008000900000006], [116.33461129999999, 40.0080066], [116.33461129999999, 40.00844459999999], [116.33534090000002, 40.0084446], [116.33534090000002, 40.00836639999999], [116.33534090000002, 40.008331299999995], [116.33511410000001, 40.008276599999995], [116.33473459999999, 40.008274699999994], [116.33473459999999, 40.0081425]]]}}, {"type": "Feature", "id": "BF-01310", "properties": {"id": "BF-01310", "layer": "BUILDING_FOOTPRINT", "building_type": "existing_retained", "area_sqm": 545.6, "source_id": "OSM-DERIVED-CORRIDOR-20260808", "source_type": "osm", "confidence": "medium", "geometry_role": "existing_condition"}, "geometry": {"type": "Polygon", "coordinates": [[[116.3354749, 40.00834549999999], [116.33558480000002, 40.008312999999994], [116.3354965, 40.008130499999986], [116.3354803, 40.0080969], [116.33543460000001, 40.0080023], [116.3352715, 40.008051599999995], [116.3352913, 40.00809189999999], [116.3353069, 40.00812350000001], [116.3354189, 40.00835080000001], [116.33542379999999, 40.008360599999996], [116.3354749, 40.00834549999999]]]}}, {"type": "Feature", "id": "BF-01311", "properties": {"id": "BF-01311", "layer": "BUILDING_FOOTPRINT", "building_type": "existing_retained", "area_sqm": 965.6, "source_id": "OSM-DERIVED-CORRIDOR-20260808", "source_type": "osm", "confidence": "medium", "geometry_role": "existing_condition"}, "geometry": {"type": "Polygon", "coordinates": [[[116.33555, 40.008113099999996], [116.335781, 40.00810999999999], [116.3359087, 40.0083645], [116.33593440000001, 40.0084155], [116.3359634, 40.0084733], [116.33612, 40.0084223], [116.3359183, 40.00801309999999], [116.3355428, 40.0080114], [116.33553719999999, 40.0080775], [116.33553420000001, 40.0081133], [116.33555, 40.008113099999996]]]}}, {"type": "Feature", "id": "BF-01312", "properties": {"id": "BF-01312", "layer": "BUILDING_FOOTPRINT", "building_type": "existing_retained", "area_sqm": 1269.0, "source_id": "OSM-DERIVED-CORRIDOR-20260808", "source_type": "osm", "confidence": "medium", "geometry_role": "existing_condition"}, "geometry": {"type": "Polygon", "coordinates": [[[116.3365281, 40.00999999999999], [116.33690860000002, 40.0099415], [116.33686960000001, 40.0098319], [116.3365281, 40.0098792], [116.33618, 40.00987669999999], [116.3361882, 40.0096949], [116.3360126, 40.009706099999995], [116.33600280000002, 40.009986299999994], [116.3365281, 40.00999999999999]]]}}, {"type": "Feature", "id": "BF-01313", "properties": {"id": "BF-01313", "layer": "BUILDING_FOOTPRINT", "building_type": "existing_retained", "area_sqm": 700.4, "source_id": "OSM-DERIVED-CORRIDOR-20260808", "source_type": "osm", "confidence": "medium", "geometry_role": "existing_condition"}, "geometry": {"type": "Polygon", "coordinates": [[[116.3348229, 40.010918799999985], [116.33490570000001, 40.0109215], [116.33491010000002, 40.0108397], [116.3348389, 40.0108374], [116.33485559999998, 40.01052979999999], [116.33477159999998, 40.01052709999999], [116.3347516, 40.0105265], [116.3347486, 40.0105816], [116.3346441, 40.01057829999999], [116.33462990000001, 40.010839399999995], [116.33473250000002, 40.0108426], [116.33472859999999, 40.0109158], [116.3348229, 40.010918799999985]]]}}, {"type": "Feature", "id": "BF-01314", "properties": {"id": "BF-01314", "layer": "BUILDING_FOOTPRINT", "building_type": "existing_retained", "area_sqm": 359.2, "source_id": "OSM-DERIVED-CORRIDOR-20260808", "source_type": "osm", "confidence": "medium", "geometry_role": "existing_condition"}, "geometry": {"type": "Polygon", "coordinates": [[[116.33696, 40.0127973], [116.3370266, 40.0127992], [116.33702340000002, 40.0128638], [116.3370867, 40.01286559999999], [116.33714770000002, 40.01286739999999], [116.3371512, 40.01279529999999], [116.33709669999999, 40.012793699999996], [116.3371023, 40.012679399999996], [116.3371035, 40.0126552], [116.3369022, 40.0126494], [116.336895, 40.0127954], [116.33696, 40.0127973]]]}}, {"type": "Feature", "id": "BF-01315", "properties": {"id": "BF-01315", "layer": "BUILDING_FOOTPRINT", "building_type": "existing_retained", "area_sqm": 253.2, "source_id": "OSM-DERIVED-CORRIDOR-20260808", "source_type": "osm", "confidence": "medium", "geometry_role": "existing_condition"}, "geometry": {"type": "Polygon", "coordinates": [[[116.3342179, 40.011777], [116.33423530000002, 40.011546900000006], [116.33411960000001, 40.0115417], [116.3341023, 40.0117719], [116.3342179, 40.011777]]]}}, {"type": "Feature", "id": "BF-01316", "properties": {"id": "BF-01316", "layer": "BUILDING_FOOTPRINT", "building_type": "existing_retained", "area_sqm": 271.8, "source_id": "OSM-DERIVED-CORRIDOR-20260808", "source_type": "osm", "confidence": "medium", "geometry_role": "existing_condition"}, "geometry": {"type": "Polygon", "coordinates": [[[116.33689120000001, 40.01272370000001], [116.3369001, 40.0126056], [116.3369066, 40.0125194], [116.33676670000001, 40.0125133], [116.3367599, 40.0126035], [116.33675130000002, 40.012717499999994], [116.33689120000001, 40.01272370000001]]]}}, {"type": "Feature", "id": "BF-01317", "properties": {"id": "BF-01317", "layer": "BUILDING_FOOTPRINT", "building_type": "existing_retained", "area_sqm": 150.8, "source_id": "OSM-DERIVED-CORRIDOR-20260808", "source_type": "osm", "confidence": "medium", "geometry_role": "existing_condition"}, "geometry": {"type": "Polygon", "coordinates": [[[116.33436049999999, 40.0110741], [116.33436080000001, 40.0110411], [116.3343614, 40.01096739999999], [116.3343048, 40.0109671], [116.3342123, 40.0109667], [116.3342115, 40.011073399999994], [116.33436049999999, 40.0110741]]]}}, {"type": "Feature", "id": "BF-01318", "properties": {"id": "BF-01318", "layer": "BUILDING_FOOTPRINT", "building_type": "existing_retained", "area_sqm": 738.5, "source_id": "OSM-DERIVED-CORRIDOR-20260808", "source_type": "osm", "confidence": "medium", "geometry_role": "existing_condition"}, "geometry": {"type": "Polygon", "coordinates": [[[116.3349297, 40.012818100000004], [116.33493050000001, 40.012798200000006], [116.3349557, 40.012798700000005], [116.33495750000002, 40.012750499999996], [116.33491460000002, 40.01274960000001], [116.33492420000002, 40.012501300000004], [116.3350207, 40.012503499999994], [116.3350237, 40.0124248], [116.33494519999999, 40.01242299999999], [116.3349461, 40.01239950000001], [116.334886, 40.0123981], [116.334828, 40.012396800000005], [116.33482499999998, 40.012474299999994], [116.33473130000002, 40.0124721], [116.33472470000001, 40.01263939999998], [116.33472179999998, 40.0127124], [116.33472080000001, 40.0127373], [116.3347854, 40.012738799999994], [116.33480710000002, 40.0127393], [116.3348041, 40.012815200000006], [116.3349297, 40.012818100000004]]]}}, {"type": "Feature", "id": "BF-01319", "properties": {"id": "BF-01319", "layer": "BUILDING_FOOTPRINT", "building_type": "existing_retained", "area_sqm": 995.6, "source_id": "OSM-DERIVED-CORRIDOR-20260808", "source_type": "osm", "confidence": "medium", "geometry_role": "existing_condition"}, "geometry": {"type": "Polygon", "coordinates": [[[116.33688, 39.9774425], [116.3368859, 39.9772685], [116.3362831, 39.9772565], [116.3362772, 39.9774305], [116.33688, 39.9774425]]]}}, {"type": "Feature", "id": "BF-01320", "properties": {"id": "BF-01320", "layer": "BUILDING_FOOTPRINT", "building_type": "existing_retained", "area_sqm": 613.1, "source_id": "OSM-DERIVED-CORRIDOR-20260808", "source_type": "osm", "confidence": "medium", "geometry_role": "existing_condition"}, "geometry": {"type": "Polygon", "coordinates": [[[116.3394064, 39.97760149999999], [116.33941740000002, 39.9772812], [116.3392157, 39.9772771], [116.3392048, 39.97759739999999], [116.3394064, 39.97760149999999]]]}}, {"type": "Feature", "id": "BF-01321", "properties": {"id": "BF-01321", "layer": "BUILDING_FOOTPRINT", "building_type": "existing_retained", "area_sqm": 568.5, "source_id": "OSM-DERIVED-CORRIDOR-20260808", "source_type": "osm", "confidence": "medium", "geometry_role": "existing_condition"}, "geometry": {"type": "Polygon", "coordinates": [[[116.33939880000001, 39.9779105], [116.33941290000001, 39.977623599999994], [116.33920769999999, 39.9776198], [116.33918780000002, 39.9779084], [116.33939880000001, 39.9779105]]]}}, {"type": "Feature", "id": "BF-01322", "properties": {"id": "BF-01322", "layer": "BUILDING_FOOTPRINT", "building_type": "existing_retained", "area_sqm": 788.5, "source_id": "OSM-DERIVED-CORRIDOR-20260808", "source_type": "osm", "confidence": "medium", "geometry_role": "existing_condition"}, "geometry": {"type": "Polygon", "coordinates": [[[116.3385929, 39.977865], [116.33859560000002, 39.97779529999999], [116.3390711, 39.977806], [116.33906909999999, 39.9778585], [116.33916509999999, 39.9778611], [116.33916770000002, 39.97774390000001], [116.33912849999999, 39.97774369999999], [116.3391298, 39.97771039999999], [116.3385529, 39.97769720000001], [116.3385513, 39.9777375], [116.3384223, 39.9777346], [116.33841740000001, 39.977861], [116.3385929, 39.977865]]]}}, {"type": "Feature", "id": "BF-01323", "properties": {"id": "BF-01323", "layer": "BUILDING_FOOTPRINT", "building_type": "existing_retained", "area_sqm": 803.5, "source_id": "OSM-DERIVED-CORRIDOR-20260808", "source_type": "osm", "confidence": "medium", "geometry_role": "existing_condition"}, "geometry": {"type": "Polygon", "coordinates": [[[116.33802379999999, 40.01034190000001], [116.3380243, 40.010162099999995], [116.33789780000001, 40.01016189999999], [116.3378982, 40.01002220000001], [116.33780750000001, 40.010022099999986], [116.337808, 40.00985579999999], [116.3377688, 40.009855800000004], [116.337769, 40.00980220000001], [116.33773489999999, 40.009802099999995], [116.33773510000002, 40.00973719999999], [116.3376045, 40.009736999999994], [116.33760400000001, 40.009905999999994], [116.33770789999998, 40.0099062], [116.3377075, 40.010036100000015], [116.3377839, 40.010036199999995], [116.33778340000002, 40.01019569999999], [116.33788460000001, 40.0101959], [116.33788420000002, 40.01034160000001], [116.33802379999999, 40.01034190000001]]]}}, {"type": "Feature", "id": "BF-01324", "properties": {"id": "BF-01324", "layer": "BUILDING_FOOTPRINT", "building_type": "existing_retained", "area_sqm": 486.9, "source_id": "OSM-DERIVED-CORRIDOR-20260808", "source_type": "osm", "confidence": "medium", "geometry_role": "existing_condition"}, "geometry": {"type": "Polygon", "coordinates": [[[116.33819579999998, 40.0107299], [116.33819960000001, 40.0106389], [116.3381541, 40.01063779999999], [116.33815879999999, 40.010526000000006], [116.338129, 40.0105252], [116.338134, 40.010405699999986], [116.33796170000001, 40.01040149999999], [116.33795650000002, 40.0105264], [116.3380018, 40.0105275], [116.3379975, 40.0106302], [116.3380552, 40.0106316], [116.3380512, 40.0107263], [116.33819579999998, 40.0107299]]]}}, {"type": "Feature", "id": "BF-01325", "properties": {"id": "BF-01325", "layer": "BUILDING_FOOTPRINT", "building_type": "existing_retained", "area_sqm": 1101.8, "source_id": "OSM-DERIVED-CORRIDOR-20260808", "source_type": "osm", "confidence": "medium", "geometry_role": "existing_condition"}, "geometry": {"type": "Polygon", "coordinates": [[[116.33922110000002, 40.010550800000004], [116.33922470000002, 40.010424999999984], [116.33830100000002, 40.010409199999984], [116.33829740000002, 40.01053490000001], [116.33922110000002, 40.010550800000004]]]}}, {"type": "Feature", "id": "BF-01326", "properties": {"id": "BF-01326", "layer": "BUILDING_FOOTPRINT", "building_type": "existing_retained", "area_sqm": 1088.7, "source_id": "OSM-DERIVED-CORRIDOR-20260808", "source_type": "osm", "confidence": "medium", "geometry_role": "existing_condition"}, "geometry": {"type": "Polygon", "coordinates": [[[116.3388225, 40.00978210000001], [116.33882549999998, 40.00966509999999], [116.33784530000001, 40.0096504], [116.3378423, 40.00976760000001], [116.3388225, 40.00978210000001]]]}}, {"type": "Feature", "id": "BF-01327", "properties": {"id": "BF-01327", "layer": "BUILDING_FOOTPRINT", "building_type": "existing_retained", "area_sqm": 3410.7, "source_id": "OSM-DERIVED-CORRIDOR-20260808", "source_type": "osm", "confidence": "medium", "geometry_role": "existing_condition"}, "geometry": {"type": "Polygon", "coordinates": [[[116.3344323, 40.0085984], [116.3344597, 40.0080493], [116.3338056, 40.0080301], [116.3337783, 40.008579399999995], [116.3344323, 40.0085984]]]}}, {"type": "Feature", "id": "BF-01328", "properties": {"id": "BF-01328", "layer": "BUILDING_FOOTPRINT", "building_type": "existing_retained", "area_sqm": 722.9, "source_id": "OSM-DERIVED-CORRIDOR-20260808", "source_type": "osm", "confidence": "medium", "geometry_role": "existing_condition"}, "geometry": {"type": "Polygon", "coordinates": [[[116.3290558, 40.0118344], [116.3290549, 40.011641000000004], [116.3288552, 40.01164150000001], [116.3286607, 40.011642], [116.32866150000001, 40.0118354], [116.3290558, 40.0118344]]]}}, {"type": "Feature", "id": "BF-01329", "properties": {"id": "BF-01329", "layer": "BUILDING_FOOTPRINT", "building_type": "existing_retained", "area_sqm": 2283.2, "source_id": "OSM-DERIVED-CORRIDOR-20260808", "source_type": "osm", "confidence": "medium", "geometry_role": "existing_condition"}, "geometry": {"type": "Polygon", "coordinates": [[[116.32603540000001, 40.0175632], [116.32622200000002, 40.01704530000001], [116.3257898, 40.01695399999999], [116.3256033, 40.01747189999999], [116.32603540000001, 40.0175632]]]}}, {"type": "Feature", "id": "BF-01330", "properties": {"id": "BF-01330", "layer": "BUILDING_FOOTPRINT", "building_type": "existing_retained", "area_sqm": 835.9, "source_id": "OSM-DERIVED-CORRIDOR-20260808", "source_type": "osm", "confidence": "medium", "geometry_role": "existing_condition"}, "geometry": {"type": "Polygon", "coordinates": [[[116.3284246, 40.017993399999995], [116.3285836, 40.01746440000001], [116.3284252, 40.017436499999995], [116.32826639999999, 40.01796550000001], [116.3284246, 40.017993399999995]]]}}, {"type": "Feature", "id": "BF-01331", "properties": {"id": "BF-01331", "layer": "BUILDING_FOOTPRINT", "building_type": "existing_retained", "area_sqm": 1615.3, "source_id": "OSM-DERIVED-CORRIDOR-20260808", "source_type": "osm", "confidence": "medium", "geometry_role": "existing_condition"}, "geometry": {"type": "Polygon", "coordinates": [[[116.3291152, 40.01827879999998], [116.3292008, 40.01792220000001], [116.32901250000002, 40.0178957], [116.32896279999999, 40.0181027], [116.32830990000001, 40.018010800000006], [116.32827399999998, 40.018160400000006], [116.3291152, 40.01827879999998]]]}}, {"type": "Feature", "id": "BF-01332", "properties": {"id": "BF-01332", "layer": "BUILDING_FOOTPRINT", "building_type": "existing_retained", "area_sqm": 3166.6, "source_id": "OSM-DERIVED-CORRIDOR-20260808", "source_type": "osm", "confidence": "medium", "geometry_role": "existing_condition"}, "geometry": {"type": "Polygon", "coordinates": [[[116.3296557, 40.01966410000001], [116.3297057, 40.01952359999999], [116.32986730000002, 40.019069099999996], [116.3293445, 40.018960199999995], [116.32913310000002, 40.0195551], [116.3296557, 40.01966410000001]]]}}, {"type": "Feature", "id": "BF-01333", "properties": {"id": "BF-01333", "layer": "BUILDING_FOOTPRINT", "building_type": "existing_retained", "area_sqm": 10932.2, "source_id": "OSM-DERIVED-CORRIDOR-20260808", "source_type": "osm", "confidence": "medium", "geometry_role": "existing_condition"}, "geometry": {"type": "Polygon", "coordinates": [[[116.33608830000001, 39.96476449999999], [116.33627040000002, 39.9647677], [116.33630490000002, 39.96462390000001], [116.33669670000002, 39.9646769], [116.3366756, 39.96477829999999], [116.3380032, 39.9647847], [116.338041, 39.9646488], [116.3381443, 39.964657299999985], [116.3382024, 39.96437509999999], [116.3359673, 39.9641], [116.3359081, 39.96436859999999], [116.33596380000002, 39.96437519999999], [116.3358854, 39.9647338], [116.33587949999999, 39.96476080000001], [116.33608830000001, 39.96476449999999]]]}}, {"type": "Feature", "id": "BF-01334", "properties": {"id": "BF-01334", "layer": "BUILDING_FOOTPRINT", "building_type": "existing_retained", "area_sqm": 498.0, "source_id": "OSM-DERIVED-CORRIDOR-20260808", "source_type": "osm", "confidence": "medium", "geometry_role": "existing_condition"}, "geometry": {"type": "Polygon", "coordinates": [[[116.33180730000001, 40.00644179999999], [116.3318204, 40.0062558], [116.33154020000002, 40.00624], [116.3315271, 40.0064275], [116.33180730000001, 40.00644179999999]]]}}, {"type": "Feature", "id": "BF-01335", "properties": {"id": "BF-01335", "layer": "BUILDING_FOOTPRINT", "building_type": "existing_retained", "area_sqm": 191.6, "source_id": "OSM-DERIVED-CORRIDOR-20260808", "source_type": "osm", "confidence": "medium", "geometry_role": "existing_condition"}, "geometry": {"type": "Polygon", "coordinates": [[[116.33194410000002, 40.0064426], [116.33196629999999, 40.006270799999996], [116.331848, 40.006262299999996], [116.3318332, 40.006441699999996], [116.33194410000002, 40.0064426]]]}}, {"type": "Feature", "id": "BF-01336", "properties": {"id": "BF-01336", "layer": "BUILDING_FOOTPRINT", "building_type": "existing_retained", "area_sqm": 374.4, "source_id": "OSM-DERIVED-CORRIDOR-20260808", "source_type": "osm", "confidence": "medium", "geometry_role": "existing_condition"}, "geometry": {"type": "Polygon", "coordinates": [[[116.33196629999999, 40.0061642], [116.3319848, 40.0060735], [116.33156330000001, 40.0060386], [116.33154980000002, 40.006133899999995], [116.33196629999999, 40.0061642]]]}}, {"type": "Feature", "id": "BF-01337", "properties": {"id": "BF-01337", "layer": "BUILDING_FOOTPRINT", "building_type": "existing_retained", "area_sqm": 181.0, "source_id": "OSM-DERIVED-CORRIDOR-20260808", "source_type": "osm", "confidence": "medium", "geometry_role": "existing_condition"}, "geometry": {"type": "Polygon", "coordinates": [[[116.33213739999998, 40.006600299999995], [116.3321582, 40.00643709999999], [116.33204240000002, 40.0064284], [116.33202150000001, 40.0065916], [116.33213739999998, 40.006600299999995]]]}}, {"type": "Feature", "id": "BF-01338", "properties": {"id": "BF-01338", "layer": "BUILDING_FOOTPRINT", "building_type": "existing_retained", "area_sqm": 1177.4, "source_id": "OSM-DERIVED-CORRIDOR-20260808", "source_type": "osm", "confidence": "medium", "geometry_role": "existing_condition"}, "geometry": {"type": "Polygon", "coordinates": [[[116.33279340000001, 40.0034547], [116.3327915, 40.003395600000005], [116.3328782, 40.0033939], [116.33287209999999, 40.0032057], [116.3327708, 40.0032076], [116.3327654, 40.00303839999999], [116.3325809, 40.0030419], [116.3325833, 40.003116299999995], [116.3325035, 40.0031178], [116.3325144, 40.0034599], [116.33279340000001, 40.0034547]]]}}, {"type": "Feature", "id": "BF-01339", "properties": {"id": "BF-01339", "layer": "BUILDING_FOOTPRINT", "building_type": "existing_retained", "area_sqm": 205.2, "source_id": "OSM-DERIVED-CORRIDOR-20260808", "source_type": "osm", "confidence": "medium", "geometry_role": "existing_condition"}, "geometry": {"type": "Polygon", "coordinates": [[[116.3337767, 40.00360109999999], [116.3337507, 40.0034404], [116.33362060000002, 40.00345289999999], [116.3336417, 40.003614199999994], [116.3337767, 40.00360109999999]]]}}, {"type": "Feature", "id": "BF-01340", "properties": {"id": "BF-01340", "layer": "BUILDING_FOOTPRINT", "building_type": "existing_retained", "area_sqm": 3714.4, "source_id": "OSM-DERIVED-CORRIDOR-20260808", "source_type": "osm", "confidence": "medium", "geometry_role": "existing_condition"}, "geometry": {"type": "Polygon", "coordinates": [[[116.33721790000001, 40.013468399999994], [116.33756120000001, 40.0134827], [116.3383446, 40.0134955], [116.33834960000002, 40.013366700000006], [116.33757070000001, 40.0133493], [116.3375616, 40.0134019], [116.33722270000001, 40.013387099999996], [116.3372254, 40.0133411], [116.33525090000002, 40.013290999999995], [116.3352472, 40.01342830000001], [116.33721790000001, 40.013468399999994]]]}}, {"type": "Feature", "id": "BF-01341", "properties": {"id": "BF-01341", "layer": "BUILDING_FOOTPRINT", "building_type": "existing_retained", "area_sqm": 499.7, "source_id": "OSM-DERIVED-CORRIDOR-20260808", "source_type": "osm", "confidence": "medium", "geometry_role": "existing_condition"}, "geometry": {"type": "Polygon", "coordinates": [[[116.3340408, 40.0133368], [116.3340451, 40.01324069999999], [116.333916, 40.0132319], [116.33391950000001, 40.0131695], [116.3337293, 40.0131633], [116.3337254, 40.01323419999999], [116.3336285, 40.013231100000006], [116.3336235, 40.0133228], [116.3340408, 40.0133368]]]}}, {"type": "Feature", "id": "BF-01342", "properties": {"id": "BF-01342", "layer": "BUILDING_FOOTPRINT", "building_type": "existing_retained", "area_sqm": 489.4, "source_id": "OSM-DERIVED-CORRIDOR-20260808", "source_type": "osm", "confidence": "medium", "geometry_role": "existing_condition"}, "geometry": {"type": "Polygon", "coordinates": [[[116.335627, 40.01315309999998], [116.33578029999998, 40.0131578], [116.33589119999999, 40.01316119999999], [116.3358962, 40.0130574], [116.33579810000002, 40.0130546], [116.3358008, 40.01299689999999], [116.3356879, 40.0129937], [116.3356129, 40.01299160000001], [116.33560970000002, 40.01305709999999], [116.3354942, 40.01305250000001], [116.33548910000002, 40.013148799999996], [116.335627, 40.01315309999998]]]}}, {"type": "Feature", "id": "BF-01343", "properties": {"id": "BF-01343", "layer": "BUILDING_FOOTPRINT", "building_type": "existing_retained", "area_sqm": 457.0, "source_id": "OSM-DERIVED-CORRIDOR-20260808", "source_type": "osm", "confidence": "medium", "geometry_role": "existing_condition"}, "geometry": {"type": "Polygon", "coordinates": [[[116.3369286, 40.01318319999999], [116.3370468, 40.013186], [116.33718229999998, 40.01319320000001], [116.33718799999998, 40.01309659999999], [116.3370774, 40.01309280000001], [116.3370809, 40.0130345], [116.33697310000001, 40.01303080000002], [116.3369033, 40.01302840000001], [116.33689960000001, 40.013091199999984], [116.33678889999999, 40.0130861], [116.3367802, 40.01317929999999], [116.3369286, 40.01318319999999]]]}}, {"type": "Feature", "id": "BF-01344", "properties": {"id": "BF-01344", "layer": "BUILDING_FOOTPRINT", "building_type": "existing_retained", "area_sqm": 472.0, "source_id": "OSM-DERIVED-CORRIDOR-20260808", "source_type": "osm", "confidence": "medium", "geometry_role": "existing_condition"}, "geometry": {"type": "Polygon", "coordinates": [[[116.3385648, 40.01321229999999], [116.33856860000002, 40.01310930000001], [116.33846579999998, 40.01310709999999], [116.3384677, 40.013056], [116.3382817, 40.01305200000001], [116.33827960000002, 40.01311059999999], [116.33817320000001, 40.01310939999999], [116.33816630000001, 40.013205], [116.3385648, 40.01321229999999]]]}}, {"type": "Feature", "id": "BF-01345", "properties": {"id": "BF-01345", "layer": "BUILDING_FOOTPRINT", "building_type": "existing_retained", "area_sqm": 859.9, "source_id": "OSM-DERIVED-CORRIDOR-20260808", "source_type": "osm", "confidence": "medium", "geometry_role": "existing_condition"}, "geometry": {"type": "Polygon", "coordinates": [[[116.3331344, 40.0010976], [116.3331642, 40.00059650000001], [116.3328485, 40.00059550000001], [116.3330877, 40.00109650000001], [116.3331344, 40.0010976]]]}}, {"type": "Feature", "id": "BF-01346", "properties": {"id": "BF-01346", "layer": "BUILDING_FOOTPRINT", "building_type": "existing_retained", "area_sqm": 166.9, "source_id": "OSM-DERIVED-CORRIDOR-20260808", "source_type": "osm", "confidence": "medium", "geometry_role": "existing_condition"}, "geometry": {"type": "Polygon", "coordinates": [[[116.3335188, 40.00132200000001], [116.3335005, 40.00126449999999], [116.3334544, 40.0012702], [116.3334437, 40.0012489], [116.3332817, 40.0012916], [116.33331060000002, 40.0013721], [116.3335188, 40.00132200000001]]]}}, {"type": "Feature", "id": "BF-01347", "properties": {"id": "BF-01347", "layer": "BUILDING_FOOTPRINT", "building_type": "existing_retained", "area_sqm": 505.1, "source_id": "OSM-DERIVED-CORRIDOR-20260808", "source_type": "osm", "confidence": "medium", "geometry_role": "existing_condition"}, "geometry": {"type": "Polygon", "coordinates": [[[116.33195619999998, 39.993554799999984], [116.3322751, 39.993564], [116.3322862, 39.99330049999998], [116.3321287, 39.9932966], [116.33212070000002, 39.99348559999999], [116.3319626, 39.9934816], [116.33195619999998, 39.993554799999984]]]}}, {"type": "Feature", "id": "BF-01348", "properties": {"id": "BF-01348", "layer": "BUILDING_FOOTPRINT", "building_type": "existing_retained", "area_sqm": 360.9, "source_id": "OSM-DERIVED-CORRIDOR-20260808", "source_type": "osm", "confidence": "medium", "geometry_role": "existing_condition"}, "geometry": {"type": "Polygon", "coordinates": [[[116.3469494, 39.967046], [116.34686459999999, 39.9668513], [116.34682649999999, 39.9668611], [116.34677400000001, 39.96687449999999], [116.34668880000001, 39.96689630000001], [116.34677360000002, 39.96709100000001], [116.3469494, 39.967046]]]}}, {"type": "Feature", "id": "BF-01349", "properties": {"id": "BF-01349", "layer": "BUILDING_FOOTPRINT", "building_type": "existing_retained", "area_sqm": 216.1, "source_id": "OSM-DERIVED-CORRIDOR-20260808", "source_type": "osm", "confidence": "medium", "geometry_role": "existing_condition"}, "geometry": {"type": "Polygon", "coordinates": [[[116.3467621, 39.965760199999984], [116.34680349999998, 39.96575769999999], [116.3468273, 39.96575629999999], [116.3470232, 39.965744400000005], [116.34701430000001, 39.96565769999999], [116.3467532, 39.9656735], [116.3467621, 39.965760199999984]]]}}, {"type": "Feature", "id": "BF-01350", "properties": {"id": "BF-01350", "layer": "BUILDING_FOOTPRINT", "building_type": "existing_retained", "area_sqm": 2165.0, "source_id": "OSM-DERIVED-CORRIDOR-20260808", "source_type": "osm", "confidence": "medium", "geometry_role": "existing_condition"}, "geometry": {"type": "Polygon", "coordinates": [[[116.32409700000001, 40.01633139999999], [116.32409900000002, 40.01585709999999], [116.32372190000001, 40.015859000000006], [116.323606, 40.016195], [116.3236011, 40.0163914], [116.32409700000001, 40.01633139999999]]]}}, {"type": "Feature", "id": "BF-01351", "properties": {"id": "BF-01351", "layer": "BUILDING_FOOTPRINT", "building_type": "existing_retained", "area_sqm": 214.4, "source_id": "OSM-DERIVED-CORRIDOR-20260808", "source_type": "osm", "confidence": "medium", "geometry_role": "existing_condition"}, "geometry": {"type": "Polygon", "coordinates": [[[116.3268913, 40.0166674], [116.32692290000001, 40.0166028], [116.3266159, 40.0165147], [116.3265843, 40.0165793], [116.3268913, 40.0166674]]]}}, {"type": "Feature", "id": "BF-01352", "properties": {"id": "BF-01352", "layer": "BUILDING_FOOTPRINT", "building_type": "existing_retained", "area_sqm": 214.4, "source_id": "OSM-DERIVED-CORRIDOR-20260808", "source_type": "osm", "confidence": "medium", "geometry_role": "existing_condition"}, "geometry": {"type": "Polygon", "coordinates": [[[116.32695610000002, 40.016546600000005], [116.32698769999999, 40.016481999999996], [116.3266807, 40.016393900000004], [116.3266491, 40.0164585], [116.32695610000002, 40.016546600000005]]]}}, {"type": "Feature", "id": "BF-01353", "properties": {"id": "BF-01353", "layer": "BUILDING_FOOTPRINT", "building_type": "existing_retained", "area_sqm": 311.4, "source_id": "OSM-DERIVED-CORRIDOR-20260808", "source_type": "osm", "confidence": "medium", "geometry_role": "existing_condition"}, "geometry": {"type": "Polygon", "coordinates": [[[116.33562180000001, 40.00868220000002], [116.3355535, 40.008526], [116.33553149999999, 40.0084756], [116.3354749, 40.00834549999999], [116.33542379999999, 40.008360599999996], [116.3354189, 40.00835080000001], [116.33534090000002, 40.00836639999999], [116.33534090000002, 40.0084446], [116.335435, 40.00844949999999], [116.33556449999999, 40.0087002], [116.33562180000001, 40.00868220000002]]]}}, {"type": "Feature", "id": "BF-01354", "properties": {"id": "BF-01354", "layer": "BUILDING_FOOTPRINT", "building_type": "existing_retained", "area_sqm": 207.3, "source_id": "OSM-DERIVED-CORRIDOR-20260808", "source_type": "osm", "confidence": "medium", "geometry_role": "existing_condition"}, "geometry": {"type": "Polygon", "coordinates": [[[116.3355535, 40.008526], [116.33593440000001, 40.0084155], [116.3359087, 40.0083645], [116.33553149999999, 40.0084756], [116.3355535, 40.008526]]]}}, {"type": "Feature", "id": "BF-01355", "properties": {"id": "BF-01355", "layer": "BUILDING_FOOTPRINT", "building_type": "existing_retained", "area_sqm": 462.5, "source_id": "OSM-DERIVED-CORRIDOR-20260808", "source_type": "osm", "confidence": "medium", "geometry_role": "existing_condition"}, "geometry": {"type": "Polygon", "coordinates": [[[116.33946750000001, 40.010326400000004], [116.33947089999998, 40.01016769999998], [116.3391637, 40.010163799999994], [116.33916029999999, 40.01032260000001], [116.33946750000001, 40.010326400000004]]]}}, {"type": "Feature", "id": "BF-01356", "properties": {"id": "BF-01356", "layer": "BUILDING_FOOTPRINT", "building_type": "existing_retained", "area_sqm": 643.7, "source_id": "OSM-DERIVED-CORRIDOR-20260808", "source_type": "osm", "confidence": "medium", "geometry_role": "existing_condition"}, "geometry": {"type": "Polygon", "coordinates": [[[116.33785930000002, 39.98055599999999], [116.33786170000002, 39.9805077], [116.33795029999999, 39.9805103], [116.33795780000001, 39.980355499999995], [116.33784730000002, 39.98035230000001], [116.3378424, 39.9804543], [116.3373513, 39.98044019999999], [116.3373464, 39.98054119999999], [116.33785930000002, 39.98055599999999]]]}}, {"type": "Feature", "id": "BF-01357", "properties": {"id": "BF-01357", "layer": "BUILDING_FOOTPRINT", "building_type": "existing_retained", "area_sqm": 1027.9, "source_id": "OSM-DERIVED-CORRIDOR-20260808", "source_type": "osm", "confidence": "medium", "geometry_role": "existing_condition"}, "geometry": {"type": "Polygon", "coordinates": [[[116.3370927, 39.9802109], [116.33709850000001, 39.98009319999999], [116.3378607, 39.980115299999994], [116.33785459999999, 39.980239399999995], [116.33796940000002, 39.980242700000005], [116.3379783, 39.98006259999999], [116.3378952, 39.9800602], [116.33789689999999, 39.9800265], [116.33708560000001, 39.980002799999994], [116.33708389999998, 39.9800375], [116.3370005, 39.9800351], [116.33699200000001, 39.980208000000005], [116.3370927, 39.9802109]]]}}, {"type": "Feature", "id": "BF-01358", "properties": {"id": "BF-01358", "layer": "BUILDING_FOOTPRINT", "building_type": "existing_retained", "area_sqm": 598.0, "source_id": "OSM-DERIVED-CORRIDOR-20260808", "source_type": "osm", "confidence": "medium", "geometry_role": "existing_condition"}, "geometry": {"type": "Polygon", "coordinates": [[[116.3378079, 39.98123509999999], [116.33780380000002, 39.981356800000015], [116.33791369999999, 39.9813589], [116.33791939999999, 39.981185100000005], [116.3378306, 39.9811833], [116.33783179999999, 39.98114669999999], [116.33732499999999, 39.9811368], [116.33732200000001, 39.98122560000001], [116.3378079, 39.98123509999999]]]}}, {"type": "Feature", "id": "BF-01359", "properties": {"id": "BF-01359", "layer": "BUILDING_FOOTPRINT", "building_type": "existing_retained", "area_sqm": 149.3, "source_id": "OSM-DERIVED-CORRIDOR-20260808", "source_type": "osm", "confidence": "medium", "geometry_role": "existing_condition"}, "geometry": {"type": "Polygon", "coordinates": [[[116.3423121, 39.98080629999999], [116.3423178, 39.9807034], [116.3422453, 39.980701100000005], [116.342165, 39.98069850000001], [116.34215929999999, 39.98080130000001], [116.3423121, 39.98080629999999]]]}}, {"type": "Feature", "id": "BF-01360", "properties": {"id": "BF-01360", "layer": "BUILDING_FOOTPRINT", "building_type": "existing_retained", "area_sqm": 149.3, "source_id": "OSM-DERIVED-CORRIDOR-20260808", "source_type": "osm", "confidence": "medium", "geometry_role": "existing_condition"}, "geometry": {"type": "Polygon", "coordinates": [[[116.34306869999999, 39.9808291], [116.34307439999999, 39.98072619999999], [116.3429963, 39.9807236], [116.34292169999999, 39.9807212], [116.34291599999999, 39.98082409999999], [116.34306869999999, 39.9808291]]]}}, {"type": "Feature", "id": "BF-01361", "properties": {"id": "BF-01361", "layer": "BUILDING_FOOTPRINT", "building_type": "existing_retained", "area_sqm": 854.5, "source_id": "OSM-DERIVED-CORRIDOR-20260808", "source_type": "osm", "confidence": "medium", "geometry_role": "existing_condition"}, "geometry": {"type": "Polygon", "coordinates": [[[116.34551359999999, 39.9811274], [116.34551330000001, 39.9810804], [116.34551300000001, 39.98102649999999], [116.34559690000002, 39.98102620000001], [116.3455963, 39.98097719999999], [116.3455512, 39.9809763], [116.3455479, 39.98086820000001], [116.3454898, 39.98084], [116.34522760000002, 39.980841], [116.34522949999999, 39.98112849999999], [116.34551359999999, 39.9811274]]]}}, {"type": "Feature", "id": "BF-01362", "properties": {"id": "BF-01362", "layer": "BUILDING_FOOTPRINT", "building_type": "existing_retained", "area_sqm": 265.0, "source_id": "OSM-DERIVED-CORRIDOR-20260808", "source_type": "osm", "confidence": "medium", "geometry_role": "existing_condition"}, "geometry": {"type": "Polygon", "coordinates": [[[116.3457712, 39.980980699999996], [116.34577490000001, 39.9809179], [116.345779, 39.9808471], [116.3455702, 39.98084000000001], [116.34556240000002, 39.9809735], [116.3457712, 39.980980699999996]]]}}, {"type": "Feature", "id": "BF-01363", "properties": {"id": "BF-01363", "layer": "BUILDING_FOOTPRINT", "building_type": "existing_retained", "area_sqm": 672.4, "source_id": "OSM-DERIVED-CORRIDOR-20260808", "source_type": "osm", "confidence": "medium", "geometry_role": "existing_condition"}, "geometry": {"type": "Polygon", "coordinates": [[[116.34652770000001, 39.98147640000001], [116.34653930000002, 39.98118730000001], [116.34655100000002, 39.98089699999999], [116.3464288, 39.9808941], [116.3464054, 39.9814735], [116.34652770000001, 39.98147640000001]]]}}, {"type": "Feature", "id": "BF-01364", "properties": {"id": "BF-01364", "layer": "BUILDING_FOOTPRINT", "building_type": "existing_retained", "area_sqm": 639.8, "source_id": "OSM-DERIVED-CORRIDOR-20260808", "source_type": "osm", "confidence": "medium", "geometry_role": "existing_condition"}, "geometry": {"type": "Polygon", "coordinates": [[[116.3335235, 39.99714699999999], [116.3335418, 39.9967407], [116.33337589999998, 39.996736299999995], [116.3333577, 39.9971426], [116.3335235, 39.99714699999999]]]}}, {"type": "Feature", "id": "BF-01365", "properties": {"id": "BF-01365", "layer": "BUILDING_FOOTPRINT", "building_type": "existing_retained", "area_sqm": 168.5, "source_id": "OSM-DERIVED-CORRIDOR-20260808", "source_type": "osm", "confidence": "medium", "geometry_role": "existing_condition"}, "geometry": {"type": "Polygon", "coordinates": [[[116.33778820000002, 39.97567719999999], [116.33784139999999, 39.97567039999999], [116.3378109, 39.97552550000001], [116.3376687, 39.9755457], [116.3377439, 39.9756828], [116.33778820000002, 39.97567719999999]]]}}, {"type": "Feature", "id": "BF-01366", "properties": {"id": "BF-01366", "layer": "BUILDING_FOOTPRINT", "building_type": "existing_retained", "area_sqm": 1247.0, "source_id": "OSM-DERIVED-CORRIDOR-20260808", "source_type": "osm", "confidence": "medium", "geometry_role": "existing_condition"}, "geometry": {"type": "Polygon", "coordinates": [[[116.34337649999999, 39.97790200000001], [116.343965, 39.9779187], [116.3439674, 39.97786820000001], [116.34383610000002, 39.9778684], [116.34383610000002, 39.977790299999995], [116.3430148, 39.9777703], [116.34281909999999, 39.97776559999999], [116.34281330000002, 39.977886100000006], [116.34337649999999, 39.97790200000001]]]}}, {"type": "Feature", "id": "BF-01367", "properties": {"id": "BF-01367", "layer": "BUILDING_FOOTPRINT", "building_type": "existing_retained", "area_sqm": 777.8, "source_id": "OSM-DERIVED-CORRIDOR-20260808", "source_type": "osm", "confidence": "medium", "geometry_role": "existing_condition"}, "geometry": {"type": "Polygon", "coordinates": [[[116.3439845, 39.977514400000004], [116.3439978, 39.9772393], [116.34386830000001, 39.97723950000001], [116.34383610000002, 39.9778684], [116.3439674, 39.97786820000001], [116.3439845, 39.977514400000004]]]}}, {"type": "Feature", "id": "BF-01368", "properties": {"id": "BF-01368", "layer": "BUILDING_FOOTPRINT", "building_type": "existing_retained", "area_sqm": 2172.0, "source_id": "OSM-DERIVED-CORRIDOR-20260808", "source_type": "osm", "confidence": "medium", "geometry_role": "existing_condition"}, "geometry": {"type": "Polygon", "coordinates": [[[116.34400690000001, 39.97704990000002], [116.3435671, 39.977037400000015], [116.34356880000001, 39.97700079999999], [116.34345180000001, 39.9769975], [116.34331880000002, 39.9769938], [116.3433169, 39.9770327], [116.34285510000001, 39.97701959999999], [116.3428459, 39.9772109], [116.34302670000001, 39.977215400000006], [116.3439978, 39.9772393], [116.34400690000001, 39.97704990000002]]]}}, {"type": "Feature", "id": "BF-01369", "properties": {"id": "BF-01369", "layer": "BUILDING_FOOTPRINT", "building_type": "existing_retained", "area_sqm": 991.6, "source_id": "OSM-DERIVED-CORRIDOR-20260808", "source_type": "osm", "confidence": "medium", "geometry_role": "existing_condition"}, "geometry": {"type": "Polygon", "coordinates": [[[116.3430148, 39.9777703], [116.34302670000001, 39.977215400000006], [116.3428459, 39.9772109], [116.3428329, 39.9774795], [116.34281909999999, 39.97776559999999], [116.3430148, 39.9777703]]]}}, {"type": "Feature", "id": "BF-01370", "properties": {"id": "BF-01370", "layer": "BUILDING_FOOTPRINT", "building_type": "existing_retained", "area_sqm": 2619.8, "source_id": "OSM-DERIVED-CORRIDOR-20260808", "source_type": "osm", "confidence": "medium", "geometry_role": "existing_condition"}, "geometry": {"type": "Polygon", "coordinates": [[[116.34080389999998, 39.9779546], [116.34099700000002, 39.977959899999995], [116.34103449999999, 39.977589899999984], [116.3402567, 39.97758989999999], [116.34024060000002, 39.9779393], [116.34080389999998, 39.9779546]]]}}, {"type": "Feature", "id": "BF-01371", "properties": {"id": "BF-01371", "layer": "BUILDING_FOOTPRINT", "building_type": "existing_retained", "area_sqm": 1254.6, "source_id": "OSM-DERIVED-CORRIDOR-20260808", "source_type": "osm", "confidence": "medium", "geometry_role": "existing_condition"}, "geometry": {"type": "Polygon", "coordinates": [[[116.34185530000002, 39.9779887], [116.34185930000001, 39.977861299999994], [116.341866, 39.97765159999999], [116.341469, 39.9776475], [116.3414583, 39.9779763], [116.34185530000002, 39.9779887]]]}}, {"type": "Feature", "id": "BF-01372", "properties": {"id": "BF-01372", "layer": "BUILDING_FOOTPRINT", "building_type": "existing_retained", "area_sqm": 802.8, "source_id": "OSM-DERIVED-CORRIDOR-20260808", "source_type": "osm", "confidence": "medium", "geometry_role": "existing_condition"}, "geometry": {"type": "Polygon", "coordinates": [[[116.34322680000001, 39.982823599999996], [116.3432305, 39.98274299999999], [116.34324189999998, 39.98249220000001], [116.3432456, 39.982412599999996], [116.34303899999999, 39.98241459999999], [116.3430176, 39.98281750000001], [116.34322680000001, 39.982823599999996]]]}}, {"type": "Feature", "id": "BF-01373", "properties": {"id": "BF-01373", "layer": "BUILDING_FOOTPRINT", "building_type": "existing_retained", "area_sqm": 580.8, "source_id": "OSM-DERIVED-CORRIDOR-20260808", "source_type": "osm", "confidence": "medium", "geometry_role": "existing_condition"}, "geometry": {"type": "Polygon", "coordinates": [[[116.3388639, 39.98053159999999], [116.33886830000002, 39.9803923], [116.3386428, 39.9803863], [116.3386319, 39.980655], [116.3388598, 39.98066320000001], [116.3388639, 39.98053159999999]]]}}, {"type": "Feature", "id": "BF-01374", "properties": {"id": "BF-01374", "layer": "BUILDING_FOOTPRINT", "building_type": "existing_retained", "area_sqm": 1066.9, "source_id": "OSM-DERIVED-CORRIDOR-20260808", "source_type": "osm", "confidence": "medium", "geometry_role": "existing_condition"}, "geometry": {"type": "Polygon", "coordinates": [[[116.3409036, 39.9802241], [116.34116740000002, 39.980227600000006], [116.34122050000002, 39.980227000000006], [116.3417223, 39.9802397], [116.34172489999999, 39.980102599999995], [116.3416816, 39.9801021], [116.3409861, 39.98009439999999], [116.3408766, 39.9800925], [116.34087289999998, 39.9802236], [116.3409036, 39.9802241]]]}}, {"type": "Feature", "id": "BF-01375", "properties": {"id": "BF-01375", "layer": "BUILDING_FOOTPRINT", "building_type": "existing_retained", "area_sqm": 415.5, "source_id": "OSM-DERIVED-CORRIDOR-20260808", "source_type": "osm", "confidence": "medium", "geometry_role": "existing_condition"}, "geometry": {"type": "Polygon", "coordinates": [[[116.33938100000002, 39.983601500000006], [116.33938110000001, 39.98355009999999], [116.3393864, 39.98343670000001], [116.33919569999999, 39.98343169999998], [116.3391848, 39.9836602], [116.3393042, 39.98366360000001], [116.3393779, 39.98366339999999], [116.33938100000002, 39.983601500000006]]]}}, {"type": "Feature", "id": "BF-01376", "properties": {"id": "BF-01376", "layer": "BUILDING_FOOTPRINT", "building_type": "existing_retained", "area_sqm": 257.9, "source_id": "OSM-DERIVED-CORRIDOR-20260808", "source_type": "osm", "confidence": "medium", "geometry_role": "existing_condition"}, "geometry": {"type": "Polygon", "coordinates": [[[116.3403893, 39.9837023], [116.3404539, 39.9837032], [116.3404574, 39.983567], [116.3402578, 39.98356400000001], [116.34025440000002, 39.9837002], [116.3403893, 39.9837023]]]}}, {"type": "Feature", "id": "BF-01377", "properties": {"id": "BF-01377", "layer": "BUILDING_FOOTPRINT", "building_type": "existing_retained", "area_sqm": 601.2, "source_id": "OSM-DERIVED-CORRIDOR-20260808", "source_type": "osm", "confidence": "medium", "geometry_role": "existing_condition"}, "geometry": {"type": "Polygon", "coordinates": [[[116.33933349999998, 39.98430059999999], [116.3393498, 39.98404769999999], [116.3393534, 39.98400130000001], [116.33913600000001, 39.98399640000002], [116.3391248, 39.9842919], [116.33933349999998, 39.98430059999999]]]}}, {"type": "Feature", "id": "BF-01378", "properties": {"id": "BF-01378", "layer": "BUILDING_FOOTPRINT", "building_type": "existing_retained", "area_sqm": 360.2, "source_id": "OSM-DERIVED-CORRIDOR-20260808", "source_type": "osm", "confidence": "medium", "geometry_role": "existing_condition"}, "geometry": {"type": "Polygon", "coordinates": [[[116.33991390000001, 39.9843059], [116.33991699999999, 39.984154], [116.3396671, 39.98415100000001], [116.33966410000001, 39.984303000000004], [116.33991390000001, 39.9843059]]]}}, {"type": "Feature", "id": "BF-01379", "properties": {"id": "BF-01379", "layer": "BUILDING_FOOTPRINT", "building_type": "existing_retained", "area_sqm": 394.5, "source_id": "OSM-DERIVED-CORRIDOR-20260808", "source_type": "osm", "confidence": "medium", "geometry_role": "existing_condition"}, "geometry": {"type": "Polygon", "coordinates": [[[116.3358802, 40.0092394], [116.3359006, 40.0092433], [116.33597730000001, 40.00922609999999], [116.33578109999999, 40.008823], [116.3356922, 40.00886129999999], [116.3358802, 40.0092394]]]}}, {"type": "Feature", "id": "BF-01380", "properties": {"id": "BF-01380", "layer": "BUILDING_FOOTPRINT", "building_type": "existing_retained", "area_sqm": 133.7, "source_id": "OSM-DERIVED-CORRIDOR-20260808", "source_type": "osm", "confidence": "medium", "geometry_role": "existing_condition"}, "geometry": {"type": "Polygon", "coordinates": [[[116.33813410000002, 39.9779617], [116.3381352, 39.9779246], [116.33816420000001, 39.97792509999999], [116.33816590000002, 39.977866500000005], [116.33800750000002, 39.9778638], [116.3380047, 39.9779595], [116.33813410000002, 39.9779617]]]}}, {"type": "Feature", "id": "BF-01381", "properties": {"id": "BF-01381", "layer": "BUILDING_FOOTPRINT", "building_type": "existing_retained", "area_sqm": 441.6, "source_id": "OSM-DERIVED-CORRIDOR-20260808", "source_type": "osm", "confidence": "medium", "geometry_role": "existing_condition"}, "geometry": {"type": "Polygon", "coordinates": [[[116.34491470000002, 39.9817203], [116.34489020000001, 39.9820143], [116.34487480000001, 39.98219969999999], [116.3449413, 39.98220169999999], [116.3449596, 39.9820155], [116.3449884, 39.981722099999985], [116.34506269999999, 39.9817303], [116.34506530000002, 39.981674999999996], [116.3449438, 39.981671999999996], [116.34480940000002, 39.9816686], [116.34480700000002, 39.9817189], [116.34491470000002, 39.9817203]]]}}, {"type": "Feature", "id": "BF-01382", "properties": {"id": "BF-01382", "layer": "BUILDING_FOOTPRINT", "building_type": "existing_retained", "area_sqm": 434.0, "source_id": "OSM-DERIVED-CORRIDOR-20260808", "source_type": "osm", "confidence": "medium", "geometry_role": "existing_condition"}, "geometry": {"type": "Polygon", "coordinates": [[[116.3448383, 39.983792699999995], [116.34496549999999, 39.9837953], [116.344968, 39.983745500000005], [116.3448744, 39.98374299999999], [116.34489740000001, 39.98347879999999], [116.34490180000002, 39.9834281], [116.3449096, 39.983339199999996], [116.3448222, 39.983336699999995], [116.3448168, 39.983425200000006], [116.3448136, 39.983476700000004], [116.3447973, 39.9837422], [116.34471669999999, 39.98374330000001], [116.3447144, 39.9837901], [116.3448383, 39.983792699999995]]]}}, {"type": "Feature", "id": "BF-01383", "properties": {"id": "BF-01383", "layer": "BUILDING_FOOTPRINT", "building_type": "existing_retained", "area_sqm": 2972.7, "source_id": "OSM-DERIVED-CORRIDOR-20260808", "source_type": "osm", "confidence": "medium", "geometry_role": "existing_condition"}, "geometry": {"type": "Polygon", "coordinates": [[[116.3289412, 40.01883019999999], [116.3288723, 40.01910659999999], [116.3291882, 40.0191527], [116.32932279999999, 40.018612399999995], [116.3290178, 40.018567899999994], [116.32898769999998, 40.01868840000001], [116.3280483, 40.018551], [116.3280125, 40.0186945], [116.3289412, 40.01883019999999]]]}}, {"type": "Feature", "id": "BF-01384", "properties": {"id": "BF-01384", "layer": "BUILDING_FOOTPRINT", "building_type": "existing_retained", "area_sqm": 486.6, "source_id": "OSM-DERIVED-CORRIDOR-20260808", "source_type": "osm", "confidence": "medium", "geometry_role": "existing_condition"}, "geometry": {"type": "Polygon", "coordinates": [[[116.3294966, 40.01845380000001], [116.329563, 40.01816449999999], [116.3293909, 40.0181413], [116.3293245, 40.0184307], [116.3294966, 40.01845380000001]]]}}, {"type": "Feature", "id": "BF-01385", "properties": {"id": "BF-01385", "layer": "BUILDING_FOOTPRINT", "building_type": "existing_retained", "area_sqm": 196.0, "source_id": "OSM-DERIVED-CORRIDOR-20260808", "source_type": "osm", "confidence": "medium", "geometry_role": "existing_condition"}, "geometry": {"type": "Polygon", "coordinates": [[[116.32946370000002, 40.0179077], [116.32949910000002, 40.0178641], [116.3291573, 40.01770139999999], [116.3291219, 40.017745100000006], [116.32946370000002, 40.0179077]]]}}, {"type": "Feature", "id": "BF-01386", "properties": {"id": "BF-01386", "layer": "BUILDING_FOOTPRINT", "building_type": "existing_retained", "area_sqm": 906.5, "source_id": "OSM-DERIVED-CORRIDOR-20260808", "source_type": "osm", "confidence": "medium", "geometry_role": "existing_condition"}, "geometry": {"type": "Polygon", "coordinates": [[[116.3462106, 39.9651987], [116.34621359999998, 39.964980999999995], [116.345775, 39.96497730000001], [116.34577190000002, 39.965195200000004], [116.3462106, 39.9651987]]]}}, {"type": "Feature", "id": "BF-01387", "properties": {"id": "BF-01387", "layer": "BUILDING_FOOTPRINT", "building_type": "existing_retained", "area_sqm": 1262.3, "source_id": "OSM-DERIVED-CORRIDOR-20260808", "source_type": "osm", "confidence": "medium", "geometry_role": "existing_condition"}, "geometry": {"type": "Polygon", "coordinates": [[[116.3464643, 39.9653529], [116.3464593, 39.96544029999998], [116.3466097, 39.96544540000001], [116.34663990000001, 39.9649153], [116.34648620000002, 39.9649102], [116.3464784, 39.965047000000006], [116.3463097, 39.9650413], [116.34629210000001, 39.9653471], [116.3464643, 39.9653529]]]}}, {"type": "Feature", "id": "BF-01388", "properties": {"id": "BF-01388", "layer": "BUILDING_FOOTPRINT", "building_type": "existing_retained", "area_sqm": 1487.3, "source_id": "OSM-DERIVED-CORRIDOR-20260808", "source_type": "osm", "confidence": "medium", "geometry_role": "existing_condition"}, "geometry": {"type": "Polygon", "coordinates": [[[116.34560500000002, 39.965086299999996], [116.34561929999998, 39.964831899999986], [116.3450041, 39.96481159999999], [116.34498980000001, 39.96506589999999], [116.34560500000002, 39.965086299999996]]]}}, {"type": "Feature", "id": "BF-01389", "properties": {"id": "BF-01389", "layer": "BUILDING_FOOTPRINT", "building_type": "existing_retained", "area_sqm": 823.3, "source_id": "OSM-DERIVED-CORRIDOR-20260808", "source_type": "osm", "confidence": "medium", "geometry_role": "existing_condition"}, "geometry": {"type": "Polygon", "coordinates": [[[116.34524180000001, 39.965362500000005], [116.3452492, 39.965198], [116.34472210000001, 39.9651842], [116.34471469999998, 39.9653486], [116.34524180000001, 39.965362500000005]]]}}, {"type": "Feature", "id": "BF-01390", "properties": {"id": "BF-01390", "layer": "BUILDING_FOOTPRINT", "building_type": "existing_retained", "area_sqm": 391.2, "source_id": "OSM-DERIVED-CORRIDOR-20260808", "source_type": "osm", "confidence": "medium", "geometry_role": "existing_condition"}, "geometry": {"type": "Polygon", "coordinates": [[[116.34487130000001, 39.9650792], [116.34487939999998, 39.9649403], [116.34458320000002, 39.96493009999999], [116.34457500000002, 39.965069], [116.34487130000001, 39.9650792]]]}}, {"type": "Feature", "id": "BF-01391", "properties": {"id": "BF-01391", "layer": "BUILDING_FOOTPRINT", "building_type": "existing_retained", "area_sqm": 842.5, "source_id": "OSM-DERIVED-CORRIDOR-20260808", "source_type": "osm", "confidence": "medium", "geometry_role": "existing_condition"}, "geometry": {"type": "Polygon", "coordinates": [[[116.34385770000002, 39.9655108], [116.34386470000001, 39.96537270000001], [116.34322290000001, 39.9653533], [116.34321579999998, 39.96549149999999], [116.34385770000002, 39.9655108]]]}}, {"type": "Feature", "id": "BF-01392", "properties": {"id": "BF-01392", "layer": "BUILDING_FOOTPRINT", "building_type": "existing_retained", "area_sqm": 813.4, "source_id": "OSM-DERIVED-CORRIDOR-20260808", "source_type": "osm", "confidence": "medium", "geometry_role": "existing_condition"}, "geometry": {"type": "Polygon", "coordinates": [[[116.34386430000002, 39.96517339999999], [116.3438734, 39.9650377], [116.3432435, 39.96501289999999], [116.3432344, 39.9651487], [116.34386430000002, 39.96517339999999]]]}}, {"type": "Feature", "id": "BF-01393", "properties": {"id": "BF-01393", "layer": "BUILDING_FOOTPRINT", "building_type": "existing_retained", "area_sqm": 1197.1, "source_id": "OSM-DERIVED-CORRIDOR-20260808", "source_type": "osm", "confidence": "medium", "geometry_role": "existing_condition"}, "geometry": {"type": "Polygon", "coordinates": [[[116.3439457, 39.9648359], [116.3439551, 39.96465399999999], [116.3432627, 39.96463289999999], [116.3432533, 39.9648149], [116.3439457, 39.9648359]]]}}, {"type": "Feature", "id": "BF-01394", "properties": {"id": "BF-01394", "layer": "BUILDING_FOOTPRINT", "building_type": "existing_retained", "area_sqm": 3289.5, "source_id": "OSM-DERIVED-CORRIDOR-20260808", "source_type": "osm", "confidence": "medium", "geometry_role": "existing_condition"}, "geometry": {"type": "Polygon", "coordinates": [[[116.34358020000002, 39.96435269999999], [116.3435855, 39.9643722], [116.3437598, 39.9643764], [116.34376060000001, 39.964355999999995], [116.34419829999999, 39.9643665], [116.3442039, 39.96422749999999], [116.3437604, 39.96421689999999], [116.34377790000002, 39.96378970000001], [116.3441943, 39.9637997], [116.34420100000001, 39.9636363], [116.3440106, 39.96363169999999], [116.34401130000002, 39.963615099999984], [116.34346409999999, 39.96360019999999], [116.3434636, 39.963609700000006], [116.34334620000001, 39.96360599999999], [116.3433364, 39.9637819], [116.34360450000001, 39.96379060000001], [116.3435811, 39.96421049999999], [116.3433766, 39.9642038], [116.34336870000001, 39.9643457], [116.34358020000002, 39.96435269999999]]]}}, {"type": "Feature", "id": "BF-01395", "properties": {"id": "BF-01395", "layer": "BUILDING_FOOTPRINT", "building_type": "existing_retained", "area_sqm": 315.4, "source_id": "OSM-DERIVED-CORRIDOR-20260808", "source_type": "osm", "confidence": "medium", "geometry_role": "existing_condition"}, "geometry": {"type": "Polygon", "coordinates": [[[116.3448876, 39.9630947], [116.34489100000002, 39.9630009], [116.34453700000002, 39.962993399999995], [116.34453360000002, 39.9630873], [116.3448876, 39.9630947]]]}}, {"type": "Feature", "id": "BF-01396", "properties": {"id": "BF-01396", "layer": "BUILDING_FOOTPRINT", "building_type": "existing_retained", "area_sqm": 607.9, "source_id": "OSM-DERIVED-CORRIDOR-20260808", "source_type": "osm", "confidence": "medium", "geometry_role": "existing_condition"}, "geometry": {"type": "Polygon", "coordinates": [[[116.34567029999998, 39.96309639999999], [116.34567370000002, 39.963011900000005], [116.3449157, 39.962993999999995], [116.34491230000002, 39.963078399999986], [116.34567029999998, 39.96309639999999]]]}}, {"type": "Feature", "id": "BF-01397", "properties": {"id": "BF-01397", "layer": "BUILDING_FOOTPRINT", "building_type": "existing_retained", "area_sqm": 558.7, "source_id": "OSM-DERIVED-CORRIDOR-20260808", "source_type": "osm", "confidence": "medium", "geometry_role": "existing_condition"}, "geometry": {"type": "Polygon", "coordinates": [[[116.3451652, 39.9645605], [116.345175, 39.964391599999985], [116.34479920000001, 39.9643788], [116.344796, 39.96443449999999], [116.34490759999998, 39.96443829999999], [116.34490540000002, 39.96447669999999], [116.3447993, 39.9644731], [116.3447949, 39.9645479], [116.3451652, 39.9645605]]]}}, {"type": "Feature", "id": "BF-01398", "properties": {"id": "BF-01398", "layer": "BUILDING_FOOTPRINT", "building_type": "existing_retained", "area_sqm": 2766.0, "source_id": "OSM-DERIVED-CORRIDOR-20260808", "source_type": "osm", "confidence": "medium", "geometry_role": "existing_condition"}, "geometry": {"type": "Polygon", "coordinates": [[[116.3454787, 39.96463639999999], [116.3454819, 39.964582099999994], [116.34553280000002, 39.96458380000001], [116.34552940000002, 39.9646409], [116.3458344, 39.9646515], [116.34583490000001, 39.96464269999999], [116.34587620000002, 39.9646441], [116.3458756, 39.9646552], [116.3461916, 39.964666], [116.34621110000002, 39.9643309], [116.34588950000001, 39.96431989999999], [116.345889, 39.9643281], [116.34585599999998, 39.9643269], [116.3458567, 39.964315], [116.3455372, 39.9643039], [116.3455338, 39.9643606], [116.3455036, 39.96435949999999], [116.34550670000002, 39.964308200000005], [116.345325, 39.96430190000001], [116.34530560000002, 39.9646304], [116.3454787, 39.96463639999999]]]}}, {"type": "Feature", "id": "BF-01399", "properties": {"id": "BF-01399", "layer": "BUILDING_FOOTPRINT", "building_type": "existing_retained", "area_sqm": 1476.7, "source_id": "OSM-DERIVED-CORRIDOR-20260808", "source_type": "osm", "confidence": "medium", "geometry_role": "existing_condition"}, "geometry": {"type": "Polygon", "coordinates": [[[116.3462154, 39.96411750000001], [116.34625949999999, 39.96321], [116.3460736, 39.9632047], [116.3460682, 39.9633147], [116.34614390000002, 39.96331689999999], [116.34614060000001, 39.96338399999999], [116.34607010000002, 39.963382], [116.3460426, 39.96394239999999], [116.3461182, 39.9639446], [116.3461148, 39.96401350000001], [116.3460331, 39.9640112], [116.3460282, 39.9641122], [116.3462154, 39.96411750000001]]]}}, {"type": "Feature", "id": "BF-01400", "properties": {"id": "BF-01400", "layer": "BUILDING_FOOTPRINT", "building_type": "existing_retained", "area_sqm": 1404.4, "source_id": "OSM-DERIVED-CORRIDOR-20260808", "source_type": "osm", "confidence": "medium", "geometry_role": "existing_condition"}, "geometry": {"type": "Polygon", "coordinates": [[[116.34668970000001, 39.96304309999999], [116.34671879999999, 39.9625437], [116.34656190000001, 39.96253829999999], [116.34653900000002, 39.96292820000001], [116.3459059, 39.9629064], [116.3458995, 39.9630159], [116.34668970000001, 39.96304309999999]]]}}, {"type": "Feature", "id": "BF-01401", "properties": {"id": "BF-01401", "layer": "BUILDING_FOOTPRINT", "building_type": "existing_retained", "area_sqm": 908.2, "source_id": "OSM-DERIVED-CORRIDOR-20260808", "source_type": "osm", "confidence": "medium", "geometry_role": "existing_condition"}, "geometry": {"type": "Polygon", "coordinates": [[[116.34648830000002, 39.9627245], [116.34649310000002, 39.9626217], [116.3455635, 39.9625965], [116.34555880000002, 39.96269939999999], [116.34648830000002, 39.9627245]]]}}, {"type": "Feature", "id": "BF-01402", "properties": {"id": "BF-01402", "layer": "BUILDING_FOOTPRINT", "building_type": "existing_retained", "area_sqm": 346.3, "source_id": "OSM-DERIVED-CORRIDOR-20260808", "source_type": "osm", "confidence": "medium", "geometry_role": "existing_condition"}, "geometry": {"type": "Polygon", "coordinates": [[[116.3448776, 39.96281449999999], [116.34489260000001, 39.962562000000005], [116.3447483, 39.962557], [116.3447334, 39.96280949999999], [116.3448776, 39.96281449999999]]]}}, {"type": "Feature", "id": "BF-01403", "properties": {"id": "BF-01403", "layer": "BUILDING_FOOTPRINT", "building_type": "existing_retained", "area_sqm": 487.9, "source_id": "OSM-DERIVED-CORRIDOR-20260808", "source_type": "osm", "confidence": "medium", "geometry_role": "existing_condition"}, "geometry": {"type": "Polygon", "coordinates": [[[116.3454381, 39.9627362], [116.34544220000001, 39.9626415], [116.3449, 39.9626276], [116.34489589999998, 39.962722400000004], [116.3454381, 39.9627362]]]}}, {"type": "Feature", "id": "BF-01404", "properties": {"id": "BF-01404", "layer": "BUILDING_FOOTPRINT", "building_type": "existing_retained", "area_sqm": 1389.0, "source_id": "OSM-DERIVED-CORRIDOR-20260808", "source_type": "osm", "confidence": "medium", "geometry_role": "existing_condition"}, "geometry": {"type": "Polygon", "coordinates": [[[116.34400450000001, 39.96205559999999], [116.3439986, 39.9622145], [116.34410370000002, 39.962216799999986], [116.3441032, 39.962230000000005], [116.34412060000001, 39.9622409], [116.3441888, 39.962241399999996], [116.34420490000001, 39.962228599999996], [116.3442065, 39.962186800000005], [116.344583, 39.962195], [116.3445912, 39.96197409999999], [116.3439167, 39.9619593], [116.34391320000002, 39.96205359999999], [116.34400450000001, 39.96205559999999]]]}}, {"type": "Feature", "id": "BF-01405", "properties": {"id": "BF-01405", "layer": "BUILDING_FOOTPRINT", "building_type": "existing_retained", "area_sqm": 953.1, "source_id": "OSM-DERIVED-CORRIDOR-20260808", "source_type": "osm", "confidence": "medium", "geometry_role": "existing_condition"}, "geometry": {"type": "Polygon", "coordinates": [[[116.34523370000001, 39.958505299999985], [116.3452455, 39.958326099999994], [116.34468619999998, 39.958304600000005], [116.34467440000002, 39.95848370000001], [116.34523370000001, 39.958505299999985]]]}}, {"type": "Feature", "id": "BF-01406", "properties": {"id": "BF-01406", "layer": "BUILDING_FOOTPRINT", "building_type": "existing_retained", "area_sqm": 958.6, "source_id": "OSM-DERIVED-CORRIDOR-20260808", "source_type": "osm", "confidence": "medium", "geometry_role": "existing_condition"}, "geometry": {"type": "Polygon", "coordinates": [[[116.33247250000001, 39.9996916], [116.33312599999998, 39.999716], [116.3331254, 39.999762099999984], [116.3330946, 39.99976039999999], [116.33309410000001, 39.999788200000005], [116.33327530000001, 39.999795600000006], [116.33328189999999, 39.99961999999999], [116.333259, 39.99959209999999], [116.33272810000001, 39.9995766], [116.33272810000001, 39.99961119999999], [116.33268550000001, 39.999606199999995], [116.33268670000001, 39.9996276], [116.3324744, 39.9996177], [116.33247250000001, 39.9996916]]]}}, {"type": "Feature", "id": "BF-01407", "properties": {"id": "BF-01407", "layer": "BUILDING_FOOTPRINT", "building_type": "existing_retained", "area_sqm": 457.0, "source_id": "OSM-DERIVED-CORRIDOR-20260808", "source_type": "osm", "confidence": "medium", "geometry_role": "existing_condition"}, "geometry": {"type": "Polygon", "coordinates": [[[116.3287303, 40.01950300000001], [116.3287445, 40.019451399999994], [116.3278492, 40.019306699999994], [116.32783500000001, 40.01935819999999], [116.3287303, 40.01950300000001]]]}}, {"type": "Feature", "id": "BF-01408", "properties": {"id": "BF-01408", "layer": "BUILDING_FOOTPRINT", "building_type": "existing_retained", "area_sqm": 361.4, "source_id": "OSM-DERIVED-CORRIDOR-20260808", "source_type": "osm", "confidence": "medium", "geometry_role": "existing_condition"}, "geometry": {"type": "Polygon", "coordinates": [[[116.32790789999999, 40.0193089], [116.3279286, 40.0192342], [116.32828199999999, 40.0192914], [116.32830240000001, 40.01921730000001], [116.32787970000001, 40.01914890000001], [116.3278387, 40.019297699999996], [116.32790789999999, 40.0193089]]]}}, {"type": "Feature", "id": "BF-01409", "properties": {"id": "BF-01409", "layer": "BUILDING_FOOTPRINT", "building_type": "existing_retained", "area_sqm": 286.8, "source_id": "OSM-DERIVED-CORRIDOR-20260808", "source_type": "osm", "confidence": "medium", "geometry_role": "existing_condition"}, "geometry": {"type": "Polygon", "coordinates": [[[116.32877250000001, 40.0193653], [116.32879350000002, 40.019291], [116.3284049, 40.019226499999995], [116.3283838, 40.0193009], [116.32877250000001, 40.0193653]]]}}, {"type": "Feature", "id": "BF-01410", "properties": {"id": "BF-01410", "layer": "BUILDING_FOOTPRINT", "building_type": "existing_retained", "area_sqm": 536.0, "source_id": "OSM-DERIVED-CORRIDOR-20260808", "source_type": "osm", "confidence": "medium", "geometry_role": "existing_condition"}, "geometry": {"type": "Polygon", "coordinates": [[[116.32798139999998, 40.01915279999999], [116.3280061, 40.0190595], [116.32819649999999, 40.019089], [116.32816949999999, 40.01919089999999], [116.32831280000002, 40.01921310000001], [116.32835420000002, 40.0190567], [116.32835010000001, 40.01904179999999], [116.3279188, 40.018975000000005], [116.32787610000001, 40.0191365], [116.32798139999998, 40.01915279999999]]]}}, {"type": "Feature", "id": "BF-01411", "properties": {"id": "BF-01411", "layer": "BUILDING_FOOTPRINT", "building_type": "existing_retained", "area_sqm": 373.3, "source_id": "OSM-DERIVED-CORRIDOR-20260808", "source_type": "osm", "confidence": "medium", "geometry_role": "existing_condition"}, "geometry": {"type": "Polygon", "coordinates": [[[116.3288095, 40.01923729999999], [116.32883499999998, 40.01914119999999], [116.3284412, 40.01908009999999], [116.32841580000002, 40.0191761], [116.3288095, 40.01923729999999]]]}}, {"type": "Feature", "id": "BF-01412", "properties": {"id": "BF-01412", "layer": "BUILDING_FOOTPRINT", "building_type": "existing_retained", "area_sqm": 516.9, "source_id": "OSM-DERIVED-CORRIDOR-20260808", "source_type": "osm", "confidence": "medium", "geometry_role": "existing_condition"}, "geometry": {"type": "Polygon", "coordinates": [[[116.3283643, 40.01896049999999], [116.32839690000002, 40.018831399999996], [116.32798949999999, 40.01877120000001], [116.327957, 40.0189002], [116.3283643, 40.01896049999999]]]}}, {"type": "Feature", "id": "BF-01413", "properties": {"id": "BF-01413", "layer": "BUILDING_FOOTPRINT", "building_type": "existing_retained", "area_sqm": 561.7, "source_id": "OSM-DERIVED-CORRIDOR-20260808", "source_type": "osm", "confidence": "medium", "geometry_role": "existing_condition"}, "geometry": {"type": "Polygon", "coordinates": [[[116.32873440000002, 40.01900229999999], [116.3287125, 40.0190863], [116.32885410000002, 40.019108], [116.32890480000002, 40.018913800000014], [116.3284959, 40.01885109999999], [116.32846710000001, 40.018961399999995], [116.32873440000002, 40.01900229999999]]]}}, {"type": "Feature", "id": "BF-01414", "properties": {"id": "BF-01414", "layer": "BUILDING_FOOTPRINT", "building_type": "existing_retained", "area_sqm": 812.4, "source_id": "OSM-DERIVED-CORRIDOR-20260808", "source_type": "osm", "confidence": "medium", "geometry_role": "existing_condition"}, "geometry": {"type": "Polygon", "coordinates": [[[116.3305468, 40.01967339999999], [116.33063750000001, 40.0194918], [116.3302259, 40.0193712], [116.33013520000002, 40.01955289999999], [116.3305468, 40.01967339999999]]]}}, {"type": "Feature", "id": "BF-01415", "properties": {"id": "BF-01415", "layer": "BUILDING_FOOTPRINT", "building_type": "existing_retained", "area_sqm": 485.2, "source_id": "OSM-DERIVED-CORRIDOR-20260808", "source_type": "osm", "confidence": "medium", "geometry_role": "existing_condition"}, "geometry": {"type": "Polygon", "coordinates": [[[116.33006140000002, 40.0197744], [116.33010640000002, 40.01965659999999], [116.3297061, 40.01956699999999], [116.3296611, 40.0196848], [116.33006140000002, 40.0197744]]]}}, {"type": "Feature", "id": "BF-01416", "properties": {"id": "BF-01416", "layer": "BUILDING_FOOTPRINT", "building_type": "existing_retained", "area_sqm": 1637.6, "source_id": "OSM-DERIVED-CORRIDOR-20260808", "source_type": "osm", "confidence": "medium", "geometry_role": "existing_condition"}, "geometry": {"type": "Polygon", "coordinates": [[[116.33006389999998, 40.0195795], [116.3301843, 40.0192463], [116.33047400000001, 40.0193376], [116.3305503, 40.01930110000001], [116.3305551, 40.01927919999999], [116.3298756, 40.019090199999994], [116.32972900000001, 40.0195074], [116.33006389999998, 40.0195795]]]}}, {"type": "Feature", "id": "BF-01417", "properties": {"id": "BF-01417", "layer": "BUILDING_FOOTPRINT", "building_type": "existing_retained", "area_sqm": 1176.9, "source_id": "OSM-DERIVED-CORRIDOR-20260808", "source_type": "osm", "confidence": "medium", "geometry_role": "existing_condition"}, "geometry": {"type": "Polygon", "coordinates": [[[116.3326193, 39.9891816], [116.33263770000002, 39.988592000000004], [116.33242740000001, 39.988588099999994], [116.3324089, 39.9891777], [116.3326193, 39.9891816]]]}}, {"type": "Feature", "id": "BF-01418", "properties": {"id": "BF-01418", "layer": "BUILDING_FOOTPRINT", "building_type": "existing_retained", "area_sqm": 521.9, "source_id": "OSM-DERIVED-CORRIDOR-20260808", "source_type": "osm", "confidence": "medium", "geometry_role": "existing_condition"}, "geometry": {"type": "Polygon", "coordinates": [[[116.3324315, 39.98856289999999], [116.3324297, 39.98846029999999], [116.3326259, 39.9884583], [116.3326229, 39.988290799999994], [116.33234470000001, 39.9882937], [116.33234940000001, 39.988563799999994], [116.3324315, 39.98856289999999]]]}}, {"type": "Feature", "id": "BF-01419", "properties": {"id": "BF-01419", "layer": "BUILDING_FOOTPRINT", "building_type": "existing_retained", "area_sqm": 788.1, "source_id": "OSM-DERIVED-CORRIDOR-20260808", "source_type": "osm", "confidence": "medium", "geometry_role": "existing_condition"}, "geometry": {"type": "Polygon", "coordinates": [[[116.3325266, 39.9880786], [116.33254020000001, 39.9875937], [116.33236889999999, 39.9875909], [116.3323553, 39.9880758], [116.3325266, 39.9880786]]]}}, {"type": "Feature", "id": "BF-01420", "properties": {"id": "BF-01420", "layer": "BUILDING_FOOTPRINT", "building_type": "existing_retained", "area_sqm": 266.3, "source_id": "OSM-DERIVED-CORRIDOR-20260808", "source_type": "osm", "confidence": "medium", "geometry_role": "existing_condition"}, "geometry": {"type": "Polygon", "coordinates": [[[116.33260630000001, 39.9882781], [116.33260500000002, 39.988171200000004], [116.33234250000001, 39.98817299999999], [116.3323438, 39.98828], [116.33260630000001, 39.9882781]]]}}, {"type": "Feature", "id": "BF-01421", "properties": {"id": "BF-01421", "layer": "BUILDING_FOOTPRINT", "building_type": "existing_retained", "area_sqm": 696.1, "source_id": "OSM-DERIVED-CORRIDOR-20260808", "source_type": "osm", "confidence": "medium", "geometry_role": "existing_condition"}, "geometry": {"type": "Polygon", "coordinates": [[[116.332827, 39.9871986], [116.3329196, 39.98692239999999], [116.3326703, 39.986873300000006], [116.33257780000001, 39.98714960000001], [116.332827, 39.9871986]]]}}, {"type": "Feature", "id": "BF-01422", "properties": {"id": "BF-01422", "layer": "BUILDING_FOOTPRINT", "building_type": "existing_retained", "area_sqm": 1303.8, "source_id": "OSM-DERIVED-CORRIDOR-20260808", "source_type": "osm", "confidence": "medium", "geometry_role": "existing_condition"}, "geometry": {"type": "Polygon", "coordinates": [[[116.3334341, 39.98748199999999], [116.3335364, 39.987194699999996], [116.3329014, 39.98706210000001], [116.33284330000001, 39.98722529999999], [116.33285850000001, 39.98722849999999], [116.3328456, 39.9872647], [116.3329766, 39.987292], [116.3330092, 39.9872006], [116.3333376, 39.987269199999986], [116.3332983, 39.9873797], [116.33303940000002, 39.98732559999999], [116.33301490000001, 39.9873945], [116.3334341, 39.98748199999999]]]}}, {"type": "Feature", "id": "BF-01423", "properties": {"id": "BF-01423", "layer": "BUILDING_FOOTPRINT", "building_type": "existing_retained", "area_sqm": 701.2, "source_id": "OSM-DERIVED-CORRIDOR-20260808", "source_type": "osm", "confidence": "medium", "geometry_role": "existing_condition"}, "geometry": {"type": "Polygon", "coordinates": [[[116.3329193, 39.98665989999999], [116.33294319999999, 39.9863803], [116.3326799, 39.986367099999995], [116.33265600000001, 39.986646700000016], [116.3329193, 39.98665989999999]]]}}, {"type": "Feature", "id": "BF-01424", "properties": {"id": "BF-01424", "layer": "BUILDING_FOOTPRINT", "building_type": "existing_retained", "area_sqm": 972.1, "source_id": "OSM-DERIVED-CORRIDOR-20260808", "source_type": "osm", "confidence": "medium", "geometry_role": "existing_condition"}, "geometry": {"type": "Polygon", "coordinates": [[[116.3332914, 39.98681080000001], [116.333334, 39.986409800000004], [116.33308000000001, 39.98639399999999], [116.3330376, 39.9867951], [116.3332914, 39.98681080000001]]]}}, {"type": "Feature", "id": "BF-01425", "properties": {"id": "BF-01425", "layer": "BUILDING_FOOTPRINT", "building_type": "existing_retained", "area_sqm": 827.4, "source_id": "OSM-DERIVED-CORRIDOR-20260808", "source_type": "osm", "confidence": "medium", "geometry_role": "existing_condition"}, "geometry": {"type": "Polygon", "coordinates": [[[116.33336370000002, 39.9893425], [116.3333688, 39.98917169999999], [116.33290179999999, 39.9891635], [116.3328991, 39.98925689999999], [116.3328032, 39.9892553], [116.3328009, 39.9893327], [116.33336370000002, 39.9893425]]]}}, {"type": "Feature", "id": "BF-01426", "properties": {"id": "BF-01426", "layer": "BUILDING_FOOTPRINT", "building_type": "existing_retained", "area_sqm": 387.7, "source_id": "OSM-DERIVED-CORRIDOR-20260808", "source_type": "osm", "confidence": "medium", "geometry_role": "existing_condition"}, "geometry": {"type": "Polygon", "coordinates": [[[116.3297001, 40.0173215], [116.32980280000001, 40.01684010000001], [116.32972000000001, 40.0168298], [116.32961739999999, 40.01731110000001], [116.3297001, 40.0173215]]]}}, {"type": "Feature", "id": "BF-01427", "properties": {"id": "BF-01427", "layer": "BUILDING_FOOTPRINT", "building_type": "existing_retained", "area_sqm": 892.4, "source_id": "OSM-DERIVED-CORRIDOR-20260808", "source_type": "osm", "confidence": "medium", "geometry_role": "existing_condition"}, "geometry": {"type": "Polygon", "coordinates": [[[116.3302529, 40.0177515], [116.3302557, 40.017672899999994], [116.33053070000001, 40.01767869999999], [116.3305371, 40.0175002], [116.3300873, 40.0174906], [116.330078, 40.0177478], [116.3302529, 40.0177515]]]}}, {"type": "Feature", "id": "BF-01428", "properties": {"id": "BF-01428", "layer": "BUILDING_FOOTPRINT", "building_type": "existing_retained", "area_sqm": 982.3, "source_id": "OSM-DERIVED-CORRIDOR-20260808", "source_type": "osm", "confidence": "medium", "geometry_role": "existing_condition"}, "geometry": {"type": "Polygon", "coordinates": [[[116.33064979999999, 40.0172532], [116.33065150000002, 40.0171168], [116.32989220000002, 40.0171112], [116.3298905, 40.017247699999984], [116.33064979999999, 40.0172532]]]}}, {"type": "Feature", "id": "BF-01429", "properties": {"id": "BF-01429", "layer": "BUILDING_FOOTPRINT", "building_type": "existing_retained", "area_sqm": 753.3, "source_id": "OSM-DERIVED-CORRIDOR-20260808", "source_type": "osm", "confidence": "medium", "geometry_role": "existing_condition"}, "geometry": {"type": "Polygon", "coordinates": [[[116.33065120000002, 40.016772399999994], [116.33065370000001, 40.01669009999999], [116.3304401, 40.0166863], [116.3304417, 40.016633299999995], [116.32998469999998, 40.01662520000001], [116.3299806, 40.0167605], [116.33065120000002, 40.016772399999994]]]}}, {"type": "Feature", "id": "BF-01430", "properties": {"id": "BF-01430", "layer": "BUILDING_FOOTPRINT", "building_type": "existing_retained", "area_sqm": 909.7, "source_id": "OSM-DERIVED-CORRIDOR-20260808", "source_type": "osm", "confidence": "medium", "geometry_role": "existing_condition"}, "geometry": {"type": "Polygon", "coordinates": [[[116.3306756, 40.0170087], [116.3306772, 40.0168745], [116.329962, 40.0168694], [116.32996030000001, 40.01700350000001], [116.3306756, 40.0170087]]]}}, {"type": "Feature", "id": "BF-01431", "properties": {"id": "BF-01431", "layer": "BUILDING_FOOTPRINT", "building_type": "existing_retained", "area_sqm": 462.8, "source_id": "OSM-DERIVED-CORRIDOR-20260808", "source_type": "osm", "confidence": "medium", "geometry_role": "existing_condition"}, "geometry": {"type": "Polygon", "coordinates": [[[116.3293341, 40.0174578], [116.3294148, 40.0170968], [116.3292834, 40.01707960000001], [116.3292027, 40.017440499999985], [116.3293341, 40.0174578]]]}}, {"type": "Feature", "id": "BF-01432", "properties": {"id": "BF-01432", "layer": "BUILDING_FOOTPRINT", "building_type": "existing_retained", "area_sqm": 325.1, "source_id": "OSM-DERIVED-CORRIDOR-20260808", "source_type": "osm", "confidence": "medium", "geometry_role": "existing_condition"}, "geometry": {"type": "Polygon", "coordinates": [[[116.33062430000001, 40.01827400000001], [116.33063000000001, 40.0181526], [116.33034790000002, 40.0181449], [116.33034220000002, 40.0182663], [116.33062430000001, 40.01827400000001]]]}}, {"type": "Feature", "id": "BF-01433", "properties": {"id": "BF-01433", "layer": "BUILDING_FOOTPRINT", "building_type": "existing_retained", "area_sqm": 708.1, "source_id": "OSM-DERIVED-CORRIDOR-20260808", "source_type": "osm", "confidence": "medium", "geometry_role": "existing_condition"}, "geometry": {"type": "Polygon", "coordinates": [[[116.33017910000001, 40.0179737], [116.33017790000001, 40.0180251], [116.33067589999999, 40.01803180000002], [116.33067890000001, 40.017903100000005], [116.3300448, 40.0178944], [116.330043, 40.0179719], [116.33017910000001, 40.0179737]]]}}, {"type": "Feature", "id": "BF-01434", "properties": {"id": "BF-01434", "layer": "BUILDING_FOOTPRINT", "building_type": "existing_retained", "area_sqm": 163.5, "source_id": "OSM-DERIVED-CORRIDOR-20260808", "source_type": "osm", "confidence": "medium", "geometry_role": "existing_condition"}, "geometry": {"type": "Polygon", "coordinates": [[[116.33001700000001, 40.0176807], [116.3300186, 40.01748280000001], [116.32993150000001, 40.017482400000006], [116.3299298, 40.01768030000001], [116.33001700000001, 40.0176807]]]}}, {"type": "Feature", "id": "BF-01435", "properties": {"id": "BF-01435", "layer": "BUILDING_FOOTPRINT", "building_type": "existing_retained", "area_sqm": 164.4, "source_id": "OSM-DERIVED-CORRIDOR-20260808", "source_type": "osm", "confidence": "medium", "geometry_role": "existing_condition"}, "geometry": {"type": "Polygon", "coordinates": [[[116.3382433, 40.01143749999999], [116.33831450000001, 40.01141089999999], [116.3381892, 40.0112142], [116.33811800000001, 40.011240699999995], [116.3382433, 40.01143749999999]]]}}, {"type": "Feature", "id": "BF-01436", "properties": {"id": "BF-01436", "layer": "BUILDING_FOOTPRINT", "building_type": "existing_retained", "area_sqm": 353.3, "source_id": "OSM-DERIVED-CORRIDOR-20260808", "source_type": "osm", "confidence": "medium", "geometry_role": "existing_condition"}, "geometry": {"type": "Polygon", "coordinates": [[[116.3392393, 40.01168109999998], [116.339255, 40.01158989999999], [116.3388533, 40.01154919999999], [116.33883750000001, 40.01164030000001], [116.3392393, 40.01168109999998]]]}}, {"type": "Feature", "id": "BF-01437", "properties": {"id": "BF-01437", "layer": "BUILDING_FOOTPRINT", "building_type": "existing_retained", "area_sqm": 355.5, "source_id": "OSM-DERIVED-CORRIDOR-20260808", "source_type": "osm", "confidence": "medium", "geometry_role": "existing_condition"}, "geometry": {"type": "Polygon", "coordinates": [[[116.33882900000002, 40.01147259999999], [116.3388277, 40.0113815], [116.3384161, 40.011385], [116.33841740000001, 40.0114761], [116.33882900000002, 40.01147259999999]]]}}, {"type": "Feature", "id": "BF-01438", "properties": {"id": "BF-01438", "layer": "BUILDING_FOOTPRINT", "building_type": "existing_retained", "area_sqm": 389.7, "source_id": "OSM-DERIVED-CORRIDOR-20260808", "source_type": "osm", "confidence": "medium", "geometry_role": "existing_condition"}, "geometry": {"type": "Polygon", "coordinates": [[[116.33888099999999, 40.011367699999994], [116.3388802, 40.0113388], [116.3393053, 40.011331500000004], [116.3393033, 40.01126419999999], [116.33874890000001, 40.01127360000001], [116.3387517, 40.0113699], [116.33888099999999, 40.011367699999994]]]}}, {"type": "Feature", "id": "BF-01439", "properties": {"id": "BF-01439", "layer": "BUILDING_FOOTPRINT", "building_type": "existing_retained", "area_sqm": 185.3, "source_id": "OSM-DERIVED-CORRIDOR-20260808", "source_type": "osm", "confidence": "medium", "geometry_role": "existing_condition"}, "geometry": {"type": "Polygon", "coordinates": [[[116.33931390000001, 40.011491400000004], [116.33940270000001, 40.01149540000001], [116.3394194, 40.0112761], [116.3393305, 40.01127220000001], [116.33931390000001, 40.011491400000004]]]}}, {"type": "Feature", "id": "BF-01440", "properties": {"id": "BF-01440", "layer": "BUILDING_FOOTPRINT", "building_type": "existing_retained", "area_sqm": 213.3, "source_id": "OSM-DERIVED-CORRIDOR-20260808", "source_type": "osm", "confidence": "medium", "geometry_role": "existing_condition"}, "geometry": {"type": "Polygon", "coordinates": [[[116.33875950000001, 40.01161389999999], [116.3387717, 40.01155489999999], [116.3383996, 40.0115099], [116.33838749999998, 40.01156889999999], [116.33875950000001, 40.01161389999999]]]}}, {"type": "Feature", "id": "BF-01441", "properties": {"id": "BF-01441", "layer": "BUILDING_FOOTPRINT", "building_type": "existing_retained", "area_sqm": 551.2, "source_id": "OSM-DERIVED-CORRIDOR-20260808", "source_type": "osm", "confidence": "medium", "geometry_role": "existing_condition"}, "geometry": {"type": "Polygon", "coordinates": [[[116.3295888, 39.9799366], [116.3296077, 39.979772], [116.32925739999999, 39.97974829999999], [116.32923849999999, 39.979912899999995], [116.3295888, 39.9799366]]]}}, {"type": "Feature", "id": "BF-01442", "properties": {"id": "BF-01442", "layer": "BUILDING_FOOTPRINT", "building_type": "existing_retained", "area_sqm": 334.1, "source_id": "OSM-DERIVED-CORRIDOR-20260808", "source_type": "osm", "confidence": "medium", "geometry_role": "existing_condition"}, "geometry": {"type": "Polygon", "coordinates": [[[116.33115049999999, 39.9795892], [116.3311622, 39.979483300000005], [116.33094799999999, 39.97946939999999], [116.33095330000002, 39.9794218], [116.3308732, 39.97941659999999], [116.33085620000001, 39.9795701], [116.33115049999999, 39.9795892]]]}}, {"type": "Feature", "id": "BF-01443", "properties": {"id": "BF-01443", "layer": "BUILDING_FOOTPRINT", "building_type": "existing_retained", "area_sqm": 456.7, "source_id": "OSM-DERIVED-CORRIDOR-20260808", "source_type": "osm", "confidence": "medium", "geometry_role": "existing_condition"}, "geometry": {"type": "Polygon", "coordinates": [[[116.3308023, 39.97960479999999], [116.33082640000002, 39.9794028], [116.33059, 39.97938619999999], [116.3305659, 39.97958820000001], [116.3308023, 39.97960479999999]]]}}, {"type": "Feature", "id": "BF-01444", "properties": {"id": "BF-01444", "layer": "BUILDING_FOOTPRINT", "building_type": "existing_retained", "area_sqm": 1129.5, "source_id": "OSM-DERIVED-CORRIDOR-20260808", "source_type": "osm", "confidence": "medium", "geometry_role": "existing_condition"}, "geometry": {"type": "Polygon", "coordinates": [[[116.3347453, 39.988926299999996], [116.3349991, 39.988935999999995], [116.33502239999999, 39.988558299999994], [116.33470700000001, 39.988552600000006], [116.3346796, 39.988923799999995], [116.3347453, 39.988926299999996]]]}}, {"type": "Feature", "id": "BF-01445", "properties": {"id": "BF-01445", "layer": "BUILDING_FOOTPRINT", "building_type": "existing_retained", "area_sqm": 990.0, "source_id": "OSM-DERIVED-CORRIDOR-20260808", "source_type": "osm", "confidence": "medium", "geometry_role": "existing_condition"}, "geometry": {"type": "Polygon", "coordinates": [[[116.33489030000001, 39.9893431], [116.3349393, 39.9893449], [116.3349754, 39.98934549999999], [116.3349991, 39.988935999999995], [116.3347453, 39.988926299999996], [116.33472200000001, 39.98933840000001], [116.33489030000001, 39.9893431]]]}}, {"type": "Feature", "id": "BF-01446", "properties": {"id": "BF-01446", "layer": "BUILDING_FOOTPRINT", "building_type": "existing_retained", "area_sqm": 1008.6, "source_id": "OSM-DERIVED-CORRIDOR-20260808", "source_type": "osm", "confidence": "medium", "geometry_role": "existing_condition"}, "geometry": {"type": "Polygon", "coordinates": [[[116.33464070000001, 39.9894396], [116.33467570000002, 39.9894402], [116.33467439999998, 39.9894881], [116.33463670000002, 39.9894856], [116.3346294, 39.98962], [116.33505889999999, 39.98963179999999], [116.33506499999999, 39.9894662], [116.3349706, 39.9894624], [116.33497370000002, 39.98939259999999], [116.3349754, 39.98934549999999], [116.3349393, 39.9893449], [116.33493770000001, 39.989387400000005], [116.33488970000002, 39.98938439999999], [116.33489030000001, 39.9893431], [116.33472200000001, 39.98933840000001], [116.33464600000002, 39.9893351], [116.33464070000001, 39.9894396]]]}}, {"type": "Feature", "id": "BF-01447", "properties": {"id": "BF-01447", "layer": "BUILDING_FOOTPRINT", "building_type": "existing_retained", "area_sqm": 732.1, "source_id": "OSM-DERIVED-CORRIDOR-20260808", "source_type": "osm", "confidence": "medium", "geometry_role": "existing_condition"}, "geometry": {"type": "Polygon", "coordinates": [[[116.3354122, 39.9896369], [116.3354201, 39.989474599999994], [116.33532920000002, 39.989472600000006], [116.3353347, 39.989373099999995], [116.335143, 39.98936890000001], [116.33513640000001, 39.98946819999999], [116.33506499999999, 39.9894662], [116.33505889999999, 39.98963179999999], [116.3354122, 39.9896369]]]}}, {"type": "Feature", "id": "BF-01448", "properties": {"id": "BF-01448", "layer": "BUILDING_FOOTPRINT", "building_type": "existing_retained", "area_sqm": 937.1, "source_id": "OSM-DERIVED-CORRIDOR-20260808", "source_type": "osm", "confidence": "medium", "geometry_role": "existing_condition"}, "geometry": {"type": "Polygon", "coordinates": [[[116.33549870000002, 39.9894774], [116.3354201, 39.989474599999994], [116.3354122, 39.9896369], [116.33584070000002, 39.98964349999999], [116.33584080000001, 39.98949949999999], [116.3357644, 39.989497], [116.33576480000002, 39.9894802], [116.3358389, 39.98948079999999], [116.3358413, 39.9894058], [116.33576259999998, 39.989404799999996], [116.33576379999998, 39.98938400000001], [116.33550090000001, 39.9893783], [116.33549870000002, 39.9894774]]]}}, {"type": "Feature", "id": "BF-01449", "properties": {"id": "BF-01449", "layer": "BUILDING_FOOTPRINT", "building_type": "existing_retained", "area_sqm": 135.6, "source_id": "OSM-DERIVED-CORRIDOR-20260808", "source_type": "osm", "confidence": "medium", "geometry_role": "existing_condition"}, "geometry": {"type": "Polygon", "coordinates": [[[116.3356034, 39.988805000000006], [116.33560589999999, 39.988774299999996], [116.3351343, 39.988763599999984], [116.33513280000001, 39.98879349999999], [116.3356034, 39.988805000000006]]]}}, {"type": "Feature", "id": "BF-01450", "properties": {"id": "BF-01450", "layer": "BUILDING_FOOTPRINT", "building_type": "existing_retained", "area_sqm": 510.9, "source_id": "OSM-DERIVED-CORRIDOR-20260808", "source_type": "osm", "confidence": "medium", "geometry_role": "existing_condition"}, "geometry": {"type": "Polygon", "coordinates": [[[116.3381395, 39.9897904], [116.3381433, 39.9897081], [116.33751820000002, 39.98969029999999], [116.3375157, 39.9897804], [116.3381395, 39.9897904]]]}}, {"type": "Feature", "id": "BF-01451", "properties": {"id": "BF-01451", "layer": "BUILDING_FOOTPRINT", "building_type": "existing_retained", "area_sqm": 824.4, "source_id": "OSM-DERIVED-CORRIDOR-20260808", "source_type": "osm", "confidence": "medium", "geometry_role": "existing_condition"}, "geometry": {"type": "Polygon", "coordinates": [[[116.33333979999999, 39.989747200000004], [116.3333478, 39.9896209], [116.33329780000001, 39.9896191], [116.33330110000001, 39.98956679999999], [116.3328943, 39.989551599999984], [116.3328906, 39.98961069999999], [116.3328256, 39.98960830000001], [116.33281800000002, 39.989727800000004], [116.33333979999999, 39.989747200000004]]]}}, {"type": "Feature", "id": "BF-01452", "properties": {"id": "BF-01452", "layer": "BUILDING_FOOTPRINT", "building_type": "existing_retained", "area_sqm": 443.8, "source_id": "OSM-DERIVED-CORRIDOR-20260808", "source_type": "osm", "confidence": "medium", "geometry_role": "existing_condition"}, "geometry": {"type": "Polygon", "coordinates": [[[116.33062640000001, 40.00741759999999], [116.3307666, 40.0074641], [116.3309125, 40.007172600000004], [116.33077130000001, 40.0071329], [116.33062640000001, 40.00741759999999]]]}}, {"type": "Feature", "id": "BF-01453", "properties": {"id": "BF-01453", "layer": "BUILDING_FOOTPRINT", "building_type": "existing_retained", "area_sqm": 437.2, "source_id": "OSM-DERIVED-CORRIDOR-20260808", "source_type": "osm", "confidence": "medium", "geometry_role": "existing_condition"}, "geometry": {"type": "Polygon", "coordinates": [[[116.33062640000001, 40.00741759999999], [116.3305539, 40.0075607], [116.3304618, 40.0077042], [116.33059309999999, 40.0077505], [116.33067490000002, 40.007624299999996], [116.3307666, 40.0074641], [116.33062640000001, 40.00741759999999]]]}}, {"type": "Feature", "id": "BF-01454", "properties": {"id": "BF-01454", "layer": "BUILDING_FOOTPRINT", "building_type": "existing_retained", "area_sqm": 429.2, "source_id": "OSM-DERIVED-CORRIDOR-20260808", "source_type": "osm", "confidence": "medium", "geometry_role": "existing_condition"}, "geometry": {"type": "Polygon", "coordinates": [[[116.33040490000002, 40.008036100000005], [116.33059309999999, 40.0077505], [116.3304618, 40.0077042], [116.33028, 40.0079858], [116.33040490000002, 40.008036100000005]]]}}, {"type": "Feature", "id": "BF-01455", "properties": {"id": "BF-01455", "layer": "BUILDING_FOOTPRINT", "building_type": "existing_retained", "area_sqm": 456.4, "source_id": "OSM-DERIVED-CORRIDOR-20260808", "source_type": "osm", "confidence": "medium", "geometry_role": "existing_condition"}, "geometry": {"type": "Polygon", "coordinates": [[[116.33028, 40.0079858], [116.3300631, 40.0082555], [116.3301957, 40.0083216], [116.33040490000002, 40.008036100000005], [116.33028, 40.0079858]]]}}, {"type": "Feature", "id": "BF-01456", "properties": {"id": "BF-01456", "layer": "BUILDING_FOOTPRINT", "building_type": "existing_retained", "area_sqm": 411.5, "source_id": "OSM-DERIVED-CORRIDOR-20260808", "source_type": "osm", "confidence": "medium", "geometry_role": "existing_condition"}, "geometry": {"type": "Polygon", "coordinates": [[[116.3298726, 40.00848919999999], [116.33000170000001, 40.008556], [116.3301957, 40.0083216], [116.3300631, 40.0082555], [116.3298726, 40.00848919999999]]]}}, {"type": "Feature", "id": "BF-01457", "properties": {"id": "BF-01457", "layer": "BUILDING_FOOTPRINT", "building_type": "existing_retained", "area_sqm": 350.1, "source_id": "OSM-DERIVED-CORRIDOR-20260808", "source_type": "osm", "confidence": "medium", "geometry_role": "existing_condition"}, "geometry": {"type": "Polygon", "coordinates": [[[116.3298726, 40.00848919999999], [116.3296991, 40.00868770000001], [116.32982149999998, 40.00875549999999], [116.33000170000001, 40.008556], [116.3298726, 40.00848919999999]]]}}, {"type": "Feature", "id": "BF-01458", "properties": {"id": "BF-01458", "layer": "BUILDING_FOOTPRINT", "building_type": "existing_retained", "area_sqm": 545.8, "source_id": "OSM-DERIVED-CORRIDOR-20260808", "source_type": "osm", "confidence": "medium", "geometry_role": "existing_condition"}, "geometry": {"type": "Polygon", "coordinates": [[[116.32953240000002, 40.00906669999999], [116.32982149999998, 40.00875549999999], [116.3296991, 40.00868770000001], [116.32941300000002, 40.00899359999999], [116.32953240000002, 40.00906669999999]]]}}, {"type": "Feature", "id": "BF-01459", "properties": {"id": "BF-01459", "layer": "BUILDING_FOOTPRINT", "building_type": "existing_retained", "area_sqm": 360.3, "source_id": "OSM-DERIVED-CORRIDOR-20260808", "source_type": "osm", "confidence": "medium", "geometry_role": "existing_condition"}, "geometry": {"type": "Polygon", "coordinates": [[[116.3293229, 40.0092651], [116.32953240000002, 40.00906669999999], [116.32941300000002, 40.00899359999999], [116.32921029999999, 40.00919379999999], [116.3293229, 40.0092651]]]}}, {"type": "Feature", "id": "BF-01460", "properties": {"id": "BF-01460", "layer": "BUILDING_FOOTPRINT", "building_type": "existing_retained", "area_sqm": 435.0, "source_id": "OSM-DERIVED-CORRIDOR-20260808", "source_type": "osm", "confidence": "medium", "geometry_role": "existing_condition"}, "geometry": {"type": "Polygon", "coordinates": [[[116.32906380000001, 40.009508399999994], [116.3293229, 40.0092651], [116.32921029999999, 40.00919379999999], [116.32895190000002, 40.00943540000001], [116.32906380000001, 40.009508399999994]]]}}, {"type": "Feature", "id": "BF-01461", "properties": {"id": "BF-01461", "layer": "BUILDING_FOOTPRINT", "building_type": "existing_retained", "area_sqm": 435.6, "source_id": "OSM-DERIVED-CORRIDOR-20260808", "source_type": "osm", "confidence": "medium", "geometry_role": "existing_condition"}, "geometry": {"type": "Polygon", "coordinates": [[[116.3288069, 40.00974999999999], [116.32906380000001, 40.009508399999994], [116.32895190000002, 40.00943540000001], [116.3286936, 40.009677899999986], [116.3288069, 40.00974999999999]]]}}, {"type": "Feature", "id": "BF-01462", "properties": {"id": "BF-01462", "layer": "BUILDING_FOOTPRINT", "building_type": "existing_retained", "area_sqm": 536.7, "source_id": "OSM-DERIVED-CORRIDOR-20260808", "source_type": "osm", "confidence": "medium", "geometry_role": "existing_condition"}, "geometry": {"type": "Polygon", "coordinates": [[[116.328479, 40.01004090000001], [116.3288069, 40.00974999999999], [116.3286936, 40.009677899999986], [116.32836660000001, 40.00996719999999], [116.328479, 40.01004090000001]]]}}, {"type": "Feature", "id": "BF-01463", "properties": {"id": "BF-01463", "layer": "BUILDING_FOOTPRINT", "building_type": "existing_retained", "area_sqm": 464.1, "source_id": "OSM-DERIVED-CORRIDOR-20260808", "source_type": "osm", "confidence": "medium", "geometry_role": "existing_condition"}, "geometry": {"type": "Polygon", "coordinates": [[[116.32820270000002, 40.0102871], [116.328479, 40.01004090000001], [116.32836660000001, 40.00996719999999], [116.32808780000002, 40.010207099999995], [116.32820270000002, 40.0102871]]]}}, {"type": "Feature", "id": "BF-01464", "properties": {"id": "BF-01464", "layer": "BUILDING_FOOTPRINT", "building_type": "existing_retained", "area_sqm": 466.4, "source_id": "OSM-DERIVED-CORRIDOR-20260808", "source_type": "osm", "confidence": "medium", "geometry_role": "existing_condition"}, "geometry": {"type": "Polygon", "coordinates": [[[116.3279286, 40.01052979999999], [116.32820270000002, 40.0102871], [116.32808780000002, 40.010207099999995], [116.3278144, 40.0104562], [116.3279286, 40.01052979999999]]]}}, {"type": "Feature", "id": "BF-01465", "properties": {"id": "BF-01465", "layer": "BUILDING_FOOTPRINT", "building_type": "existing_retained", "area_sqm": 458.8, "source_id": "OSM-DERIVED-CORRIDOR-20260808", "source_type": "osm", "confidence": "medium", "geometry_role": "existing_condition"}, "geometry": {"type": "Polygon", "coordinates": [[[116.3276515, 40.01078119999999], [116.3279286, 40.01052979999999], [116.3278144, 40.0104562], [116.3275426, 40.01070579999999], [116.3276515, 40.01078119999999]]]}}, {"type": "Feature", "id": "BF-01466", "properties": {"id": "BF-01466", "layer": "BUILDING_FOOTPRINT", "building_type": "existing_retained", "area_sqm": 449.8, "source_id": "OSM-DERIVED-CORRIDOR-20260808", "source_type": "osm", "confidence": "medium", "geometry_role": "existing_condition"}, "geometry": {"type": "Polygon", "coordinates": [[[116.3273736, 40.0110204], [116.3276515, 40.01078119999999], [116.3275426, 40.01070579999999], [116.32726249999999, 40.010943899999994], [116.3273736, 40.0110204]]]}}, {"type": "Feature", "id": "BF-01467", "properties": {"id": "BF-01467", "layer": "BUILDING_FOOTPRINT", "building_type": "existing_retained", "area_sqm": 458.2, "source_id": "OSM-DERIVED-CORRIDOR-20260808", "source_type": "osm", "confidence": "medium", "geometry_role": "existing_condition"}, "geometry": {"type": "Polygon", "coordinates": [[[116.32710179999998, 40.0112659], [116.3273736, 40.0110204], [116.32726249999999, 40.010943899999994], [116.3269885, 40.01119049999999], [116.32710179999998, 40.0112659]]]}}, {"type": "Feature", "id": "BF-01468", "properties": {"id": "BF-01468", "layer": "BUILDING_FOOTPRINT", "building_type": "existing_retained", "area_sqm": 467.7, "source_id": "OSM-DERIVED-CORRIDOR-20260808", "source_type": "osm", "confidence": "medium", "geometry_role": "existing_condition"}, "geometry": {"type": "Polygon", "coordinates": [[[116.32682560000002, 40.01151250000001], [116.32710179999998, 40.0112659], [116.3269885, 40.01119049999999], [116.3267091, 40.011436499999995], [116.32682560000002, 40.01151250000001]]]}}, {"type": "Feature", "id": "BF-01469", "properties": {"id": "BF-01469", "layer": "BUILDING_FOOTPRINT", "building_type": "existing_retained", "area_sqm": 478.6, "source_id": "OSM-DERIVED-CORRIDOR-20260808", "source_type": "osm", "confidence": "medium", "geometry_role": "existing_condition"}, "geometry": {"type": "Polygon", "coordinates": [[[116.32655200000002, 40.0117595], [116.32682560000002, 40.01151250000001], [116.3267091, 40.011436499999995], [116.326431, 40.0116811], [116.32655200000002, 40.0117595]]]}}, {"type": "Feature", "id": "BF-01470", "properties": {"id": "BF-01470", "layer": "BUILDING_FOOTPRINT", "building_type": "existing_retained", "area_sqm": 472.3, "source_id": "OSM-DERIVED-CORRIDOR-20260808", "source_type": "osm", "confidence": "medium", "geometry_role": "existing_condition"}, "geometry": {"type": "Polygon", "coordinates": [[[116.32627390000002, 40.0120006], [116.32655200000002, 40.0117595], [116.326431, 40.0116811], [116.32615800000002, 40.011926599999995], [116.32627390000002, 40.0120006]]]}}, {"type": "Feature", "id": "BF-01471", "properties": {"id": "BF-01471", "layer": "BUILDING_FOOTPRINT", "building_type": "existing_retained", "area_sqm": 531.3, "source_id": "OSM-DERIVED-CORRIDOR-20260808", "source_type": "osm", "confidence": "medium", "geometry_role": "existing_condition"}, "geometry": {"type": "Polygon", "coordinates": [[[116.32594260000002, 40.012285], [116.32627390000002, 40.0120006], [116.32615800000002, 40.011926599999995], [116.32583439999999, 40.01221149999999], [116.32594260000002, 40.012285]]]}}, {"type": "Feature", "id": "BF-01472", "properties": {"id": "BF-01472", "layer": "BUILDING_FOOTPRINT", "building_type": "existing_retained", "area_sqm": 516.5, "source_id": "OSM-DERIVED-CORRIDOR-20260808", "source_type": "osm", "confidence": "medium", "geometry_role": "existing_condition"}, "geometry": {"type": "Polygon", "coordinates": [[[116.3256309, 40.0125662], [116.32594260000002, 40.012285], [116.32583439999999, 40.01221149999999], [116.3255157, 40.0124937], [116.3256309, 40.0125662]]]}}, {"type": "Feature", "id": "BF-01473", "properties": {"id": "BF-01473", "layer": "BUILDING_FOOTPRINT", "building_type": "existing_retained", "area_sqm": 545.8, "source_id": "OSM-DERIVED-CORRIDOR-20260808", "source_type": "osm", "confidence": "medium", "geometry_role": "existing_condition"}, "geometry": {"type": "Polygon", "coordinates": [[[116.3252975, 40.012860100000005], [116.3256309, 40.0125662], [116.3255157, 40.0124937], [116.3251842, 40.01278859999999], [116.3252975, 40.012860100000005]]]}}, {"type": "Feature", "id": "BF-01474", "properties": {"id": "BF-01474", "layer": "BUILDING_FOOTPRINT", "building_type": "existing_retained", "area_sqm": 445.9, "source_id": "OSM-DERIVED-CORRIDOR-20260808", "source_type": "osm", "confidence": "medium", "geometry_role": "existing_condition"}, "geometry": {"type": "Polygon", "coordinates": [[[116.3250251, 40.01310209999999], [116.3252975, 40.012860100000005], [116.3251802, 40.01279060000001], [116.32491480000002, 40.013022199999995], [116.3250251, 40.01310209999999]]]}}, {"type": "Feature", "id": "BF-01475", "properties": {"id": "BF-01475", "layer": "BUILDING_FOOTPRINT", "building_type": "existing_retained", "area_sqm": 3432.1, "source_id": "OSM-DERIVED-CORRIDOR-20260808", "source_type": "osm", "confidence": "medium", "geometry_role": "existing_condition"}, "geometry": {"type": "Polygon", "coordinates": [[[116.33118059999998, 40.0051817], [116.3311921, 40.00518229999999], [116.3314348, 40.00519389999999], [116.331509, 40.0037618], [116.3312593, 40.00374829999999], [116.33118059999998, 40.0051817]]]}}, {"type": "Feature", "id": "BF-01476", "properties": {"id": "BF-01476", "layer": "BUILDING_FOOTPRINT", "building_type": "existing_retained", "area_sqm": 4577.2, "source_id": "OSM-DERIVED-CORRIDOR-20260808", "source_type": "osm", "confidence": "medium", "geometry_role": "existing_condition"}, "geometry": {"type": "Polygon", "coordinates": [[[116.3311921, 40.00518229999999], [116.33114500000002, 40.0056962], [116.3310796, 40.0060479], [116.33097620000001, 40.0064252], [116.3307204, 40.00711189999999], [116.33077130000001, 40.0071329], [116.3309125, 40.007172600000004], [116.33096900000001, 40.007174], [116.33101709999998, 40.0070728], [116.33097950000001, 40.007064199999995], [116.33103590000002, 40.00692480000001], [116.3311834, 40.0065382], [116.3312049, 40.0065411], [116.33128100000002, 40.0062976], [116.3312512, 40.00629109999999], [116.33133089999998, 40.005947299999995], [116.3314024, 40.005466399999996], [116.33142560000002, 40.0054668], [116.3314581, 40.005197], [116.3314348, 40.00519389999999], [116.3311921, 40.00518229999999]]]}}, {"type": "Feature", "id": "BF-01477", "properties": {"id": "BF-01477", "layer": "BUILDING_FOOTPRINT", "building_type": "existing_retained", "area_sqm": 197.4, "source_id": "OSM-DERIVED-CORRIDOR-20260808", "source_type": "osm", "confidence": "medium", "geometry_role": "existing_condition"}, "geometry": {"type": "Polygon", "coordinates": [[[116.3371938, 40.01086239999999], [116.33728359999999, 40.010865100000004], [116.3372822, 40.01089269999999], [116.3373645, 40.01089520000001], [116.3373663, 40.01086080000001], [116.33730440000001, 40.01073590000001], [116.337153, 40.0107799], [116.3371938, 40.01086239999999]]]}}, {"type": "Feature", "id": "BF-01478", "properties": {"id": "BF-01478", "layer": "BUILDING_FOOTPRINT", "building_type": "existing_retained", "area_sqm": 164.3, "source_id": "OSM-DERIVED-CORRIDOR-20260808", "source_type": "osm", "confidence": "medium", "geometry_role": "existing_condition"}, "geometry": {"type": "Polygon", "coordinates": [[[116.33767480000002, 40.0118012], [116.33776010000001, 40.0118039], [116.3377582, 40.01183720000001], [116.33783030000001, 40.01183950000001], [116.3378322, 40.01180479999999], [116.3377722, 40.01168750000001], [116.3376374, 40.01172799999999], [116.33767480000002, 40.0118012]]]}}]}