{"type": "FeatureCollection", "features": [{"type": "Feature", "id": "LU-0001", "properties": {"id": "LU-0001", "layer": "LAND_USE", "land_use_code": "07", "name_zh": "居住用地", "area_sqm": 1145568.1, "classification_basis": "osm_evidenced", "evidence_share": 0.184, "source_type": "osm", "confidence": "low", "geometry_role": "existing_condition", "source_id": "OSM-DERIVED-CORRIDOR-20260808", "usage_note": "codes are concept proposals except where classification_basis=osm_evidenced; no approved control-plan status is claimed"}, "geometry": {"type": "Polygon", "coordinates": [[[116.3385813, 39.9850134], [116.3390605, 39.985059400000004], [116.33922779999999, 39.9850791], [116.339455, 39.98508770000001], [116.3415775, 39.985126099999995], [116.3420488, 39.9851456], [116.342638, 39.98518579999998], [116.3431607, 39.98518570000001], [116.3436524, 39.985204499999995], [116.3445204, 39.98521710000001], [116.34515599999999, 39.9852208], [116.34676858143492, 39.98526017527977], [116.34676859999999, 39.98513710000001], [116.3470517, 39.98501520000001], [116.34705060000002, 39.9850014], [116.34704949999998, 39.98498659999999], [116.3470528, 39.9849195], [116.3471189, 39.9835725], [116.3471827, 39.9832806], [116.3472041, 39.98283670000001], [116.34730290000002, 39.9812975], [116.34738210000002, 39.980934799999986], [116.34744000000002, 39.9801687], [116.3474453, 39.9800985], [116.34744880000001, 39.980028299999994], [116.34749340000002, 39.97912819999999], [116.34750510000002, 39.9789847], [116.34751479999998, 39.9788651], [116.3475308, 39.978676300000004], [116.3475274, 39.97835919999999], [116.3474831, 39.9776306], [116.34753240000002, 39.976696399999994], [116.34767109999999, 39.9762586], [116.34763120000001, 39.975997299999996], [116.3475168, 39.975637299999995], [116.34734559999998, 39.975308399999996], [116.3461952, 39.9752955], [116.3460401, 39.975293799999996], [116.34565580000002, 39.975258700000005], [116.34422460000002, 39.97523939999999], [116.34212930000001, 39.97522349999999], [116.34204830000002, 39.9752224], [116.34198889999999, 39.97522260000001], [116.33899501452967, 39.975232160120285], [116.338666, 39.97525910000001], [116.33807900000001, 39.97525629999999], [116.33765161314476, 39.97523642475306], [116.33727679153824, 39.9752376118473], [116.33722939999998, 39.9752668], [116.33713689999999, 39.975329499999994], [116.3369036, 39.97548549999999], [116.3366783, 39.9756361], [116.3364664, 39.9757778], [116.33589990000002, 39.976179], [116.33572980000001, 39.97636349999999], [116.3357195, 39.9763747], [116.33559090000001, 39.976586799999986], [116.3353997, 39.9770572], [116.33537700000001, 39.977121499999996], [116.33511510000001, 39.977745299999995], [116.33509109999999, 39.97781200000001], [116.33506289999998, 39.9779418], [116.33494710000001, 39.9786762], [116.33482970000001, 39.9797245], [116.3347371, 39.9806079], [116.334631, 39.98161899999999], [116.33463, 39.98162899999999], [116.3346016, 39.98246780000001], [116.3346033, 39.9825116], [116.33458910000002, 39.9831923], [116.33458090000002, 39.983414599999996], [116.33456960000001, 39.9837833], [116.3346456, 39.9838624], [116.33465180000002, 39.98455200000001], [116.33465210000001, 39.98459110000001], [116.33464960000002, 39.98462889999999], [116.33479100000001, 39.9846345], [116.33675220000002, 39.98474699999999], [116.3377779, 39.984796599999996], [116.3378961, 39.98482619999999], [116.33794240000002, 39.98484590000001], [116.3385813, 39.9850134]], [[116.34040860000002, 39.9786626], [116.34040980000002, 39.9786269], [116.34049809999999, 39.97862729999999], [116.3404964, 39.97864369999999], [116.3404684, 39.9786439], [116.3404688, 39.978653400000006], [116.34044179999998, 39.9786531], [116.34044160000002, 39.9786628], [116.34040860000002, 39.9786626]], [[116.3404152, 39.97860380000001], [116.3404139, 39.9785685], [116.3405012, 39.9785687], [116.34050140000001, 39.97858320000001], [116.34047770000001, 39.97858279999999], [116.3404769, 39.9785939], [116.3404539, 39.9785926], [116.3404517, 39.97860380000001], [116.3404152, 39.97860380000001]]]}}, {"type": "Feature", "id": "LU-0002", "properties": {"id": "LU-0002", "layer": "LAND_USE", "land_use_code": "07", "name_zh": "居住用地", "area_sqm": 13789.6, "classification_basis": "design_proposal", "evidence_share": 0.0, "source_type": "agent_generated_design", "confidence": "low", "geometry_role": "design_proposal", "source_id": "OSM-DERIVED-CORRIDOR-20260808", "usage_note": "codes are concept proposals except where classification_basis=osm_evidenced; no approved control-plan status is claimed"}, "geometry": {"type": "Polygon", "coordinates": [[[116.34515599999999, 39.9852208], [116.3445204, 39.98521710000001], [116.3436524, 39.985204499999995], [116.3431607, 39.98518570000001], [116.342638, 39.98518579999998], [116.3420488, 39.9851456], [116.3415775, 39.985126099999995], [116.339455, 39.98508770000001], [116.33922779999999, 39.9850791], [116.3390605, 39.985059400000004], [116.3385813, 39.9850134], [116.3377852, 39.9849792], [116.337459, 39.984937499999994], [116.33464447505875, 39.98476090706845], [116.33463412552624, 39.984971956959775], [116.3354479, 39.9850103], [116.33578109999999, 39.9850245], [116.3386877, 39.985147899999994], [116.3418289, 39.9852094], [116.34398529999999, 39.985301199999995], [116.3467163, 39.98540830000001], [116.3467685588081, 39.98541015010664], [116.34676858143492, 39.98526017527977], [116.34515599999999, 39.9852208]]]}}, {"type": "Feature", "id": "LU-0003", "properties": {"id": "LU-0003", "layer": "LAND_USE", "land_use_code": "07", "name_zh": "居住用地", "area_sqm": 10902.8, "classification_basis": "design_proposal", "evidence_share": 0.0, "source_type": "agent_generated_design", "confidence": "low", "geometry_role": "design_proposal", "source_id": "OSM-DERIVED-CORRIDOR-20260808", "usage_note": "codes are concept proposals except where classification_basis=osm_evidenced; no approved control-plan status is claimed"}, "geometry": {"type": "Polygon", "coordinates": [[[116.3467723, 39.966399100000004], [116.3436266, 39.9663756], [116.34296219999999, 39.966369], [116.3422763, 39.96636209999999], [116.339266, 39.966332], [116.3390675159955, 39.96633002747409], [116.33904256613481, 39.966492655661156], [116.33926020000001, 39.9664945], [116.3401838, 39.96650230000001], [116.34130750000001, 39.96651169999999], [116.3413624, 39.9665122], [116.3422588, 39.96651539999999], [116.3425204, 39.966516599999984], [116.34347070000001, 39.9665211], [116.343701, 39.9665222], [116.3444535, 39.966525700000005], [116.3451358, 39.9664992], [116.3461315, 39.9665055], [116.34619820000002, 39.9665059], [116.3467493, 39.9665093], [116.34715883911164, 39.96651124743204], [116.34716281170643, 39.96640059946847], [116.3467723, 39.966399100000004]]]}}, {"type": "Feature", "id": "LU-0004", "properties": {"id": "LU-0004", "layer": "LAND_USE", "land_use_code": "07", "name_zh": "居住用地", "area_sqm": 5950.1, "classification_basis": "design_proposal", "evidence_share": 0.0, "source_type": "agent_generated_design", "confidence": "low", "geometry_role": "design_proposal", "source_id": "OSM-DERIVED-CORRIDOR-20260808", "usage_note": "codes are concept proposals except where classification_basis=osm_evidenced; no approved control-plan status is claimed"}, "geometry": {"type": "Polygon", "coordinates": [[[116.3422763, 39.96636209999999], [116.34296219999999, 39.966369], [116.3436266, 39.9663756], [116.3467723, 39.966399100000004], [116.34716281170643, 39.96640059946847], [116.34716472368349, 39.966347345365904], [116.3428731, 39.966306700000004], [116.33949889197419, 39.966205421339204], [116.3392705, 39.966203699999994], [116.33908709429883, 39.96620241160219], [116.3390675159955, 39.96633002747409], [116.339266, 39.966332], [116.3422763, 39.96636209999999]]]}}, {"type": "Feature", "id": "LU-0005", "properties": {"id": "LU-0005", "layer": "LAND_USE", "land_use_code": "07", "name_zh": "居住用地", "area_sqm": 614.1, "classification_basis": "design_proposal", "evidence_share": 0.0, "source_type": "agent_generated_design", "confidence": "low", "geometry_role": "design_proposal", "source_id": "OSM-DERIVED-CORRIDOR-20260808", "usage_note": "codes are concept proposals except where classification_basis=osm_evidenced; no approved control-plan status is claimed"}, "geometry": {"type": "Polygon", "coordinates": [[[116.34984122737337, 39.941951623149365], [116.3498587, 39.9419815], [116.3498789, 39.94201799999999], [116.34989840000001, 39.9420545], [116.3499085, 39.942073699999995], [116.34991820000002, 39.9420929], [116.34992639999999, 39.942110500000005], [116.34993630000001, 39.9421332], [116.3499484, 39.9421624], [116.34995849999999, 39.94218920000001], [116.34997139999999, 39.9422223], [116.3499816, 39.9422505], [116.34999029999999, 39.9422742], [116.34999770000002, 39.942296799999994], [116.3500044, 39.942319899999994], [116.3500117, 39.9423474], [116.35001810000001, 39.9423721], [116.3500246, 39.9424005], [116.35003, 39.94242959999999], [116.35003529999999, 39.942459500000005], [116.3500386, 39.94248530000001], [116.35003913230067, 39.9424895864227], [116.3500606, 39.9425017], [116.3501084, 39.94252760000001], [116.3501539, 39.94254999999999], [116.35017702601144, 39.94256060961191], [116.35016534569037, 39.9422527267463], [116.3499715, 39.9420874], [116.34984122737337, 39.941951623149365]]]}}, {"type": "Feature", "id": "LU-0006", "properties": {"id": "LU-0006", "layer": "LAND_USE", "land_use_code": "07", "name_zh": "居住用地", "area_sqm": 10475.0, "classification_basis": "design_proposal", "evidence_share": 0.0, "source_type": "agent_generated_design", "confidence": "low", "geometry_role": "design_proposal", "source_id": "OSM-DERIVED-CORRIDOR-20260808", "usage_note": "codes are concept proposals except where classification_basis=osm_evidenced; no approved control-plan status is claimed"}, "geometry": {"type": "Polygon", "coordinates": [[[116.35005657774052, 39.942667300936336], [116.3500582, 39.94268559999999], [116.35006619999999, 39.942801599999996], [116.35010190000001, 39.94337939999998], [116.3501077, 39.94348519999999], [116.3501105, 39.94353819999999], [116.35011500000002, 39.9435911], [116.35011929999999, 39.943644899999995], [116.3501236, 39.9436975], [116.3501287, 39.94375010000001], [116.35013369999999, 39.9438027], [116.3501402, 39.94387030000001], [116.3501467, 39.943937999999996], [116.3501522, 39.94400509999999], [116.35015770000001, 39.944073200000005], [116.3501608, 39.944117399999996], [116.3501639, 39.9441596], [116.35016610000001, 39.94420960000001], [116.3501677, 39.9442617], [116.35017029999999, 39.944345999999996], [116.3501698, 39.9445851], [116.3501458, 39.9476852], [116.35008570000001, 39.948060399999996], [116.3500264, 39.948514999999986], [116.3499378, 39.94886650000001], [116.3496843, 39.949634], [116.34949906592131, 39.95020143831888], [116.34967939799236, 39.95015034001266], [116.3497186, 39.950026], [116.3499913, 39.949216199999995], [116.35019190000001, 39.948537], [116.3502271, 39.9483618], [116.3502778, 39.948070200000004], [116.35029489999998, 39.94671550000001], [116.35029569999999, 39.9464179], [116.3502978, 39.94591389999999], [116.3503072, 39.944735900000005], [116.350309, 39.943977399999994], [116.35030920000001, 39.94396649999999], [116.3503088, 39.94395610000001], [116.35030830000001, 39.943946999999994], [116.3503074, 39.9439385], [116.3503064, 39.9439306], [116.3503052, 39.943922699999995], [116.3503025, 39.9439064], [116.35029980000002, 39.9438903], [116.35029600000001, 39.943868499999994], [116.35029590000002, 39.94381409999999], [116.35029540000001, 39.943788999999995], [116.35029500000002, 39.94377440000001], [116.3502943, 39.94375979999999], [116.3502937, 39.9437502], [116.3502929, 39.9437407], [116.3502916, 39.943731099999994], [116.35029020000002, 39.9437214], [116.35028820000001, 39.94370970000001], [116.3502861, 39.943698], [116.3502823, 39.943680400000005], [116.35027839999998, 39.943662800000006], [116.35027439999999, 39.94364509999999], [116.35027, 39.9436273], [116.3502649, 39.94360890000001], [116.3502598, 39.9435908], [116.35025010000001, 39.94355699999999], [116.3502442, 39.94353580000001], [116.3502391, 39.9435174], [116.35022970000001, 39.9434807], [116.3502208, 39.943442899999994], [116.3502188, 39.9434333], [116.35021680000001, 39.9434241], [116.350215, 39.94341459999999], [116.35021329999998, 39.9434052], [116.35021190000002, 39.9433959], [116.35021049999999, 39.9433863], [116.35020840000001, 39.94336740000001], [116.3502077, 39.943358], [116.35020710000002, 39.94334849999999], [116.3502066, 39.943339099999996], [116.35020620000002, 39.9433296], [116.35018240032404, 39.942702270940174], [116.35005657774052, 39.942667300936336]]]}}, {"type": "Feature", "id": "LU-0007", "properties": {"id": "LU-0007", "layer": "LAND_USE", "land_use_code": "07", "name_zh": "居住用地", "area_sqm": 8848.6, "classification_basis": "design_proposal", "evidence_share": 0.0, "source_type": "agent_generated_design", "confidence": "low", "geometry_role": "design_proposal", "source_id": "OSM-DERIVED-CORRIDOR-20260808", "usage_note": "codes are concept proposals except where classification_basis=osm_evidenced; no approved control-plan status is claimed"}, "geometry": {"type": "Polygon", "coordinates": [[[116.35010190000001, 39.94337939999998], [116.35006619999999, 39.942801599999996], [116.3500582, 39.94268559999999], [116.35005657774052, 39.942667300936336], [116.3499328402741, 39.942632910283784], [116.3499342, 39.9426459], [116.34993719999999, 39.9426856], [116.3499421, 39.94276700000001], [116.34994529999999, 39.94284720000001], [116.34997259999999, 39.9433403], [116.34997310000001, 39.9433524], [116.34997379999999, 39.94336379999999], [116.3499745, 39.9433757], [116.3499754, 39.9433874], [116.3499763, 39.943399799999995], [116.3499772, 39.943411399999995], [116.3499781, 39.943421999999984], [116.349979, 39.9434345], [116.3499807, 39.94345199999999], [116.34998240000002, 39.94347030000001], [116.34998570000002, 39.94350609999999], [116.3499886, 39.9435415], [116.34999149999999, 39.94357699999999], [116.349994, 39.943607099999994], [116.34999620000002, 39.9436358], [116.3499988, 39.943664299999995], [116.35000140000001, 39.94369329999999], [116.35000700000002, 39.943749899999986], [116.3500126, 39.943806499999994], [116.3500201, 39.9438783], [116.35002750000001, 39.943949], [116.35003079999998, 39.943982399999996], [116.35003409999999, 39.9440155], [116.35003710000001, 39.94404769999999], [116.3500387, 39.944064000000004], [116.35004000000002, 39.94408020000001], [116.35004160000001, 39.9440992], [116.3500432, 39.94411840000001], [116.35004480000002, 39.94413719999999], [116.35004640000001, 39.944155900000005], [116.35004760000001, 39.94417469999999], [116.35004880000001, 39.9441935], [116.35005000000001, 39.9442123], [116.35005120000001, 39.9442311], [116.35005240000001, 39.9442616], [116.3500537, 39.9442927], [116.35005449999998, 39.94432260000001], [116.35005470000002, 39.94435310000001], [116.3500549, 39.9443723], [116.35005480000001, 39.9443906], [116.3500546, 39.944399099999984], [116.35005449999998, 39.9444073], [116.3500541, 39.94441539999998], [116.3500538, 39.94442339999999], [116.3500529, 39.944440199999995], [116.35005200000002, 39.94445689999999], [116.35005120000001, 39.9444751], [116.35004990000002, 39.9444931], [116.3500481, 39.944518699999996], [116.35004630000002, 39.94454429999999], [116.3500444, 39.9445681], [116.35004249999999, 39.9445914], [116.35004040000001, 39.944617099999995], [116.350039, 39.9446405], [116.35003769999999, 39.944662199999996], [116.3500363, 39.9446897], [116.35002239999999, 39.947512100000004], [116.3499913, 39.9479312], [116.3499025, 39.948513999999996], [116.34981059999998, 39.948852699999996], [116.34958910000002, 39.9496015], [116.34938531778593, 39.95021923006956], [116.34943849999999, 39.9502186], [116.34949906592131, 39.95020143831888], [116.3496843, 39.949634], [116.3499378, 39.94886650000001], [116.3500264, 39.948514999999986], [116.35008570000001, 39.948060399999996], [116.3501458, 39.9476852], [116.3501698, 39.9445851], [116.35017029999999, 39.944345999999996], [116.3501677, 39.9442617], [116.35016610000001, 39.94420960000001], [116.3501639, 39.9441596], [116.3501608, 39.944117399999996], [116.35015770000001, 39.944073200000005], [116.3501522, 39.94400509999999], [116.3501467, 39.943937999999996], [116.3501402, 39.94387030000001], [116.35013369999999, 39.9438027], [116.3501287, 39.94375010000001], [116.3501236, 39.9436975], [116.35011929999999, 39.943644899999995], [116.35011500000002, 39.9435911], [116.3501105, 39.94353819999999], [116.3501077, 39.94348519999999], [116.35010190000001, 39.94337939999998]]]}}, {"type": "Feature", "id": "LU-0008", "properties": {"id": "LU-0008", "layer": "LAND_USE", "land_use_code": "1401", "name_zh": "公园绿地", "area_sqm": 541084.3, "classification_basis": "osm_evidenced", "evidence_share": 0.716, "source_type": "osm", "confidence": "medium", "geometry_role": "existing_condition", "source_id": "OSM-DERIVED-CORRIDOR-20260808", "usage_note": "codes are concept proposals except where classification_basis=osm_evidenced; no approved control-plan status is claimed"}, "geometry": {"type": "Polygon", "coordinates": [[[116.32326100000002, 40.01984989999998], [116.3257562, 40.020653599999996], [116.3265492, 40.0209125], [116.32745810000002, 40.02118240000001], [116.3281996, 40.02136509999999], [116.3288395, 40.02153309999999], [116.3295449, 40.0216537], [116.3307268, 40.0217693], [116.33080859834361, 40.02177441273088], [116.3308165, 40.0215651], [116.33082160081518, 40.02146025142562], [116.33075800000002, 40.0214178], [116.3307948, 40.02087379999999], [116.3308033, 40.02017599999999], [116.3308084, 40.0197554], [116.33092480000002, 40.01947669999999], [116.3309347, 40.0193305], [116.33099219999998, 40.01847810000001], [116.3310087, 40.01783419999999], [116.3310204, 40.0173772], [116.33103140000001, 40.016946399999995], [116.33103860000001, 40.01648709999999], [116.3310435, 40.0161781], [116.3310448, 40.01609210000001], [116.3310507, 40.0157131], [116.331051, 40.0156924], [116.3310535, 40.015532], [116.3310547, 40.01545529999999], [116.33105750000001, 40.01527790000001], [116.3310532, 40.013933], [116.33106140000001, 40.01371459999999], [116.3310619, 40.013700599999986], [116.3310654, 40.013602899999995], [116.3309661, 40.01360760000001], [116.33010700000001, 40.013588899999995], [116.3290075, 40.0135541], [116.32880439999998, 40.0135427], [116.32871, 40.01354260000001], [116.3283716, 40.0135156], [116.3280721, 40.013466799999996], [116.327773, 40.01341440000001], [116.327338, 40.013297699999995], [116.3265429, 40.013030500000006], [116.3264013, 40.012986399999996], [116.32630180000001, 40.012991899999996], [116.3262005, 40.01300989999999], [116.3261028, 40.01304319999999], [116.3259843, 40.013096899999994], [116.32566670000001, 40.01336250000001], [116.3247946, 40.01420050000001], [116.32405800000001, 40.01492399999999], [116.3236762, 40.015337300000006], [116.3232734, 40.01585719999999], [116.3227938, 40.01653929999999], [116.32228759999998, 40.01736199999998], [116.32208230501828, 40.017715816161584], [116.32211079999999, 40.017874299999995], [116.32217160000002, 40.01817650000001], [116.32220740000001, 40.0183938], [116.32237519999998, 40.01925950000001], [116.32240750000001, 40.019414699999984], [116.32244964149827, 40.019577073145456], [116.32326100000002, 40.01984989999998]], [[116.32451160000001, 40.01799590000001], [116.3244419, 40.0179865], [116.3244022, 40.017878100000004], [116.3243966, 40.0177805], [116.32443900000001, 40.0176352], [116.32443900000001, 40.017509399999994], [116.3244362, 40.017355499999994], [116.32439369999999, 40.017212400000005], [116.3245013, 40.01711480000001], [116.32460330000002, 40.01707789999999], [116.32474769999999, 40.01708880000001], [116.3249487, 40.01713], [116.32506190000001, 40.01717769999999], [116.3251582, 40.017234], [116.325161, 40.0173251], [116.3251384, 40.01742050000001], [116.32508180000002, 40.01748769999998], [116.3250223, 40.01755059999999], [116.324926, 40.017593999999995], [116.32488359999999, 40.0176872], [116.3248496, 40.0177761], [116.32481849999999, 40.0179084], [116.3247675, 40.01796259999999], [116.3246656, 40.01801679999999], [116.32451160000001, 40.01799590000001]], [[116.3266197, 40.0144935], [116.3265432, 40.0144241], [116.3265348, 40.0142875], [116.3265432, 40.01412919999999], [116.3265687, 40.01399469999999], [116.32662820000002, 40.0138516], [116.3267329, 40.01380609999998], [116.32690280000001, 40.01381039999999], [116.3271237, 40.013816899999995], [116.32730770000002, 40.0137866], [116.3275002, 40.013766999999994], [116.3277664, 40.0137475], [116.32793060000002, 40.013754], [116.3280212, 40.01378439999999], [116.32820529999998, 40.0138321], [116.32825620000001, 40.0138798], [116.32816, 40.01395350000001], [116.3279051, 40.013957899999994], [116.3277098, 40.0139557], [116.32751160000001, 40.013946999999995], [116.32740679999999, 40.01394049999999], [116.32720010000001, 40.0139449], [116.3270529, 40.01398609999999], [116.32691419999999, 40.01409230000001], [116.32684339999999, 40.0141747], [116.3267471, 40.014302699999995], [116.3266197, 40.0144935]], [[116.3269283, 40.0142723], [116.32708969999999, 40.014159500000005], [116.327404, 40.0141032], [116.32763330000002, 40.0140663], [116.32787120000002, 40.01405979999999], [116.3281543, 40.01408359999999], [116.3282279, 40.0141986], [116.3282534, 40.0143135], [116.3281798, 40.0144306], [116.328041, 40.014491299999996], [116.32791359999999, 40.014569400000006], [116.32775790000001, 40.0145911], [116.32768430000002, 40.014461000000004], [116.32754840000001, 40.0144241], [116.3274181, 40.0143959], [116.32722559999999, 40.0143569], [116.32709819999998, 40.014333], [116.3269283, 40.0142723]], [[116.3266719, 40.0148136], [116.3266596, 40.014773000000005], [116.3266182, 40.014669000000005], [116.3266776, 40.0146199], [116.3267471, 40.0147286], [116.326821, 40.014824899999994], [116.32680500000001, 40.0148787], [116.3267754, 40.0149438], [116.32673480000001, 40.0150382], [116.32666939999999, 40.01506369999999], [116.32657819999999, 40.01503919999999], [116.32653260000001, 40.014989199999995], [116.32657450000002, 40.0149146], [116.3266719, 40.0148136]], [[116.32479389999999, 40.01890129999999], [116.32482960000002, 40.01887709999999], [116.3250838, 40.01894789999999], [116.32516150000001, 40.01908309999999], [116.3252246, 40.01912649999999], [116.3253023, 40.019141], [116.32552080000002, 40.0190461], [116.3255985, 40.0187999], [116.32568460000002, 40.0187565], [116.32579179999999, 40.018756499999995], [116.32585689999999, 40.01880469999999], [116.32586529999999, 40.0188739], [116.32578969999999, 40.01915220000001], [116.32579810000001, 40.01938069999998], [116.32575180000002, 40.0194434], [116.32560060000002, 40.01945950000001], [116.325422, 40.01939360000001], [116.325046, 40.019160299999996], [116.32481070000001, 40.0189447], [116.32479389999999, 40.01890129999999]]]}}, {"type": "Feature", "id": "LU-0009", "properties": {"id": "LU-0009", "layer": "LAND_USE", "land_use_code": "07", "name_zh": "居住用地", "area_sqm": 11118.5, "classification_basis": "design_proposal", "evidence_share": 0.0, "source_type": "agent_generated_design", "confidence": "low", "geometry_role": "design_proposal", "source_id": "OSM-DERIVED-CORRIDOR-20260808", "usage_note": "codes are concept proposals except where classification_basis=osm_evidenced; no approved control-plan status is claimed"}, "geometry": {"type": "Polygon", "coordinates": [[[116.33080859834361, 40.02177441273088], [116.3307268, 40.0217693], [116.3295449, 40.0216537], [116.3288395, 40.02153309999999], [116.3281996, 40.02136509999999], [116.32745810000002, 40.02118240000001], [116.3265492, 40.0209125], [116.3257562, 40.020653599999996], [116.32326100000002, 40.01984989999998], [116.32244964149827, 40.019577073145456], [116.32249138116956, 40.01973789727586], [116.32340890000002, 40.020044899999995], [116.32453620000001, 40.02041619999999], [116.3264866, 40.02102940000001], [116.3273896, 40.021305000000005], [116.32812230000002, 40.0214938], [116.32874939999999, 40.021643999999995], [116.32928880000001, 40.02173880000001], [116.3308034278629, 40.021911376535535], [116.33080859834361, 40.02177441273088]]]}}, {"type": "Feature", "id": "LU-0010", "properties": {"id": "LU-0010", "layer": "LAND_USE", "land_use_code": "07", "name_zh": "居住用地", "area_sqm": 356.5, "classification_basis": "design_proposal", "evidence_share": 0.0, "source_type": "agent_generated_design", "confidence": "low", "geometry_role": "design_proposal", "source_id": "OSM-DERIVED-CORRIDOR-20260808", "usage_note": "codes are concept proposals except where classification_basis=osm_evidenced; no approved control-plan status is claimed"}, "geometry": {"type": "Polygon", "coordinates": [[[116.33080859834361, 40.02177441273088], [116.33093459965066, 40.02178228821329], [116.33094937189857, 40.02147201924008], [116.3308831, 40.02150129999998], [116.33082160081518, 40.02146025142562], [116.3308165, 40.0215651], [116.33080859834361, 40.02177441273088]]]}}, {"type": "Feature", "id": "LU-0011", "properties": {"id": "LU-0011", "layer": "LAND_USE", "land_use_code": "16", "name_zh": "留白用地（干线限界预留）", "area_sqm": 18458.7, "classification_basis": "design_proposal", "evidence_share": 0.0, "source_type": "agent_generated_design", "confidence": "low", "geometry_role": "design_proposal", "source_id": "OSM-DERIVED-CORRIDOR-20260808", "usage_note": "codes are concept proposals except where classification_basis=osm_evidenced; no approved control-plan status is claimed"}, "geometry": {"type": "Polygon", "coordinates": [[[116.3319127, 39.9916014], [116.33190204684838, 39.99160113926199], [116.33184129999998, 39.993573], [116.33176710000001, 39.9952423], [116.3316478, 39.9979244], [116.3316332, 39.9988243], [116.3316183930287, 39.99911476315788], [116.331793, 39.999124], [116.33187354677172, 39.99913123807619], [116.33190923748109, 39.99817875977296], [116.33210860451393, 39.993088636074965], [116.33216655920936, 39.99160906896279], [116.3319127, 39.9916014]]]}}, {"type": "Feature", "id": "LU-0012", "properties": {"id": "LU-0012", "layer": "LAND_USE", "land_use_code": "05", "name_zh": "商业服务业用地", "area_sqm": 137023.4, "classification_basis": "osm_evidenced", "evidence_share": 0.291, "source_type": "osm", "confidence": "low", "geometry_role": "existing_condition", "source_id": "OSM-DERIVED-CORRIDOR-20260808", "usage_note": "codes are concept proposals except where classification_basis=osm_evidenced; no approved control-plan status is claimed"}, "geometry": {"type": "Polygon", "coordinates": [[[116.33411720000001, 39.9918232], [116.33412979999999, 39.9917379], [116.3341584, 39.9916531], [116.3325185, 39.9916197], [116.33216655920936, 39.99160906896279], [116.33210860451393, 39.993088636074965], [116.33190923748109, 39.99817875977296], [116.33187354677172, 39.99913123807619], [116.3318798, 39.99913180000001], [116.3319389, 39.99913709999999], [116.3320847, 39.9991585], [116.3322365, 39.9991899], [116.33248509999999, 39.999201600000006], [116.3325131, 39.99920289999999], [116.3336013, 39.99923400000001], [116.33365510000002, 39.99923879999999], [116.33377090000002, 39.9992491], [116.3337732, 39.999150799999995], [116.3337696, 39.999112999999994], [116.3337654, 39.9990467], [116.33377480000001, 39.9987032], [116.3337779, 39.998180299999994], [116.3337825, 39.99809559999999], [116.3338142, 39.997856799999994], [116.33382919999998, 39.9977524], [116.3338238, 39.9972672], [116.33383780000001, 39.99662729999999], [116.33387179999998, 39.996109499999996], [116.3338794, 39.996012599999986], [116.333898, 39.99577609999999], [116.3339092, 39.9956334], [116.33392129999999, 39.9954085], [116.33397250000002, 39.994454399999995], [116.3339956, 39.994025199999996], [116.33400800000001, 39.99379499999999], [116.33402890000002, 39.9934064], [116.3340403, 39.9932328], [116.3340423, 39.9931953], [116.3341056, 39.9920146], [116.33411720000001, 39.9918232]]]}}, {"type": "Feature", "id": "LU-0013", "properties": {"id": "LU-0013", "layer": "LAND_USE", "land_use_code": "07", "name_zh": "居住用地", "area_sqm": 9540.0, "classification_basis": "design_proposal", "evidence_share": 0.0, "source_type": "agent_generated_design", "confidence": "low", "geometry_role": "design_proposal", "source_id": "OSM-DERIVED-CORRIDOR-20260808", "usage_note": "codes are concept proposals except where classification_basis=osm_evidenced; no approved control-plan status is claimed"}, "geometry": {"type": "Polygon", "coordinates": [[[116.3341584, 39.9916531], [116.33412979999999, 39.9917379], [116.33411720000001, 39.9918232], [116.3341056, 39.9920146], [116.3340423, 39.9931953], [116.3340403, 39.9932328], [116.33402890000002, 39.9934064], [116.33400800000001, 39.99379499999999], [116.3339956, 39.994025199999996], [116.33397250000002, 39.994454399999995], [116.33392129999999, 39.9954085], [116.3339092, 39.9956334], [116.333898, 39.99577609999999], [116.3338794, 39.996012599999986], [116.33387179999998, 39.996109499999996], [116.33383780000001, 39.99662729999999], [116.3338238, 39.9972672], [116.33382919999998, 39.9977524], [116.3338142, 39.997856799999994], [116.3337825, 39.99809559999999], [116.3337779, 39.998180299999994], [116.33377480000001, 39.9987032], [116.3337654, 39.9990467], [116.3337696, 39.999112999999994], [116.3337732, 39.999150799999995], [116.33377090000002, 39.9992491], [116.33393209999998, 39.999251099999995], [116.33393320000002, 39.999151499999996], [116.33393449999998, 39.9991205], [116.3339364, 39.999046899999996], [116.33394880000002, 39.998566600000004], [116.33398189999998, 39.9977563], [116.33398570000001, 39.99763959999999], [116.33399710000002, 39.997287099999994], [116.3339274, 39.996992399999996], [116.3339499, 39.996548499999996], [116.3339697, 39.9961574], [116.33402539999999, 39.99600619999999], [116.33402840000001, 39.99563589999999], [116.3340381, 39.99545669999999], [116.3341224, 39.993914300000014], [116.33415010000002, 39.99340920000001], [116.3341942, 39.99260169999999], [116.33424130000002, 39.991740300000004], [116.3342574, 39.991657399999994], [116.3341584, 39.9916531]]]}}, {"type": "Feature", "id": "LU-0014", "properties": {"id": "LU-0014", "layer": "LAND_USE", "land_use_code": "16", "name_zh": "留白用地（干线限界预留）", "area_sqm": 26417.9, "classification_basis": "design_proposal", "evidence_share": 0.0, "source_type": "agent_generated_design", "confidence": "low", "geometry_role": "design_proposal", "source_id": "OSM-DERIVED-CORRIDOR-20260808", "usage_note": "codes are concept proposals except where classification_basis=osm_evidenced; no approved control-plan status is claimed"}, "geometry": {"type": "Polygon", "coordinates": [[[116.3421982, 39.9568115], [116.34213319999999, 39.95681300000001], [116.34190696265, 39.95681491555249], [116.34171700000002, 39.9571684], [116.3410359, 39.9584234], [116.34039670000001, 39.959692900000015], [116.3401634, 39.9603009], [116.3399348, 39.9609946], [116.33982750000001, 39.96146310000001], [116.33967360000001, 39.9623792], [116.3391111802109, 39.96604541341358], [116.33940286683068, 39.966056426787674], [116.3394177553511, 39.96596737254313], [116.33941814243329, 39.96596497240275], [116.33951193941813, 39.965361272099344], [116.33999613777918, 39.96223292649753], [116.34011537941487, 39.961494138719715], [116.34027467821957, 39.96084179133711], [116.34045659831446, 39.96027140949454], [116.34066914568778, 39.95975554938604], [116.34095289986357, 39.95918577731466], [116.34222321974457, 39.95681077637579], [116.3421982, 39.9568115]]]}}, {"type": "Feature", "id": "LU-0015", "properties": {"id": "LU-0015", "layer": "LAND_USE", "land_use_code": "16", "name_zh": "留白用地（潜力用地候选）", "area_sqm": 600777.4, "classification_basis": "osm_evidenced", "evidence_share": 0.264, "source_type": "osm", "confidence": "low", "geometry_role": "existing_condition", "source_id": "OSM-DERIVED-CORRIDOR-20260808", "usage_note": "codes are concept proposals except where classification_basis=osm_evidenced; no approved control-plan status is claimed"}, "geometry": {"type": "Polygon", "coordinates": [[[116.34660930000001, 39.95678459999999], [116.34583139999998, 39.9567256], [116.34576590000002, 39.956723], [116.34533510000001, 39.9567346], [116.34359229999998, 39.95678159999999], [116.34348930000002, 39.956782], [116.3428931, 39.9567914], [116.34222321974457, 39.95681077637579], [116.34095289986357, 39.95918577731466], [116.34066914568778, 39.95975554938604], [116.34045659831446, 39.96027140949454], [116.34027467821957, 39.96084179133711], [116.34011537941487, 39.961494138719715], [116.33999613777918, 39.96223292649753], [116.33951193941813, 39.965361272099344], [116.33941814243329, 39.96596497240275], [116.3394177553511, 39.96596737254313], [116.33940286683068, 39.966056426787674], [116.34008952986352, 39.96608235059581], [116.341456, 39.9660893], [116.3422642, 39.96609680000002], [116.3429987, 39.966103600000004], [116.3436425, 39.966109499999995], [116.34376839999999, 39.9661091], [116.34394029999999, 39.96610870000001], [116.34471340000002, 39.966136899999995], [116.34487540000002, 39.96614279999999], [116.3463693, 39.9661663], [116.34649979999999, 39.966168399999994], [116.3466019, 39.9661735], [116.34677250000001, 39.96618209999999], [116.34717065633083, 39.96618210331163], [116.34720630000001, 39.9651893], [116.3470514, 39.96423659999999], [116.3469898, 39.9638749], [116.3469973, 39.96368019999999], [116.34702810000002, 39.96289530000001], [116.34704370000001, 39.9624989], [116.34723029999999, 39.95945210000001], [116.3472461, 39.959114299999996], [116.34727830000001, 39.9588019], [116.347367, 39.958504899999994], [116.3473934, 39.95841660000001], [116.3474165, 39.957057500000005], [116.34741990000002, 39.9569604], [116.34743220000001, 39.956818600000005], [116.34660930000001, 39.95678459999999]]]}}, {"type": "Feature", "id": "LU-0016", "properties": {"id": "LU-0016", "layer": "LAND_USE", "land_use_code": "07", "name_zh": "居住用地", "area_sqm": 5269.9, "classification_basis": "design_proposal", "evidence_share": 0.0, "source_type": "agent_generated_design", "confidence": "low", "geometry_role": "design_proposal", "source_id": "OSM-DERIVED-CORRIDOR-20260808", "usage_note": "codes are concept proposals except where classification_basis=osm_evidenced; no approved control-plan status is claimed"}, "geometry": {"type": "Polygon", "coordinates": [[[116.34576590000002, 39.956723], [116.34583139999998, 39.9567256], [116.34660930000001, 39.95678459999999], [116.34743220000001, 39.956818600000005], [116.34838720000002, 39.95678839999999], [116.34856850516987, 39.95674971915377], [116.34862368329054, 39.95665238422108], [116.3484624, 39.9566814], [116.3483017, 39.956687699999996], [116.34748780000001, 39.956719400000004], [116.34695360000002, 39.9567085], [116.34661389999998, 39.956691899999996], [116.3459659, 39.95665520000001], [116.3457678, 39.956649], [116.345331, 39.95666049999999], [116.34463750000002, 39.95667879999999], [116.34386910000002, 39.95669579999999], [116.3434883, 39.95670419999998], [116.34301140000001, 39.9567148], [116.3421973, 39.95673280000001], [116.34194757502081, 39.95673934311384], [116.34190696265, 39.95681491555249], [116.34213319999999, 39.95681300000001], [116.3421982, 39.9568115], [116.3428931, 39.9567914], [116.34348930000002, 39.956782], [116.34359229999998, 39.95678159999999], [116.34533510000001, 39.9567346], [116.34576590000002, 39.956723]]]}}, {"type": "Feature", "id": "LU-0017", "properties": {"id": "LU-0017", "layer": "LAND_USE", "land_use_code": "07", "name_zh": "居住用地", "area_sqm": 1058.0, "classification_basis": "design_proposal", "evidence_share": 0.0, "source_type": "agent_generated_design", "confidence": "low", "geometry_role": "design_proposal", "source_id": "OSM-DERIVED-CORRIDOR-20260808", "usage_note": "codes are concept proposals except where classification_basis=osm_evidenced; no approved control-plan status is claimed"}, "geometry": {"type": "Polygon", "coordinates": [[[116.33092777902422, 40.021925544176604], [116.3308034278629, 40.021911376535535], [116.3307744, 40.0226803], [116.33077092291596, 40.02282099392493], [116.33089326965802, 40.022853350595874], [116.33089630000002, 40.022586699999984], [116.33092777902422, 40.021925544176604]]]}}, {"type": "Feature", "id": "LU-0018", "properties": {"id": "LU-0018", "layer": "LAND_USE", "land_use_code": "07", "name_zh": "居住用地", "area_sqm": 42071.6, "classification_basis": "design_proposal", "evidence_share": 0.0, "source_type": "agent_generated_design", "confidence": "low", "geometry_role": "design_proposal", "source_id": "OSM-DERIVED-CORRIDOR-20260808", "usage_note": "codes are concept proposals except where classification_basis=osm_evidenced; no approved control-plan status is claimed"}, "geometry": {"type": "Polygon", "coordinates": [[[116.3308034278629, 40.021911376535535], [116.32928880000001, 40.02173880000001], [116.32874939999999, 40.021643999999995], [116.32812230000002, 40.0214938], [116.3273896, 40.021305000000005], [116.3264866, 40.02102940000001], [116.32453620000001, 40.02041619999999], [116.32340890000002, 40.020044899999995], [116.32249138116956, 40.01973789727586], [116.3225014, 40.0197765], [116.32261330000001, 40.0199024], [116.3226651, 40.01995879999999], [116.3227485, 40.020080099999994], [116.3228294, 40.02025549999999], [116.32281710000001, 40.0203619], [116.3229357, 40.020409499999985], [116.3232925, 40.0205944], [116.3235006, 40.02064569999999], [116.3239837, 40.0207054], [116.32542550000001, 40.021157899999984], [116.3287514, 40.02219949999999], [116.3305834, 40.022771399999996], [116.33077092291596, 40.02282099392493], [116.3307744, 40.0226803], [116.3308034278629, 40.021911376535535]]]}}, {"type": "Feature", "id": "LU-0019", "properties": {"id": "LU-0019", "layer": "LAND_USE", "land_use_code": "07", "name_zh": "居住用地", "area_sqm": 20332.1, "classification_basis": "design_proposal", "evidence_share": 0.0, "source_type": "agent_generated_design", "confidence": "low", "geometry_role": "design_proposal", "source_id": "OSM-DERIVED-CORRIDOR-20260808", "usage_note": "codes are concept proposals except where classification_basis=osm_evidenced; no approved control-plan status is claimed"}, "geometry": {"type": "Polygon", "coordinates": [[[116.3456934, 39.941732899999984], [116.34568439999998, 39.9420719], [116.34560140000002, 39.9422605], [116.3455631122337, 39.94231373793373], [116.34570220000002, 39.942519299999994], [116.3457429, 39.9426131], [116.34576730000002, 39.942744299999994], [116.34575480000001, 39.94284540000001], [116.3457268, 39.942950499999995], [116.34567050000001, 39.94308670000001], [116.3455741, 39.9433032], [116.3452107, 39.94423390000001], [116.3450757, 39.94457400000001], [116.3449676, 39.94491589999999], [116.3448385, 39.9453641], [116.34482373529276, 39.94544743770342], [116.3448056, 39.945549799999995], [116.3447973, 39.94569760000001], [116.3447971, 39.945805199999995], [116.344809, 39.94593139999999], [116.344914, 39.9467065], [116.3450139, 39.9473446], [116.34528160000002, 39.9490469], [116.34531730000002, 39.949124799999986], [116.34537739999999, 39.94921519999999], [116.34548519684944, 39.949275980436994], [116.34549020000001, 39.94915369999999], [116.34549829999999, 39.94900639999999], [116.34548810000001, 39.94869210000001], [116.3454694, 39.94852780000001], [116.34543950000001, 39.94836419999999], [116.34534910000002, 39.94784119999999], [116.345256, 39.9473183], [116.3451258, 39.94650250000001], [116.3450814, 39.946233], [116.345068, 39.9459725], [116.3450799, 39.945606100000006], [116.3451255, 39.9452658], [116.3451948, 39.9450213], [116.34528739999999, 39.9447743], [116.3458438, 39.943350599999995], [116.3459797, 39.94298899999999], [116.34613910000002, 39.9425862], [116.3462093, 39.9424207], [116.3462911, 39.942236599999994], [116.34630736571543, 39.94217255126935], [116.346235, 39.94215359999999], [116.34598650000001, 39.94191289999999], [116.34582019999999, 39.94181079999999], [116.3456934, 39.941732899999984]]]}}, {"type": "Feature", "id": "LU-0020", "properties": {"id": "LU-0020", "layer": "LAND_USE", "land_use_code": "16", "name_zh": "留白用地（干线限界预留）", "area_sqm": 10222.7, "classification_basis": "design_proposal", "evidence_share": 0.0, "source_type": "agent_generated_design", "confidence": "low", "geometry_role": "design_proposal", "source_id": "OSM-DERIVED-CORRIDOR-20260808", "usage_note": "codes are concept proposals except where classification_basis=osm_evidenced; no approved control-plan status is claimed"}, "geometry": {"type": "Polygon", "coordinates": [[[116.3418144, 39.95617120000001], [116.34182059999999, 39.9563338], [116.34180067604252, 39.95647257474111], [116.3419381, 39.9562049], [116.3421807, 39.9557528], [116.34260630000001, 39.95498499999999], [116.34345609999998, 39.953485400000005], [116.3450766, 39.950446299999996], [116.3452306, 39.9501486], [116.34536350000002, 39.9498233], [116.3454324, 39.949577], [116.3454663, 39.949444199999995], [116.3454843, 39.94929789999999], [116.34548519684944, 39.949275980436994], [116.34548370263842, 39.94927513793885], [116.34408259190491, 39.952054121553374], [116.34404722594103, 39.95210828302846], [116.34403684290658, 39.952125697196294], [116.34395957964922, 39.95226842656409], [116.34378017909553, 39.95258217652082], [116.34377821154047, 39.95258568459875], [116.34279660471769, 39.95437038183769], [116.34181234001413, 39.95616105705046], [116.3418144, 39.95617120000001]]]}}, {"type": "Feature", "id": "LU-0021", "properties": {"id": "LU-0021", "layer": "LAND_USE", "land_use_code": "0804", "name_zh": "教育用地", "area_sqm": 265279.6, "classification_basis": "osm_evidenced", "evidence_share": 0.152, "source_type": "osm", "confidence": "low", "geometry_role": "existing_condition", "source_id": "OSM-DERIVED-CORRIDOR-20260808", "usage_note": "codes are concept proposals except where classification_basis=osm_evidenced; no approved control-plan status is claimed"}, "geometry": {"type": "Polygon", "coordinates": [[[116.34550279999999, 39.9423976], [116.345452, 39.94253820000001], [116.34535159999999, 39.9426447], [116.3452388, 39.942704199999994], [116.3450169, 39.942791], [116.3441709, 39.9430371], [116.3440557, 39.9430706], [116.3438522, 39.943811999999994], [116.3437271, 39.9440072], [116.343691, 39.94413649999999], [116.3435597, 39.9446062], [116.3426182, 39.947974499999994], [116.34245300000002, 39.9485654], [116.3423845, 39.9488105], [116.34232049999999, 39.949044799999996], [116.34173539999999, 39.9511862], [116.3415375, 39.951926], [116.3414772, 39.9521002], [116.3413339, 39.952525599999994], [116.3412971, 39.952658099999994], [116.34120520000002, 39.952996699999986], [116.3411869, 39.95305559999999], [116.34064549999998, 39.9548451], [116.34086670000002, 39.954936399999994], [116.34103270000001, 39.9550158], [116.3412114, 39.955131800000004], [116.34141139999998, 39.95532540000001], [116.34158509999999, 39.95554899999999], [116.3416668, 39.955681699999985], [116.3417724, 39.95596439999999], [116.34181234001413, 39.95616105705046], [116.34279660471769, 39.95437038183769], [116.34377821154047, 39.95258568459875], [116.34378017909553, 39.95258217652082], [116.34395957964922, 39.95226842656409], [116.34403684290658, 39.952125697196294], [116.34404722594103, 39.95210828302846], [116.34408259190491, 39.952054121553374], [116.34548370263842, 39.94927513793885], [116.34537739999999, 39.94921519999999], [116.34531730000002, 39.949124799999986], [116.34528160000002, 39.9490469], [116.3450139, 39.9473446], [116.344914, 39.9467065], [116.344809, 39.94593139999999], [116.3447971, 39.945805199999995], [116.3447973, 39.94569760000001], [116.3448056, 39.945549799999995], [116.34482373529276, 39.94544743770342], [116.3448385, 39.9453641], [116.3449676, 39.94491589999999], [116.3450757, 39.94457400000001], [116.3452107, 39.94423390000001], [116.3455741, 39.9433032], [116.34567050000001, 39.94308670000001], [116.3457268, 39.942950499999995], [116.34575480000001, 39.94284540000001], [116.34576730000002, 39.942744299999994], [116.3457429, 39.9426131], [116.34570220000002, 39.942519299999994], [116.3455631122337, 39.94231373793373], [116.34550279999999, 39.9423976]]]}}, {"type": "Feature", "id": "LU-0022", "properties": {"id": "LU-0022", "layer": "LAND_USE", "land_use_code": "07", "name_zh": "居住用地", "area_sqm": 2223.4, "classification_basis": "design_proposal", "evidence_share": 0.0, "source_type": "agent_generated_design", "confidence": "low", "geometry_role": "design_proposal", "source_id": "OSM-DERIVED-CORRIDOR-20260808", "usage_note": "codes are concept proposals except where classification_basis=osm_evidenced; no approved control-plan status is claimed"}, "geometry": {"type": "Polygon", "coordinates": [[[116.34550279999999, 39.9423976], [116.3455631122337, 39.94231373793373], [116.3454076, 39.9420839], [116.34517299933826, 39.94188594440565], [116.34514450000002, 39.9419455], [116.3449998, 39.94217280000001], [116.34493400000001, 39.9422397], [116.34493969999998, 39.942310199999994], [116.34498830000001, 39.9424081], [116.34505669999999, 39.9424575], [116.3451843, 39.94249580000001], [116.34527449999999, 39.94251959999998], [116.34550279999999, 39.9423976]]]}}, {"type": "Feature", "id": "LU-0023", "properties": {"id": "LU-0023", "layer": "LAND_USE", "land_use_code": "07", "name_zh": "居住用地", "area_sqm": 255920.2, "classification_basis": "osm_evidenced", "evidence_share": 0.567, "source_type": "osm", "confidence": "medium", "geometry_role": "existing_condition", "source_id": "OSM-DERIVED-CORRIDOR-20260808", "usage_note": "codes are concept proposals except where classification_basis=osm_evidenced; no approved control-plan status is claimed"}, "geometry": {"type": "Polygon", "coordinates": [[[116.3370051, 40.009552299999996], [116.3368814, 40.0093072], [116.3363528, 40.008260199999995], [116.33627610000002, 40.00810560000001], [116.3361812, 40.00791449999999], [116.3357902, 40.00713729999999], [116.33556840000001, 40.00670209999999], [116.335462, 40.0064949], [116.3354539, 40.0064792], [116.33536109999999, 40.0062984], [116.33518469999999, 40.006343400000006], [116.3350693, 40.0063728], [116.33362810000001, 40.006754699999995], [116.3336063, 40.0071712], [116.33359120000001, 40.0079421], [116.33356620000002, 40.008633999999994], [116.33353549999998, 40.009483100000004], [116.333502, 40.0103334], [116.3334982, 40.01041949999998], [116.33349070000001, 40.010588000000006], [116.3334662, 40.0111389], [116.3334252, 40.01206259999999], [116.33335960000001, 40.01350659999999], [116.33336, 40.01352959999999], [116.3333564, 40.013610699999994], [116.33431360000002, 40.0136258], [116.3343767, 40.013628399999995], [116.3346168, 40.01363389999999], [116.3359211, 40.0136607], [116.33658670000001, 40.01368149999999], [116.3367255, 40.0136807], [116.3367827, 40.01367990000001], [116.3374823, 40.01369669999999], [116.33878769999998, 40.013722599999994], [116.33893310000002, 40.013723799999994], [116.33897240000002, 40.01372409999998], [116.339083, 40.01372649999999], [116.33901990000001, 40.01360199999999], [116.338703, 40.01297689999999], [116.33781559999998, 40.01110569999999], [116.3375394, 40.01057219999999], [116.3370659, 40.00965649999999], [116.33705310000002, 40.0096346], [116.3370051, 40.009552299999996]]]}}, {"type": "Feature", "id": "LU-0024", "properties": {"id": "LU-0024", "layer": "LAND_USE", "land_use_code": "07", "name_zh": "居住用地", "area_sqm": 8436.7, "classification_basis": "design_proposal", "evidence_share": 0.0, "source_type": "agent_generated_design", "confidence": "low", "geometry_role": "design_proposal", "source_id": "OSM-DERIVED-CORRIDOR-20260808", "usage_note": "codes are concept proposals except where classification_basis=osm_evidenced; no approved control-plan status is claimed"}, "geometry": {"type": "Polygon", "coordinates": [[[116.33536109999999, 40.0062984], [116.3354539, 40.0064792], [116.335462, 40.0064949], [116.33556840000001, 40.00670209999999], [116.3357902, 40.00713729999999], [116.3361812, 40.00791449999999], [116.33627610000002, 40.00810560000001], [116.3363528, 40.008260199999995], [116.3368814, 40.0093072], [116.3370051, 40.009552299999996], [116.33705310000002, 40.0096346], [116.3370659, 40.00965649999999], [116.3375394, 40.01057219999999], [116.33781559999998, 40.01110569999999], [116.338703, 40.01297689999999], [116.33901990000001, 40.01360199999999], [116.339083, 40.01372649999999], [116.33924580000001, 40.01373149999999], [116.3391731, 40.0136089], [116.33913390000001, 40.0135429], [116.3387974, 40.0129635], [116.3382757, 40.01185540000001], [116.33790190000002, 40.0110616], [116.3377812, 40.01082439999998], [116.3377437, 40.01075070000001], [116.3371677, 40.00961739999999], [116.33714550000002, 40.00957359999999], [116.33699160000002, 40.0092745], [116.3369724, 40.0092371], [116.33664219999999, 40.008595199999995], [116.3364011, 40.0081164], [116.3363822, 40.008076599999995], [116.3362844, 40.00787119999999], [116.33557590000001, 40.006437599999984], [116.3355062, 40.0062966], [116.33536109999999, 40.0062984]]]}}, {"type": "Feature", "id": "LU-0025", "properties": {"id": "LU-0025", "layer": "LAND_USE", "land_use_code": "07", "name_zh": "居住用地", "area_sqm": 19858.8, "classification_basis": "design_proposal", "evidence_share": 0.0, "source_type": "agent_generated_design", "confidence": "low", "geometry_role": "design_proposal", "source_id": "OSM-DERIVED-CORRIDOR-20260808", "usage_note": "codes are concept proposals except where classification_basis=osm_evidenced; no approved control-plan status is claimed"}, "geometry": {"type": "Polygon", "coordinates": [[[116.3467685588081, 39.98541015010664], [116.3467163, 39.98540830000001], [116.34398529999999, 39.985301199999995], [116.3418289, 39.9852094], [116.3386877, 39.985147899999994], [116.33578109999999, 39.9850245], [116.3354479, 39.9850103], [116.33463412552624, 39.984971956959775], [116.33462622801443, 39.98513300371424], [116.3354395, 39.985170399999994], [116.33867510000002, 39.9853269], [116.34179030000001, 39.9853893], [116.34397569999999, 39.98546789999999], [116.3467163, 39.9855792], [116.34676853301657, 39.9855810643786], [116.3467685588081, 39.98541015010664]]]}}, {"type": "Feature", "id": "LU-0026", "properties": {"id": "LU-0026", "layer": "LAND_USE", "land_use_code": "07", "name_zh": "居住用地", "area_sqm": 16085.1, "classification_basis": "design_proposal", "evidence_share": 0.0, "source_type": "agent_generated_design", "confidence": "low", "geometry_role": "design_proposal", "source_id": "OSM-DERIVED-CORRIDOR-20260808", "usage_note": "codes are concept proposals except where classification_basis=osm_evidenced; no approved control-plan status is claimed"}, "geometry": {"type": "Polygon", "coordinates": [[[116.34676853301657, 39.9855810643786], [116.3467163, 39.9855792], [116.34397569999999, 39.98546789999999], [116.34179030000001, 39.9853893], [116.33867510000002, 39.9853269], [116.3354395, 39.985170399999994], [116.33462622801443, 39.98513300371424], [116.33461847833138, 39.98529103508778], [116.33811989999998, 39.98543149999999], [116.3389635, 39.98547349999999], [116.3393235, 39.9854863], [116.33966730000002, 39.985494499999994], [116.33986829999999, 39.985500699999996], [116.3401091, 39.98550779999999], [116.34067960000002, 39.98552320000001], [116.34185410000002, 39.98554219999999], [116.34236789999999, 39.98555309999999], [116.34421959999999, 39.9856054], [116.3444762, 39.9856109], [116.3451442, 39.985636199999995], [116.34676851471569, 39.98570231607035], [116.34676853301657, 39.9855810643786]]]}}, {"type": "Feature", "id": "LU-0027", "properties": {"id": "LU-0027", "layer": "LAND_USE", "land_use_code": "07", "name_zh": "居住用地", "area_sqm": 210880.0, "classification_basis": "osm_evidenced", "evidence_share": 0.491, "source_type": "osm", "confidence": "medium", "geometry_role": "existing_condition", "source_id": "OSM-DERIVED-CORRIDOR-20260808", "usage_note": "codes are concept proposals except where classification_basis=osm_evidenced; no approved control-plan status is claimed"}, "geometry": {"type": "Polygon", "coordinates": [[[116.34608660000002, 40.0037372], [116.3461064, 40.00329359999999], [116.34608660000002, 40.0030664], [116.3461207, 40.0024984], [116.3461562, 40.0023556], [116.3462113, 40.0013076], [116.3462663, 39.9999279], [116.3462676, 39.999897999999995], [116.3462683, 39.999881300000006], [116.3462725, 39.99978619999999], [116.3462748856058, 39.99973199685702], [116.34394770000002, 39.99965679999999], [116.3438562052214, 39.9996536806444], [116.34300719999999, 39.99964119999999], [116.34290540000002, 39.99963809999999], [116.342785, 39.99963449999999], [116.3427856, 39.99970229999999], [116.3427841, 39.999766999999984], [116.34278360000002, 39.999790999999995], [116.3427559, 40.000298700000016], [116.34271010000002, 40.0009193], [116.34273630000001, 40.00124009999999], [116.3427775, 40.001428399999995], [116.3428259, 40.001632699999995], [116.3428529, 40.00176710000001], [116.3428657, 40.0023072], [116.3428309, 40.00334780000001], [116.3428213, 40.0036382], [116.34279560000002, 40.00440999999999], [116.3427902, 40.0045711], [116.34276230000002, 40.00482050000001], [116.3427223, 40.0050844], [116.3427178, 40.0052752], [116.3427055, 40.005801000000005], [116.3426926, 40.0063478], [116.3431753, 40.0063478], [116.3445725, 40.00634769999999], [116.34470920000001, 40.0063477], [116.34472669999998, 40.00634769999999], [116.34496960000001, 40.0063066], [116.34589529999998, 40.0063126], [116.3459356, 40.00631289999999], [116.34602630000002, 40.0063135], [116.3461337, 40.0063353], [116.34600269999999, 40.00619350000001], [116.3459791, 40.0061679], [116.34599030000001, 40.0058585], [116.34601260000001, 40.0052401], [116.34602330000001, 40.004946399999994], [116.3460284, 40.004804], [116.34604769999999, 40.004656600000004], [116.34608660000002, 40.0037372]]]}}, {"type": "Feature", "id": "LU-0028", "properties": {"id": "LU-0028", "layer": "LAND_USE", "land_use_code": "0804", "name_zh": "教育用地", "area_sqm": 446870.3, "classification_basis": "osm_evidenced", "evidence_share": 0.721, "source_type": "osm", "confidence": "medium", "geometry_role": "existing_condition", "source_id": "OSM-DERIVED-CORRIDOR-20260808", "usage_note": "codes are concept proposals except where classification_basis=osm_evidenced; no approved control-plan status is claimed"}, "geometry": {"type": "Polygon", "coordinates": [[[116.3467685, 39.9857998], [116.34676851471569, 39.98570231607035], [116.3451442, 39.985636199999995], [116.3444762, 39.9856109], [116.34421959999999, 39.9856054], [116.34236789999999, 39.98555309999999], [116.34185410000002, 39.98554219999999], [116.34067960000002, 39.98552320000001], [116.3401091, 39.98550779999999], [116.33986829999999, 39.985500699999996], [116.33966730000002, 39.985494499999994], [116.3393235, 39.9854863], [116.3389635, 39.98547349999999], [116.33842180000002, 39.9855235], [116.33822330000001, 39.98554769999999], [116.3381592, 39.9855454], [116.33723680000001, 39.9855124], [116.3357762, 39.98546829999999], [116.33535170000002, 39.9854554], [116.3349131, 39.9854423], [116.3347852, 39.9854436], [116.33473370000002, 39.985442799999994], [116.33460950000001, 39.98544319999999], [116.33460950000001, 39.98548399999999], [116.3346006, 39.9857245], [116.33451479999998, 39.9871438], [116.3344017, 39.98901540000001], [116.33436680000001, 39.989593199999995], [116.3343216, 39.9905719], [116.3342809, 39.99145149999999], [116.33427880000002, 39.9914978], [116.33427230000001, 39.991574199999995], [116.3370737, 39.99165320000001], [116.3371935, 39.9916566], [116.33719810000001, 39.991593900000005], [116.3371997, 39.99150360000001], [116.33721609999999, 39.99130439999999], [116.3372363, 39.990980099999994], [116.3372511, 39.9907411], [116.3372649, 39.99051850000001], [116.33728180000001, 39.9902461], [116.33731969999998, 39.9896367], [116.337417, 39.989638799999994], [116.33818009999999, 39.98965559999999], [116.3386548, 39.9896661], [116.33888819999999, 39.9896713], [116.3392207, 39.98967859999999], [116.33948619999998, 39.989682499999994], [116.34092380000001, 39.9897162], [116.34111550000002, 39.9897204], [116.34165659999998, 39.98973229999999], [116.342163, 39.989743499999996], [116.3421907, 39.98904139999999], [116.34219290000001, 39.9889847], [116.34219869999998, 39.988837600000004], [116.3422086, 39.9885858], [116.34224720000002, 39.98760559999999], [116.3422507, 39.98751690000001], [116.34419140000001, 39.98755469999998], [116.34525500000001, 39.987575400000004], [116.34672030000002, 39.987616100000004], [116.34688799999999, 39.9876208], [116.34695120000002, 39.9860032], [116.3469523, 39.9859749], [116.3467685, 39.9857998]]]}}, {"type": "Feature", "id": "LU-0029", "properties": {"id": "LU-0029", "layer": "LAND_USE", "land_use_code": "16", "name_zh": "留白用地（干线限界预留）", "area_sqm": 7841.8, "classification_basis": "design_proposal", "evidence_share": 0.0, "source_type": "agent_generated_design", "confidence": "low", "geometry_role": "design_proposal", "source_id": "OSM-DERIVED-CORRIDOR-20260808", "usage_note": "codes are concept proposals except where classification_basis=osm_evidenced; no approved control-plan status is claimed"}, "geometry": {"type": "Polygon", "coordinates": [[[116.33915579999999, 39.96673119999999], [116.33907179999999, 39.96681709999999], [116.33859119999998, 39.968171], [116.3378911, 39.9693028], [116.3369162, 39.9705669], [116.3371219487645, 39.97057305219266], [116.33797955063285, 39.96947539935412], [116.33798744640143, 39.96946475363306], [116.33833554485082, 39.968969652703656], [116.33834249105729, 39.968959240222816], [116.33845889041875, 39.96877503990415], [116.33846657452855, 39.96876201379428], [116.33857997373711, 39.96855541347502], [116.33858228515425, 39.96855109872129], [116.33869088433568, 39.968343298412925], [116.33869381237798, 39.96833750397232], [116.33895611018791, 39.967800203219255], [116.33896912352387, 39.96776733128698], [116.33928868445508, 39.966726744210845], [116.33915579999999, 39.96673119999999]]]}}, {"type": "Feature", "id": "LU-0030", "properties": {"id": "LU-0030", "layer": "LAND_USE", "land_use_code": "07", "name_zh": "居住用地", "area_sqm": 403029.4, "classification_basis": "design_proposal", "evidence_share": 0.0, "source_type": "agent_generated_design", "confidence": "low", "geometry_role": "design_proposal", "source_id": "OSM-DERIVED-CORRIDOR-20260808", "usage_note": "codes are concept proposals except where classification_basis=osm_evidenced; no approved control-plan status is claimed"}, "geometry": {"type": "Polygon", "coordinates": [[[116.34698220000001, 39.9742708], [116.3468963, 39.97397540000001], [116.3468762, 39.9735287], [116.34695130000001, 39.9718495], [116.3469875, 39.9703191], [116.34704220000002, 39.96898070000001], [116.347054, 39.968772599999994], [116.34724380000002, 39.96789690000001], [116.3473067, 39.9671179], [116.34731875137211, 39.96651200745077], [116.34715883911164, 39.96651124743204], [116.3467493, 39.9665093], [116.34619820000002, 39.9665059], [116.3461315, 39.9665055], [116.3451358, 39.9664992], [116.3444535, 39.966525700000005], [116.343701, 39.9665222], [116.34347070000001, 39.9665211], [116.3425204, 39.966516599999984], [116.3422588, 39.96651539999999], [116.3413624, 39.9665122], [116.34130750000001, 39.96651169999999], [116.3413077, 39.9666045], [116.3410956, 39.9666043], [116.3400227, 39.966608400000005], [116.3398242, 39.966665899999995], [116.33950770000001, 39.96671939999999], [116.33928868445508, 39.966726744210845], [116.33896912352387, 39.96776733128698], [116.33895611018791, 39.967800203219255], [116.33869381237798, 39.96833750397232], [116.33869088433568, 39.968343298412925], [116.33858228515425, 39.96855109872129], [116.33857997373711, 39.96855541347502], [116.33846657452855, 39.96876201379428], [116.33845889041875, 39.96877503990415], [116.33834249105729, 39.968959240222816], [116.33833554485082, 39.968969652703656], [116.33798744640143, 39.96946475363306], [116.33797955063285, 39.96947539935412], [116.3371219487645, 39.97057305219266], [116.3382508, 39.97060679999999], [116.33844689999998, 39.9706116], [116.3390025, 39.97061660000001], [116.3407941, 39.9706375], [116.34101479999998, 39.9706356], [116.34153, 39.9706405], [116.3422974, 39.9706388], [116.34228620000002, 39.9710439], [116.34227789999998, 39.97128620000001], [116.3422363, 39.9720528], [116.3424625, 39.972052100000006], [116.3439296, 39.9720423], [116.344134, 39.9720446], [116.3448765, 39.97201969999999], [116.34670589999999, 39.97197120000001], [116.34676650000002, 39.971970799999994], [116.34675110000002, 39.972833300000005], [116.3467498, 39.9730825], [116.3467366, 39.973831000000004], [116.34678680000002, 39.97412870000001], [116.3469097, 39.97446720000001], [116.34709078522464, 39.974796996727385], [116.34724835044163, 39.974798488743794], [116.34698220000001, 39.9742708]]]}}, {"type": "Feature", "id": "LU-0031", "properties": {"id": "LU-0031", "layer": "LAND_USE", "land_use_code": "07", "name_zh": "居住用地", "area_sqm": 8972.2, "classification_basis": "design_proposal", "evidence_share": 0.0, "source_type": "agent_generated_design", "confidence": "low", "geometry_role": "design_proposal", "source_id": "OSM-DERIVED-CORRIDOR-20260808", "usage_note": "codes are concept proposals except where classification_basis=osm_evidenced; no approved control-plan status is claimed"}, "geometry": {"type": "Polygon", "coordinates": [[[116.34866176479504, 39.95658520776528], [116.3487328, 39.9564599], [116.3488116, 39.9561172], [116.3488889, 39.95475520000001], [116.34889820000001, 39.954304400000005], [116.3489162, 39.953890599999994], [116.34892360000002, 39.9537194], [116.34895250000001, 39.953054599999994], [116.34903109999999, 39.95183359999999], [116.34908569999999, 39.95134310000001], [116.3491743, 39.9509355], [116.34926009999998, 39.9505988], [116.34938531778593, 39.95021923006956], [116.34920195356656, 39.950221402266735], [116.349171, 39.950341900000005], [116.3491635, 39.95037060000001], [116.3491116, 39.95054369999999], [116.34904810000002, 39.950793899999994], [116.34893480000001, 39.9512097], [116.3488422, 39.951799599999994], [116.3488145, 39.952490399999995], [116.3487814, 39.95371639999998], [116.3487768, 39.95388719999999], [116.3487517, 39.95481830000001], [116.34874150000002, 39.9550015], [116.3487384, 39.95522689999999], [116.3487301, 39.955822600000005], [116.34870850000001, 39.95610380000001], [116.34866120000001, 39.956340600000004], [116.34850899999999, 39.95662180000001], [116.34866176479504, 39.95658520776528]]]}}, {"type": "Feature", "id": "LU-0032", "properties": {"id": "LU-0032", "layer": "LAND_USE", "land_use_code": "07", "name_zh": "居住用地", "area_sqm": 7555.8, "classification_basis": "design_proposal", "evidence_share": 0.0, "source_type": "agent_generated_design", "confidence": "low", "geometry_role": "design_proposal", "source_id": "OSM-DERIVED-CORRIDOR-20260808", "usage_note": "codes are concept proposals except where classification_basis=osm_evidenced; no approved control-plan status is claimed"}, "geometry": {"type": "Polygon", "coordinates": [[[116.3488889, 39.95475520000001], [116.3488116, 39.9561172], [116.3487328, 39.9564599], [116.34866176479504, 39.95658520776528], [116.34886970000001, 39.95653539999999], [116.34894516148258, 39.95651732719023], [116.3490159, 39.954785], [116.3490214, 39.9542929], [116.34903850000002, 39.95389350000001], [116.34904580000001, 39.953722], [116.3490723, 39.953105], [116.34913349999998, 39.9518333], [116.34920059999999, 39.9513078], [116.3492859, 39.95094809999999], [116.34936379999999, 39.950615799999994], [116.34949906592131, 39.95020143831888], [116.34943849999999, 39.9502186], [116.34938531778593, 39.95021923006956], [116.34926009999998, 39.9505988], [116.3491743, 39.9509355], [116.34908569999999, 39.95134310000001], [116.34903109999999, 39.95183359999999], [116.34895250000001, 39.953054599999994], [116.34892360000002, 39.9537194], [116.3489162, 39.953890599999994], [116.34889820000001, 39.954304400000005], [116.3488889, 39.95475520000001]]]}}, {"type": "Feature", "id": "LU-0033", "properties": {"id": "LU-0033", "layer": "LAND_USE", "land_use_code": "07", "name_zh": "居住用地", "area_sqm": 5992.9, "classification_basis": "design_proposal", "evidence_share": 0.0, "source_type": "agent_generated_design", "confidence": "low", "geometry_role": "design_proposal", "source_id": "OSM-DERIVED-CORRIDOR-20260808", "usage_note": "codes are concept proposals except where classification_basis=osm_evidenced; no approved control-plan status is claimed"}, "geometry": {"type": "Polygon", "coordinates": [[[116.3467769, 39.96628959999999], [116.34716678836119, 39.9662898379961], [116.34716919255492, 39.966222873957236], [116.3464868, 39.9662233], [116.34492430000002, 39.966198799999994], [116.34277680000001, 39.96616929999998], [116.3412327, 39.96612549999999], [116.34008952986352, 39.96608235059581], [116.3392749, 39.966078200000005], [116.33910664665557, 39.96607496435503], [116.33908852327534, 39.966193097186036], [116.33949889197419, 39.966205421339204], [116.3422739, 39.96622629999999], [116.3431417, 39.9662328], [116.34362040000002, 39.9662364], [116.3467769, 39.96628959999999]]]}}, {"type": "Feature", "id": "LU-0034", "properties": {"id": "LU-0034", "layer": "LAND_USE", "land_use_code": "07", "name_zh": "居住用地", "area_sqm": 3932.6, "classification_basis": "design_proposal", "evidence_share": 0.0, "source_type": "agent_generated_design", "confidence": "low", "geometry_role": "design_proposal", "source_id": "OSM-DERIVED-CORRIDOR-20260808", "usage_note": "codes are concept proposals except where classification_basis=osm_evidenced; no approved control-plan status is claimed"}, "geometry": {"type": "Polygon", "coordinates": [[[116.34716678836119, 39.9662898379961], [116.3467769, 39.96628959999999], [116.34362040000002, 39.9662364], [116.3431417, 39.9662328], [116.3422739, 39.96622629999999], [116.33949889197419, 39.966205421339204], [116.3428731, 39.966306700000004], [116.34716472368349, 39.966347345365904], [116.34716678836119, 39.9662898379961]]]}}, {"type": "Feature", "id": "LU-0035", "properties": {"id": "LU-0035", "layer": "LAND_USE", "land_use_code": "07", "name_zh": "居住用地", "area_sqm": 752.0, "classification_basis": "design_proposal", "evidence_share": 0.0, "source_type": "agent_generated_design", "confidence": "low", "geometry_role": "design_proposal", "source_id": "OSM-DERIVED-CORRIDOR-20260808", "usage_note": "codes are concept proposals except where classification_basis=osm_evidenced; no approved control-plan status is claimed"}, "geometry": {"type": "Polygon", "coordinates": [[[116.3394595, 39.9750353], [116.33945978077656, 39.97501875972428], [116.33722105308561, 39.975028578530214], [116.3372207, 39.975052399999996], [116.33840210000001, 39.975063500000005], [116.33917850000002, 39.9750709], [116.33928150000001, 39.9750345], [116.3394595, 39.9750353]]]}}, {"type": "Feature", "id": "LU-0036", "properties": {"id": "LU-0036", "layer": "LAND_USE", "land_use_code": "07", "name_zh": "居住用地", "area_sqm": 862.9, "classification_basis": "design_proposal", "evidence_share": 0.0, "source_type": "agent_generated_design", "confidence": "low", "geometry_role": "design_proposal", "source_id": "OSM-DERIVED-CORRIDOR-20260808", "usage_note": "codes are concept proposals except where classification_basis=osm_evidenced; no approved control-plan status is claimed"}, "geometry": {"type": "Polygon", "coordinates": [[[116.33945978077656, 39.97501875972428], [116.3394595, 39.9750353], [116.3395441, 39.975036599999996], [116.34021879999999, 39.9750427], [116.3420811, 39.97505960000001], [116.34207990939083, 39.975007213213004], [116.33945978077656, 39.97501875972428]]]}}, {"type": "Feature", "id": "LU-0037", "properties": {"id": "LU-0037", "layer": "LAND_USE", "land_use_code": "07", "name_zh": "居住用地", "area_sqm": 991.3, "classification_basis": "design_proposal", "evidence_share": 0.0, "source_type": "agent_generated_design", "confidence": "low", "geometry_role": "design_proposal", "source_id": "OSM-DERIVED-CORRIDOR-20260808", "usage_note": "codes are concept proposals except where classification_basis=osm_evidenced; no approved control-plan status is claimed"}, "geometry": {"type": "Polygon", "coordinates": [[[116.33945978077656, 39.97501875972428], [116.33946060000001, 39.9749705], [116.3392828, 39.97496840000001], [116.3391883, 39.97498239999999], [116.3382849, 39.97498209999999], [116.33817920000001, 39.9749821], [116.3380114, 39.97498209999999], [116.3377818, 39.97498199999999], [116.3372222, 39.974951199999985], [116.33722105308561, 39.975028578530214], [116.33945978077656, 39.97501875972428]]]}}, {"type": "Feature", "id": "LU-0038", "properties": {"id": "LU-0038", "layer": "LAND_USE", "land_use_code": "07", "name_zh": "居住用地", "area_sqm": 980.9, "classification_basis": "design_proposal", "evidence_share": 0.0, "source_type": "agent_generated_design", "confidence": "low", "geometry_role": "design_proposal", "source_id": "OSM-DERIVED-CORRIDOR-20260808", "usage_note": "codes are concept proposals except where classification_basis=osm_evidenced; no approved control-plan status is claimed"}, "geometry": {"type": "Polygon", "coordinates": [[[116.33946060000001, 39.9749705], [116.33945978077656, 39.97501875972428], [116.34207990939083, 39.975007213213004], [116.34207920000001, 39.974976], [116.3395457, 39.974971200000006], [116.33946060000001, 39.9749705]]]}}, {"type": "Feature", "id": "LU-0039", "properties": {"id": "LU-0039", "layer": "LAND_USE", "land_use_code": "16", "name_zh": "留白用地（干线限界预留）", "area_sqm": 17439.7, "classification_basis": "design_proposal", "evidence_share": 0.0, "source_type": "agent_generated_design", "confidence": "low", "geometry_role": "design_proposal", "source_id": "OSM-DERIVED-CORRIDOR-20260808", "usage_note": "codes are concept proposals except where classification_basis=osm_evidenced; no approved control-plan status is claimed"}, "geometry": {"type": "Polygon", "coordinates": [[[116.3369162, 39.9705669], [116.3378911, 39.9693028], [116.33859119999998, 39.968171], [116.33907179999999, 39.96681709999999], [116.33915579999999, 39.96673119999999], [116.33928868445508, 39.966726744210845], [116.33928911865102, 39.96672533031482], [116.33929565898559, 39.966697672935354], [116.33932952910202, 39.96649508575463], [116.33926020000001, 39.9664945], [116.33904256613481, 39.966492655661156], [116.339017, 39.96665929999999], [116.3388478, 39.96723800000001], [116.33868449999999, 39.9677064], [116.33846989999999, 39.9681534], [116.3383066, 39.968464499999996], [116.3381881, 39.96867710000001], [116.3380779, 39.9688575], [116.33772340000002, 39.969358400000004], [116.3357359, 39.97193270000001], [116.3348681, 39.97306969999999], [116.3346294, 39.97353789999999], [116.3344335, 39.9740742], [116.3342702, 39.97466059999999], [116.33421599003475, 39.97495083174513], [116.33450870345479, 39.974946315377274], [116.33456157433676, 39.97465883612621], [116.33470551072347, 39.974108986715], [116.33490697004241, 39.9735771731593], [116.33511932545703, 39.973175867304896], [116.33562003158326, 39.972495268964494], [116.3371219487645, 39.97057305219266], [116.3369162, 39.9705669]]]}}, {"type": "Feature", "id": "LU-0040", "properties": {"id": "LU-0040", "layer": "LAND_USE", "land_use_code": "07", "name_zh": "居住用地", "area_sqm": 222476.1, "classification_basis": "osm_evidenced", "evidence_share": 0.223, "source_type": "osm", "confidence": "low", "geometry_role": "existing_condition", "source_id": "OSM-DERIVED-CORRIDOR-20260808", "usage_note": "codes are concept proposals except where classification_basis=osm_evidenced; no approved control-plan status is claimed"}, "geometry": {"type": "MultiPolygon", "coordinates": [[[[116.3394616, 39.9749134], [116.3394773, 39.9738688], [116.33949330000002, 39.9728076], [116.3406428, 39.972817600000006], [116.3415151, 39.9728252], [116.34218539999999, 39.97283120000001], [116.34223540000002, 39.9721514], [116.3422363, 39.9720528], [116.34227789999998, 39.97128620000001], [116.34228620000002, 39.9710439], [116.3422974, 39.9706388], [116.34153, 39.9706405], [116.34101479999998, 39.9706356], [116.3407941, 39.9706375], [116.3390025, 39.97061660000001], [116.33844689999998, 39.9706116], [116.3382508, 39.97060679999999], [116.3371219487645, 39.97057305219266], [116.33562003158326, 39.972495268964494], [116.33511932545703, 39.973175867304896], [116.33490697004241, 39.9735771731593], [116.33470551072347, 39.974108986715], [116.33456157433676, 39.97465883612621], [116.33450870345479, 39.974946315377274], [116.3345097, 39.9749463], [116.3372222, 39.974951199999985], [116.3377818, 39.97498199999999], [116.3380114, 39.97498209999999], [116.33817920000001, 39.9749821], [116.3382849, 39.97498209999999], [116.3391883, 39.97498239999999], [116.3392828, 39.97496840000001], [116.33946060000001, 39.9749705], [116.3394616, 39.9749134]]], [[[116.33950770000001, 39.96671939999999], [116.3398242, 39.966665899999995], [116.3400227, 39.966608400000005], [116.3410956, 39.9666043], [116.3413077, 39.9666045], [116.34130750000001, 39.96651169999999], [116.3401838, 39.96650230000001], [116.33932952910202, 39.96649508575463], [116.33929565898559, 39.966697672935354], [116.33928911865102, 39.96672533031482], [116.33928868445508, 39.966726744210845], [116.33950770000001, 39.96671939999999]]]]}}, {"type": "Feature", "id": "LU-0041", "properties": {"id": "LU-0041", "layer": "LAND_USE", "land_use_code": "07", "name_zh": "居住用地", "area_sqm": 54269.1, "classification_basis": "design_proposal", "evidence_share": 0.0, "source_type": "agent_generated_design", "confidence": "low", "geometry_role": "design_proposal", "source_id": "OSM-DERIVED-CORRIDOR-20260808", "usage_note": "codes are concept proposals except where classification_basis=osm_evidenced; no approved control-plan status is claimed"}, "geometry": {"type": "Polygon", "coordinates": [[[116.33949330000002, 39.9728076], [116.3394773, 39.9738688], [116.3394616, 39.9749134], [116.33946060000001, 39.9749705], [116.3395457, 39.974971200000006], [116.34207920000001, 39.974976], [116.34218539999999, 39.97283120000001], [116.3415151, 39.9728252], [116.3406428, 39.972817600000006], [116.33949330000002, 39.9728076]]]}}, {"type": "Feature", "id": "LU-0042", "properties": {"id": "LU-0042", "layer": "LAND_USE", "land_use_code": "07", "name_zh": "居住用地", "area_sqm": 126034.2, "classification_basis": "osm_evidenced", "evidence_share": 0.499, "source_type": "osm", "confidence": "medium", "geometry_role": "existing_condition", "source_id": "OSM-DERIVED-CORRIDOR-20260808", "usage_note": "codes are concept proposals except where classification_basis=osm_evidenced; no approved control-plan status is claimed"}, "geometry": {"type": "Polygon", "coordinates": [[[116.34676650000002, 39.971970799999994], [116.34670589999999, 39.97197120000001], [116.3448765, 39.97201969999999], [116.344134, 39.9720446], [116.3439296, 39.9720423], [116.3424625, 39.972052100000006], [116.3422363, 39.9720528], [116.34223540000002, 39.9721514], [116.34218539999999, 39.97283120000001], [116.34207920000001, 39.974976], [116.34286822649054, 39.97498230927657], [116.3433764, 39.97496619999999], [116.34402460000001, 39.97490539999999], [116.3453001, 39.974835199999994], [116.34584629999999, 39.9748051], [116.34672159999998, 39.9747935], [116.34709078522464, 39.974796996727385], [116.3469097, 39.97446720000001], [116.34678680000002, 39.97412870000001], [116.3467366, 39.973831000000004], [116.3467498, 39.9730825], [116.34675110000002, 39.972833300000005], [116.34676650000002, 39.971970799999994]]]}}, {"type": "Feature", "id": "LU-0043", "properties": {"id": "LU-0043", "layer": "LAND_USE", "land_use_code": "0804", "name_zh": "教育用地", "area_sqm": 190143.8, "classification_basis": "osm_evidenced", "evidence_share": 0.919, "source_type": "osm", "confidence": "medium", "geometry_role": "existing_condition", "source_id": "OSM-DERIVED-CORRIDOR-20260808", "usage_note": "codes are concept proposals except where classification_basis=osm_evidenced; no approved control-plan status is claimed"}, "geometry": {"type": "Polygon", "coordinates": [[[116.34688799999999, 39.9876208], [116.34672030000002, 39.987616100000004], [116.34525500000001, 39.987575400000004], [116.34419140000001, 39.98755469999998], [116.3422507, 39.98751690000001], [116.34224720000002, 39.98760559999999], [116.3422086, 39.9885858], [116.34219869999998, 39.988837600000004], [116.34219290000001, 39.9889847], [116.3421907, 39.98904139999999], [116.342163, 39.989743499999996], [116.3421565, 39.9904334], [116.34215480000002, 39.9904722], [116.3421307, 39.99103269999999], [116.34212890000002, 39.9910851], [116.3421189, 39.99161869999999], [116.3421298, 39.9916849], [116.34213350000002, 39.99170659999999], [116.34213290000001, 39.991746500000005], [116.3421313, 39.9918127], [116.34424930000002, 39.991869300000005], [116.34638460000001, 39.991926400000004], [116.34654020000002, 39.991931999999984], [116.3467379, 39.9919373], [116.3467408, 39.991856299999995], [116.3467885, 39.99074160000001], [116.34682460000002, 39.989897], [116.3468591, 39.98893499999999], [116.3468643, 39.98879010000001], [116.3468752, 39.9886226], [116.3468868, 39.9877319], [116.34688799999999, 39.9876208]]]}}, {"type": "Feature", "id": "LU-0044", "properties": {"id": "LU-0044", "layer": "LAND_USE", "land_use_code": "0804", "name_zh": "教育用地", "area_sqm": 94810.1, "classification_basis": "osm_evidenced", "evidence_share": 0.999, "source_type": "osm", "confidence": "medium", "geometry_role": "existing_condition", "source_id": "OSM-DERIVED-CORRIDOR-20260808", "usage_note": "codes are concept proposals except where classification_basis=osm_evidenced; no approved control-plan status is claimed"}, "geometry": {"type": "Polygon", "coordinates": [[[116.33731969999998, 39.9896367], [116.33728180000001, 39.9902461], [116.3372649, 39.99051850000001], [116.3372511, 39.9907411], [116.3372363, 39.990980099999994], [116.33721609999999, 39.99130439999999], [116.3371997, 39.99150360000001], [116.33719810000001, 39.991593900000005], [116.3371935, 39.9916566], [116.33912520000001, 39.9917162], [116.33932979999999, 39.991722800000005], [116.34202130000001, 39.9918091], [116.3421313, 39.9918127], [116.34213290000001, 39.991746500000005], [116.34213350000002, 39.99170659999999], [116.3421298, 39.9916849], [116.3421189, 39.99161869999999], [116.34212890000002, 39.9910851], [116.3421307, 39.99103269999999], [116.34215480000002, 39.9904722], [116.3421565, 39.9904334], [116.342163, 39.989743499999996], [116.34165659999998, 39.98973229999999], [116.34111550000002, 39.9897204], [116.34092380000001, 39.9897162], [116.33948619999998, 39.989682499999994], [116.3392207, 39.98967859999999], [116.33888819999999, 39.9896713], [116.3386548, 39.9896661], [116.33818009999999, 39.98965559999999], [116.337417, 39.989638799999994], [116.33731969999998, 39.9896367]]]}}, {"type": "Feature", "id": "LU-0045", "properties": {"id": "LU-0045", "layer": "LAND_USE", "land_use_code": "07", "name_zh": "居住用地", "area_sqm": 3856.5, "classification_basis": "design_proposal", "evidence_share": 0.0, "source_type": "agent_generated_design", "confidence": "low", "geometry_role": "design_proposal", "source_id": "OSM-DERIVED-CORRIDOR-20260808", "usage_note": "codes are concept proposals except where classification_basis=osm_evidenced; no approved control-plan status is claimed"}, "geometry": {"type": "Polygon", "coordinates": [[[116.3371935, 39.9916566], [116.3371872, 39.9917446], [116.33731369999998, 39.99174910000001], [116.3383597, 39.991786], [116.33857850000001, 39.991790300000005], [116.34198809999998, 39.99187539999999], [116.34213029999998, 39.99187739999999], [116.3421313, 39.9918127], [116.34202130000001, 39.9918091], [116.33932979999999, 39.991722800000005], [116.33912520000001, 39.9917162], [116.3371935, 39.9916566]]]}}, {"type": "Feature", "id": "LU-0046", "properties": {"id": "LU-0046", "layer": "LAND_USE", "land_use_code": "07", "name_zh": "居住用地", "area_sqm": 2380.2, "classification_basis": "design_proposal", "evidence_share": 0.0, "source_type": "agent_generated_design", "confidence": "low", "geometry_role": "design_proposal", "source_id": "OSM-DERIVED-CORRIDOR-20260808", "usage_note": "codes are concept proposals except where classification_basis=osm_evidenced; no approved control-plan status is claimed"}, "geometry": {"type": "Polygon", "coordinates": [[[116.3371872, 39.9917446], [116.3371935, 39.9916566], [116.3370737, 39.99165320000001], [116.33427230000001, 39.991574199999995], [116.3342574, 39.991657399999994], [116.33440229999998, 39.9916617], [116.3348373, 39.991674399999994], [116.3371872, 39.9917446]]]}}, {"type": "Feature", "id": "LU-0047", "properties": {"id": "LU-0047", "layer": "LAND_USE", "land_use_code": "0804", "name_zh": "教育用地", "area_sqm": 78446.7, "classification_basis": "osm_evidenced", "evidence_share": 0.933, "source_type": "osm", "confidence": "medium", "geometry_role": "existing_condition", "source_id": "OSM-DERIVED-CORRIDOR-20260808", "usage_note": "codes are concept proposals except where classification_basis=osm_evidenced; no approved control-plan status is claimed"}, "geometry": {"type": "Polygon", "coordinates": [[[116.3371872, 39.9917446], [116.3371804, 39.9918392], [116.3371392, 39.9922855], [116.33710990000002, 39.99260319999999], [116.3370978, 39.9927343], [116.33706459999999, 39.99332789999999], [116.3380941, 39.9934068], [116.3389888, 39.9934739], [116.3399025, 39.9935425], [116.33999, 39.99354910000001], [116.34028989999999, 39.993442300000005], [116.3404307, 39.9934247], [116.3409526, 39.993549099999996], [116.341141, 39.9935866], [116.34200510000001, 39.99363009999999], [116.34207230000001, 39.9927237], [116.34212750000002, 39.9919787], [116.34212839999999, 39.9919407], [116.34213029999998, 39.99187739999999], [116.34198809999998, 39.99187539999999], [116.33857850000001, 39.991790300000005], [116.3383597, 39.991786], [116.33731369999998, 39.99174910000001], [116.3371872, 39.9917446]]]}}, {"type": "Feature", "id": "LU-0048", "properties": {"id": "LU-0048", "layer": "LAND_USE", "land_use_code": "0804", "name_zh": "教育用地", "area_sqm": 818037.0, "classification_basis": "osm_evidenced", "evidence_share": 0.539, "source_type": "osm", "confidence": "medium", "geometry_role": "existing_condition", "source_id": "OSM-DERIVED-CORRIDOR-20260808", "usage_note": "codes are concept proposals except where classification_basis=osm_evidenced; no approved control-plan status is claimed"}, "geometry": {"type": "Polygon", "coordinates": [[[116.3370978, 39.9927343], [116.33710990000002, 39.99260319999999], [116.3371392, 39.9922855], [116.3371804, 39.9918392], [116.3371872, 39.9917446], [116.3348373, 39.991674399999994], [116.33440229999998, 39.9916617], [116.3342574, 39.991657399999994], [116.33424130000002, 39.991740300000004], [116.3341942, 39.99260169999999], [116.33415010000002, 39.99340920000001], [116.3341224, 39.993914300000014], [116.3340381, 39.99545669999999], [116.33402840000001, 39.99563589999999], [116.33402539999999, 39.99600619999999], [116.3339697, 39.9961574], [116.3339499, 39.996548499999996], [116.3339274, 39.996992399999996], [116.33399710000002, 39.997287099999994], [116.33398570000001, 39.99763959999999], [116.33398189999998, 39.9977563], [116.33394880000002, 39.998566600000004], [116.3339364, 39.999046899999996], [116.33393449999998, 39.9991205], [116.33393320000002, 39.999151499999996], [116.33393209999998, 39.999251099999995], [116.3340725, 39.999254799999996], [116.3345949, 39.9992685], [116.336192, 39.999310300000005], [116.3373111, 39.99933959999999], [116.33767010000001, 39.999349599999995], [116.3391322, 39.99939019999999], [116.3425507, 39.9994916], [116.34259430000002, 39.99949269999999], [116.34267260000001, 39.9994946], [116.34291239999999, 39.999499099999994], [116.34375370000001, 39.99952010000001], [116.3443854, 39.99953589999999], [116.34613590000001, 39.999567899999995], [116.3461752, 39.99956850000001], [116.3462821, 39.99956949999999], [116.34628620000001, 39.99947590000001], [116.34628980000001, 39.9993945], [116.34629310000001, 39.9993208], [116.3464453, 39.997558100000006], [116.34648590000002, 39.9967182], [116.34650699999999, 39.9961383], [116.3465413, 39.99519779999999], [116.34658649999999, 39.9944512], [116.3466236, 39.9931227], [116.34665249999999, 39.9922573], [116.34666950000002, 39.9922139], [116.3467292, 39.9920918], [116.3467305, 39.99202950000001], [116.3439971, 39.9919213], [116.34220010000001, 39.99188000000001], [116.34213029999998, 39.99187739999999], [116.34212839999999, 39.9919407], [116.34212750000002, 39.9919787], [116.34207230000001, 39.9927237], [116.34200510000001, 39.99363009999999], [116.341141, 39.9935866], [116.3409526, 39.993549099999996], [116.3404307, 39.9934247], [116.34028989999999, 39.993442300000005], [116.33999, 39.99354910000001], [116.3399025, 39.9935425], [116.3389888, 39.9934739], [116.3380941, 39.9934068], [116.33706459999999, 39.99332789999999], [116.3370978, 39.9927343]]]}}, {"type": "Feature", "id": "LU-0049", "properties": {"id": "LU-0049", "layer": "LAND_USE", "land_use_code": "07", "name_zh": "居住用地", "area_sqm": 1966.3, "classification_basis": "design_proposal", "evidence_share": 0.0, "source_type": "agent_generated_design", "confidence": "low", "geometry_role": "design_proposal", "source_id": "OSM-DERIVED-CORRIDOR-20260808", "usage_note": "codes are concept proposals except where classification_basis=osm_evidenced; no approved control-plan status is claimed"}, "geometry": {"type": "Polygon", "coordinates": [[[116.34207990939083, 39.975007213213004], [116.3420811, 39.97505960000001], [116.3439634, 39.9750796], [116.34526182865409, 39.97502728640677], [116.34396870000002, 39.9749911], [116.34286822649054, 39.97498230927657], [116.34208289999998, 39.9750072], [116.34207990939083, 39.975007213213004]]]}}, {"type": "Feature", "id": "LU-0050", "properties": {"id": "LU-0050", "layer": "LAND_USE", "land_use_code": "07", "name_zh": "居住用地", "area_sqm": 5054.8, "classification_basis": "design_proposal", "evidence_share": 0.0, "source_type": "agent_generated_design", "confidence": "low", "geometry_role": "design_proposal", "source_id": "OSM-DERIVED-CORRIDOR-20260808", "usage_note": "codes are concept proposals except where classification_basis=osm_evidenced; no approved control-plan status is claimed"}, "geometry": {"type": "Polygon", "coordinates": [[[116.3504611, 39.942674], [116.35042890000001, 39.9426627], [116.3503805, 39.94264470000002], [116.3503346, 39.942627000000016], [116.3502898, 39.94260929999999], [116.35024410000001, 39.94259050000001], [116.35020119999999, 39.9425717], [116.35017702601144, 39.94256060961191], [116.35018040100692, 39.94264957106235], [116.35079286483636, 39.94287581374401], [116.3528238, 39.9434609], [116.3529016, 39.943483699999994], [116.35315160000002, 39.943552899999986], [116.35350740000001, 39.9436217], [116.35547342219475, 39.94414931579749], [116.3553417, 39.944083299999996], [116.35440780000002, 39.94375879999998], [116.35419193695463, 39.943688781036535], [116.35413532307375, 39.94367301085218], [116.35353810000001, 39.9435109], [116.3527348, 39.943313700000004], [116.35169790000002, 39.9430311], [116.3507198, 39.9427544], [116.3505961, 39.94271710000001], [116.35049280000001, 39.94268460000001], [116.3504611, 39.942674]]]}}, {"type": "Feature", "id": "LU-0051", "properties": {"id": "LU-0051", "layer": "LAND_USE", "land_use_code": "07", "name_zh": "居住用地", "area_sqm": 2189.3, "classification_basis": "design_proposal", "evidence_share": 0.0, "source_type": "agent_generated_design", "confidence": "low", "geometry_role": "design_proposal", "source_id": "OSM-DERIVED-CORRIDOR-20260808", "usage_note": "codes are concept proposals except where classification_basis=osm_evidenced; no approved control-plan status is claimed"}, "geometry": {"type": "Polygon", "coordinates": [[[116.35017702601144, 39.94256060961191], [116.35020119999999, 39.9425717], [116.35024410000001, 39.94259050000001], [116.3502898, 39.94260929999999], [116.3503346, 39.942627000000016], [116.3503805, 39.94264470000002], [116.35042890000001, 39.9426627], [116.3504611, 39.942674], [116.35049280000001, 39.94268460000001], [116.3505961, 39.94271710000001], [116.3507198, 39.9427544], [116.35169790000002, 39.9430311], [116.3527348, 39.943313700000004], [116.35353810000001, 39.9435109], [116.35413532307375, 39.94367301085218], [116.35216090000002, 39.94312299999999], [116.3514984, 39.942920799999996], [116.3510816, 39.942793599999995], [116.3507667, 39.94266129999999], [116.3504756, 39.9424964], [116.35024610000002, 39.94232160000001], [116.35016534569037, 39.9422527267463], [116.35017702601144, 39.94256060961191]]]}}, {"type": "Feature", "id": "LU-0052", "properties": {"id": "LU-0052", "layer": "LAND_USE", "land_use_code": "16", "name_zh": "留白用地（潜力用地候选）", "area_sqm": 789065.1, "classification_basis": "osm_evidenced", "evidence_share": 0.871, "source_type": "osm", "confidence": "medium", "geometry_role": "existing_condition", "source_id": "OSM-DERIVED-CORRIDOR-20260808", "usage_note": "codes are concept proposals except where classification_basis=osm_evidenced; no approved control-plan status is claimed"}, "geometry": {"type": "Polygon", "coordinates": [[[116.3238643, 40.028795800000005], [116.32390820000002, 40.028535299999994], [116.32391420000002, 40.0284998], [116.3241328, 40.0279698], [116.3241852, 40.02784289999999], [116.32473150000001, 40.0269498], [116.3249888, 40.026529000000004], [116.32510320000002, 40.02643789999999], [116.3252705, 40.02641999999999], [116.32690880000001, 40.02654449999999], [116.3275096, 40.0265901], [116.32768769999998, 40.02659659999999], [116.3278019, 40.0266019], [116.32822659999998, 40.0266164], [116.3293023, 40.02661119999999], [116.3306743, 40.02660989999999], [116.33080289999998, 40.0266098], [116.33078870000001, 40.0262682], [116.33076860000001, 40.0259157], [116.3307633, 40.0254485], [116.33073739999999, 40.02417739999999], [116.33075669908146, 40.02339652794928], [116.3305611, 40.0233434], [116.3288926, 40.02283119999999], [116.32576740000002, 40.02185799999999], [116.3228763, 40.02095299999999], [116.3218692, 40.0206314], [116.3215682, 40.02050909999999], [116.3211446, 40.02026149999999], [116.32062092847936, 40.0200940022222], [116.3205451, 40.02021339999999], [116.319021, 40.022692799999994], [116.31841089999999, 40.02371050000001], [116.3180827, 40.0243203], [116.3178744, 40.024791599999986], [116.3173441, 40.026032400000005], [116.31672260000002, 40.0280938], [116.31635666155192, 40.029315522761955], [116.3166241, 40.02935899999999], [116.31826539999999, 40.0296274], [116.31840070000001, 40.029649499999984], [116.31859470000002, 40.0296861], [116.31900159999999, 40.02974350000001], [116.31973970000001, 40.0297698], [116.3198847, 40.02976559999999], [116.3201989, 40.0297566], [116.3214104, 40.0297199], [116.3214704, 40.0297181], [116.3231311, 40.02965269999999], [116.32350839999998, 40.0296365], [116.3236024, 40.029632400000004], [116.3236122, 40.029344], [116.3238643, 40.028795800000005]]]}}, {"type": "Feature", "id": "LU-0053", "properties": {"id": "LU-0053", "layer": "LAND_USE", "land_use_code": "07", "name_zh": "居住用地", "area_sqm": 702.9, "classification_basis": "design_proposal", "evidence_share": 0.0, "source_type": "agent_generated_design", "confidence": "low", "geometry_role": "design_proposal", "source_id": "OSM-DERIVED-CORRIDOR-20260808", "usage_note": "codes are concept proposals except where classification_basis=osm_evidenced; no approved control-plan status is claimed"}, "geometry": {"type": "Polygon", "coordinates": [[[116.33081489999998, 39.991488899999986], [116.3308435, 39.99157769999999], [116.3309458, 39.991579900000005], [116.3310439, 39.9915821], [116.3314939, 39.991592], [116.33167642004301, 39.99159600130878], [116.3316772, 39.9915751], [116.33167964808358, 39.991509673805176], [116.33149769999999, 39.99150519999999], [116.33093660000002, 39.9914918], [116.33081489999998, 39.991488899999986]]]}}, {"type": "Feature", "id": "LU-0054", "properties": {"id": "LU-0054", "layer": "LAND_USE", "land_use_code": "07", "name_zh": "居住用地", "area_sqm": 5103.5, "classification_basis": "design_proposal", "evidence_share": 0.0, "source_type": "agent_generated_design", "confidence": "low", "geometry_role": "design_proposal", "source_id": "OSM-DERIVED-CORRIDOR-20260808", "usage_note": "codes are concept proposals except where classification_basis=osm_evidenced; no approved control-plan status is claimed"}, "geometry": {"type": "Polygon", "coordinates": [[[116.33124409999999, 40.01360249999999], [116.3313246, 40.01359719999999], [116.3313694, 40.01360040000001], [116.33303319999999, 40.0136237], [116.333354, 40.01366070000001], [116.33437520000001, 40.0136995], [116.3345499, 40.0137053], [116.3345722, 40.013706], [116.3356931, 40.013728699999994], [116.33649210000002, 40.01374439999999], [116.33677540000001, 40.013754999999996], [116.33698270000001, 40.01374979999999], [116.33736430000002, 40.013758100000004], [116.33835560000001, 40.0137925], [116.33897970000001, 40.0138142], [116.33902439999999, 40.0138158], [116.3391449, 40.013821400000005], [116.339083, 40.01372649999999], [116.33897240000002, 40.01372409999998], [116.33893310000002, 40.013723799999994], [116.33878769999998, 40.013722599999994], [116.3374823, 40.01369669999999], [116.3367827, 40.01367990000001], [116.3367255, 40.0136807], [116.33658670000001, 40.01368149999999], [116.3359211, 40.0136607], [116.3346168, 40.01363389999999], [116.3343767, 40.013628399999995], [116.33431360000002, 40.0136258], [116.3333564, 40.013610699999994], [116.3330541, 40.01358319999999], [116.3313291, 40.0135142], [116.33124770000002, 40.013513799999984], [116.33124409999999, 40.01360249999999]]]}}, {"type": "Feature", "id": "LU-0055", "properties": {"id": "LU-0055", "layer": "LAND_USE", "land_use_code": "07", "name_zh": "居住用地", "area_sqm": 9468.3, "classification_basis": "design_proposal", "evidence_share": 0.0, "source_type": "agent_generated_design", "confidence": "low", "geometry_role": "design_proposal", "source_id": "OSM-DERIVED-CORRIDOR-20260808", "usage_note": "codes are concept proposals except where classification_basis=osm_evidenced; no approved control-plan status is claimed"}, "geometry": {"type": "Polygon", "coordinates": [[[116.3311828, 40.01559360000001], [116.331187, 40.015455899999985], [116.3311891, 40.0153869], [116.3311917, 40.0153003], [116.3312401, 40.013718299999994], [116.33124409999999, 40.01360249999999], [116.3310654, 40.013602899999995], [116.3310619, 40.013700599999986], [116.33106140000001, 40.01371459999999], [116.3310532, 40.013933], [116.33105750000001, 40.01527790000001], [116.3310547, 40.01545529999999], [116.3310535, 40.015532], [116.331051, 40.0156924], [116.3310507, 40.0157131], [116.3310448, 40.01609210000001], [116.3310435, 40.0161781], [116.33103860000001, 40.01648709999999], [116.33103140000001, 40.016946399999995], [116.3310204, 40.0173772], [116.3310087, 40.01783419999999], [116.33099219999998, 40.01847810000001], [116.3309347, 40.0193305], [116.33092480000002, 40.01947669999999], [116.3309007, 40.0198343], [116.33082160081518, 40.02146025142562], [116.3308831, 40.02150129999998], [116.33094937189857, 40.02147201924008], [116.33102780000002, 40.0198247], [116.33103970000002, 40.0194655], [116.3310973, 40.0183904], [116.3311361, 40.017120000000006], [116.3311776, 40.01576479999999], [116.3311799, 40.0156889], [116.3311828, 40.01559360000001]]]}}, {"type": "Feature", "id": "LU-0056", "properties": {"id": "LU-0056", "layer": "LAND_USE", "land_use_code": "07", "name_zh": "居住用地", "area_sqm": 1397.5, "classification_basis": "design_proposal", "evidence_share": 0.0, "source_type": "agent_generated_design", "confidence": "low", "geometry_role": "design_proposal", "source_id": "OSM-DERIVED-CORRIDOR-20260808", "usage_note": "codes are concept proposals except where classification_basis=osm_evidenced; no approved control-plan status is claimed"}, "geometry": {"type": "Polygon", "coordinates": [[[116.33103970000002, 40.0194655], [116.33102780000002, 40.0198247], [116.33094937189857, 40.02147201924008], [116.33102749999999, 40.0214375], [116.331045, 40.021113699999994], [116.33109779999998, 40.02012820000001], [116.3311135, 40.01984319999999], [116.33103970000002, 40.0194655]]]}}, {"type": "Feature", "id": "LU-0057", "properties": {"id": "LU-0057", "layer": "LAND_USE", "land_use_code": "07", "name_zh": "居住用地", "area_sqm": 802.5, "classification_basis": "design_proposal", "evidence_share": 0.0, "source_type": "agent_generated_design", "confidence": "low", "geometry_role": "design_proposal", "source_id": "OSM-DERIVED-CORRIDOR-20260808", "usage_note": "codes are concept proposals except where classification_basis=osm_evidenced; no approved control-plan status is claimed"}, "geometry": {"type": "Polygon", "coordinates": [[[116.3369861, 39.9609423], [116.3361215, 39.9615975], [116.3361041, 39.96171489999999], [116.3365088, 39.96138870000001], [116.3370393, 39.9609805], [116.3371701, 39.96084669999999], [116.3369861, 39.9609423]]]}}, {"type": "Feature", "id": "LU-0058", "properties": {"id": "LU-0058", "layer": "LAND_USE", "land_use_code": "16", "name_zh": "留白用地（干线限界预留）", "area_sqm": 16484.5, "classification_basis": "design_proposal", "evidence_share": 0.0, "source_type": "agent_generated_design", "confidence": "low", "geometry_role": "design_proposal", "source_id": "OSM-DERIVED-CORRIDOR-20260808", "usage_note": "codes are concept proposals except where classification_basis=osm_evidenced; no approved control-plan status is claimed"}, "geometry": {"type": "Polygon", "coordinates": [[[116.33876390000002, 39.9660323], [116.33889533758817, 39.96603726324892], [116.33890940000002, 39.965946499999994], [116.338924, 39.965844], [116.3389967, 39.96527089999999], [116.33906210000002, 39.96469669999999], [116.33912640000001, 39.9641734], [116.3392451, 39.9635342], [116.33936900000002, 39.9629047], [116.33943420000001, 39.96252660000001], [116.33947710000001, 39.96222540000001], [116.3395118, 39.961917199999995], [116.3395697, 39.96160189999999], [116.33961030000002, 39.9613966], [116.33966410000001, 39.9611708], [116.3397781, 39.96075760000001], [116.3398431, 39.96054649999999], [116.3399117, 39.960336099999985], [116.34005830000001, 39.95993680000001], [116.3402352, 39.959518300000006], [116.3403419, 39.959303899999995], [116.34045789999999, 39.959079599999995], [116.3408911434948, 39.958301021430934], [116.3410651, 39.957988400000005], [116.3412201, 39.95768689999999], [116.3413425, 39.9574487], [116.34150040000002, 39.9571171], [116.3416352163611, 39.956824410570064], [116.34145184606531, 39.95683332935258], [116.3403019389627, 39.958983159773744], [116.34029876123795, 39.95898931374233], [116.3400097588961, 39.95956961291541], [116.34000292715538, 39.959584641398735], [116.33978372483978, 39.960116640754336], [116.33977742444662, 39.960133899227046], [116.33959042172484, 39.96072019866121], [116.33958634085621, 39.96073470291769], [116.33942323763064, 39.96140260241154], [116.339419875135, 39.9614191985462], [116.33929917140762, 39.96216699815722], [116.33929895813405, 39.96216834716964], [116.33881465169668, 39.965297186227225], [116.33872104447912, 39.96589962581553], [116.33869898564365, 39.96603156051737], [116.33876390000002, 39.9660323]]]}}, {"type": "Feature", "id": "LU-0059", "properties": {"id": "LU-0059", "layer": "LAND_USE", "land_use_code": "07", "name_zh": "居住用地", "area_sqm": 215900.2, "classification_basis": "design_proposal", "evidence_share": 0.0, "source_type": "agent_generated_design", "confidence": "low", "geometry_role": "design_proposal", "source_id": "OSM-DERIVED-CORRIDOR-20260808", "usage_note": "codes are concept proposals except where classification_basis=osm_evidenced; no approved control-plan status is claimed"}, "geometry": {"type": "Polygon", "coordinates": [[[116.33574950000002, 39.9637042], [116.3357155, 39.963871999999995], [116.33528414673404, 39.96602396072051], [116.3355806, 39.96601909999998], [116.3371862, 39.96601439999999], [116.3378337, 39.9660217], [116.33869898564365, 39.96603156051737], [116.33872104447912, 39.96589962581553], [116.33881465169668, 39.965297186227225], [116.33929895813405, 39.96216834716964], [116.33929917140762, 39.96216699815722], [116.339419875135, 39.9614191985462], [116.33942323763064, 39.96140260241154], [116.33958634085621, 39.96073470291769], [116.33959042172484, 39.96072019866121], [116.33977742444662, 39.960133899227046], [116.33978372483978, 39.960116640754336], [116.34000292715538, 39.959584641398735], [116.3400097588961, 39.95956961291541], [116.34029876123795, 39.95898931374233], [116.3403019389627, 39.958983159773744], [116.34145184606531, 39.95683332935258], [116.3413846, 39.956836599999995], [116.34081469999998, 39.95686439999999], [116.3406095, 39.9568736], [116.34022060000001, 39.95688599999999], [116.3401481, 39.95689360000001], [116.3400019, 39.9568857], [116.33996590000001, 39.956957800000005], [116.339942, 39.957005699999996], [116.3386537, 39.959586], [116.3384001, 39.95988270000001], [116.3382732, 39.9600112], [116.33819459999998, 39.96008089999999], [116.33796100000002, 39.9602736], [116.3371701, 39.96084669999999], [116.3370393, 39.9609805], [116.3365088, 39.96138870000001], [116.3361041, 39.96171489999999], [116.33574950000002, 39.9637042]]]}}, {"type": "Feature", "id": "LU-0060", "properties": {"id": "LU-0060", "layer": "LAND_USE", "land_use_code": "07", "name_zh": "居住用地", "area_sqm": 68866.8, "classification_basis": "design_proposal", "evidence_share": 0.0, "source_type": "agent_generated_design", "confidence": "low", "geometry_role": "design_proposal", "source_id": "OSM-DERIVED-CORRIDOR-20260808", "usage_note": "codes are concept proposals except where classification_basis=osm_evidenced; no approved control-plan status is claimed"}, "geometry": {"type": "Polygon", "coordinates": [[[116.33528414673404, 39.96602396072051], [116.3357155, 39.963871999999995], [116.33574950000002, 39.9637042], [116.3361041, 39.96171489999999], [116.33469959999998, 39.96278780000001], [116.33441500000002, 39.96299969999999], [116.33433370000002, 39.963068199999995], [116.33423210000001, 39.96315859999999], [116.3341305, 39.96324899999999], [116.3340146, 39.96336109999999], [116.3339394, 39.96344529999999], [116.33382550000002, 39.96359170000001], [116.3337381, 39.96372410000001], [116.3336324, 39.963879899999995], [116.33356740000002, 39.96399679999999], [116.33348809999998, 39.9641495], [116.3334393, 39.9642679], [116.33339260000001, 39.96440650000001], [116.33336410000001, 39.9645203], [116.3333316, 39.9646543], [116.33330920000002, 39.9648007], [116.33329090000001, 39.964947200000005], [116.33317210000001, 39.9659632], [116.3331703, 39.96597819999999], [116.3331608, 39.9660597], [116.33332600000001, 39.9660609], [116.33404673163774, 39.966066345191706], [116.3346351, 39.96603459999999], [116.33528414673404, 39.96602396072051]]]}}, {"type": "Feature", "id": "LU-0061", "properties": {"id": "LU-0061", "layer": "LAND_USE", "land_use_code": "07", "name_zh": "居住用地", "area_sqm": 1483.2, "classification_basis": "design_proposal", "evidence_share": 0.0, "source_type": "agent_generated_design", "confidence": "low", "geometry_role": "design_proposal", "source_id": "OSM-DERIVED-CORRIDOR-20260808", "usage_note": "codes are concept proposals except where classification_basis=osm_evidenced; no approved control-plan status is claimed"}, "geometry": {"type": "Polygon", "coordinates": [[[116.33528414673404, 39.96602396072051], [116.33527580000002, 39.9660656], [116.33650990000001, 39.9660632], [116.3383683, 39.96606289999998], [116.3384659, 39.9660626], [116.338521, 39.9660637], [116.33889014149217, 39.966070800429726], [116.33889533758817, 39.96603726324892], [116.33876390000002, 39.9660323], [116.3378337, 39.9660217], [116.3371862, 39.96601439999999], [116.3355806, 39.96601909999998], [116.33528414673404, 39.96602396072051]]]}}, {"type": "Feature", "id": "LU-0062", "properties": {"id": "LU-0062", "layer": "LAND_USE", "land_use_code": "07", "name_zh": "居住用地", "area_sqm": 314.3, "classification_basis": "design_proposal", "evidence_share": 0.0, "source_type": "agent_generated_design", "confidence": "low", "geometry_role": "design_proposal", "source_id": "OSM-DERIVED-CORRIDOR-20260808", "usage_note": "codes are concept proposals except where classification_basis=osm_evidenced; no approved control-plan status is claimed"}, "geometry": {"type": "Polygon", "coordinates": [[[116.33527580000002, 39.9660656], [116.33528414673404, 39.96602396072051], [116.3346351, 39.96603459999999], [116.33404673163774, 39.966066345191706], [116.33412019999999, 39.9660669], [116.33527580000002, 39.9660656]]]}}, {"type": "Feature", "id": "LU-0063", "properties": {"id": "LU-0063", "layer": "LAND_USE", "land_use_code": "16", "name_zh": "留白用地（干线限界预留）", "area_sqm": 14811.2, "classification_basis": "design_proposal", "evidence_share": 0.0, "source_type": "agent_generated_design", "confidence": "low", "geometry_role": "design_proposal", "source_id": "OSM-DERIVED-CORRIDOR-20260808", "usage_note": "codes are concept proposals except where classification_basis=osm_evidenced; no approved control-plan status is claimed"}, "geometry": {"type": "Polygon", "coordinates": [[[116.33388616585421, 39.97495591982001], [116.33397250000002, 39.9744804], [116.3340334, 39.974187], [116.3341291, 39.9738612], [116.3342367, 39.97360530000001], [116.3343542, 39.9733848], [116.3346396, 39.972969299999995], [116.3353997, 39.971984799999994], [116.33618979999999, 39.9710034], [116.3377368, 39.96900699999998], [116.33798870000001, 39.9686321], [116.3382247, 39.9682187], [116.33840429999998, 39.9678455], [116.33856540000001, 39.967450799999995], [116.3387053, 39.9670289], [116.3388001, 39.966652499999995], [116.33882512194005, 39.96649081252156], [116.3386224875026, 39.96648909454787], [116.33860147542863, 39.96661476626331], [116.33829082275034, 39.96762631274755], [116.33803780926246, 39.968144584927884], [116.33793184732173, 39.968347335318185], [116.33782324440497, 39.96854519398616], [116.33771423658386, 39.968717694805584], [116.33737354571463, 39.96920225378884], [116.3350157422978, 39.97221989374179], [116.33501110126596, 39.972226013580354], [116.33449699918829, 39.972924812223575], [116.33447736070056, 39.9729560230646], [116.33424965901662, 39.97338632241926], [116.33423776393458, 39.97341260129168], [116.33402706145067, 39.97396880066553], [116.33401994645463, 39.973991056293556], [116.33387104372869, 39.97455985583408], [116.33386759445284, 39.97457534707178], [116.33379734664743, 39.97495728984028], [116.33388616585421, 39.97495591982001]]]}}, {"type": "Feature", "id": "LU-0064", "properties": {"id": "LU-0064", "layer": "LAND_USE", "land_use_code": "07", "name_zh": "居住用地", "area_sqm": 302132.9, "classification_basis": "design_proposal", "evidence_share": 0.0, "source_type": "agent_generated_design", "confidence": "low", "geometry_role": "design_proposal", "source_id": "OSM-DERIVED-CORRIDOR-20260808", "usage_note": "codes are concept proposals except where classification_basis=osm_evidenced; no approved control-plan status is claimed"}, "geometry": {"type": "Polygon", "coordinates": [[[116.33306830000001, 39.966595999999996], [116.3330669, 39.966610299999985], [116.33300469999999, 39.967255699999995], [116.3329359, 39.96777699999999], [116.3327312, 39.969326900000006], [116.33271729999998, 39.9694318], [116.33231909999999, 39.970880199999996], [116.3322751, 39.9712926], [116.3321056, 39.972682799999994], [116.33205149999999, 39.9731291], [116.3318395, 39.974876399999985], [116.33182470000001, 39.9749877], [116.33379734664743, 39.97495728984028], [116.33386759445284, 39.97457534707178], [116.33387104372869, 39.97455985583408], [116.33401994645463, 39.973991056293556], [116.33402706145067, 39.97396880066553], [116.33423776393458, 39.97341260129168], [116.33424965901662, 39.97338632241926], [116.33447736070056, 39.9729560230646], [116.33449699918829, 39.972924812223575], [116.33501110126596, 39.972226013580354], [116.3350157422978, 39.97221989374179], [116.33737354571463, 39.96920225378884], [116.33771423658386, 39.968717694805584], [116.33782324440497, 39.96854519398616], [116.33793184732173, 39.968347335318185], [116.33803780926246, 39.968144584927884], [116.33829082275034, 39.96762631274755], [116.33860147542863, 39.96661476626331], [116.3386224875026, 39.96648909454787], [116.3385052, 39.9664881], [116.3382864, 39.9664862], [116.33597820000001, 39.96646619999999], [116.33412, 39.9664501], [116.33334880000001, 39.9664479], [116.3333045, 39.9664478], [116.3330826, 39.9664472], [116.33306830000001, 39.966595999999996]]]}}, {"type": "Feature", "id": "LU-0065", "properties": {"id": "LU-0065", "layer": "LAND_USE", "land_use_code": "07", "name_zh": "居住用地", "area_sqm": 1730.3, "classification_basis": "design_proposal", "evidence_share": 0.0, "source_type": "agent_generated_design", "confidence": "low", "geometry_role": "design_proposal", "source_id": "OSM-DERIVED-CORRIDOR-20260808", "usage_note": "codes are concept proposals except where classification_basis=osm_evidenced; no approved control-plan status is claimed"}, "geometry": {"type": "Polygon", "coordinates": [[[116.33182470000001, 39.9749877], [116.33182541682702, 39.97507004550728], [116.33210299631878, 39.975074668539484], [116.33387031109089, 39.975043245511394], [116.33388616585421, 39.97495591982001], [116.33182470000001, 39.9749877]]]}}, {"type": "Feature", "id": "LU-0066", "properties": {"id": "LU-0066", "layer": "LAND_USE", "land_use_code": "07", "name_zh": "居住用地", "area_sqm": 126672.6, "classification_basis": "osm_evidenced", "evidence_share": 0.482, "source_type": "osm", "confidence": "medium", "geometry_role": "existing_condition", "source_id": "OSM-DERIVED-CORRIDOR-20260808", "usage_note": "codes are concept proposals except where classification_basis=osm_evidenced; no approved control-plan status is claimed"}, "geometry": {"type": "Polygon", "coordinates": [[[116.35418670746162, 39.94643473170533], [116.3542433, 39.9463871], [116.35432149999998, 39.94630369999999], [116.35450829999999, 39.9460913], [116.3551755, 39.9454243], [116.3558545676292, 39.94474541421605], [116.35079286483636, 39.94287581374401], [116.3504117, 39.942766], [116.35018240032404, 39.942702270940174], [116.35020620000002, 39.9433296], [116.3502066, 39.943339099999996], [116.35020710000002, 39.94334849999999], [116.3502077, 39.943358], [116.35020840000001, 39.94336740000001], [116.35021049999999, 39.9433863], [116.35021190000002, 39.9433959], [116.35021329999998, 39.9434052], [116.350215, 39.94341459999999], [116.35021680000001, 39.9434241], [116.3502188, 39.9434333], [116.3502208, 39.943442899999994], [116.35022970000001, 39.9434807], [116.3502391, 39.9435174], [116.3502442, 39.94353580000001], [116.35025010000001, 39.94355699999999], [116.3502598, 39.9435908], [116.3502649, 39.94360890000001], [116.35027, 39.9436273], [116.35027439999999, 39.94364509999999], [116.35027839999998, 39.943662800000006], [116.3502823, 39.943680400000005], [116.3502861, 39.943698], [116.35028820000001, 39.94370970000001], [116.35029020000002, 39.9437214], [116.3502916, 39.943731099999994], [116.3502929, 39.9437407], [116.3502937, 39.9437502], [116.3502943, 39.94375979999999], [116.35029500000002, 39.94377440000001], [116.35029540000001, 39.943788999999995], [116.35029590000002, 39.94381409999999], [116.35029600000001, 39.943868499999994], [116.35029980000002, 39.9438903], [116.3503025, 39.9439064], [116.3503052, 39.943922699999995], [116.3503064, 39.9439306], [116.3503074, 39.9439385], [116.35030830000001, 39.943946999999994], [116.3503088, 39.94395610000001], [116.35030920000001, 39.94396649999999], [116.350309, 39.943977399999994], [116.3503072, 39.944735900000005], [116.3502978, 39.94591389999999], [116.35029569999999, 39.9464179], [116.35029489999998, 39.94671550000001], [116.3503858, 39.946715500000025], [116.3504237, 39.94671480000001], [116.3504645, 39.9467135], [116.35058408246582, 39.94670796616613], [116.3506058, 39.94662950000001], [116.35082340000001, 39.9465095], [116.3508810016223, 39.94649421608453], [116.35084179999998, 39.9464374], [116.3512818, 39.946335000000005], [116.35345460000002, 39.946202400000004], [116.35399170000001, 39.94625360000001], [116.35393521899677, 39.94632053115577], [116.35418670746162, 39.94643473170533]]]}}, {"type": "Feature", "id": "LU-0067", "properties": {"id": "LU-0067", "layer": "LAND_USE", "land_use_code": "07", "name_zh": "居住用地", "area_sqm": 38818.7, "classification_basis": "design_proposal", "evidence_share": 0.0, "source_type": "agent_generated_design", "confidence": "low", "geometry_role": "design_proposal", "source_id": "OSM-DERIVED-CORRIDOR-20260808", "usage_note": "codes are concept proposals except where classification_basis=osm_evidenced; no approved control-plan status is claimed"}, "geometry": {"type": "Polygon", "coordinates": [[[116.3520834, 39.95086559999999], [116.3524668, 39.94960450000001], [116.35252670000001, 39.949316399999994], [116.3525462, 39.9488461], [116.3520383, 39.94884040000001], [116.3508014, 39.94862209999999], [116.3507858, 39.9486666], [116.35046790000001, 39.94960629999999], [116.35023120000001, 39.95009569999999], [116.34974389999999, 39.9504333], [116.34952460000001, 39.950605499999995], [116.3503379, 39.95064579999999], [116.3509612, 39.95068630000001], [116.3514322, 39.9507815], [116.3520834, 39.95086559999999]]]}}, {"type": "Feature", "id": "LU-0068", "properties": {"id": "LU-0068", "layer": "LAND_USE", "land_use_code": "16", "name_zh": "留白用地（干线限界预留）", "area_sqm": 2879.8, "classification_basis": "design_proposal", "evidence_share": 0.0, "source_type": "agent_generated_design", "confidence": "low", "geometry_role": "design_proposal", "source_id": "OSM-DERIVED-CORRIDOR-20260808", "usage_note": "codes are concept proposals except where classification_basis=osm_evidenced; no approved control-plan status is claimed"}, "geometry": {"type": "Polygon", "coordinates": [[[116.33238468370241, 39.985311708947094], [116.33235660000001, 39.9854794], [116.33208599999999, 39.98748119999999], [116.3320534, 39.9877958], [116.33198567171155, 39.989421280439245], [116.332028, 39.9894235], [116.3321222, 39.987725], [116.33214600000001, 39.9875382], [116.3321594, 39.987432899999995], [116.3322227, 39.98693599999999], [116.33225079999998, 39.9867154], [116.33226639999998, 39.9866269], [116.33233370000002, 39.98624509999999], [116.3323378, 39.986221699999994], [116.33245920000002, 39.985510699999985], [116.33252319999998, 39.9854601], [116.3326056, 39.9854393], [116.33263608942316, 39.98544020254693], [116.33263903865317, 39.98542083782388], [116.33265449662413, 39.985319159492164], [116.33238468370241, 39.985311708947094]]]}}, {"type": "Feature", "id": "LU-0069", "properties": {"id": "LU-0069", "layer": "LAND_USE", "land_use_code": "07", "name_zh": "居住用地", "area_sqm": 3173.0, "classification_basis": "design_proposal", "evidence_share": 0.0, "source_type": "agent_generated_design", "confidence": "low", "geometry_role": "design_proposal", "source_id": "OSM-DERIVED-CORRIDOR-20260808", "usage_note": "codes are concept proposals except where classification_basis=osm_evidenced; no approved control-plan status is claimed"}, "geometry": {"type": "Polygon", "coordinates": [[[116.33450837349649, 39.98528661633922], [116.33344909999998, 39.9852441], [116.3330942, 39.985331299999984], [116.33265449662413, 39.985319159492164], [116.33263903865317, 39.98542083782388], [116.33263608942316, 39.98544020254693], [116.33366649999999, 39.98547070000001], [116.33428430000001, 39.9854891], [116.3343849, 39.98545069999999], [116.3344996, 39.9854469], [116.3345037, 39.9853687], [116.33450837349649, 39.98528661633922]]]}}, {"type": "Feature", "id": "LU-0070", "properties": {"id": "LU-0070", "layer": "LAND_USE", "land_use_code": "07", "name_zh": "居住用地", "area_sqm": 3306.6, "classification_basis": "design_proposal", "evidence_share": 0.0, "source_type": "agent_generated_design", "confidence": "low", "geometry_role": "design_proposal", "source_id": "OSM-DERIVED-CORRIDOR-20260808", "usage_note": "codes are concept proposals except where classification_basis=osm_evidenced; no approved control-plan status is claimed"}, "geometry": {"type": "Polygon", "coordinates": [[[116.33450837349649, 39.98528661633922], [116.33451740444423, 39.98512799929779], [116.33243151753572, 39.985032056755564], [116.33240222316641, 39.98520697832854], [116.33344909999998, 39.9852441], [116.33450837349649, 39.98528661633922]]]}}, {"type": "Feature", "id": "LU-0071", "properties": {"id": "LU-0071", "layer": "LAND_USE", "land_use_code": "07", "name_zh": "居住用地", "area_sqm": 3205.1, "classification_basis": "design_proposal", "evidence_share": 0.0, "source_type": "agent_generated_design", "confidence": "low", "geometry_role": "design_proposal", "source_id": "OSM-DERIVED-CORRIDOR-20260808", "usage_note": "codes are concept proposals except where classification_basis=osm_evidenced; no approved control-plan status is claimed"}, "geometry": {"type": "Polygon", "coordinates": [[[116.33451740444423, 39.98512799929779], [116.33452657729167, 39.984966889122596], [116.33245920480364, 39.984869451840325], [116.33245510726366, 39.984891197864016], [116.33243151753572, 39.985032056755564], [116.33451740444423, 39.98512799929779]]]}}, {"type": "Feature", "id": "LU-0072", "properties": {"id": "LU-0072", "layer": "LAND_USE", "land_use_code": "07", "name_zh": "居住用地", "area_sqm": 3340.5, "classification_basis": "design_proposal", "evidence_share": 0.0, "source_type": "agent_generated_design", "confidence": "low", "geometry_role": "design_proposal", "source_id": "OSM-DERIVED-CORRIDOR-20260808", "usage_note": "codes are concept proposals except where classification_basis=osm_evidenced; no approved control-plan status is claimed"}, "geometry": {"type": "Polygon", "coordinates": [[[116.33452657729167, 39.984966889122596], [116.3345374, 39.984776800000006], [116.33453848854124, 39.984754255759405], [116.33412650000001, 39.984728399999995], [116.3333858, 39.9847654], [116.33248405046409, 39.984737593311564], [116.33245920480364, 39.984869451840325], [116.33452657729167, 39.984966889122596]]]}}, {"type": "Feature", "id": "LU-0073", "properties": {"id": "LU-0073", "layer": "LAND_USE", "land_use_code": "07", "name_zh": "居住用地", "area_sqm": 215.0, "classification_basis": "design_proposal", "evidence_share": 0.0, "source_type": "agent_generated_design", "confidence": "low", "geometry_role": "design_proposal", "source_id": "OSM-DERIVED-CORRIDOR-20260808", "usage_note": "codes are concept proposals except where classification_basis=osm_evidenced; no approved control-plan status is claimed"}, "geometry": {"type": "Polygon", "coordinates": [[[116.33453848854124, 39.984754255759405], [116.3345374, 39.984776800000006], [116.33452657729167, 39.984966889122596], [116.33463412552624, 39.984971956959775], [116.33464447505875, 39.98476090706845], [116.33453848854124, 39.984754255759405]]]}}, {"type": "Feature", "id": "LU-0074", "properties": {"id": "LU-0074", "layer": "LAND_USE", "land_use_code": "16", "name_zh": "留白用地（干线限界预留）", "area_sqm": 22458.1, "classification_basis": "design_proposal", "evidence_share": 0.0, "source_type": "agent_generated_design", "confidence": "low", "geometry_role": "design_proposal", "source_id": "OSM-DERIVED-CORRIDOR-20260808", "usage_note": "codes are concept proposals except where classification_basis=osm_evidenced; no approved control-plan status is claimed"}, "geometry": {"type": "Polygon", "coordinates": [[[116.33416619626328, 39.97521741759321], [116.3340975, 39.9755852], [116.33397620000001, 39.976246599999996], [116.3337189, 39.977669299999995], [116.33365924224199, 39.97802404822599], [116.3336589, 39.9780287], [116.3328203, 39.983136], [116.33278590000002, 39.98328660000001], [116.3326889, 39.98365880000001], [116.33262280000001, 39.9839329], [116.3325776, 39.9842032], [116.3325671, 39.98426599999999], [116.3325559, 39.984332099999996], [116.33252799999998, 39.98448539999998], [116.3325084, 39.98460159999999], [116.33249820000002, 39.9846625], [116.33248405046409, 39.984737593311564], [116.33274170217848, 39.98474553907483], [116.332745918152, 39.98471780700003], [116.33280778449098, 39.98433145391323], [116.33291867264691, 39.98366450912828], [116.33390508008503, 39.9781358339288], [116.3341414684985, 39.976972322959696], [116.33414236439114, 39.976967645369506], [116.3343840878675, 39.97562413289175], [116.33443721222193, 39.97533503657388], [116.334458294996, 39.975220403124105], [116.33416619626328, 39.97521741759321]]]}}, {"type": "Feature", "id": "LU-0075", "properties": {"id": "LU-0075", "layer": "LAND_USE", "land_use_code": "1401", "name_zh": "公园绿地", "area_sqm": 130828.1, "classification_basis": "osm_evidenced", "evidence_share": 0.709, "source_type": "osm", "confidence": "medium", "geometry_role": "existing_condition", "source_id": "OSM-DERIVED-CORRIDOR-20260808", "usage_note": "codes are concept proposals except where classification_basis=osm_evidenced; no approved control-plan status is claimed"}, "geometry": {"type": "Polygon", "coordinates": [[[116.3345412, 39.9846981], [116.33454320000001, 39.98462469999998], [116.33454499999999, 39.98458719999999], [116.33454619999999, 39.9845477], [116.33456960000001, 39.9837833], [116.33458090000002, 39.983414599999996], [116.33458910000002, 39.9831923], [116.3346033, 39.9825116], [116.3346016, 39.98246780000001], [116.33463, 39.98162899999999], [116.334631, 39.98161899999999], [116.3347371, 39.9806079], [116.33482970000001, 39.9797245], [116.33494710000001, 39.9786762], [116.33506289999998, 39.9779418], [116.33509109999999, 39.97781200000001], [116.33511510000001, 39.977745299999995], [116.33537700000001, 39.977121499999996], [116.3353997, 39.9770572], [116.33559090000001, 39.976586799999986], [116.3357195, 39.9763747], [116.33572980000001, 39.97636349999999], [116.33589990000002, 39.976179], [116.3364664, 39.9757778], [116.3366783, 39.9756361], [116.3369036, 39.97548549999999], [116.33713689999999, 39.975329499999994], [116.33722939999998, 39.9752668], [116.33727679153824, 39.9752376118473], [116.336838, 39.975238999999995], [116.33578949999999, 39.975234], [116.334458294996, 39.975220403124105], [116.33443721222193, 39.97533503657388], [116.3343840878675, 39.97562413289175], [116.33414236439114, 39.976967645369506], [116.3341414684985, 39.976972322959696], [116.33390508008503, 39.9781358339288], [116.33291867264691, 39.98366450912828], [116.33280778449098, 39.98433145391323], [116.332745918152, 39.98471780700003], [116.33274170217848, 39.98474553907483], [116.3333858, 39.9847654], [116.33412650000001, 39.984728399999995], [116.33453848854124, 39.984754255759405], [116.3345412, 39.9846981]]]}}, {"type": "Feature", "id": "LU-0076", "properties": {"id": "LU-0076", "layer": "LAND_USE", "land_use_code": "16", "name_zh": "留白用地（干线限界预留）", "area_sqm": 5319.9, "classification_basis": "design_proposal", "evidence_share": 0.0, "source_type": "agent_generated_design", "confidence": "low", "geometry_role": "design_proposal", "source_id": "OSM-DERIVED-CORRIDOR-20260808", "usage_note": "codes are concept proposals except where classification_basis=osm_evidenced; no approved control-plan status is claimed"}, "geometry": {"type": "Polygon", "coordinates": [[[116.3322337, 39.9894344], [116.332028, 39.9894235], [116.33198567171155, 39.989421280439245], [116.33198340000001, 39.9894758], [116.33192270000002, 39.9909307], [116.33190469109297, 39.99151530312419], [116.33216996286617, 39.99152217220942], [116.33217469585807, 39.99140133655282], [116.33225167727913, 39.98943486365759], [116.3322337, 39.9894344]]]}}, {"type": "Feature", "id": "LU-0077", "properties": {"id": "LU-0077", "layer": "LAND_USE", "land_use_code": "07", "name_zh": "居住用地", "area_sqm": 39660.0, "classification_basis": "design_proposal", "evidence_share": 0.0, "source_type": "agent_generated_design", "confidence": "low", "geometry_role": "design_proposal", "source_id": "OSM-DERIVED-CORRIDOR-20260808", "usage_note": "codes are concept proposals except where classification_basis=osm_evidenced; no approved control-plan status is claimed"}, "geometry": {"type": "Polygon", "coordinates": [[[116.33418310000002, 39.99149369999999], [116.33420720000001, 39.9909759], [116.33427169999999, 39.989591100000005], [116.3342761, 39.989483699999994], [116.33415559999999, 39.989481100000006], [116.3338017, 39.989475], [116.3324741, 39.98944060000001], [116.33225167727913, 39.98943486365759], [116.33217469585807, 39.99140133655282], [116.33216996286617, 39.99152217220942], [116.33267700000002, 39.9915353], [116.3330009, 39.9915426], [116.33360110000001, 39.99155629999999], [116.33397620000001, 39.9915649], [116.3341782, 39.99156949999999], [116.33418310000002, 39.99149369999999]], [[116.33364370000001, 39.9910215], [116.3337483, 39.9910215], [116.33372839999998, 39.9913154], [116.333628, 39.9913126], [116.33364370000001, 39.9910215]]]}}, {"type": "Feature", "id": "LU-0078", "properties": {"id": "LU-0078", "layer": "LAND_USE", "land_use_code": "07", "name_zh": "居住用地", "area_sqm": 6097.4, "classification_basis": "design_proposal", "evidence_share": 0.0, "source_type": "agent_generated_design", "confidence": "low", "geometry_role": "design_proposal", "source_id": "OSM-DERIVED-CORRIDOR-20260808", "usage_note": "codes are concept proposals except where classification_basis=osm_evidenced; no approved control-plan status is claimed"}, "geometry": {"type": "Polygon", "coordinates": [[[116.3342761, 39.989483699999994], [116.33427169999999, 39.989591100000005], [116.33420720000001, 39.9909759], [116.33418310000002, 39.99149369999999], [116.3341782, 39.99156949999999], [116.33427230000001, 39.991574199999995], [116.33427880000002, 39.9914978], [116.3342809, 39.99145149999999], [116.3343216, 39.9905719], [116.33436680000001, 39.989593199999995], [116.3344017, 39.98901540000001], [116.33451479999998, 39.9871438], [116.3346006, 39.9857245], [116.33460950000001, 39.98548399999999], [116.33460950000001, 39.98544319999999], [116.3344996, 39.9854469], [116.3344926, 39.985484], [116.33449090000002, 39.9855151], [116.3344396, 39.9864627], [116.3344266, 39.98670349999998], [116.3342761, 39.989483699999994]]]}}, {"type": "Feature", "id": "LU-0079", "properties": {"id": "LU-0079", "layer": "LAND_USE", "land_use_code": "16", "name_zh": "留白用地（干线限界预留）", "area_sqm": 6206.1, "classification_basis": "design_proposal", "evidence_share": 0.0, "source_type": "agent_generated_design", "confidence": "low", "geometry_role": "design_proposal", "source_id": "OSM-DERIVED-CORRIDOR-20260808", "usage_note": "codes are concept proposals except where classification_basis=osm_evidenced; no approved control-plan status is claimed"}, "geometry": {"type": "Polygon", "coordinates": [[[116.3323378, 39.986221699999994], [116.33233370000002, 39.98624509999999], [116.33226639999998, 39.9866269], [116.33225079999998, 39.9867154], [116.3322227, 39.98693599999999], [116.3321594, 39.987432899999995], [116.33214600000001, 39.9875382], [116.3321222, 39.987725], [116.332028, 39.9894235], [116.3322337, 39.9894344], [116.33225167727913, 39.98943486365759], [116.33231442301324, 39.98783193936565], [116.33233708998702, 39.98760967663573], [116.33245683065267, 39.98667221815306], [116.33251928265857, 39.98623955366819], [116.3323378, 39.986221699999994]]]}}, {"type": "Feature", "id": "LU-0080", "properties": {"id": "LU-0080", "layer": "LAND_USE", "land_use_code": "07", "name_zh": "居住用地", "area_sqm": 59941.0, "classification_basis": "osm_evidenced", "evidence_share": 0.29, "source_type": "osm", "confidence": "low", "geometry_role": "existing_condition", "source_id": "OSM-DERIVED-CORRIDOR-20260808", "usage_note": "codes are concept proposals except where classification_basis=osm_evidenced; no approved control-plan status is claimed"}, "geometry": {"type": "Polygon", "coordinates": [[[116.3344266, 39.98670349999998], [116.3344396, 39.9864627], [116.3343292, 39.9864601], [116.3342046, 39.986454499999994], [116.33412040000002, 39.98645069999999], [116.3339961, 39.986386399999994], [116.3334297, 39.98630699999998], [116.3330357, 39.9862517], [116.33291010000002, 39.986278], [116.33251928265857, 39.98623955366819], [116.33245683065267, 39.98667221815306], [116.33233708998702, 39.98760967663573], [116.33231442301324, 39.98783193936565], [116.33225167727913, 39.98943486365759], [116.3324741, 39.98944060000001], [116.3338017, 39.989475], [116.33415559999999, 39.989481100000006], [116.3342761, 39.989483699999994], [116.3344266, 39.98670349999998]]]}}, {"type": "Feature", "id": "LU-0081", "properties": {"id": "LU-0081", "layer": "LAND_USE", "land_use_code": "16", "name_zh": "留白用地（干线限界预留）", "area_sqm": 1273.9, "classification_basis": "design_proposal", "evidence_share": 0.0, "source_type": "agent_generated_design", "confidence": "low", "geometry_role": "design_proposal", "source_id": "OSM-DERIVED-CORRIDOR-20260808", "usage_note": "codes are concept proposals except where classification_basis=osm_evidenced; no approved control-plan status is claimed"}, "geometry": {"type": "Polygon", "coordinates": [[[116.3326056, 39.9854393], [116.33252319999998, 39.9854601], [116.33245920000002, 39.985510699999985], [116.3323378, 39.986221699999994], [116.33251928265857, 39.98623955366819], [116.33260876317934, 39.98561962684308], [116.33263608942316, 39.98544020254693], [116.3326056, 39.9854393]]]}}, {"type": "Feature", "id": "LU-0082", "properties": {"id": "LU-0082", "layer": "LAND_USE", "land_use_code": "1401", "name_zh": "公园绿地", "area_sqm": 15666.7, "classification_basis": "osm_evidenced", "evidence_share": 0.555, "source_type": "osm", "confidence": "medium", "geometry_role": "existing_condition", "source_id": "OSM-DERIVED-CORRIDOR-20260808", "usage_note": "codes are concept proposals except where classification_basis=osm_evidenced; no approved control-plan status is claimed"}, "geometry": {"type": "Polygon", "coordinates": [[[116.33449090000002, 39.9855151], [116.3344926, 39.985484], [116.3344996, 39.9854469], [116.3343849, 39.98545069999999], [116.33428430000001, 39.9854891], [116.33366649999999, 39.98547070000001], [116.33263608942316, 39.98544020254693], [116.33260876317934, 39.98561962684308], [116.33251928265857, 39.98623955366819], [116.33291010000002, 39.986278], [116.3330357, 39.9862517], [116.3334297, 39.98630699999998], [116.3339961, 39.986386399999994], [116.33412040000002, 39.98645069999999], [116.3342046, 39.986454499999994], [116.3343292, 39.9864601], [116.3344396, 39.9864627], [116.33449090000002, 39.9855151]]]}}, {"type": "Feature", "id": "LU-0083", "properties": {"id": "LU-0083", "layer": "LAND_USE", "land_use_code": "07", "name_zh": "居住用地", "area_sqm": 1118.3, "classification_basis": "design_proposal", "evidence_share": 0.0, "source_type": "agent_generated_design", "confidence": "low", "geometry_role": "design_proposal", "source_id": "OSM-DERIVED-CORRIDOR-20260808", "usage_note": "codes are concept proposals except where classification_basis=osm_evidenced; no approved control-plan status is claimed"}, "geometry": {"type": "Polygon", "coordinates": [[[116.35016317087702, 39.94219540035084], [116.35016534569037, 39.9422527267463], [116.35024610000002, 39.94232160000001], [116.3504756, 39.9424964], [116.3507667, 39.94266129999999], [116.3510816, 39.942793599999995], [116.3514984, 39.942920799999996], [116.35216090000002, 39.94312299999999], [116.3525924, 39.943200399999995], [116.35218130000001, 39.9430442], [116.35151310000002, 39.9428831], [116.3511008, 39.94276479999999], [116.35078389999998, 39.9426306], [116.35051509999998, 39.9424698], [116.3502849, 39.94230050000001], [116.35016317087702, 39.94219540035084]]]}}, {"type": "Feature", "id": "LU-0084", "properties": {"id": "LU-0084", "layer": "LAND_USE", "land_use_code": "07", "name_zh": "居住用地", "area_sqm": 2951.9, "classification_basis": "design_proposal", "evidence_share": 0.0, "source_type": "agent_generated_design", "confidence": "low", "geometry_role": "design_proposal", "source_id": "OSM-DERIVED-CORRIDOR-20260808", "usage_note": "codes are concept proposals except where classification_basis=osm_evidenced; no approved control-plan status is claimed"}, "geometry": {"type": "Polygon", "coordinates": [[[116.34952460000001, 39.950605499999995], [116.34974389999999, 39.9504333], [116.35023120000001, 39.95009569999999], [116.35046790000001, 39.94960629999999], [116.3507858, 39.9486666], [116.35067226665102, 39.948643968888256], [116.35060770000001, 39.9488875], [116.3502592, 39.949830299999995], [116.3499781, 39.9500657], [116.34967939799236, 39.95015034001266], [116.34961730000002, 39.9503473], [116.34960100000002, 39.9504024], [116.34952460000001, 39.950605499999995]]]}}, {"type": "Feature", "id": "LU-0085", "properties": {"id": "LU-0085", "layer": "LAND_USE", "land_use_code": "1401", "name_zh": "公园绿地", "area_sqm": 7070.2, "classification_basis": "osm_evidenced", "evidence_share": 0.512, "source_type": "osm", "confidence": "medium", "geometry_role": "existing_condition", "source_id": "OSM-DERIVED-CORRIDOR-20260808", "usage_note": "codes are concept proposals except where classification_basis=osm_evidenced; no approved control-plan status is claimed"}, "geometry": {"type": "Polygon", "coordinates": [[[116.35019190000001, 39.948537], [116.3504696, 39.94856239999999], [116.35068368026275, 39.94860091908265], [116.3508106, 39.94812219999999], [116.350691, 39.94762450000001], [116.3505782, 39.94722659999999], [116.3505536, 39.9468181], [116.35058408246582, 39.94670796616613], [116.3504645, 39.9467135], [116.3504237, 39.94671480000001], [116.3503858, 39.946715500000025], [116.35029489999998, 39.94671550000001], [116.3502778, 39.948070200000004], [116.3502271, 39.9483618], [116.35019190000001, 39.948537]]]}}, {"type": "Feature", "id": "LU-0086", "properties": {"id": "LU-0086", "layer": "LAND_USE", "land_use_code": "07", "name_zh": "居住用地", "area_sqm": 10233.6, "classification_basis": "design_proposal", "evidence_share": 0.0, "source_type": "agent_generated_design", "confidence": "low", "geometry_role": "design_proposal", "source_id": "OSM-DERIVED-CORRIDOR-20260808", "usage_note": "codes are concept proposals except where classification_basis=osm_evidenced; no approved control-plan status is claimed"}, "geometry": {"type": "Polygon", "coordinates": [[[116.3499328402741, 39.942632910283784], [116.3498317, 39.9426048], [116.3498099, 39.9425985], [116.34978840000001, 39.942591799999995], [116.3497684, 39.94258529999998], [116.34974789999998, 39.94257770000001], [116.34972779999998, 39.9425694], [116.3497071, 39.9425593], [116.34969243921564, 39.94255134962509], [116.3497051, 39.94257689999999], [116.3497312, 39.9426309], [116.3497465, 39.9426639], [116.3497618, 39.942696899999994], [116.3497721, 39.9427209], [116.3497815, 39.94274429999999], [116.3497906, 39.942767999999994], [116.349799, 39.94279170000001], [116.3498068, 39.94281660000001], [116.349814, 39.9428415], [116.3498203, 39.94286640000001], [116.34982589999998, 39.94289130000001], [116.3498325, 39.942924699999985], [116.34983810000001, 39.942958], [116.34984030000001, 39.9429744], [116.3498425, 39.9429909], [116.3498445, 39.94300779999999], [116.34984590000002, 39.943024599999994], [116.3498504, 39.94315530000001], [116.3498842, 39.94370159999999], [116.3498858, 39.94373220000001], [116.3498887, 39.94376280000001], [116.3498917, 39.9437935], [116.3498955, 39.9438246], [116.34989970000001, 39.9438551], [116.3499043, 39.943886199999994], [116.3499139, 39.9439477], [116.3499165, 39.9440181], [116.34991829999998, 39.9441904], [116.3499179, 39.9442453], [116.3499175, 39.9443001], [116.34991620000001, 39.94435969999999], [116.34991500000001, 39.944442099999996], [116.34990620000002, 39.94566059999999], [116.349906, 39.945849499999994], [116.3499181, 39.94621169999999], [116.34985340000001, 39.94779629999999], [116.34973850000002, 39.9484994], [116.34951380000001, 39.949312299999995], [116.3494444, 39.9495097], [116.3492217, 39.9501537], [116.349213, 39.9501784], [116.34920195356656, 39.950221402266735], [116.34938531778593, 39.95021923006956], [116.34958910000002, 39.9496015], [116.34981059999998, 39.948852699999996], [116.3499025, 39.948513999999996], [116.3499913, 39.9479312], [116.35002239999999, 39.947512100000004], [116.3500363, 39.9446897], [116.35003769999999, 39.944662199999996], [116.350039, 39.9446405], [116.35004040000001, 39.944617099999995], [116.35004249999999, 39.9445914], [116.3500444, 39.9445681], [116.35004630000002, 39.94454429999999], [116.3500481, 39.944518699999996], [116.35004990000002, 39.9444931], [116.35005120000001, 39.9444751], [116.35005200000002, 39.94445689999999], [116.3500529, 39.944440199999995], [116.3500538, 39.94442339999999], [116.3500541, 39.94441539999998], [116.35005449999998, 39.9444073], [116.3500546, 39.944399099999984], [116.35005480000001, 39.9443906], [116.3500549, 39.9443723], [116.35005470000002, 39.94435310000001], [116.35005449999998, 39.94432260000001], [116.3500537, 39.9442927], [116.35005240000001, 39.9442616], [116.35005120000001, 39.9442311], [116.35005000000001, 39.9442123], [116.35004880000001, 39.9441935], [116.35004760000001, 39.94417469999999], [116.35004640000001, 39.944155900000005], [116.35004480000002, 39.94413719999999], [116.3500432, 39.94411840000001], [116.35004160000001, 39.9440992], [116.35004000000002, 39.94408020000001], [116.3500387, 39.944064000000004], [116.35003710000001, 39.94404769999999], [116.35003409999999, 39.9440155], [116.35003079999998, 39.943982399999996], [116.35002750000001, 39.943949], [116.3500201, 39.9438783], [116.3500126, 39.943806499999994], [116.35000700000002, 39.943749899999986], [116.35000140000001, 39.94369329999999], [116.3499988, 39.943664299999995], [116.34999620000002, 39.9436358], [116.349994, 39.943607099999994], [116.34999149999999, 39.94357699999999], [116.3499886, 39.9435415], [116.34998570000002, 39.94350609999999], [116.34998240000002, 39.94347030000001], [116.3499807, 39.94345199999999], [116.349979, 39.9434345], [116.3499781, 39.943421999999984], [116.3499772, 39.943411399999995], [116.3499763, 39.943399799999995], [116.3499754, 39.9433874], [116.3499745, 39.9433757], [116.34997379999999, 39.94336379999999], [116.34997310000001, 39.9433524], [116.34997259999999, 39.9433403], [116.34994529999999, 39.94284720000001], [116.3499421, 39.94276700000001], [116.34993719999999, 39.9426856], [116.3499342, 39.9426459], [116.3499328402741, 39.942632910283784]]]}}, {"type": "Feature", "id": "LU-0087", "properties": {"id": "LU-0087", "layer": "LAND_USE", "land_use_code": "07", "name_zh": "居住用地", "area_sqm": 207.2, "classification_basis": "design_proposal", "evidence_share": 0.0, "source_type": "agent_generated_design", "confidence": "low", "geometry_role": "design_proposal", "source_id": "OSM-DERIVED-CORRIDOR-20260808", "usage_note": "codes are concept proposals except where classification_basis=osm_evidenced; no approved control-plan status is claimed"}, "geometry": {"type": "Polygon", "coordinates": [[[116.34969243921564, 39.94255134962509], [116.3497071, 39.9425593], [116.34972779999998, 39.9425694], [116.34974789999998, 39.94257770000001], [116.3497684, 39.94258529999998], [116.34978840000001, 39.942591799999995], [116.3498099, 39.9425985], [116.3498317, 39.9426048], [116.3499328402741, 39.942632910283784], [116.3499295, 39.942601], [116.3499245572601, 39.94255506159473], [116.34964178201926, 39.94245060259312], [116.34965450000001, 39.9424756], [116.34967110000001, 39.94250980000001], [116.34968849999998, 39.9425434], [116.34969243921564, 39.94255134962509]]]}}, {"type": "Feature", "id": "LU-0088", "properties": {"id": "LU-0088", "layer": "LAND_USE", "land_use_code": "16", "name_zh": "留白用地（干线限界预留）", "area_sqm": 55022.1, "classification_basis": "design_proposal", "evidence_share": 0.0, "source_type": "agent_generated_design", "confidence": "low", "geometry_role": "design_proposal", "source_id": "OSM-DERIVED-CORRIDOR-20260808", "usage_note": "codes are concept proposals except where classification_basis=osm_evidenced; no approved control-plan status is claimed"}, "geometry": {"type": "Polygon", "coordinates": [[[116.34550662775412, 39.94928806406557], [116.34555440000001, 39.94931499999999], [116.3456223, 39.94933499999999], [116.34573538354682, 39.949368421101866], [116.34582110112854, 39.94939375427699], [116.34588080965489, 39.9494114006265], [116.34597231726057, 39.94943844484761], [116.34613083419326, 39.94948529283073], [116.3462649668629, 39.94921923431121], [116.34627566251271, 39.94919455667402], [116.34628322488821, 39.9491692017291], [116.34628758388162, 39.94914340454379], [116.34633068182116, 39.94873560439859], [116.34633125738675, 39.948729224715], [116.34635115603493, 39.94846312464464], [116.34635130660153, 39.948460959760794], [116.34637550468757, 39.948084759673016], [116.34637588362618, 39.9480668204874], [116.34636998225689, 39.947798920494016], [116.34636990348524, 39.947796170523524], [116.34635322918572, 39.947323304347464], [116.34635312856369, 39.94698061974506], [116.34635401696852, 39.94661075157676], [116.34636199924293, 39.946403377277086], [116.34638437292766, 39.94612935517417], [116.34643005289466, 39.94576216211274], [116.34647181617548, 39.9455622901584], [116.34661065796882, 39.94504665258257], [116.34672036662134, 39.944692413993906], [116.34689858546452, 39.94419283924951], [116.34689916006944, 39.94419120857917], [116.34725008704652, 39.94318282824903], [116.34784127475659, 39.94157883942946], [116.34784903856186, 39.94155300764361], [116.3478534755978, 39.941526714485406], [116.34785454313712, 39.941500213172745], [116.34785223090269, 39.94147375892786], [116.34784656116645, 39.94144760651946], [116.34783758853479, 39.94142200780905], [116.34782539942242, 39.9413972093255], [116.34781011122011, 39.9413734498908], [116.347791871164, 39.941350958320136], [116.34777085491758, 39.941329951218314], [116.34774726487979, 39.94131063089376], [116.34772132823588, 39.94129318341033], [116.34769329476941, 39.94127777679533], [116.34766343445678, 39.94126455942146], [116.34763203486722, 39.94125365857797], [116.34759939839334, 39.94124517924481], [116.3475658393392, 39.94123920308168], [116.34753168089334, 39.94123578764161], [116.34749725201648, 39.94123496581673], [116.3474628842737, 39.94123674552156], [116.34742890864122, 39.94124110961674], [116.34739565231926, 39.941248016074084], [116.34736343558103, 39.94125739838136], [116.34733256868834, 39.94126916618278], [116.34730334890388, 39.94128320614914], [116.3472760576284, 39.94129938306921], [116.34725095769075, 39.941317541151804], [116.34722829081676, 39.94133750552618], [116.34720827530133, 39.941359083925946], [116.34719110390603, 39.94138206854075], [116.34717694200266, 39.94140623801746], [116.3471659259807, 39.941431359591924], [116.34657401876834, 39.94303725782971], [116.3465726452347, 39.94304109148744], [116.346221324631, 39.94405057440905], [116.34604181297082, 39.944553759229706], [116.34603885134958, 39.94456264952035], [116.34592654965836, 39.944925249179754], [116.34592428626675, 39.94493306947156], [116.3457827837613, 39.945458569036674], [116.34577993286123, 39.94547049786315], [116.34573513181095, 39.945684897722295], [116.34573227634108, 39.94570204632009], [116.34568497442834, 39.94608224616373], [116.34568406726771, 39.94609105279511], [116.34566096583222, 39.9463739527145], [116.34566042857081, 39.94638289746488], [116.34565212747096, 39.94659849743117], [116.34565197404015, 39.946605998930124], [116.34565107212917, 39.946979898912005], [116.3456510715325, 39.94698045947236], [116.3456511697609, 39.94732705945835], [116.34565129888865, 39.947334328383114], [116.34566804798855, 39.947809453582614], [116.34567371874152, 39.9480670040117], [116.34565016320097, 39.948433156506056], [116.34563058154818, 39.94869498176512], [116.34559195760598, 39.94906041317891], [116.34551193711785, 39.94921913472178], [116.34550662775412, 39.94928806406557]]]}}, {"type": "Feature", "id": "LU-0089", "properties": {"id": "LU-0089", "layer": "LAND_USE", "land_use_code": "07", "name_zh": "居住用地", "area_sqm": 280062.6, "classification_basis": "osm_evidenced", "evidence_share": 0.2, "source_type": "osm", "confidence": "low", "geometry_role": "existing_condition", "source_id": "OSM-DERIVED-CORRIDOR-20260808", "usage_note": "codes are concept proposals except where classification_basis=osm_evidenced; no approved control-plan status is claimed"}, "geometry": {"type": "Polygon", "coordinates": [[[116.349687, 39.9425484], [116.3496681, 39.9425375], [116.3496511, 39.9425264], [116.3496364, 39.942514900000006], [116.3496219, 39.94250209999999], [116.34960860000001, 39.9424893], [116.3495953, 39.94247560000001], [116.34958310000002, 39.94246199999999], [116.3495604, 39.942434600000006], [116.34954165112642, 39.942413613353175], [116.34887380000002, 39.94216690000001], [116.3484672, 39.9413067], [116.34853116438413, 39.94071159648771], [116.34814590000002, 39.9406275], [116.3481216, 39.940623599999995], [116.34805729999998, 39.94061129999999], [116.34802870000001, 39.94060679999999], [116.347995, 39.940602399999996], [116.3479878, 39.940601], [116.3479736, 39.940598599999994], [116.34796000000001, 39.9405966], [116.3479441, 39.9405944], [116.347919, 39.9405902], [116.347884, 39.9405849], [116.34782980000001, 39.940578800000004], [116.34774940000001, 39.9405764], [116.3476873, 39.940579899999996], [116.3476256, 39.9405893], [116.34756930000002, 39.9406007], [116.34750700000001, 39.94061990000001], [116.3474282, 39.9406523], [116.3473736, 39.9406899], [116.34734100000001, 39.9407189], [116.34729810000002, 39.9407699], [116.3472647, 39.940835099999994], [116.34723060000002, 39.9409073], [116.34719870000002, 39.9409749], [116.3471573, 39.94106260000001], [116.3471243, 39.94113230000001], [116.3470846, 39.9412164], [116.34696099999998, 39.94149620000001], [116.3468657, 39.9417495], [116.34677240000002, 39.9419921], [116.3465317, 39.94223129999999], [116.34644620347719, 39.94220891020751], [116.346379, 39.942351], [116.3462591, 39.94256399999999], [116.3460778, 39.94288790000001], [116.34596270000002, 39.9431678], [116.3453275, 39.94478839999999], [116.3452326, 39.945034], [116.3451594, 39.9452742], [116.3451114, 39.94561099999999], [116.3450934, 39.9459738], [116.3451062, 39.946233899999996], [116.3451513, 39.946495999999996], [116.34528289999999, 39.9473161], [116.34537409999999, 39.947841100000005], [116.3454673, 39.9483619], [116.3454978, 39.94852199999998], [116.3455153, 39.9486957], [116.34552100000002, 39.9490075], [116.3455167, 39.9491573], [116.34551193711785, 39.94921913472178], [116.34559195760598, 39.94906041317891], [116.34563058154818, 39.94869498176512], [116.34565016320097, 39.948433156506056], [116.34567371874152, 39.9480670040117], [116.34566804798855, 39.947809453582614], [116.34565129888865, 39.947334328383114], [116.3456511697609, 39.94732705945835], [116.3456510715325, 39.94698045947236], [116.34565107212917, 39.946979898912005], [116.34565197404015, 39.946605998930124], [116.34565212747096, 39.94659849743117], [116.34566042857081, 39.94638289746488], [116.34566096583222, 39.9463739527145], [116.34568406726771, 39.94609105279511], [116.34568497442834, 39.94608224616373], [116.34573227634108, 39.94570204632009], [116.34573513181095, 39.945684897722295], [116.34577993286123, 39.94547049786315], [116.3457827837613, 39.945458569036674], [116.34592428626675, 39.94493306947156], [116.34592654965836, 39.944925249179754], [116.34603885134958, 39.94456264952035], [116.34604181297082, 39.944553759229706], [116.346221324631, 39.94405057440905], [116.3465726452347, 39.94304109148744], [116.34657401876834, 39.94303725782971], [116.3471659259807, 39.941431359591924], [116.34717694200266, 39.94140623801746], [116.34719110390603, 39.94138206854075], [116.34720827530133, 39.941359083925946], [116.34722829081676, 39.94133750552618], [116.34725095769075, 39.941317541151804], [116.3472760576284, 39.94129938306921], [116.34730334890388, 39.94128320614914], [116.34733256868834, 39.94126916618278], [116.34736343558103, 39.94125739838136], [116.34739565231926, 39.941248016074084], [116.34742890864122, 39.94124110961674], [116.3474628842737, 39.94123674552156], [116.34749725201648, 39.94123496581673], [116.34753168089334, 39.94123578764161], [116.3475658393392, 39.94123920308168], [116.34759939839334, 39.94124517924481], [116.34763203486722, 39.94125365857797], [116.34766343445678, 39.94126455942146], [116.34769329476941, 39.94127777679533], [116.34772132823588, 39.94129318341033], [116.34774726487979, 39.94131063089376], [116.34777085491758, 39.941329951218314], [116.347791871164, 39.941350958320136], [116.34781011122011, 39.9413734498908], [116.34782539942242, 39.9413972093255], [116.34783758853479, 39.94142200780905], [116.34784656116645, 39.94144760651946], [116.34785223090269, 39.94147375892786], [116.34785454313712, 39.941500213172745], [116.3478534755978, 39.941526714485406], [116.34784903856186, 39.94155300764361], [116.34784127475659, 39.94157883942946], [116.34725008704652, 39.94318282824903], [116.34689916006944, 39.94419120857917], [116.34689858546452, 39.94419283924951], [116.34672036662134, 39.944692413993906], [116.34661065796882, 39.94504665258257], [116.34647181617548, 39.9455622901584], [116.34643005289466, 39.94576216211274], [116.34638437292766, 39.94612935517417], [116.34636199924293, 39.946403377277086], [116.34635401696852, 39.94661075157676], [116.34635312856369, 39.94698061974506], [116.34635322918572, 39.947323304347464], [116.34636990348524, 39.947796170523524], [116.34636998225689, 39.947798920494016], [116.34637588362618, 39.9480668204874], [116.34637550468757, 39.948084759673016], [116.34635130660153, 39.948460959760794], [116.34635115603493, 39.94846312464464], [116.34633125738675, 39.948729224715], [116.34633068182116, 39.94873560439859], [116.34628758388162, 39.94914340454379], [116.34628322488821, 39.9491692017291], [116.34627566251271, 39.94919455667402], [116.3462649668629, 39.94921923431121], [116.34613083419326, 39.94948529283073], [116.3461471, 39.949490100000006], [116.34764970000002, 39.949920999999996], [116.34889820000001, 39.950225], [116.34920195356656, 39.950221402266735], [116.349213, 39.9501784], [116.3492217, 39.9501537], [116.3494444, 39.9495097], [116.34951380000001, 39.949312299999995], [116.34973850000002, 39.9484994], [116.34985340000001, 39.94779629999999], [116.3499181, 39.94621169999999], [116.349906, 39.945849499999994], [116.34990620000002, 39.94566059999999], [116.34991500000001, 39.944442099999996], [116.34991620000001, 39.94435969999999], [116.3499175, 39.9443001], [116.3499179, 39.9442453], [116.34991829999998, 39.9441904], [116.3499165, 39.9440181], [116.3499139, 39.9439477], [116.3499043, 39.943886199999994], [116.34989970000001, 39.9438551], [116.3498955, 39.9438246], [116.3498917, 39.9437935], [116.3498887, 39.94376280000001], [116.3498858, 39.94373220000001], [116.3498842, 39.94370159999999], [116.3498504, 39.94315530000001], [116.34984590000002, 39.943024599999994], [116.3498445, 39.94300779999999], [116.3498425, 39.9429909], [116.34984030000001, 39.9429744], [116.34983810000001, 39.942958], [116.3498325, 39.942924699999985], [116.34982589999998, 39.94289130000001], [116.3498203, 39.94286640000001], [116.349814, 39.9428415], [116.3498068, 39.94281660000001], [116.349799, 39.94279170000001], [116.3497906, 39.942767999999994], [116.3497815, 39.94274429999999], [116.3497721, 39.9427209], [116.3497618, 39.942696899999994], [116.3497465, 39.9426639], [116.3497312, 39.9426309], [116.3497051, 39.94257689999999], [116.34969243921564, 39.94255134962509], [116.349687, 39.9425484]]]}}, {"type": "Feature", "id": "LU-0090", "properties": {"id": "LU-0090", "layer": "LAND_USE", "land_use_code": "07", "name_zh": "居住用地", "area_sqm": 5008.3, "classification_basis": "design_proposal", "evidence_share": 0.0, "source_type": "agent_generated_design", "confidence": "low", "geometry_role": "design_proposal", "source_id": "OSM-DERIVED-CORRIDOR-20260808", "usage_note": "codes are concept proposals except where classification_basis=osm_evidenced; no approved control-plan status is claimed"}, "geometry": {"type": "Polygon", "coordinates": [[[116.3385813, 39.9850134], [116.33794240000002, 39.98484590000001], [116.3378961, 39.98482619999999], [116.3377779, 39.984796599999996], [116.33675220000002, 39.98474699999999], [116.33479100000001, 39.9846345], [116.33464960000002, 39.98462889999999], [116.33464730000001, 39.98470330000001], [116.33464447505875, 39.98476090706845], [116.337459, 39.984937499999994], [116.3377852, 39.9849792], [116.3385813, 39.9850134]]]}}, {"type": "Feature", "id": "LU-0091", "properties": {"id": "LU-0091", "layer": "LAND_USE", "land_use_code": "07", "name_zh": "居住用地", "area_sqm": 2081.2, "classification_basis": "design_proposal", "evidence_share": 0.0, "source_type": "agent_generated_design", "confidence": "low", "geometry_role": "design_proposal", "source_id": "OSM-DERIVED-CORRIDOR-20260808", "usage_note": "codes are concept proposals except where classification_basis=osm_evidenced; no approved control-plan status is claimed"}, "geometry": {"type": "Polygon", "coordinates": [[[116.34550279999999, 39.9423976], [116.34527449999999, 39.94251959999998], [116.3448768, 39.9426801], [116.3441117, 39.9429147], [116.3439902, 39.94295199999999], [116.3440557, 39.9430706], [116.3441709, 39.9430371], [116.3450169, 39.942791], [116.3452388, 39.942704199999994], [116.34535159999999, 39.9426447], [116.345452, 39.94253820000001], [116.34550279999999, 39.9423976]]]}}, {"type": "Feature", "id": "LU-0092", "properties": {"id": "LU-0092", "layer": "LAND_USE", "land_use_code": "07", "name_zh": "居住用地", "area_sqm": 2670.9, "classification_basis": "design_proposal", "evidence_share": 0.0, "source_type": "agent_generated_design", "confidence": "low", "geometry_role": "design_proposal", "source_id": "OSM-DERIVED-CORRIDOR-20260808", "usage_note": "codes are concept proposals except where classification_basis=osm_evidenced; no approved control-plan status is claimed"}, "geometry": {"type": "Polygon", "coordinates": [[[116.3439902, 39.94295199999999], [116.3441117, 39.9429147], [116.3448768, 39.9426801], [116.34527449999999, 39.94251959999998], [116.3451843, 39.94249580000001], [116.34505669999999, 39.9424575], [116.34498830000001, 39.9424081], [116.34493969999998, 39.942310199999994], [116.34493400000001, 39.9422397], [116.34482050000001, 39.94235499999999], [116.34472999999998, 39.94243600000001], [116.34446679999999, 39.94258510000001], [116.34437830000002, 39.94262299999998], [116.34414430000001, 39.94272299999999], [116.3439172, 39.942819799999995], [116.3439902, 39.94295199999999]]]}}, {"type": "Feature", "id": "LU-0093", "properties": {"id": "LU-0093", "layer": "LAND_USE", "land_use_code": "07", "name_zh": "居住用地", "area_sqm": 200.3, "classification_basis": "design_proposal", "evidence_share": 0.0, "source_type": "agent_generated_design", "confidence": "low", "geometry_role": "design_proposal", "source_id": "OSM-DERIVED-CORRIDOR-20260808", "usage_note": "codes are concept proposals except where classification_basis=osm_evidenced; no approved control-plan status is claimed"}, "geometry": {"type": "Polygon", "coordinates": [[[116.34384900000002, 39.94299529999999], [116.3439902, 39.94295199999999], [116.3439172, 39.942819799999995], [116.34378210000001, 39.942868499999996], [116.34384900000002, 39.94299529999999]]]}}, {"type": "Feature", "id": "LU-0094", "properties": {"id": "LU-0094", "layer": "LAND_USE", "land_use_code": "07", "name_zh": "居住用地", "area_sqm": 1760.8, "classification_basis": "design_proposal", "evidence_share": 0.0, "source_type": "agent_generated_design", "confidence": "low", "geometry_role": "design_proposal", "source_id": "OSM-DERIVED-CORRIDOR-20260808", "usage_note": "codes are concept proposals except where classification_basis=osm_evidenced; no approved control-plan status is claimed"}, "geometry": {"type": "Polygon", "coordinates": [[[116.35071630000002, 39.94670099999998], [116.35065249999998, 39.9467048], [116.35058408246582, 39.94670796616613], [116.3505536, 39.9468181], [116.3505782, 39.94722659999999], [116.350691, 39.94762450000001], [116.3508106, 39.94812219999999], [116.35068368026275, 39.94860091908265], [116.3508014, 39.94862209999999], [116.3509126, 39.94812730000001], [116.350633, 39.94713689999999], [116.35071630000002, 39.94670099999998]]]}}, {"type": "Feature", "id": "LU-0095", "properties": {"id": "LU-0095", "layer": "LAND_USE", "land_use_code": "1401", "name_zh": "公园绿地", "area_sqm": 6790.8, "classification_basis": "osm_evidenced", "evidence_share": 0.462, "source_type": "osm", "confidence": "medium", "geometry_role": "existing_condition", "source_id": "OSM-DERIVED-CORRIDOR-20260808", "usage_note": "codes are concept proposals except where classification_basis=osm_evidenced; no approved control-plan status is claimed"}, "geometry": {"type": "Polygon", "coordinates": [[[116.35067226665102, 39.948643968888256], [116.35045470000001, 39.9486006], [116.35019190000001, 39.948537], [116.3499913, 39.949216199999995], [116.3497186, 39.950026], [116.34967939799236, 39.95015034001266], [116.3499781, 39.9500657], [116.3502592, 39.949830299999995], [116.35060770000001, 39.9488875], [116.35067226665102, 39.948643968888256]]]}}, {"type": "Feature", "id": "LU-0096", "properties": {"id": "LU-0096", "layer": "LAND_USE", "land_use_code": "1401", "name_zh": "公园绿地", "area_sqm": 7007.4, "classification_basis": "osm_evidenced", "evidence_share": 0.422, "source_type": "osm", "confidence": "medium", "geometry_role": "existing_condition", "source_id": "OSM-DERIVED-CORRIDOR-20260808", "usage_note": "codes are concept proposals except where classification_basis=osm_evidenced; no approved control-plan status is claimed"}, "geometry": {"type": "Polygon", "coordinates": [[[116.34743220000001, 39.956818600000005], [116.34741990000002, 39.9569604], [116.3474165, 39.957057500000005], [116.3473934, 39.95841660000001], [116.34754800000002, 39.9581113], [116.3482695, 39.95695939999999], [116.3482994, 39.9569117], [116.34838720000002, 39.95678839999999], [116.34743220000001, 39.956818600000005]]]}}, {"type": "Feature", "id": "LU-0097", "properties": {"id": "LU-0097", "layer": "LAND_USE", "land_use_code": "07", "name_zh": "居住用地", "area_sqm": 8993.8, "classification_basis": "design_proposal", "evidence_share": 0.0, "source_type": "agent_generated_design", "confidence": "low", "geometry_role": "design_proposal", "source_id": "OSM-DERIVED-CORRIDOR-20260808", "usage_note": "codes are concept proposals except where classification_basis=osm_evidenced; no approved control-plan status is claimed"}, "geometry": {"type": "Polygon", "coordinates": [[[116.34949906592131, 39.95020143831888], [116.34936379999999, 39.950615799999994], [116.3492859, 39.95094809999999], [116.34920059999999, 39.9513078], [116.34913349999998, 39.9518333], [116.3490723, 39.953105], [116.34904580000001, 39.953722], [116.34903850000002, 39.95389350000001], [116.3490214, 39.9542929], [116.3490159, 39.954785], [116.34894516148258, 39.95651732719023], [116.3490768, 39.956485799999996], [116.34907849999999, 39.95643830000001], [116.34908180000001, 39.9563444], [116.349087, 39.95611319999998], [116.3491435, 39.9548478], [116.3492085, 39.953897700000006], [116.34921500000002, 39.953725600000006], [116.34926240000001, 39.95247769999999], [116.3492889, 39.951835300000006], [116.3493103, 39.9516304], [116.34934199999998, 39.95132649999999], [116.34945590000001, 39.9508534], [116.34952460000001, 39.950605499999995], [116.34960100000002, 39.9504024], [116.34961730000002, 39.9503473], [116.34967939799236, 39.95015034001266], [116.34949906592131, 39.95020143831888]]]}}, {"type": "Feature", "id": "LU-0098", "properties": {"id": "LU-0098", "layer": "LAND_USE", "land_use_code": "16", "name_zh": "留白用地（干线限界预留）", "area_sqm": 14054.2, "classification_basis": "design_proposal", "evidence_share": 0.0, "source_type": "agent_generated_design", "confidence": "low", "geometry_role": "design_proposal", "source_id": "OSM-DERIVED-CORRIDOR-20260808", "usage_note": "codes are concept proposals except where classification_basis=osm_evidenced; no approved control-plan status is claimed"}, "geometry": {"type": "Polygon", "coordinates": [[[116.33117299999999, 39.9991046], [116.331225, 39.9991059], [116.33136725151716, 39.99910795086145], [116.33150480000002, 39.99538699999999], [116.3315728, 39.9938425], [116.33165100000001, 39.9922772], [116.33167642004301, 39.99159600130878], [116.3314939, 39.991592], [116.33146442201046, 39.99159135153778], [116.33140639561346, 39.99307236211536], [116.3312069695266, 39.99816266276796], [116.33120695600347, 39.998163015566746], [116.33117166437552, 39.999104586414575], [116.33117299999999, 39.9991046]]]}}, {"type": "Feature", "id": "LU-0099", "properties": {"id": "LU-0099", "layer": "LAND_USE", "land_use_code": "07", "name_zh": "居住用地", "area_sqm": 9386.1, "classification_basis": "design_proposal", "evidence_share": 0.0, "source_type": "agent_generated_design", "confidence": "low", "geometry_role": "design_proposal", "source_id": "OSM-DERIVED-CORRIDOR-20260808", "usage_note": "codes are concept proposals except where classification_basis=osm_evidenced; no approved control-plan status is claimed"}, "geometry": {"type": "Polygon", "coordinates": [[[116.33086399999999, 39.991659399999996], [116.33088169999999, 39.99171489999999], [116.3310794, 39.9923361], [116.33118380000002, 39.9926874], [116.33129630000002, 39.993065999999985], [116.33133650000002, 39.9932588], [116.331352, 39.99336650000001], [116.3313621, 39.993467700000004], [116.33136029999999, 39.9936198], [116.3313352, 39.9941338], [116.3312155, 39.9960896], [116.3311455, 39.997282299999995], [116.3311372, 39.99742249999999], [116.33113110000001, 39.99752419999999], [116.33112130000002, 39.997658], [116.3311044, 39.99788849999999], [116.3311042, 39.99794589999999], [116.33105159999998, 39.9989766], [116.33104519999999, 39.9991033], [116.33117166437552, 39.999104586414575], [116.33120695600347, 39.998163015566746], [116.3312069695266, 39.99816266276796], [116.33140639561346, 39.99307236211536], [116.33146442201046, 39.99159135153778], [116.3310439, 39.9915821], [116.3309458, 39.991579900000005], [116.3308435, 39.99157769999999], [116.33086399999999, 39.991659399999996]]]}}, {"type": "Feature", "id": "LU-0100", "properties": {"id": "LU-0100", "layer": "LAND_USE", "land_use_code": "07", "name_zh": "居住用地", "area_sqm": 609023.2, "classification_basis": "osm_evidenced", "evidence_share": 0.475, "source_type": "osm", "confidence": "medium", "geometry_role": "existing_condition", "source_id": "OSM-DERIVED-CORRIDOR-20260808", "usage_note": "codes are concept proposals except where classification_basis=osm_evidenced; no approved control-plan status is claimed"}, "geometry": {"type": "Polygon", "coordinates": [[[116.3461515, 40.0064562], [116.34607970000002, 40.006429900000015], [116.34596249999998, 40.006426000000005], [116.34496360000001, 40.00639269999999], [116.34472669999998, 40.00634769999999], [116.34470920000001, 40.0063477], [116.3445725, 40.00634769999999], [116.3431753, 40.0063478], [116.3426926, 40.0063478], [116.34194029999999, 40.006339499999996], [116.3416347, 40.006336100000006], [116.3415501, 40.006335199999995], [116.3406957, 40.00632579999999], [116.3399168, 40.006317300000006], [116.3390479, 40.00630040000001], [116.3384838, 40.006294200000006], [116.33815900000002, 40.006291899999994], [116.33802920000001, 40.006291000000004], [116.33678449999998, 40.00628209999999], [116.3367206, 40.006281599999994], [116.3356898, 40.00629429999999], [116.3356247, 40.00629510000001], [116.3355062, 40.0062966], [116.33557590000001, 40.006437599999984], [116.3362844, 40.00787119999999], [116.3363822, 40.008076599999995], [116.3364011, 40.0081164], [116.33664219999999, 40.008595199999995], [116.3369724, 40.0092371], [116.33699160000002, 40.0092745], [116.33714550000002, 40.00957359999999], [116.3371677, 40.00961739999999], [116.3377437, 40.01075070000001], [116.3377812, 40.01082439999998], [116.33790190000002, 40.0110616], [116.3382757, 40.01185540000001], [116.3387974, 40.0129635], [116.33913390000001, 40.0135429], [116.3391731, 40.0136089], [116.33924580000001, 40.01373149999999], [116.339443, 40.013735200000006], [116.3395373, 40.01373699999999], [116.3400609, 40.0137505], [116.3405114, 40.013773099999995], [116.3418892, 40.0137977], [116.34200510000001, 40.013800700000004], [116.34210989999998, 40.01380280000001], [116.34343380000001, 40.0138296], [116.34393540000002, 40.013844399999996], [116.34560780000001, 40.0138936], [116.34566540282961, 40.013897237297115], [116.34568790000002, 40.01362879999999], [116.34578486562806, 40.012471529108595], [116.34615600000001, 40.00804169999999], [116.34619017378354, 40.00711120602377], [116.346173, 40.007002699999994], [116.34617459999998, 40.0066128], [116.346168, 40.00656779999999], [116.3461515, 40.0064562]], [[116.3455953, 40.012748699999996], [116.3456059, 40.0126039], [116.3457001, 40.01261099999999], [116.34568730000001, 40.012750800000006], [116.3455953, 40.012748699999996]]]}}, {"type": "Feature", "id": "LU-0101", "properties": {"id": "LU-0101", "layer": "LAND_USE", "land_use_code": "07", "name_zh": "居住用地", "area_sqm": 2376.5, "classification_basis": "design_proposal", "evidence_share": 0.0, "source_type": "agent_generated_design", "confidence": "low", "geometry_role": "design_proposal", "source_id": "OSM-DERIVED-CORRIDOR-20260808", "usage_note": "codes are concept proposals except where classification_basis=osm_evidenced; no approved control-plan status is claimed"}, "geometry": {"type": "Polygon", "coordinates": [[[116.3425507, 39.9994916], [116.3391322, 39.99939019999999], [116.33767010000001, 39.999349599999995], [116.3373111, 39.99933959999999], [116.336192, 39.999310300000005], [116.3345949, 39.9992685], [116.3340725, 39.999254799999996], [116.33393209999998, 39.999251099999995], [116.33393930974263, 39.999302993908806], [116.33425300000002, 39.999309000000004], [116.33434729999999, 39.99931120000001], [116.3425507, 39.9994916]]]}}, {"type": "Feature", "id": "LU-0102", "properties": {"id": "LU-0102", "layer": "LAND_USE", "land_use_code": "07", "name_zh": "居住用地", "area_sqm": 9424.9, "classification_basis": "design_proposal", "evidence_share": 0.0, "source_type": "agent_generated_design", "confidence": "low", "geometry_role": "design_proposal", "source_id": "OSM-DERIVED-CORRIDOR-20260808", "usage_note": "codes are concept proposals except where classification_basis=osm_evidenced; no approved control-plan status is claimed"}, "geometry": {"type": "Polygon", "coordinates": [[[116.34259430000002, 39.99949269999999], [116.3425507, 39.9994916], [116.33434729999999, 39.99931120000001], [116.33448200000001, 39.9993338], [116.3386276, 39.9994753], [116.3438562052214, 39.9996536806444], [116.34455170000001, 39.99966390000001], [116.3461651, 39.9996874], [116.3462768, 39.999688500000005], [116.346281230757, 39.99958901699823], [116.3457492, 39.999573799999986], [116.34267260000001, 39.9994946], [116.34259430000002, 39.99949269999999]]]}}, {"type": "Feature", "id": "LU-0103", "properties": {"id": "LU-0103", "layer": "LAND_USE", "land_use_code": "07", "name_zh": "居住用地", "area_sqm": 1855.4, "classification_basis": "design_proposal", "evidence_share": 0.0, "source_type": "agent_generated_design", "confidence": "low", "geometry_role": "design_proposal", "source_id": "OSM-DERIVED-CORRIDOR-20260808", "usage_note": "codes are concept proposals except where classification_basis=osm_evidenced; no approved control-plan status is claimed"}, "geometry": {"type": "Polygon", "coordinates": [[[116.3341584, 39.9916531], [116.3341782, 39.99156949999999], [116.33397620000001, 39.9915649], [116.33360110000001, 39.99155629999999], [116.3330009, 39.9915426], [116.33267700000002, 39.9915353], [116.33190469109297, 39.99151530312419], [116.33190204684838, 39.99160113926199], [116.3319127, 39.9916014], [116.3325185, 39.9916197], [116.3341584, 39.9916531]]]}}, {"type": "Feature", "id": "LU-0104", "properties": {"id": "LU-0104", "layer": "LAND_USE", "land_use_code": "07", "name_zh": "居住用地", "area_sqm": 849.4, "classification_basis": "design_proposal", "evidence_share": 0.0, "source_type": "agent_generated_design", "confidence": "low", "geometry_role": "design_proposal", "source_id": "OSM-DERIVED-CORRIDOR-20260808", "usage_note": "codes are concept proposals except where classification_basis=osm_evidenced; no approved control-plan status is claimed"}, "geometry": {"type": "Polygon", "coordinates": [[[116.33238468370241, 39.985311708947094], [116.3330942, 39.985331299999984], [116.33344909999998, 39.9852441], [116.33240222316641, 39.98520697832854], [116.33238468370241, 39.985311708947094]]]}}, {"type": "Feature", "id": "LU-0105", "properties": {"id": "LU-0105", "layer": "LAND_USE", "land_use_code": "16", "name_zh": "留白用地（干线限界预留）", "area_sqm": 2267.5, "classification_basis": "design_proposal", "evidence_share": 0.0, "source_type": "agent_generated_design", "confidence": "low", "geometry_role": "design_proposal", "source_id": "OSM-DERIVED-CORRIDOR-20260808", "usage_note": "codes are concept proposals except where classification_basis=osm_evidenced; no approved control-plan status is claimed"}, "geometry": {"type": "Polygon", "coordinates": [[[116.3323759166637, 39.98531146684576], [116.33236240000001, 39.985383199999994], [116.3323133, 39.98563560000001], [116.3322448, 39.985988299999995], [116.3321642, 39.9864885], [116.33209100000002, 39.98695140000001], [116.33201969999999, 39.987498], [116.33198930000002, 39.987753000000005], [116.3319697, 39.9880842], [116.33191612126771, 39.98941763340141], [116.33198567171155, 39.989421280439245], [116.3320534, 39.9877958], [116.33208599999999, 39.98748119999999], [116.33235660000001, 39.9854794], [116.33238468370241, 39.985311708947094], [116.3323759166637, 39.98531146684576]]]}}, {"type": "Feature", "id": "LU-0106", "properties": {"id": "LU-0106", "layer": "LAND_USE", "land_use_code": "16", "name_zh": "留白用地（干线限界预留）", "area_sqm": 1117.0, "classification_basis": "design_proposal", "evidence_share": 0.0, "source_type": "agent_generated_design", "confidence": "low", "geometry_role": "design_proposal", "source_id": "OSM-DERIVED-CORRIDOR-20260808", "usage_note": "codes are concept proposals except where classification_basis=osm_evidenced; no approved control-plan status is claimed"}, "geometry": {"type": "Polygon", "coordinates": [[[116.33230590164236, 39.98530953336066], [116.33229714724168, 39.98534370449538], [116.3322902, 39.98538939999999], [116.3322598, 39.98558899999999], [116.33210750000002, 39.98664409999999], [116.3319872, 39.9875859], [116.33196360000001, 39.98781730000001], [116.33190097859901, 39.989416839355094], [116.33191612126771, 39.98941763340141], [116.3319697, 39.9880842], [116.33198930000002, 39.987753000000005], [116.33201969999999, 39.987498], [116.33209100000002, 39.98695140000001], [116.3321642, 39.9864885], [116.3322448, 39.985988299999995], [116.3323133, 39.98563560000001], [116.33236240000001, 39.985383199999994], [116.3323759166637, 39.98531146684576], [116.33230590164236, 39.98530953336066]]]}}, {"type": "Feature", "id": "LU-0107", "properties": {"id": "LU-0107", "layer": "LAND_USE", "land_use_code": "16", "name_zh": "留白用地（干线限界预留）", "area_sqm": 1096.0, "classification_basis": "design_proposal", "evidence_share": 0.0, "source_type": "agent_generated_design", "confidence": "low", "geometry_role": "design_proposal", "source_id": "OSM-DERIVED-CORRIDOR-20260808", "usage_note": "codes are concept proposals except where classification_basis=osm_evidenced; no approved control-plan status is claimed"}, "geometry": {"type": "Polygon", "coordinates": [[[116.33206536320155, 39.985302890499014], [116.33204360000002, 39.98543420000001], [116.331978, 39.985879], [116.33196260792666, 39.9860143285492], [116.3320409, 39.98592880000001], [116.33213970000001, 39.9857738], [116.3322227, 39.98559209999999], [116.33227860000001, 39.9854161], [116.33229714724168, 39.98534370449538], [116.3323023572691, 39.98530943548065], [116.33206536320155, 39.985302890499014]]]}}, {"type": "Feature", "id": "LU-0108", "properties": {"id": "LU-0108", "layer": "LAND_USE", "land_use_code": "1401", "name_zh": "公园绿地", "area_sqm": 239.3, "classification_basis": "osm_evidenced", "evidence_share": 0.36, "source_type": "osm", "confidence": "medium", "geometry_role": "existing_condition", "source_id": "OSM-DERIVED-CORRIDOR-20260808", "usage_note": "codes are concept proposals except where classification_basis=osm_evidenced; no approved control-plan status is claimed"}, "geometry": {"type": "Polygon", "coordinates": [[[116.33206536320155, 39.985302890499014], [116.3323023572691, 39.98530943548065], [116.33231838615043, 39.985204005104], [116.3320831351989, 39.985195661758894], [116.33206536320155, 39.985302890499014]]]}}, {"type": "Feature", "id": "LU-0109", "properties": {"id": "LU-0109", "layer": "LAND_USE", "land_use_code": "07", "name_zh": "居住用地", "area_sqm": 245.0, "classification_basis": "design_proposal", "evidence_share": 0.0, "source_type": "agent_generated_design", "confidence": "low", "geometry_role": "design_proposal", "source_id": "OSM-DERIVED-CORRIDOR-20260808", "usage_note": "codes are concept proposals except where classification_basis=osm_evidenced; no approved control-plan status is claimed"}, "geometry": {"type": "Polygon", "coordinates": [[[116.33206536320155, 39.985302890499014], [116.33203199218083, 39.985301968864285], [116.3320108, 39.985430699999995], [116.331941, 39.9858773], [116.33192242765037, 39.986053572897305], [116.3319392, 39.98603990000001], [116.33196260792666, 39.9860143285492], [116.331978, 39.985879], [116.33204360000002, 39.98543420000001], [116.33206536320155, 39.985302890499014]]]}}, {"type": "Feature", "id": "LU-0110", "properties": {"id": "LU-0110", "layer": "LAND_USE", "land_use_code": "16", "name_zh": "留白用地（干线限界预留）", "area_sqm": 4108.7, "classification_basis": "design_proposal", "evidence_share": 0.0, "source_type": "agent_generated_design", "confidence": "low", "geometry_role": "design_proposal", "source_id": "OSM-DERIVED-CORRIDOR-20260808", "usage_note": "codes are concept proposals except where classification_basis=osm_evidenced; no approved control-plan status is claimed"}, "geometry": {"type": "Polygon", "coordinates": [[[116.33149769999999, 39.99150519999999], [116.33167964808358, 39.991509673805176], [116.3317009, 39.99094169999999], [116.33171360000001, 39.9903828], [116.33175462185702, 39.98941201476605], [116.3315500892478, 39.989403688620484], [116.33147250415719, 39.99138506449923], [116.33146782530973, 39.99150448661134], [116.33149769999999, 39.99150519999999]]]}}, {"type": "Feature", "id": "LU-0111", "properties": {"id": "LU-0111", "layer": "LAND_USE", "land_use_code": "16", "name_zh": "留白用地（潜力用地候选）", "area_sqm": 9219.1, "classification_basis": "osm_evidenced", "evidence_share": 0.347, "source_type": "osm", "confidence": "low", "geometry_role": "existing_condition", "source_id": "OSM-DERIVED-CORRIDOR-20260808", "usage_note": "codes are concept proposals except where classification_basis=osm_evidenced; no approved control-plan status is claimed"}, "geometry": {"type": "Polygon", "coordinates": [[[116.33093660000002, 39.9914918], [116.33146782530973, 39.99150448661134], [116.33147250415719, 39.99138506449923], [116.3315500892478, 39.989403688620484], [116.3313514, 39.98939560000001], [116.3312827, 39.98939279999999], [116.33084269999999, 39.9913526], [116.33083610000001, 39.9913819], [116.33082800000001, 39.991417899999995], [116.33081489999998, 39.991488899999986], [116.33093660000002, 39.9914918]]]}}, {"type": "Feature", "id": "LU-0112", "properties": {"id": "LU-0112", "layer": "LAND_USE", "land_use_code": "16", "name_zh": "留白用地（干线限界预留）", "area_sqm": 867.4, "classification_basis": "design_proposal", "evidence_share": 0.0, "source_type": "agent_generated_design", "confidence": "low", "geometry_role": "design_proposal", "source_id": "OSM-DERIVED-CORRIDOR-20260808", "usage_note": "codes are concept proposals except where classification_basis=osm_evidenced; no approved control-plan status is claimed"}, "geometry": {"type": "Polygon", "coordinates": [[[116.33172594472887, 39.99151081211814], [116.3317436, 39.99094259999999], [116.331757, 39.99038279999999], [116.33179792273059, 39.98941377741829], [116.33175462185702, 39.98941201476605], [116.33171360000001, 39.9903828], [116.3317009, 39.99094169999999], [116.33167964808358, 39.991509673805176], [116.33172594472887, 39.99151081211814]]]}}, {"type": "Feature", "id": "LU-0113", "properties": {"id": "LU-0113", "layer": "LAND_USE", "land_use_code": "16", "name_zh": "留白用地（干线限界预留）", "area_sqm": 2016.1, "classification_basis": "design_proposal", "evidence_share": 0.0, "source_type": "agent_generated_design", "confidence": "low", "geometry_role": "design_proposal", "source_id": "OSM-DERIVED-CORRIDOR-20260808", "usage_note": "codes are concept proposals except where classification_basis=osm_evidenced; no approved control-plan status is claimed"}, "geometry": {"type": "Polygon", "coordinates": [[[116.33181890313449, 39.99151309766534], [116.3318236, 39.991393200000005], [116.33190097859901, 39.989416839355094], [116.3318926, 39.98941639999999], [116.3318255, 39.98941489999999], [116.33179792273059, 39.98941377741829], [116.331757, 39.99038279999999], [116.3317436, 39.99094259999999], [116.33172594472887, 39.99151081211814], [116.33181890313449, 39.99151309766534]]]}}, {"type": "Feature", "id": "LU-0114", "properties": {"id": "LU-0114", "layer": "LAND_USE", "land_use_code": "1401", "name_zh": "公园绿地", "area_sqm": 279.9, "classification_basis": "osm_evidenced", "evidence_share": 0.4, "source_type": "osm", "confidence": "medium", "geometry_role": "existing_condition", "source_id": "OSM-DERIVED-CORRIDOR-20260808", "usage_note": "codes are concept proposals except where classification_basis=osm_evidenced; no approved control-plan status is claimed"}, "geometry": {"type": "Polygon", "coordinates": [[[116.33181890313449, 39.99151309766534], [116.3318312, 39.9915134], [116.33183489999999, 39.99143889999999], [116.33191612126771, 39.98941763340141], [116.33190097859901, 39.989416839355094], [116.3318236, 39.991393200000005], [116.33181890313449, 39.99151309766534]]]}}, {"type": "Feature", "id": "LU-0115", "properties": {"id": "LU-0115", "layer": "LAND_USE", "land_use_code": "16", "name_zh": "留白用地（干线限界预留）", "area_sqm": 1370.7, "classification_basis": "design_proposal", "evidence_share": 0.0, "source_type": "agent_generated_design", "confidence": "low", "geometry_role": "design_proposal", "source_id": "OSM-DERIVED-CORRIDOR-20260808", "usage_note": "codes are concept proposals except where classification_basis=osm_evidenced; no approved control-plan status is claimed"}, "geometry": {"type": "Polygon", "coordinates": [[[116.33190469109297, 39.99151530312419], [116.33192270000002, 39.9909307], [116.33198340000001, 39.9894758], [116.33198567171155, 39.989421280439245], [116.33191612126771, 39.98941763340141], [116.33183489999999, 39.99143889999999], [116.3318312, 39.9915134], [116.33190469109297, 39.99151530312419]]]}}, {"type": "Feature", "id": "LU-0116", "properties": {"id": "LU-0116", "layer": "LAND_USE", "land_use_code": "07", "name_zh": "居住用地", "area_sqm": 4673.8, "classification_basis": "design_proposal", "evidence_share": 0.0, "source_type": "agent_generated_design", "confidence": "low", "geometry_role": "design_proposal", "source_id": "OSM-DERIVED-CORRIDOR-20260808", "usage_note": "codes are concept proposals except where classification_basis=osm_evidenced; no approved control-plan status is claimed"}, "geometry": {"type": "Polygon", "coordinates": [[[116.33460950000001, 39.98544319999999], [116.33473370000002, 39.985442799999994], [116.3347852, 39.9854436], [116.3349131, 39.9854423], [116.33535170000002, 39.9854554], [116.3357762, 39.98546829999999], [116.33723680000001, 39.9855124], [116.3381592, 39.9855454], [116.33822330000001, 39.98554769999999], [116.33842180000002, 39.9855235], [116.3389635, 39.98547349999999], [116.33811989999998, 39.98543149999999], [116.33461847833138, 39.98529103508778], [116.3346144, 39.98537420000001], [116.33461340000001, 39.98539499999999], [116.33460950000001, 39.98544319999999]]]}}, {"type": "Feature", "id": "LU-0117", "properties": {"id": "LU-0117", "layer": "LAND_USE", "land_use_code": "16", "name_zh": "留白用地（干线限界预留）", "area_sqm": 671.9, "classification_basis": "design_proposal", "evidence_share": 0.0, "source_type": "agent_generated_design", "confidence": "low", "geometry_role": "design_proposal", "source_id": "OSM-DERIVED-CORRIDOR-20260808", "usage_note": "codes are concept proposals except where classification_basis=osm_evidenced; no approved control-plan status is claimed"}, "geometry": {"type": "Polygon", "coordinates": [[[116.31927661617087, 40.01859059524058], [116.3193497, 40.018404399999994], [116.3195497, 40.0179895], [116.3197695, 40.0176449], [116.3201155, 40.0171899], [116.3204602, 40.01681], [116.32090020000001, 40.01640939999999], [116.32117199999999, 40.0161656], [116.32132530388354, 40.01602807503405], [116.3213107938468, 40.01601844045983], [116.32115690000002, 40.0161561], [116.32088700000001, 40.0163976], [116.32045020000001, 40.0168011], [116.3200935, 40.01718209999999], [116.31974629999999, 40.0176339], [116.3195265, 40.01797809999999], [116.3193219, 40.018396599999996], [116.31924333124556, 40.01858124711899], [116.31927661617087, 40.01859059524058]]]}}, {"type": "Feature", "id": "LU-0118", "properties": {"id": "LU-0118", "layer": "LAND_USE", "land_use_code": "16", "name_zh": "留白用地（干线限界预留）", "area_sqm": 5670.9, "classification_basis": "design_proposal", "evidence_share": 0.0, "source_type": "agent_generated_design", "confidence": "low", "geometry_role": "design_proposal", "source_id": "OSM-DERIVED-CORRIDOR-20260808", "usage_note": "codes are concept proposals except where classification_basis=osm_evidenced; no approved control-plan status is claimed"}, "geometry": {"type": "Polygon", "coordinates": [[[116.3194687554894, 40.01864455762229], [116.3194875, 40.0185988], [116.31966730000002, 40.01824149999999], [116.3197755, 40.0180539], [116.3199768, 40.0177172], [116.3201899, 40.0174117], [116.32040160000001, 40.01714779999999], [116.3206686, 40.016841], [116.32114500000002, 40.01636700000001], [116.3212513, 40.01626129999999], [116.32130730000002, 40.01621129999999], [116.32142946442342, 40.01610237221586], [116.32138979999999, 40.016070899999995], [116.32132530388354, 40.01602807503405], [116.32117199999999, 40.0161656], [116.32090020000001, 40.01640939999999], [116.3204602, 40.01681], [116.3201155, 40.0171899], [116.3197695, 40.0176449], [116.3195497, 40.0179895], [116.3193497, 40.018404399999994], [116.31927661617087, 40.01859059524058], [116.3194687554894, 40.01864455762229]]]}}, {"type": "Feature", "id": "LU-0119", "properties": {"id": "LU-0119", "layer": "LAND_USE", "land_use_code": "07", "name_zh": "居住用地", "area_sqm": 264.4, "classification_basis": "design_proposal", "evidence_share": 0.0, "source_type": "agent_generated_design", "confidence": "low", "geometry_role": "design_proposal", "source_id": "OSM-DERIVED-CORRIDOR-20260808", "usage_note": "codes are concept proposals except where classification_basis=osm_evidenced; no approved control-plan status is claimed"}, "geometry": {"type": "Polygon", "coordinates": [[[116.3194687554894, 40.01864455762229], [116.31927661617087, 40.01859059524058], [116.31922482104348, 40.01872255272484], [116.31941537823145, 40.01877485761867], [116.3194687554894, 40.01864455762229]]]}}, {"type": "Feature", "id": "LU-0120", "properties": {"id": "LU-0120", "layer": "LAND_USE", "land_use_code": "16", "name_zh": "留白用地（干线限界预留）", "area_sqm": 1556.3, "classification_basis": "design_proposal", "evidence_share": 0.0, "source_type": "agent_generated_design", "confidence": "low", "geometry_role": "design_proposal", "source_id": "OSM-DERIVED-CORRIDOR-20260808", "usage_note": "codes are concept proposals except where classification_basis=osm_evidenced; no approved control-plan status is claimed"}, "geometry": {"type": "Polygon", "coordinates": [[[116.31952520697806, 40.01866041196224], [116.3195424, 40.018619799999996], [116.31972190000002, 40.018258], [116.3198976, 40.0179419], [116.3201013, 40.017625800000005], [116.32021399999999, 40.01746299999999], [116.32042890000001, 40.0171921], [116.3206034, 40.0169825], [116.32081479999998, 40.0167589], [116.3212937, 40.0162933], [116.32147327131807, 40.016137131276345], [116.32142946442342, 40.01610237221586], [116.32130730000002, 40.01621129999999], [116.3212513, 40.01626129999999], [116.32114500000002, 40.01636700000001], [116.3206686, 40.016841], [116.32040160000001, 40.01714779999999], [116.3201899, 40.0174117], [116.3199768, 40.0177172], [116.3197755, 40.0180539], [116.31966730000002, 40.01824149999999], [116.3194875, 40.0185988], [116.3194687554894, 40.01864455762229], [116.31952520697806, 40.01866041196224]]]}}, {"type": "Feature", "id": "LU-0121", "properties": {"id": "LU-0121", "layer": "LAND_USE", "land_use_code": "16", "name_zh": "留白用地（干线限界预留）", "area_sqm": 8122.0, "classification_basis": "design_proposal", "evidence_share": 0.0, "source_type": "agent_generated_design", "confidence": "low", "geometry_role": "design_proposal", "source_id": "OSM-DERIVED-CORRIDOR-20260808", "usage_note": "codes are concept proposals except where classification_basis=osm_evidenced; no approved control-plan status is claimed"}, "geometry": {"type": "Polygon", "coordinates": [[[116.31979915541733, 40.01873734959353], [116.31981928176563, 40.01868821816931], [116.31999196061597, 40.01834506612324], [116.32009576418552, 40.01816508730562], [116.32029156584409, 40.01783758148535], [116.3204945469511, 40.01754658605693], [116.32069725765109, 40.01729389052832], [116.32095397013617, 40.01699891013456], [116.32142300593758, 40.016532235322835], [116.32152360643957, 40.016432202265975], [116.32157348409122, 40.01638766849295], [116.3216421512906, 40.01632644130659], [116.32157380000001, 40.01622209999999], [116.3215152, 40.0161704], [116.32147327131807, 40.016137131276345], [116.3212937, 40.0162933], [116.32081479999998, 40.0167589], [116.3206034, 40.0169825], [116.32042890000001, 40.0171921], [116.32021399999999, 40.01746299999999], [116.3201013, 40.017625800000005], [116.3198976, 40.0179419], [116.31972190000002, 40.018258], [116.3195424, 40.018619799999996], [116.31952520697806, 40.01866041196224], [116.31979915541733, 40.01873734959353]]]}}, {"type": "Feature", "id": "LU-0122", "properties": {"id": "LU-0122", "layer": "LAND_USE", "land_use_code": "1401", "name_zh": "公园绿地", "area_sqm": 27053.1, "classification_basis": "osm_evidenced", "evidence_share": 0.529, "source_type": "osm", "confidence": "medium", "geometry_role": "existing_condition", "source_id": "OSM-DERIVED-CORRIDOR-20260808", "usage_note": "codes are concept proposals except where classification_basis=osm_evidenced; no approved control-plan status is claimed"}, "geometry": {"type": "Polygon", "coordinates": [[[116.32072940000002, 40.0189986], [116.3209707000732, 40.01907974515655], [116.32129070000002, 40.01857219999999], [116.32170880000001, 40.0179123], [116.32190222959514, 40.01759543355946], [116.3218637, 40.0173914], [116.3218336, 40.01722000000001], [116.3217788, 40.0169111], [116.32166610000002, 40.01636299999999], [116.3216421512906, 40.01632644130659], [116.32157348409122, 40.01638766849295], [116.32152360643957, 40.016432202265975], [116.32142300593758, 40.016532235322835], [116.32095397013617, 40.01699891013456], [116.32069725765109, 40.01729389052832], [116.3204945469511, 40.01754658605693], [116.32029156584409, 40.01783758148535], [116.32009576418552, 40.01816508730562], [116.31999196061597, 40.01834506612324], [116.31981928176563, 40.01868821816931], [116.31979915541733, 40.01873734959353], [116.32072940000002, 40.0189986]]]}}, {"type": "Feature", "id": "LU-0123", "properties": {"id": "LU-0123", "layer": "LAND_USE", "land_use_code": "07", "name_zh": "居住用地", "area_sqm": 1944.3, "classification_basis": "design_proposal", "evidence_share": 0.0, "source_type": "agent_generated_design", "confidence": "low", "geometry_role": "design_proposal", "source_id": "OSM-DERIVED-CORRIDOR-20260808", "usage_note": "codes are concept proposals except where classification_basis=osm_evidenced; no approved control-plan status is claimed"}, "geometry": {"type": "Polygon", "coordinates": [[[116.3209707000732, 40.01907974515655], [116.32072940000002, 40.0189986], [116.31952520697806, 40.01866041196224], [116.31947036665234, 40.018789950985905], [116.3205169, 40.0190772], [116.3208929629596, 40.019203041066895], [116.3209707000732, 40.01907974515655]]]}}, {"type": "Feature", "id": "LU-0124", "properties": {"id": "LU-0124", "layer": "LAND_USE", "land_use_code": "07", "name_zh": "居住用地", "area_sqm": 3570.1, "classification_basis": "design_proposal", "evidence_share": 0.0, "source_type": "agent_generated_design", "confidence": "low", "geometry_role": "design_proposal", "source_id": "OSM-DERIVED-CORRIDOR-20260808", "usage_note": "codes are concept proposals except where classification_basis=osm_evidenced; no approved control-plan status is claimed"}, "geometry": {"type": "Polygon", "coordinates": [[[116.3209707000732, 40.01907974515655], [116.32120796784272, 40.01915953364146], [116.3214526, 40.01876209999999], [116.3216429, 40.01845639999999], [116.321785, 40.0182282], [116.32197304588404, 40.0179041174272], [116.32193050000001, 40.017742199999994], [116.3219192, 40.01768529999999], [116.32190222959514, 40.01759543355946], [116.32170880000001, 40.0179123], [116.32129070000002, 40.01857219999999], [116.3209707000732, 40.01907974515655]]]}}, {"type": "Feature", "id": "LU-0125", "properties": {"id": "LU-0125", "layer": "LAND_USE", "land_use_code": "07", "name_zh": "居住用地", "area_sqm": 336.8, "classification_basis": "design_proposal", "evidence_share": 0.0, "source_type": "agent_generated_design", "confidence": "low", "geometry_role": "design_proposal", "source_id": "OSM-DERIVED-CORRIDOR-20260808", "usage_note": "codes are concept proposals except where classification_basis=osm_evidenced; no approved control-plan status is claimed"}, "geometry": {"type": "Polygon", "coordinates": [[[116.32120796784272, 40.01915953364146], [116.3209707000732, 40.01907974515655], [116.3208929629596, 40.019203041066895], [116.32113196052202, 40.01928301538872], [116.32120796784272, 40.01915953364146]]]}}, {"type": "Feature", "id": "LU-0126", "properties": {"id": "LU-0126", "layer": "LAND_USE", "land_use_code": "07", "name_zh": "居住用地", "area_sqm": 7419.3, "classification_basis": "design_proposal", "evidence_share": 0.0, "source_type": "agent_generated_design", "confidence": "low", "geometry_role": "design_proposal", "source_id": "OSM-DERIVED-CORRIDOR-20260808", "usage_note": "codes are concept proposals except where classification_basis=osm_evidenced; no approved control-plan status is claimed"}, "geometry": {"type": "Polygon", "coordinates": [[[116.32120796784272, 40.01915953364146], [116.32227189992943, 40.01951730484093], [116.32224819999999, 40.0194394], [116.3221866, 40.01912539999999], [116.3220349, 40.01843579999999], [116.32206489999999, 40.01841050000001], [116.32206939999999, 40.0183789], [116.32204239999999, 40.0182115], [116.3220041, 40.01802229999999], [116.32197304588404, 40.0179041174272], [116.321785, 40.0182282], [116.3216429, 40.01845639999999], [116.3214526, 40.01876209999999], [116.32120796784272, 40.01915953364146]]]}}, {"type": "Feature", "id": "LU-0127", "properties": {"id": "LU-0127", "layer": "LAND_USE", "land_use_code": "07", "name_zh": "居住用地", "area_sqm": 1581.5, "classification_basis": "design_proposal", "evidence_share": 0.0, "source_type": "agent_generated_design", "confidence": "low", "geometry_role": "design_proposal", "source_id": "OSM-DERIVED-CORRIDOR-20260808", "usage_note": "codes are concept proposals except where classification_basis=osm_evidenced; no approved control-plan status is claimed"}, "geometry": {"type": "Polygon", "coordinates": [[[116.32227189992943, 40.01951730484093], [116.32120796784272, 40.01915953364146], [116.32113196052202, 40.01928301538872], [116.32232173960482, 40.01968113394302], [116.32227189992943, 40.01951730484093]]]}}, {"type": "Feature", "id": "LU-0128", "properties": {"id": "LU-0128", "layer": "LAND_USE", "land_use_code": "07", "name_zh": "居住用地", "area_sqm": 919.3, "classification_basis": "design_proposal", "evidence_share": 0.0, "source_type": "agent_generated_design", "confidence": "low", "geometry_role": "design_proposal", "source_id": "OSM-DERIVED-CORRIDOR-20260808", "usage_note": "codes are concept proposals except where classification_basis=osm_evidenced; no approved control-plan status is claimed"}, "geometry": {"type": "Polygon", "coordinates": [[[116.32227189992943, 40.01951730484093], [116.32234660404505, 40.01954242528126], [116.3220467, 40.01811980000001], [116.3219937126236, 40.01786849968662], [116.32197304588404, 40.0179041174272], [116.3220041, 40.01802229999999], [116.32204239999999, 40.0182115], [116.32206939999999, 40.0183789], [116.32206489999999, 40.01841050000001], [116.3220349, 40.01843579999999], [116.3221866, 40.01912539999999], [116.32224819999999, 40.0194394], [116.32227189992943, 40.01951730484093]]]}}, {"type": "Feature", "id": "LU-0129", "properties": {"id": "LU-0129", "layer": "LAND_USE", "land_use_code": "07", "name_zh": "居住用地", "area_sqm": 1680.0, "classification_basis": "design_proposal", "evidence_share": 0.0, "source_type": "agent_generated_design", "confidence": "low", "geometry_role": "design_proposal", "source_id": "OSM-DERIVED-CORRIDOR-20260808", "usage_note": "codes are concept proposals except where classification_basis=osm_evidenced; no approved control-plan status is claimed"}, "geometry": {"type": "Polygon", "coordinates": [[[116.32234660404505, 40.01954242528126], [116.32244964149827, 40.019577073145456], [116.32240750000001, 40.019414699999984], [116.32237519999998, 40.01925950000001], [116.32220740000001, 40.0183938], [116.32217160000002, 40.01817650000001], [116.32211079999999, 40.017874299999995], [116.32208230501828, 40.017715816161584], [116.3219937126236, 40.01786849968662], [116.3220467, 40.01811980000001], [116.32234660404505, 40.01954242528126]]]}}, {"type": "Feature", "id": "LU-0130", "properties": {"id": "LU-0130", "layer": "LAND_USE", "land_use_code": "16", "name_zh": "留白用地（干线限界预留）", "area_sqm": 7662.1, "classification_basis": "design_proposal", "evidence_share": 0.0, "source_type": "agent_generated_design", "confidence": "low", "geometry_role": "design_proposal", "source_id": "OSM-DERIVED-CORRIDOR-20260808", "usage_note": "codes are concept proposals except where classification_basis=osm_evidenced; no approved control-plan status is claimed"}, "geometry": {"type": "Polygon", "coordinates": [[[116.33212671497523, 39.98472657243343], [116.3321557, 39.98455049999999], [116.3322695, 39.9838678], [116.33297680000001, 39.979888900000006], [116.3331243, 39.978722399999995], [116.33329170000002, 39.9779548], [116.33346700000001, 39.97723799999999], [116.3336105, 39.9765396], [116.3337027, 39.97598109999999], [116.33372890000001, 39.975822699999995], [116.33383930634467, 39.97521407558979], [116.33375028497292, 39.97521316530796], [116.33374179106619, 39.97525934667097], [116.33368858385431, 39.97554887793156], [116.33368844266224, 39.97554965436134], [116.33344705736698, 39.97689121178132], [116.333210626204, 39.97805487525677], [116.33320967490397, 39.978059861634485], [116.3322225474521, 39.98359225847993], [116.33222212274008, 39.98359472268005], [116.33211091940778, 39.984263522322266], [116.33211071608592, 39.98426476812459], [116.33204861415001, 39.98465256792406], [116.33204835681592, 39.984654216590656], [116.33203777324346, 39.98472382913651], [116.33212671497523, 39.98472657243343]]]}}, {"type": "Feature", "id": "LU-0131", "properties": {"id": "LU-0131", "layer": "LAND_USE", "land_use_code": "0804", "name_zh": "教育用地", "area_sqm": 455727.4, "classification_basis": "osm_evidenced", "evidence_share": 0.157, "source_type": "osm", "confidence": "low", "geometry_role": "existing_condition", "source_id": "OSM-DERIVED-CORRIDOR-20260808", "usage_note": "codes are concept proposals except where classification_basis=osm_evidenced; no approved control-plan status is claimed"}, "geometry": {"type": "Polygon", "coordinates": [[[116.3290379, 39.9845762], [116.33009260000001, 39.984623100000015], [116.3317256, 39.984714200000006], [116.33203777324346, 39.98472382913651], [116.33204835681592, 39.984654216590656], [116.33204861415001, 39.98465256792406], [116.33211071608592, 39.98426476812459], [116.33211091940778, 39.984263522322266], [116.33222212274008, 39.98359472268005], [116.3322225474521, 39.98359225847993], [116.33320967490397, 39.978059861634485], [116.333210626204, 39.97805487525677], [116.33344705736698, 39.97689121178132], [116.33368844266224, 39.97554965436134], [116.33368858385431, 39.97554887793156], [116.33374179106619, 39.97525934667097], [116.33375028497292, 39.97521316530796], [116.33351899999998, 39.97521079999999], [116.33275652969685, 39.9751941327562], [116.3318237, 39.97522359999999], [116.33043860000001, 39.975246999999996], [116.33006509999998, 39.9752595], [116.3297828, 39.975268899999996], [116.3296392, 39.975284], [116.32910610000002, 39.975300299999994], [116.3290015, 39.9753231], [116.3290013, 39.9753738], [116.32900110000001, 39.975415799999986], [116.3289835, 39.97688360000001], [116.3287922, 39.9768776], [116.327698, 39.9768436], [116.3276637, 39.97753869999999], [116.32749830000002, 39.97988779999999], [116.327472, 39.98141840000001], [116.3273755, 39.9833702], [116.3274103, 39.98358809999998], [116.327351, 39.984348399999995], [116.3273343, 39.984482], [116.32842360000001, 39.9845417], [116.3288051, 39.9845641], [116.3290379, 39.9845762]]]}}, {"type": "Feature", "id": "LU-0132", "properties": {"id": "LU-0132", "layer": "LAND_USE", "land_use_code": "16", "name_zh": "留白用地（干线限界预留）", "area_sqm": 3902.8, "classification_basis": "design_proposal", "evidence_share": 0.0, "source_type": "agent_generated_design", "confidence": "low", "geometry_role": "design_proposal", "source_id": "OSM-DERIVED-CORRIDOR-20260808", "usage_note": "codes are concept proposals except where classification_basis=osm_evidenced; no approved control-plan status is claimed"}, "geometry": {"type": "Polygon", "coordinates": [[[116.33216070519582, 39.98472762080137], [116.33219040000002, 39.9845484], [116.3323121, 39.9838734], [116.3330264, 39.9798956], [116.3331752, 39.978733899999995], [116.3333447, 39.9779625], [116.3335131, 39.977243800000004], [116.33365480000002, 39.97654239999999], [116.3337129, 39.97620619999999], [116.3337027, 39.97598109999999], [116.3336105, 39.9765396], [116.33346700000001, 39.97723799999999], [116.33329170000002, 39.9779548], [116.3331243, 39.978722399999995], [116.33297680000001, 39.979888900000006], [116.3322695, 39.9838678], [116.3321557, 39.98455049999999], [116.33212671497523, 39.98472657243343], [116.33216070519582, 39.98472762080137]]]}}, {"type": "Feature", "id": "LU-0133", "properties": {"id": "LU-0133", "layer": "LAND_USE", "land_use_code": "16", "name_zh": "留白用地（干线限界预留）", "area_sqm": 16714.5, "classification_basis": "design_proposal", "evidence_share": 0.0, "source_type": "agent_generated_design", "confidence": "low", "geometry_role": "design_proposal", "source_id": "OSM-DERIVED-CORRIDOR-20260808", "usage_note": "codes are concept proposals except where classification_basis=osm_evidenced; no approved control-plan status is claimed"}, "geometry": {"type": "Polygon", "coordinates": [[[116.33238973764797, 39.98473468463964], [116.3323972, 39.98468559999999], [116.33245929999998, 39.9842978], [116.33253508624277, 39.983841993589486], [116.33257050000002, 39.98362899999999], [116.33262168830505, 39.983342128018585], [116.3326243, 39.98327739999999], [116.3326398, 39.983082599999996], [116.3326755, 39.98286569999999], [116.33342419999998, 39.9783319], [116.3334732, 39.9780742], [116.3335444, 39.977828900000006], [116.33363530000001, 39.9775775], [116.33371389999999, 39.977304999999994], [116.33376176102837, 39.97709174069123], [116.33378690636803, 39.9769679758053], [116.33380126918956, 39.976892978283054], [116.3340363, 39.975586699999994], [116.33408950000002, 39.9752972], [116.3341042899583, 39.975216784756476], [116.33389061639656, 39.97521460022607], [116.33377850000001, 39.97582719999999], [116.3337129, 39.97620619999999], [116.33365480000002, 39.97654239999999], [116.3335131, 39.977243800000004], [116.3333447, 39.9779625], [116.3331752, 39.978733899999995], [116.3330264, 39.9798956], [116.3323121, 39.9838734], [116.33219040000002, 39.9845484], [116.33216070519582, 39.98472762080137], [116.33238973764797, 39.98473468463964]]]}}, {"type": "Feature", "id": "LU-0134", "properties": {"id": "LU-0134", "layer": "LAND_USE", "land_use_code": "1401", "name_zh": "公园绿地", "area_sqm": 281.9, "classification_basis": "osm_evidenced", "evidence_share": 0.351, "source_type": "osm", "confidence": "medium", "geometry_role": "existing_condition", "source_id": "OSM-DERIVED-CORRIDOR-20260808", "usage_note": "codes are concept proposals except where classification_basis=osm_evidenced; no approved control-plan status is claimed"}, "geometry": {"type": "Polygon", "coordinates": [[[116.33238973764797, 39.98473468463964], [116.33216070519582, 39.98472762080137], [116.33215370000002, 39.98476990000001], [116.33213969692169, 39.9848543898095], [116.33236988900123, 39.98486524146271], [116.33238973764797, 39.98473468463964]]]}}, {"type": "Feature", "id": "LU-0135", "properties": {"id": "LU-0135", "layer": "LAND_USE", "land_use_code": "1401", "name_zh": "公园绿地", "area_sqm": 258.2, "classification_basis": "osm_evidenced", "evidence_share": 1.0, "source_type": "osm", "confidence": "medium", "geometry_role": "existing_condition", "source_id": "OSM-DERIVED-CORRIDOR-20260808", "usage_note": "codes are concept proposals except where classification_basis=osm_evidenced; no approved control-plan status is claimed"}, "geometry": {"type": "Polygon", "coordinates": [[[116.33238973764797, 39.98473468463964], [116.33242089942169, 39.98473564569863], [116.3324666, 39.98447899999999], [116.3325144, 39.984198], [116.3325287, 39.98405019999999], [116.33253520000001, 39.9838618], [116.33253508624277, 39.983841993589486], [116.33245929999998, 39.9842978], [116.3323972, 39.98468559999999], [116.33238973764797, 39.98473468463964]]]}}, {"type": "Feature", "id": "LU-0136", "properties": {"id": "LU-0136", "layer": "LAND_USE", "land_use_code": "1401", "name_zh": "公园绿地", "area_sqm": 445.8, "classification_basis": "osm_evidenced", "evidence_share": 1.0, "source_type": "osm", "confidence": "medium", "geometry_role": "existing_condition", "source_id": "OSM-DERIVED-CORRIDOR-20260808", "usage_note": "codes are concept proposals except where classification_basis=osm_evidenced; no approved control-plan status is claimed"}, "geometry": {"type": "Polygon", "coordinates": [[[116.33242089942169, 39.98473564569863], [116.33246089722414, 39.9847368792569], [116.3324823, 39.984673599999994], [116.33250882350633, 39.9845643720385], [116.3325655, 39.984205599999996], [116.33258835945827, 39.984060914027026], [116.33259900000002, 39.98392020000001], [116.33260950000002, 39.9836442], [116.3325144, 39.984198], [116.3324666, 39.98447899999999], [116.33242089942169, 39.98473564569863]]]}}, {"type": "Feature", "id": "LU-0137", "properties": {"id": "LU-0137", "layer": "LAND_USE", "land_use_code": "1401", "name_zh": "公园绿地", "area_sqm": 11561.5, "classification_basis": "osm_evidenced", "evidence_share": 0.498, "source_type": "osm", "confidence": "medium", "geometry_role": "existing_condition", "source_id": "OSM-DERIVED-CORRIDOR-20260808", "usage_note": "codes are concept proposals except where classification_basis=osm_evidenced; no approved control-plan status is claimed"}, "geometry": {"type": "Polygon", "coordinates": [[[116.3558545676292, 39.94474541421605], [116.35592620000001, 39.94467379999999], [116.35608439999999, 39.94451569999999], [116.3560899896402, 39.94451011036964], [116.35585390000001, 39.94433999999999], [116.35547342219475, 39.94414931579749], [116.35350740000001, 39.9436217], [116.35315160000002, 39.943552899999986], [116.3529016, 39.943483699999994], [116.3528238, 39.9434609], [116.35079286483636, 39.94287581374401], [116.3558545676292, 39.94474541421605]]]}}, {"type": "Feature", "id": "LU-0138", "properties": {"id": "LU-0138", "layer": "LAND_USE", "land_use_code": "16", "name_zh": "留白用地（干线限界预留）", "area_sqm": 52709.5, "classification_basis": "design_proposal", "evidence_share": 0.0, "source_type": "agent_generated_design", "confidence": "low", "geometry_role": "design_proposal", "source_id": "OSM-DERIVED-CORRIDOR-20260808", "usage_note": "codes are concept proposals except where classification_basis=osm_evidenced; no approved control-plan status is claimed"}, "geometry": {"type": "Polygon", "coordinates": [[[116.33161051712933, 39.999269260764066], [116.331548, 40.0004956], [116.3313611, 40.005014799999984], [116.33129690000001, 40.0055994], [116.3311822, 40.0061579], [116.3310376, 40.0066602], [116.33096879999998, 40.00687370000001], [116.3308473, 40.0071783], [116.33053900000002, 40.00775159999999], [116.3303569, 40.0080352], [116.330046, 40.0084323], [116.3297702, 40.008754200000006], [116.32947679999998, 40.009048400000005], [116.32900659999999, 40.00949080000001], [116.3248705, 40.013134], [116.3217142, 40.0159276], [116.32152287211599, 40.01609399451539], [116.3215827, 40.0161534], [116.3216411, 40.0161872], [116.32172463879559, 40.01625289102811], [116.32193432981421, 40.01606591829494], [116.32509864279737, 40.01328748792447], [116.3250993435457, 40.01328687071051], [116.32922234039091, 40.009643961363416], [116.32923029119402, 40.00963668104212], [116.32969979061495, 40.00919107994411], [116.32970674139915, 40.00918426227923], [116.33000134090062, 40.00888556157168], [116.3300152383057, 40.00887041856593], [116.33029373752649, 40.00854371786149], [116.3303027379054, 40.00853257914319], [116.33060013680326, 40.008143778365906], [116.33061189749334, 40.00812708763398], [116.33079229654282, 40.00784808714209], [116.33080114293861, 40.00783330478424], [116.33111374076942, 40.00726660390399], [116.33112574460654, 40.00724143666771], [116.3312457433065, 40.006945136313696], [116.331251418467, 40.00692947878653], [116.33131201758837, 40.00674047860298], [116.33131380044495, 40.006734640049004], [116.33146259801916, 40.00622183959385], [116.3314674783321, 40.00620132422812], [116.3315722755455, 40.005638923894374], [116.3315750637401, 40.00561841083759], [116.3316255607508, 40.00503061066202], [116.33162614017982, 40.0050215612984], [116.33186501122205, 39.9993589603449], [116.3318650501238, 39.99935798355191], [116.33186816036023, 39.999274982551285], [116.33161051712933, 39.999269260764066]]]}}, {"type": "Feature", "id": "LU-0139", "properties": {"id": "LU-0139", "layer": "LAND_USE", "land_use_code": "1401", "name_zh": "公园绿地", "area_sqm": 488216.7, "classification_basis": "osm_evidenced", "evidence_share": 0.781, "source_type": "osm", "confidence": "medium", "geometry_role": "existing_condition", "source_id": "OSM-DERIVED-CORRIDOR-20260808", "usage_note": "codes are concept proposals except where classification_basis=osm_evidenced; no approved control-plan status is claimed"}, "geometry": {"type": "Polygon", "coordinates": [[[116.3336754, 40.0027358], [116.33366590000001, 40.00272869999999], [116.33357830000001, 40.00266349999998], [116.3335287, 40.00259359999999], [116.33341470000002, 40.00233310000001], [116.3330955, 40.0014709], [116.333009, 40.0012396], [116.33268270000002, 40.0005237], [116.33265010000001, 40.0004522], [116.33216940000001, 39.999536400000004], [116.3320927, 39.9993921], [116.3320453, 39.99931409999999], [116.3319481, 39.99928599999999], [116.33190244915781, 39.999275743999824], [116.33186816036023, 39.999274982551285], [116.3318650501238, 39.99935798355191], [116.33186501122205, 39.9993589603449], [116.33162614017982, 40.0050215612984], [116.3316255607508, 40.00503061066202], [116.3315750637401, 40.00561841083759], [116.3315722755455, 40.005638923894374], [116.3314674783321, 40.00620132422812], [116.33146259801916, 40.00622183959385], [116.33131380044495, 40.006734640049004], [116.33131201758837, 40.00674047860298], [116.331251418467, 40.00692947878653], [116.3312457433065, 40.006945136313696], [116.33112574460654, 40.00724143666771], [116.33111374076942, 40.00726660390399], [116.33080114293861, 40.00783330478424], [116.33079229654282, 40.00784808714209], [116.33061189749334, 40.00812708763398], [116.33060013680326, 40.008143778365906], [116.3303027379054, 40.00853257914319], [116.33029373752649, 40.00854371786149], [116.3300152383057, 40.00887041856593], [116.33000134090062, 40.00888556157168], [116.32970674139915, 40.00918426227923], [116.32969979061495, 40.00919107994411], [116.32923029119402, 40.00963668104212], [116.32922234039091, 40.009643961363416], [116.3250993435457, 40.01328687071051], [116.32509864279737, 40.01328748792447], [116.32193432981421, 40.01606591829494], [116.32172463879559, 40.01625289102811], [116.3217305, 40.016257499999995], [116.3218211, 40.016372499999996], [116.3218331, 40.0165003], [116.32188190000001, 40.01669390000001], [116.32194039999999, 40.016989699999996], [116.32198330000001, 40.017204200000016], [116.3220226318414, 40.017398195103006], [116.3220453, 40.017509999999994], [116.32208230501828, 40.017715816161584], [116.32228759999998, 40.01736199999998], [116.3227938, 40.01653929999999], [116.3232734, 40.01585719999999], [116.3236762, 40.015337300000006], [116.32405800000001, 40.01492399999999], [116.3247946, 40.01420050000001], [116.32566670000001, 40.01336250000001], [116.3259843, 40.013096899999994], [116.3261975, 40.012918600000006], [116.3263947, 40.01274149999999], [116.3263785, 40.01281430000001], [116.3263907, 40.0128696], [116.32641530000001, 40.0129134], [116.3264691, 40.012943799999995], [116.3265815, 40.012980699999986], [116.3273687, 40.0132282], [116.3277469, 40.013341999999994], [116.3281393, 40.0134073], [116.3287233, 40.0134701], [116.32939990000001, 40.01348240000001], [116.3295557, 40.01348550000001], [116.3309346, 40.0135139], [116.3309761, 40.013512], [116.33107169999998, 40.01351320000001], [116.33116430000001, 40.0135121], [116.33124770000002, 40.013513799999984], [116.3313291, 40.0135142], [116.3330541, 40.01358319999999], [116.3333564, 40.013610699999994], [116.33336, 40.01352959999999], [116.33335960000001, 40.01350659999999], [116.3334252, 40.01206259999999], [116.3334662, 40.0111389], [116.33349070000001, 40.010588000000006], [116.3334982, 40.01041949999998], [116.333502, 40.0103334], [116.33353549999998, 40.009483100000004], [116.33356620000002, 40.008633999999994], [116.33359120000001, 40.0079421], [116.3336063, 40.0071712], [116.33362810000001, 40.006754699999995], [116.3350693, 40.0063728], [116.33518469999999, 40.006343400000006], [116.33536109999999, 40.0062984], [116.33531160000001, 40.006196499999994], [116.3350164, 40.0055891], [116.33488200000001, 40.0053125], [116.33481200000001, 40.005168600000005], [116.33474540000002, 40.0050438], [116.3345034, 40.0045903], [116.3342758, 40.00412879999999], [116.3342637, 40.004101999999996], [116.3340961, 40.00373079999999], [116.333954, 40.00336169999999], [116.33393950000001, 40.0033241], [116.33390860000002, 40.0032439], [116.33387620000002, 40.0031596], [116.3337735, 40.00289279999999], [116.3336754, 40.0027358]]]}}, {"type": "Feature", "id": "LU-0140", "properties": {"id": "LU-0140", "layer": "LAND_USE", "land_use_code": "07", "name_zh": "居住用地", "area_sqm": 11767.6, "classification_basis": "design_proposal", "evidence_share": 0.0, "source_type": "agent_generated_design", "confidence": "low", "geometry_role": "design_proposal", "source_id": "OSM-DERIVED-CORRIDOR-20260808", "usage_note": "codes are concept proposals except where classification_basis=osm_evidenced; no approved control-plan status is claimed"}, "geometry": {"type": "Polygon", "coordinates": [[[116.3330955, 40.0014709], [116.33341470000002, 40.00233310000001], [116.3335287, 40.00259359999999], [116.33357830000001, 40.00266349999998], [116.33366590000001, 40.00272869999999], [116.3336754, 40.0027358], [116.3337735, 40.00289279999999], [116.3337552, 40.002598199999994], [116.3337306, 40.00223469999999], [116.3337324, 40.00181959999999], [116.3337588, 40.00115559999999], [116.3337764, 40.00071380000001], [116.33368970000001, 40.000711599999995], [116.33332849999998, 40.000702600000004], [116.33324910000002, 40.0007007], [116.3332533, 40.0005271], [116.33268270000002, 40.0005237], [116.333009, 40.0012396], [116.3330955, 40.0014709]]]}}, {"type": "Feature", "id": "LU-0141", "properties": {"id": "LU-0141", "layer": "LAND_USE", "land_use_code": "16", "name_zh": "留白用地（潜力用地候选）", "area_sqm": 16894.7, "classification_basis": "osm_evidenced", "evidence_share": 0.542, "source_type": "osm", "confidence": "medium", "geometry_role": "existing_condition", "source_id": "OSM-DERIVED-CORRIDOR-20260808", "usage_note": "codes are concept proposals except where classification_basis=osm_evidenced; no approved control-plan status is claimed"}, "geometry": {"type": "Polygon", "coordinates": [[[116.3320927, 39.9993921], [116.33216940000001, 39.999536400000004], [116.33265010000001, 40.0004522], [116.33268270000002, 40.0005237], [116.3332533, 40.0005271], [116.33324910000002, 40.0007007], [116.33332849999998, 40.000702600000004], [116.33368970000001, 40.000711599999995], [116.3337764, 40.00071380000001], [116.33379140000001, 40.00033860000001], [116.33382190000002, 39.99957229999998], [116.33382340000001, 39.99953659999999], [116.3338269, 39.9994562], [116.33379610000001, 39.9993739], [116.3336898, 39.9993706], [116.33365630000002, 39.99936969999999], [116.3320453, 39.99931409999999], [116.3320927, 39.9993921]]]}}, {"type": "Feature", "id": "LU-0142", "properties": {"id": "LU-0142", "layer": "LAND_USE", "land_use_code": "07", "name_zh": "居住用地", "area_sqm": 6847.3, "classification_basis": "design_proposal", "evidence_share": 0.0, "source_type": "agent_generated_design", "confidence": "low", "geometry_role": "design_proposal", "source_id": "OSM-DERIVED-CORRIDOR-20260808", "usage_note": "codes are concept proposals except where classification_basis=osm_evidenced; no approved control-plan status is claimed"}, "geometry": {"type": "Polygon", "coordinates": [[[116.34361957726748, 39.97515112727345], [116.34208409999998, 39.97513079999999], [116.33954199999998, 39.975125399999996], [116.3393885, 39.97512460000001], [116.3392798, 39.9751234], [116.3391289, 39.9751541], [116.3382724, 39.97514949999999], [116.33730760000002, 39.975144300000004], [116.3343139, 39.9751148], [116.3341852315392, 39.97511550680833], [116.3341707712062, 39.975192924359106], [116.3343176, 39.9751976], [116.3345103, 39.97519629999999], [116.33730489999999, 39.9752203], [116.33765161314476, 39.97523642475306], [116.33899501452967, 39.975232160120285], [116.3391423, 39.9752201], [116.3392784, 39.975191300000006], [116.33938680000001, 39.9751906], [116.33954039999999, 39.9751918], [116.34204830000002, 39.9752224], [116.342634, 39.97522049999999], [116.3435029, 39.97517539999998], [116.34361957726748, 39.97515112727345]]]}}, {"type": "Feature", "id": "LU-0143", "properties": {"id": "LU-0143", "layer": "LAND_USE", "land_use_code": "07", "name_zh": "居住用地", "area_sqm": 3217.7, "classification_basis": "design_proposal", "evidence_share": 0.0, "source_type": "agent_generated_design", "confidence": "low", "geometry_role": "design_proposal", "source_id": "OSM-DERIVED-CORRIDOR-20260808", "usage_note": "codes are concept proposals except where classification_basis=osm_evidenced; no approved control-plan status is claimed"}, "geometry": {"type": "Polygon", "coordinates": [[[116.3393885, 39.97512460000001], [116.33954199999998, 39.975125399999996], [116.34208409999998, 39.97513079999999], [116.34361957726748, 39.97515112727345], [116.3439634, 39.9750796], [116.3420811, 39.97505960000001], [116.34021879999999, 39.9750427], [116.3395441, 39.975036599999996], [116.3394595, 39.9750353], [116.3393885, 39.97512460000001]]]}}, {"type": "Feature", "id": "LU-0144", "properties": {"id": "LU-0144", "layer": "LAND_USE", "land_use_code": "07", "name_zh": "居住用地", "area_sqm": 599.7, "classification_basis": "design_proposal", "evidence_share": 0.0, "source_type": "agent_generated_design", "confidence": "low", "geometry_role": "design_proposal", "source_id": "OSM-DERIVED-CORRIDOR-20260808", "usage_note": "codes are concept proposals except where classification_basis=osm_evidenced; no approved control-plan status is claimed"}, "geometry": {"type": "Polygon", "coordinates": [[[116.34204830000002, 39.9752224], [116.33954039999999, 39.9751918], [116.33938680000001, 39.9751906], [116.3392784, 39.975191300000006], [116.3391423, 39.9752201], [116.33899501452967, 39.975232160120285], [116.34198889999999, 39.97522260000001], [116.34204830000002, 39.9752224]]]}}, {"type": "Feature", "id": "LU-0145", "properties": {"id": "LU-0145", "layer": "LAND_USE", "land_use_code": "07", "name_zh": "居住用地", "area_sqm": 214.6, "classification_basis": "design_proposal", "evidence_share": 0.0, "source_type": "agent_generated_design", "confidence": "low", "geometry_role": "design_proposal", "source_id": "OSM-DERIVED-CORRIDOR-20260808", "usage_note": "codes are concept proposals except where classification_basis=osm_evidenced; no approved control-plan status is claimed"}, "geometry": {"type": "Polygon", "coordinates": [[[116.33765161314476, 39.97523642475306], [116.33807900000001, 39.97525629999999], [116.338666, 39.97525910000001], [116.33899501452967, 39.975232160120285], [116.33765161314476, 39.97523642475306]]]}}, {"type": "Feature", "id": "LU-0146", "properties": {"id": "LU-0146", "layer": "LAND_USE", "land_use_code": "07", "name_zh": "居住用地", "area_sqm": 6500.2, "classification_basis": "design_proposal", "evidence_share": 0.0, "source_type": "agent_generated_design", "confidence": "low", "geometry_role": "design_proposal", "source_id": "OSM-DERIVED-CORRIDOR-20260808", "usage_note": "codes are concept proposals except where classification_basis=osm_evidenced; no approved control-plan status is claimed"}, "geometry": {"type": "Polygon", "coordinates": [[[116.33711500000001, 39.966187700000006], [116.33750946445049, 39.966190656971925], [116.337828, 39.9661897], [116.3388722, 39.96618659999999], [116.33889014149217, 39.966070800429726], [116.338521, 39.9660637], [116.3384659, 39.9660626], [116.3383683, 39.96606289999998], [116.33650990000001, 39.9660632], [116.33527580000002, 39.9660656], [116.33412019999999, 39.9660669], [116.33404673163774, 39.966066345191706], [116.3335193, 39.96609480000001], [116.33315236492146, 39.9661014980854], [116.33313520739593, 39.96618651807869], [116.33711500000001, 39.966187700000006]]]}}, {"type": "Feature", "id": "LU-0147", "properties": {"id": "LU-0147", "layer": "LAND_USE", "land_use_code": "07", "name_zh": "居住用地", "area_sqm": 383.6, "classification_basis": "design_proposal", "evidence_share": 0.0, "source_type": "agent_generated_design", "confidence": "low", "geometry_role": "design_proposal", "source_id": "OSM-DERIVED-CORRIDOR-20260808", "usage_note": "codes are concept proposals except where classification_basis=osm_evidenced; no approved control-plan status is claimed"}, "geometry": {"type": "Polygon", "coordinates": [[[116.33750946445049, 39.966190656971925], [116.33711500000001, 39.966187700000006], [116.33313520739593, 39.96618651807869], [116.33313328243007, 39.966196056770436], [116.3338797, 39.9662015], [116.33750946445049, 39.966190656971925]]]}}, {"type": "Feature", "id": "LU-0148", "properties": {"id": "LU-0148", "layer": "LAND_USE", "land_use_code": "07", "name_zh": "居住用地", "area_sqm": 6231.6, "classification_basis": "design_proposal", "evidence_share": 0.0, "source_type": "agent_generated_design", "confidence": "low", "geometry_role": "design_proposal", "source_id": "OSM-DERIVED-CORRIDOR-20260808", "usage_note": "codes are concept proposals except where classification_basis=osm_evidenced; no approved control-plan status is claimed"}, "geometry": {"type": "Polygon", "coordinates": [[[116.3385163, 39.9661984], [116.3378622, 39.96619329999999], [116.33750946445049, 39.966190656971925], [116.3338797, 39.9662015], [116.33313328243007, 39.966196056770436], [116.33311156242122, 39.96630368470327], [116.3371164, 39.96631060000001], [116.3385115, 39.96632449999999], [116.33885033816682, 39.96632786878027], [116.33886998918149, 39.9662008860959], [116.3385163, 39.9661984]]]}}, {"type": "Feature", "id": "LU-0149", "properties": {"id": "LU-0149", "layer": "LAND_USE", "land_use_code": "07", "name_zh": "居住用地", "area_sqm": 8490.0, "classification_basis": "design_proposal", "evidence_share": 0.0, "source_type": "agent_generated_design", "confidence": "low", "geometry_role": "design_proposal", "source_id": "OSM-DERIVED-CORRIDOR-20260808", "usage_note": "codes are concept proposals except where classification_basis=osm_evidenced; no approved control-plan status is claimed"}, "geometry": {"type": "Polygon", "coordinates": [[[116.3371164, 39.96631060000001], [116.33311156242122, 39.96630368470327], [116.3330826, 39.9664472], [116.3333045, 39.9664478], [116.33334880000001, 39.9664479], [116.33412, 39.9664501], [116.33597820000001, 39.96646619999999], [116.3382864, 39.9664862], [116.3385052, 39.9664881], [116.33882512194005, 39.96649081252156], [116.33885033816682, 39.96632786878027], [116.3385115, 39.96632449999999], [116.3371164, 39.96631060000001]]]}}, {"type": "Feature", "id": "LU-0150", "properties": {"id": "LU-0150", "layer": "LAND_USE", "land_use_code": "07", "name_zh": "居住用地", "area_sqm": 3474.1, "classification_basis": "design_proposal", "evidence_share": 0.0, "source_type": "agent_generated_design", "confidence": "low", "geometry_role": "design_proposal", "source_id": "OSM-DERIVED-CORRIDOR-20260808", "usage_note": "codes are concept proposals except where classification_basis=osm_evidenced; no approved control-plan status is claimed"}, "geometry": {"type": "Polygon", "coordinates": [[[116.34716919255492, 39.966222873957236], [116.34717065633083, 39.96618210331163], [116.34677250000001, 39.96618209999999], [116.3466019, 39.9661735], [116.34649979999999, 39.966168399999994], [116.3463693, 39.9661663], [116.34487540000002, 39.96614279999999], [116.34471340000002, 39.966136899999995], [116.34394029999999, 39.96610870000001], [116.34376839999999, 39.9661091], [116.3436425, 39.966109499999995], [116.3429987, 39.966103600000004], [116.3422642, 39.96609680000002], [116.341456, 39.9660893], [116.34008952986352, 39.96608235059581], [116.3412327, 39.96612549999999], [116.34277680000001, 39.96616929999998], [116.34492430000002, 39.966198799999994], [116.3464868, 39.9662233], [116.34716919255492, 39.966222873957236]]]}}, {"type": "Feature", "id": "LU-0151", "properties": {"id": "LU-0151", "layer": "LAND_USE", "land_use_code": "16", "name_zh": "留白用地（干线限界预留）", "area_sqm": 18644.7, "classification_basis": "design_proposal", "evidence_share": 0.0, "source_type": "agent_generated_design", "confidence": "low", "geometry_role": "design_proposal", "source_id": "OSM-DERIVED-CORRIDOR-20260808", "usage_note": "codes are concept proposals except where classification_basis=osm_evidenced; no approved control-plan status is claimed"}, "geometry": {"type": "Polygon", "coordinates": [[[116.34597231726057, 39.94943844484761], [116.3459695, 39.9494484], [116.34592850000001, 39.9495647], [116.3459103, 39.9496129], [116.34581120000001, 39.9498266], [116.3457112, 39.9500054], [116.34533540000001, 39.9506913], [116.34488530000002, 39.95150700000001], [116.34476360000001, 39.9517001], [116.34470500000002, 39.951788399999984], [116.34445069999998, 39.9521748], [116.34433240000001, 39.952390599999994], [116.34317879999999, 39.95448999999999], [116.3421208, 39.956417], [116.34199422555763, 39.95665253448903], [116.3421948, 39.9566479], [116.34231096361529, 39.95664672297477], [116.34242610210946, 39.95643144894154], [116.34344321342027, 39.95458098611164], [116.34442382181358, 39.95279807390414], [116.34460362075328, 39.95248362208987], [116.3446063586447, 39.95247870212564], [116.34468016804415, 39.9523423507766], [116.34471747495492, 39.952285216012726], [116.34473107906182, 39.952261638689954], [116.34613083419326, 39.94948529283073], [116.34597231726057, 39.94943844484761]]]}}, {"type": "Feature", "id": "LU-0152", "properties": {"id": "LU-0152", "layer": "LAND_USE", "land_use_code": "07", "name_zh": "居住用地", "area_sqm": 298943.7, "classification_basis": "osm_evidenced", "evidence_share": 0.209, "source_type": "osm", "confidence": "low", "geometry_role": "existing_condition", "source_id": "OSM-DERIVED-CORRIDOR-20260808", "usage_note": "codes are concept proposals except where classification_basis=osm_evidenced; no approved control-plan status is claimed"}, "geometry": {"type": "Polygon", "coordinates": [[[116.3487768, 39.95388719999999], [116.3487814, 39.95371639999998], [116.3488145, 39.952490399999995], [116.3488422, 39.951799599999994], [116.34893480000001, 39.9512097], [116.34904810000002, 39.950793899999994], [116.3491116, 39.95054369999999], [116.3491635, 39.95037060000001], [116.349171, 39.950341900000005], [116.34920195356656, 39.950221402266735], [116.34889820000001, 39.950225], [116.34764970000002, 39.949920999999996], [116.3461471, 39.949490100000006], [116.34613083419326, 39.94948529283073], [116.34473107906182, 39.952261638689954], [116.34471747495492, 39.952285216012726], [116.34468016804415, 39.9523423507766], [116.3446063586447, 39.95247870212564], [116.34460362075328, 39.95248362208987], [116.34442382181358, 39.95279807390414], [116.34344321342027, 39.95458098611164], [116.34242610210946, 39.95643144894154], [116.34231096361529, 39.95664672297477], [116.3427967, 39.9566418], [116.3434873, 39.9566286], [116.34463690000001, 39.956606600000015], [116.34532700000001, 39.95658939999999], [116.34576950000002, 39.956580699999996], [116.3466172, 39.9566249], [116.34695250000001, 39.9566462], [116.34748900000001, 39.956652099999985], [116.3483394, 39.95662680000001], [116.34850899999999, 39.95662180000001], [116.34866120000001, 39.956340600000004], [116.34870850000001, 39.95610380000001], [116.3487301, 39.955822600000005], [116.3487384, 39.95522689999999], [116.34874150000002, 39.9550015], [116.3487517, 39.95481830000001], [116.3487768, 39.95388719999999]]]}}, {"type": "Feature", "id": "LU-0153", "properties": {"id": "LU-0153", "layer": "LAND_USE", "land_use_code": "07", "name_zh": "居住用地", "area_sqm": 7774.4, "classification_basis": "design_proposal", "evidence_share": 0.0, "source_type": "agent_generated_design", "confidence": "low", "geometry_role": "design_proposal", "source_id": "OSM-DERIVED-CORRIDOR-20260808", "usage_note": "codes are concept proposals except where classification_basis=osm_evidenced; no approved control-plan status is claimed"}, "geometry": {"type": "Polygon", "coordinates": [[[116.3337764, 40.00071380000001], [116.3337588, 40.00115559999999], [116.3337324, 40.00181959999999], [116.3337306, 40.00223469999999], [116.3337552, 40.002598199999994], [116.3337735, 40.00289279999999], [116.33387620000002, 40.0031596], [116.33390860000002, 40.0032439], [116.33393950000001, 40.0033241], [116.333954, 40.00336169999999], [116.3340961, 40.00373079999999], [116.3342637, 40.004101999999996], [116.3342758, 40.00412879999999], [116.3345034, 40.0045903], [116.33474540000002, 40.0050438], [116.33481200000001, 40.005168600000005], [116.33488200000001, 40.0053125], [116.3350164, 40.0055891], [116.33531160000001, 40.006196499999994], [116.33536109999999, 40.0062984], [116.3355062, 40.0062966], [116.33544500000002, 40.0061777], [116.3354189, 40.006127], [116.33502269999998, 40.00535779999999], [116.33460920000002, 40.004555], [116.33428750000002, 40.00391330000001], [116.3340591, 40.0033638], [116.33403730000002, 40.003305899999994], [116.33400590000001, 40.00322249999999], [116.3339764, 40.00313930000001], [116.3339553, 40.003079699999994], [116.33393659999999, 40.0030285], [116.3338568, 40.0024907], [116.3338273, 40.0020624], [116.33387090000001, 40.0011745], [116.3339515, 39.9995347], [116.3339552, 39.9994595], [116.33394979999998, 39.99937849999999], [116.33379610000001, 39.9993739], [116.3338269, 39.9994562], [116.33382340000001, 39.99953659999999], [116.33382190000002, 39.99957229999998], [116.33379140000001, 40.00033860000001], [116.3337764, 40.00071380000001]]]}}, {"type": "Feature", "id": "LU-0154", "properties": {"id": "LU-0154", "layer": "LAND_USE", "land_use_code": "0804", "name_zh": "教育用地", "area_sqm": 548992.6, "classification_basis": "osm_evidenced", "evidence_share": 0.735, "source_type": "osm", "confidence": "medium", "geometry_role": "existing_condition", "source_id": "OSM-DERIVED-CORRIDOR-20260808", "usage_note": "codes are concept proposals except where classification_basis=osm_evidenced; no approved control-plan status is claimed"}, "geometry": {"type": "Polygon", "coordinates": [[[116.34279560000002, 40.00440999999999], [116.3428213, 40.0036382], [116.3428309, 40.00334780000001], [116.3428657, 40.0023072], [116.3428529, 40.00176710000001], [116.3428259, 40.001632699999995], [116.3427775, 40.001428399999995], [116.34273630000001, 40.00124009999999], [116.34271010000002, 40.0009193], [116.3427559, 40.000298700000016], [116.34278360000002, 39.999790999999995], [116.3427841, 39.999766999999984], [116.3427856, 39.99970229999999], [116.342785, 39.99963449999999], [116.3426882, 39.99963229999999], [116.34259, 39.99963019999999], [116.34143060000001, 39.9996044], [116.3408595, 39.99959359999999], [116.3392832, 39.999534499999996], [116.3375316, 39.9994729], [116.33709220000001, 39.9994574], [116.3345914, 39.99939450000001], [116.3340962, 39.999382], [116.3340615, 39.999381199999995], [116.33394979999998, 39.99937849999999], [116.3339552, 39.9994595], [116.3339515, 39.9995347], [116.33387090000001, 40.0011745], [116.3338273, 40.0020624], [116.3338568, 40.0024907], [116.33393659999999, 40.0030285], [116.3339553, 40.003079699999994], [116.3339764, 40.00313930000001], [116.33400590000001, 40.00322249999999], [116.33403730000002, 40.003305899999994], [116.3340591, 40.0033638], [116.33428750000002, 40.00391330000001], [116.33460920000002, 40.004555], [116.33502269999998, 40.00535779999999], [116.3354189, 40.006127], [116.33544500000002, 40.0061777], [116.3355062, 40.0062966], [116.3356247, 40.00629510000001], [116.3356898, 40.00629429999999], [116.3367206, 40.006281599999994], [116.33678449999998, 40.00628209999999], [116.33802920000001, 40.006291000000004], [116.33815900000002, 40.006291899999994], [116.3384838, 40.006294200000006], [116.3390479, 40.00630040000001], [116.3399168, 40.006317300000006], [116.3406957, 40.00632579999999], [116.3415501, 40.006335199999995], [116.3416347, 40.006336100000006], [116.34194029999999, 40.006339499999996], [116.3426926, 40.0063478], [116.3427055, 40.005801000000005], [116.3427178, 40.0052752], [116.3427223, 40.0050844], [116.34276230000002, 40.00482050000001], [116.3427902, 40.0045711], [116.34279560000002, 40.00440999999999]]]}}, {"type": "Feature", "id": "LU-0155", "properties": {"id": "LU-0155", "layer": "LAND_USE", "land_use_code": "07", "name_zh": "居住用地", "area_sqm": 3650.1, "classification_basis": "design_proposal", "evidence_share": 0.0, "source_type": "agent_generated_design", "confidence": "low", "geometry_role": "design_proposal", "source_id": "OSM-DERIVED-CORRIDOR-20260808", "usage_note": "codes are concept proposals except where classification_basis=osm_evidenced; no approved control-plan status is claimed"}, "geometry": {"type": "Polygon", "coordinates": [[[116.3484624, 39.9566814], [116.34850899999999, 39.95662180000001], [116.3483394, 39.95662680000001], [116.34748900000001, 39.956652099999985], [116.34695250000001, 39.9566462], [116.3466172, 39.9566249], [116.34576950000002, 39.956580699999996], [116.34532700000001, 39.95658939999999], [116.34463690000001, 39.956606600000015], [116.3434873, 39.9566286], [116.3427967, 39.9566418], [116.34301140000001, 39.9567148], [116.3434883, 39.95670419999998], [116.34386910000002, 39.95669579999999], [116.34463750000002, 39.95667879999999], [116.345331, 39.95666049999999], [116.3457678, 39.956649], [116.3459659, 39.95665520000001], [116.34661389999998, 39.956691899999996], [116.34695360000002, 39.9567085], [116.34748780000001, 39.956719400000004], [116.3483017, 39.956687699999996], [116.3484624, 39.9566814]]]}}, {"type": "Feature", "id": "LU-0156", "properties": {"id": "LU-0156", "layer": "LAND_USE", "land_use_code": "16", "name_zh": "留白用地（干线限界预留）", "area_sqm": 553.2, "classification_basis": "design_proposal", "evidence_share": 0.0, "source_type": "agent_generated_design", "confidence": "low", "geometry_role": "design_proposal", "source_id": "OSM-DERIVED-CORRIDOR-20260808", "usage_note": "codes are concept proposals except where classification_basis=osm_evidenced; no approved control-plan status is claimed"}, "geometry": {"type": "Polygon", "coordinates": [[[116.34170886537929, 39.95666451570841], [116.3417676, 39.95653699999999], [116.34180067604252, 39.95647257474111], [116.34182059999999, 39.9563338], [116.3418144, 39.95617120000001], [116.34181234001413, 39.95616105705046], [116.34177876337517, 39.95622214128391], [116.34177744968476, 39.956224563945426], [116.34153744200292, 39.95667329590653], [116.34170886537929, 39.95666451570841]]]}}, {"type": "Feature", "id": "LU-0157", "properties": {"id": "LU-0157", "layer": "LAND_USE", "land_use_code": "07", "name_zh": "居住用地", "area_sqm": 20260.0, "classification_basis": "osm_evidenced", "evidence_share": 0.776, "source_type": "osm", "confidence": "medium", "geometry_role": "existing_condition", "source_id": "OSM-DERIVED-CORRIDOR-20260808", "usage_note": "codes are concept proposals except where classification_basis=osm_evidenced; no approved control-plan status is claimed"}, "geometry": {"type": "Polygon", "coordinates": [[[116.3402022, 39.956736], [116.34040830000002, 39.9566923], [116.3415276, 39.95667379999999], [116.34153744200292, 39.95667329590653], [116.34177744968476, 39.956224563945426], [116.34177876337517, 39.95622214128391], [116.34181234001413, 39.95616105705046], [116.3417724, 39.95596439999999], [116.3416668, 39.955681699999985], [116.34158509999999, 39.95554899999999], [116.34141139999998, 39.95532540000001], [116.3412114, 39.955131800000004], [116.34103270000001, 39.9550158], [116.34086670000002, 39.954936399999994], [116.34064549999998, 39.9548451], [116.34050200000001, 39.9553453], [116.34036490000001, 39.95579390000002], [116.34031839999999, 39.9559459], [116.34006399999998, 39.95667060000001], [116.3400281, 39.9567729], [116.3402022, 39.956736]]]}}, {"type": "Feature", "id": "LU-0158", "properties": {"id": "LU-0158", "layer": "LAND_USE", "land_use_code": "07", "name_zh": "居住用地", "area_sqm": 1011.5, "classification_basis": "design_proposal", "evidence_share": 0.0, "source_type": "agent_generated_design", "confidence": "low", "geometry_role": "design_proposal", "source_id": "OSM-DERIVED-CORRIDOR-20260808", "usage_note": "codes are concept proposals except where classification_basis=osm_evidenced; no approved control-plan status is claimed"}, "geometry": {"type": "Polygon", "coordinates": [[[116.34170886537929, 39.95666451570841], [116.3415276, 39.95667379999999], [116.34040830000002, 39.9566923], [116.3402022, 39.956736], [116.3400281, 39.9567729], [116.34019059999999, 39.9567698], [116.34148160000001, 39.95674519999999], [116.34167250469483, 39.95674345625907], [116.34170886537929, 39.95666451570841]]]}}, {"type": "Feature", "id": "LU-0159", "properties": {"id": "LU-0159", "layer": "LAND_USE", "land_use_code": "16", "name_zh": "留白用地（干线限界预留）", "area_sqm": 10470.5, "classification_basis": "design_proposal", "evidence_share": 0.0, "source_type": "agent_generated_design", "confidence": "low", "geometry_role": "design_proposal", "source_id": "OSM-DERIVED-CORRIDOR-20260808", "usage_note": "codes are concept proposals except where classification_basis=osm_evidenced; no approved control-plan status is claimed"}, "geometry": {"type": "Polygon", "coordinates": [[[116.34183264728546, 39.956658175517454], [116.34190049999998, 39.95665470000001], [116.3419246, 39.956606799999996], [116.3420797, 39.9563078], [116.3425652, 39.95538379999999], [116.344224, 39.952346299999995], [116.344327, 39.95216119999999], [116.3444504, 39.9519535], [116.34472930000001, 39.95146539999999], [116.3450676, 39.95082330000002], [116.34531269999998, 39.950380499999994], [116.3455717, 39.949888900000005], [116.3456017, 39.9498156], [116.34562129999999, 39.9497631], [116.3456886, 39.949565], [116.3457108, 39.9494864], [116.3457325, 39.9493838], [116.34573538354682, 39.949368421101866], [116.3456223, 39.94933499999999], [116.34555440000001, 39.94931499999999], [116.34550662775412, 39.94928806406557], [116.34550519999999, 39.94930659999999], [116.34548900000001, 39.9494449], [116.3454604, 39.949577799999986], [116.3453892, 39.949833700000006], [116.3452529, 39.9501592], [116.34509569999999, 39.950453200000005], [116.3434819, 39.953491099999994], [116.34264380000002, 39.9550012], [116.3422182, 39.9557639], [116.3419732, 39.9562157], [116.3418051, 39.95655109999999], [116.34175708882469, 39.95665441230051], [116.34175486064657, 39.956662159816034], [116.34183264728546, 39.956658175517454]]]}}, {"type": "Feature", "id": "LU-0160", "properties": {"id": "LU-0160", "layer": "LAND_USE", "land_use_code": "16", "name_zh": "留白用地（干线限界预留）", "area_sqm": 2632.6, "classification_basis": "design_proposal", "evidence_share": 0.0, "source_type": "agent_generated_design", "confidence": "low", "geometry_role": "design_proposal", "source_id": "OSM-DERIVED-CORRIDOR-20260808", "usage_note": "codes are concept proposals except where classification_basis=osm_evidenced; no approved control-plan status is claimed"}, "geometry": {"type": "Polygon", "coordinates": [[[116.3419273751105, 39.95665407906352], [116.3421021, 39.9563274], [116.34311990000002, 39.9544757], [116.34410149999998, 39.952691], [116.34428229999999, 39.952374799999994], [116.34436090000001, 39.95222960000001], [116.34440380000001, 39.9521639], [116.34459520000001, 39.9517492], [116.344638, 39.9516564], [116.34472930000001, 39.95146539999999], [116.3444504, 39.9519535], [116.344327, 39.95216119999999], [116.344224, 39.952346299999995], [116.3425652, 39.95538379999999], [116.3420797, 39.9563078], [116.3419246, 39.956606799999996], [116.34190049999998, 39.95665470000001], [116.3419273751105, 39.95665407906352]]]}}, {"type": "Feature", "id": "LU-0161", "properties": {"id": "LU-0161", "layer": "LAND_USE", "land_use_code": "16", "name_zh": "留白用地（干线限界预留）", "area_sqm": 3275.3, "classification_basis": "design_proposal", "evidence_share": 0.0, "source_type": "agent_generated_design", "confidence": "low", "geometry_role": "design_proposal", "source_id": "OSM-DERIVED-CORRIDOR-20260808", "usage_note": "codes are concept proposals except where classification_basis=osm_evidenced; no approved control-plan status is claimed"}, "geometry": {"type": "Polygon", "coordinates": [[[116.34199422555763, 39.95665253448903], [116.3421208, 39.956417], [116.34317879999999, 39.95448999999999], [116.34433240000001, 39.952390599999994], [116.34445069999998, 39.9521748], [116.3447514, 39.951634899999995], [116.3447964, 39.9515476], [116.3449674, 39.95118099999999], [116.34474460000001, 39.95152869999998], [116.34469610000001, 39.95161660000001], [116.34440380000001, 39.9521639], [116.34436090000001, 39.95222960000001], [116.34428229999999, 39.952374799999994], [116.34410149999998, 39.952691], [116.34311990000002, 39.9544757], [116.3421021, 39.9563274], [116.3419273751105, 39.95665407906352], [116.34199422555763, 39.95665253448903]]]}}, {"type": "Feature", "id": "LU-0162", "properties": {"id": "LU-0162", "layer": "LAND_USE", "land_use_code": "07", "name_zh": "居住用地", "area_sqm": 725.0, "classification_basis": "design_proposal", "evidence_share": 0.0, "source_type": "agent_generated_design", "confidence": "low", "geometry_role": "design_proposal", "source_id": "OSM-DERIVED-CORRIDOR-20260808", "usage_note": "codes are concept proposals except where classification_basis=osm_evidenced; no approved control-plan status is claimed"}, "geometry": {"type": "Polygon", "coordinates": [[[116.3427967, 39.9566418], [116.3421948, 39.9566479], [116.34199422555763, 39.95665253448903], [116.34194757502081, 39.95673934311384], [116.3421973, 39.95673280000001], [116.34301140000001, 39.9567148], [116.3427967, 39.9566418]]]}}, {"type": "Feature", "id": "LU-0163", "properties": {"id": "LU-0163", "layer": "LAND_USE", "land_use_code": "07", "name_zh": "居住用地", "area_sqm": 460.5, "classification_basis": "design_proposal", "evidence_share": 0.0, "source_type": "agent_generated_design", "confidence": "low", "geometry_role": "design_proposal", "source_id": "OSM-DERIVED-CORRIDOR-20260808", "usage_note": "codes are concept proposals except where classification_basis=osm_evidenced; no approved control-plan status is claimed"}, "geometry": {"type": "Polygon", "coordinates": [[[116.33387031109089, 39.975043245511394], [116.33210299631878, 39.975074668539484], [116.33351050000002, 39.97509809999999], [116.33386436313843, 39.97507600589336], [116.33387031109089, 39.975043245511394]]]}}, {"type": "Feature", "id": "LU-0164", "properties": {"id": "LU-0164", "layer": "LAND_USE", "land_use_code": "07", "name_zh": "居住用地", "area_sqm": 2212.3, "classification_basis": "design_proposal", "evidence_share": 0.0, "source_type": "agent_generated_design", "confidence": "low", "geometry_role": "design_proposal", "source_id": "OSM-DERIVED-CORRIDOR-20260808", "usage_note": "codes are concept proposals except where classification_basis=osm_evidenced; no approved control-plan status is claimed"}, "geometry": {"type": "Polygon", "coordinates": [[[116.33419982361227, 39.97503738376237], [116.3344968, 39.97503210000001], [116.33455996545419, 39.97503257146873], [116.3347789, 39.975018899999995], [116.3357849, 39.975023699999994], [116.33685039999999, 39.9750302], [116.33722105308561, 39.975028578530214], [116.3372222, 39.974951199999985], [116.3345097, 39.9749463], [116.33421599003475, 39.97495083174513], [116.33419982361227, 39.97503738376237]]]}}, {"type": "Feature", "id": "LU-0165", "properties": {"id": "LU-0165", "layer": "LAND_USE", "land_use_code": "07", "name_zh": "居住用地", "area_sqm": 440.1, "classification_basis": "design_proposal", "evidence_share": 0.0, "source_type": "agent_generated_design", "confidence": "low", "geometry_role": "design_proposal", "source_id": "OSM-DERIVED-CORRIDOR-20260808", "usage_note": "codes are concept proposals except where classification_basis=osm_evidenced; no approved control-plan status is claimed"}, "geometry": {"type": "Polygon", "coordinates": [[[116.33455996545419, 39.97503257146873], [116.3372207, 39.975052399999996], [116.33722105308561, 39.975028578530214], [116.33685039999999, 39.9750302], [116.3357849, 39.975023699999994], [116.3347789, 39.975018899999995], [116.33455996545419, 39.97503257146873]]]}}, {"type": "Feature", "id": "LU-0166", "properties": {"id": "LU-0166", "layer": "LAND_USE", "land_use_code": "07", "name_zh": "居住用地", "area_sqm": 4290.0, "classification_basis": "design_proposal", "evidence_share": 0.0, "source_type": "agent_generated_design", "confidence": "low", "geometry_role": "design_proposal", "source_id": "OSM-DERIVED-CORRIDOR-20260808", "usage_note": "codes are concept proposals except where classification_basis=osm_evidenced; no approved control-plan status is claimed"}, "geometry": {"type": "Polygon", "coordinates": [[[116.3372207, 39.975052399999996], [116.33455996545419, 39.97503257146873], [116.33419648307141, 39.97505526836774], [116.3341852315392, 39.97511550680833], [116.3343139, 39.9751148], [116.33730760000002, 39.975144300000004], [116.3382724, 39.97514949999999], [116.3391289, 39.9751541], [116.3392798, 39.9751234], [116.3393885, 39.97512460000001], [116.3394595, 39.9750353], [116.33928150000001, 39.9750345], [116.33917850000002, 39.9750709], [116.33840210000001, 39.975063500000005], [116.3372207, 39.975052399999996]]]}}, {"type": "Feature", "id": "LU-0167", "properties": {"id": "LU-0167", "layer": "LAND_USE", "land_use_code": "16", "name_zh": "留白用地（干线限界预留）", "area_sqm": 6511.8, "classification_basis": "design_proposal", "evidence_share": 0.0, "source_type": "agent_generated_design", "confidence": "low", "geometry_role": "design_proposal", "source_id": "OSM-DERIVED-CORRIDOR-20260808", "usage_note": "codes are concept proposals except where classification_basis=osm_evidenced; no approved control-plan status is claimed"}, "geometry": {"type": "Polygon", "coordinates": [[[116.3318269, 39.9915993], [116.3318231, 39.9916748], [116.33175883334333, 39.99304646541668], [116.33175750000001, 39.993080500000005], [116.3315581, 39.99817079999999], [116.33152287277481, 39.99911078104847], [116.33155860000001, 39.9991116], [116.3316183930287, 39.99911476315788], [116.3316332, 39.9988243], [116.3316478, 39.9979244], [116.33176710000001, 39.9952423], [116.33184129999998, 39.993573], [116.33190204684838, 39.99160113926199], [116.3318269, 39.9915993]]]}}, {"type": "Feature", "id": "LU-0168", "properties": {"id": "LU-0168", "layer": "LAND_USE", "land_use_code": "16", "name_zh": "留白用地（干线限界预留）", "area_sqm": 6877.2, "classification_basis": "design_proposal", "evidence_share": 0.0, "source_type": "agent_generated_design", "confidence": "low", "geometry_role": "design_proposal", "source_id": "OSM-DERIVED-CORRIDOR-20260808", "usage_note": "codes are concept proposals except where classification_basis=osm_evidenced; no approved control-plan status is claimed"}, "geometry": {"type": "Polygon", "coordinates": [[[116.33172299988945, 39.99159702241272], [116.3316943, 39.9922749], [116.33160650000002, 39.993842400000005], [116.3315422, 39.9953885], [116.33144690000002, 39.99802679999999], [116.33140782460259, 39.99910853577768], [116.33145389999999, 39.9991092], [116.33147626105301, 39.99910971258224], [116.33149400000002, 39.9986864], [116.3315221, 39.9980986], [116.33175883334333, 39.99304646541668], [116.33181553599472, 39.991599050894955], [116.33172299988945, 39.99159702241272]]]}}, {"type": "Feature", "id": "LU-0169", "properties": {"id": "LU-0169", "layer": "LAND_USE", "land_use_code": "16", "name_zh": "留白用地（干线限界预留）", "area_sqm": 2758.6, "classification_basis": "design_proposal", "evidence_share": 0.0, "source_type": "agent_generated_design", "confidence": "low", "geometry_role": "design_proposal", "source_id": "OSM-DERIVED-CORRIDOR-20260808", "usage_note": "codes are concept proposals except where classification_basis=osm_evidenced; no approved control-plan status is claimed"}, "geometry": {"type": "Polygon", "coordinates": [[[116.33167642004301, 39.99159600130878], [116.33165100000001, 39.9922772], [116.3315728, 39.9938425], [116.33150480000002, 39.99538699999999], [116.33136725151716, 39.99910795086145], [116.33140782460259, 39.99910853577768], [116.33144690000002, 39.99802679999999], [116.3315422, 39.9953885], [116.33160650000002, 39.993842400000005], [116.3316943, 39.9922749], [116.33172299988945, 39.99159702241272], [116.33167642004301, 39.99159600130878]]]}}, {"type": "Feature", "id": "LU-0170", "properties": {"id": "LU-0170", "layer": "LAND_USE", "land_use_code": "16", "name_zh": "留白用地（干线限界预留）", "area_sqm": 5341.2, "classification_basis": "design_proposal", "evidence_share": 0.0, "source_type": "agent_generated_design", "confidence": "low", "geometry_role": "design_proposal", "source_id": "OSM-DERIVED-CORRIDOR-20260808", "usage_note": "codes are concept proposals except where classification_basis=osm_evidenced; no approved control-plan status is claimed"}, "geometry": {"type": "Polygon", "coordinates": [[[116.33899567252942, 39.96649225820766], [116.33897330000002, 39.96661460000001], [116.3389177, 39.966837700000006], [116.3388429, 39.96708099999999], [116.338761, 39.9673481], [116.33867270000002, 39.96762], [116.33858479999999, 39.9678414], [116.3384965, 39.9680247], [116.33839330000002, 39.96822389999999], [116.33830930000002, 39.9683901], [116.3381794, 39.9686068], [116.33813792503234, 39.96866508927683], [116.3380267, 39.968841100000006], [116.3376786, 39.9693362], [116.3353167, 39.9723591], [116.3348026, 39.9730579], [116.33457490000002, 39.9734882], [116.3343642, 39.97404439999998], [116.3342789518123, 39.97437005043814], [116.33423599999999, 39.974549800000005], [116.3341809, 39.9748256], [116.33415783152279, 39.97495172900308], [116.33421599003475, 39.97495083174513], [116.3342702, 39.97466059999999], [116.3344335, 39.9740742], [116.3346294, 39.97353789999999], [116.3348681, 39.97306969999999], [116.3357359, 39.97193270000001], [116.33772340000002, 39.969358400000004], [116.3380779, 39.9688575], [116.3381881, 39.96867710000001], [116.3383066, 39.968464499999996], [116.33846989999999, 39.9681534], [116.33868449999999, 39.9677064], [116.3388478, 39.96723800000001], [116.339017, 39.96665929999999], [116.33904256613481, 39.966492655661156], [116.33899567252942, 39.96649225820766]]]}}, {"type": "Feature", "id": "LU-0171", "properties": {"id": "LU-0171", "layer": "LAND_USE", "land_use_code": "07", "name_zh": "居住用地", "area_sqm": 414.4, "classification_basis": "design_proposal", "evidence_share": 0.0, "source_type": "agent_generated_design", "confidence": "low", "geometry_role": "design_proposal", "source_id": "OSM-DERIVED-CORRIDOR-20260808", "usage_note": "codes are concept proposals except where classification_basis=osm_evidenced; no approved control-plan status is claimed"}, "geometry": {"type": "Polygon", "coordinates": [[[116.33899567252942, 39.96649225820766], [116.33897600813845, 39.96649209153362], [116.3389474, 39.966663200000006], [116.3386274, 39.9677052], [116.3383651, 39.9682425], [116.3382565, 39.96845030000001], [116.3381431, 39.968656900000006], [116.33813792503234, 39.96866508927683], [116.3381794, 39.9686068], [116.33830930000002, 39.9683901], [116.33839330000002, 39.96822389999999], [116.3384965, 39.9680247], [116.33858479999999, 39.9678414], [116.33867270000002, 39.96762], [116.338761, 39.9673481], [116.3388429, 39.96708099999999], [116.3389177, 39.966837700000006], [116.33897330000002, 39.96661460000001], [116.33899567252942, 39.96649225820766]]]}}, {"type": "Feature", "id": "LU-0172", "properties": {"id": "LU-0172", "layer": "LAND_USE", "land_use_code": "16", "name_zh": "留白用地（干线限界预留）", "area_sqm": 10042.5, "classification_basis": "design_proposal", "evidence_share": 0.0, "source_type": "agent_generated_design", "confidence": "low", "geometry_role": "design_proposal", "source_id": "OSM-DERIVED-CORRIDOR-20260808", "usage_note": "codes are concept proposals except where classification_basis=osm_evidenced; no approved control-plan status is claimed"}, "geometry": {"type": "Polygon", "coordinates": [[[116.338869162561, 39.96649118585954], [116.33884910000002, 39.9666532], [116.3387649, 39.96704169999999], [116.3386261, 39.96746099999999], [116.33845819999999, 39.96786530000001], [116.33828179999999, 39.9682358], [116.3380356, 39.968656900000006], [116.3377901, 39.9690311], [116.33623180000001, 39.971023100000004], [116.3354389, 39.972007000000005], [116.3346799, 39.97298909999999], [116.3344078, 39.97339490000001], [116.33428339999999, 39.973620299999986], [116.3341692, 39.9738701], [116.3340774, 39.974192800000004], [116.334013, 39.97448340000001], [116.33393472436761, 39.974955170784874], [116.33415302507198, 39.97495180315473], [116.33421530000001, 39.97461319999999], [116.3342789518123, 39.97437005043814], [116.33432090000001, 39.97419450000001], [116.33439980000001, 39.9738553], [116.3344765, 39.973627799999996], [116.3346031, 39.97333889999999], [116.33471350000002, 39.9731349], [116.334829, 39.97295119999999], [116.33499659999998, 39.9727309], [116.3351548, 39.972517199999984], [116.33768780000001, 39.9693024], [116.3378739, 39.9690394], [116.3380425, 39.9687992], [116.33813792503234, 39.96866508927683], [116.3381431, 39.968656900000006], [116.3382565, 39.96845030000001], [116.3383651, 39.9682425], [116.3386274, 39.9677052], [116.3389474, 39.966663200000006], [116.33897600813845, 39.96649209153362], [116.338869162561, 39.96649118585954]]]}}, {"type": "Feature", "id": "LU-0173", "properties": {"id": "LU-0173", "layer": "LAND_USE", "land_use_code": "16", "name_zh": "留白用地（干线限界预留）", "area_sqm": 4684.4, "classification_basis": "design_proposal", "evidence_share": 0.0, "source_type": "agent_generated_design", "confidence": "low", "geometry_role": "design_proposal", "source_id": "OSM-DERIVED-CORRIDOR-20260808", "usage_note": "codes are concept proposals except where classification_basis=osm_evidenced; no approved control-plan status is claimed"}, "geometry": {"type": "Polygon", "coordinates": [[[116.33882512194005, 39.96649081252156], [116.3388001, 39.966652499999995], [116.3387053, 39.9670289], [116.33856540000001, 39.967450799999995], [116.33840429999998, 39.9678455], [116.3382247, 39.9682187], [116.33798870000001, 39.9686321], [116.3377368, 39.96900699999998], [116.33618979999999, 39.9710034], [116.3353997, 39.971984799999994], [116.3346396, 39.972969299999995], [116.3343542, 39.9733848], [116.3342367, 39.97360530000001], [116.3341291, 39.9738612], [116.3340334, 39.974187], [116.33397250000002, 39.9744804], [116.33388616585421, 39.97495591982001], [116.33393472436761, 39.974955170784874], [116.334013, 39.97448340000001], [116.3340774, 39.974192800000004], [116.3341692, 39.9738701], [116.33428339999999, 39.973620299999986], [116.3344078, 39.97339490000001], [116.3346799, 39.97298909999999], [116.3354389, 39.972007000000005], [116.33623180000001, 39.971023100000004], [116.3377901, 39.9690311], [116.3380356, 39.968656900000006], [116.33828179999999, 39.9682358], [116.33845819999999, 39.96786530000001], [116.3386261, 39.96746099999999], [116.3387649, 39.96704169999999], [116.33884910000002, 39.9666532], [116.338869162561, 39.96649118585954], [116.33882512194005, 39.96649081252156]]]}}, {"type": "Feature", "id": "LU-0174", "properties": {"id": "LU-0174", "layer": "LAND_USE", "land_use_code": "16", "name_zh": "留白用地（干线限界预留）", "area_sqm": 33300.0, "classification_basis": "design_proposal", "evidence_share": 0.0, "source_type": "agent_generated_design", "confidence": "low", "geometry_role": "design_proposal", "source_id": "OSM-DERIVED-CORRIDOR-20260808", "usage_note": "codes are concept proposals except where classification_basis=osm_evidenced; no approved control-plan status is claimed"}, "geometry": {"type": "Polygon", "coordinates": [[[116.32129539999998, 40.0158572], [116.32134180000001, 40.01591419999999], [116.32138407722752, 40.01595617903903], [116.3215859, 40.0157917], [116.32163520000002, 40.0157515], [116.3218087, 40.015603100000014], [116.32307980000002, 40.014473499999994], [116.3249909, 40.0127786], [116.32792130000001, 40.010165300000004], [116.3292265, 40.009014199999996], [116.3294978, 40.008723200000006], [116.32976140000001, 40.0084187], [116.3300676, 40.0080263], [116.330346, 40.0075801], [116.33053100000001, 40.0072415], [116.33070529999999, 40.0068393], [116.3308605, 40.0063948], [116.3309668, 40.0059291], [116.3310178, 40.0055204], [116.3311695, 40.0039713], [116.33124770000002, 40.0023407], [116.331295, 40.00106230000001], [116.33136149261034, 39.99926372983766], [116.33116586217974, 39.99925938443784], [116.3311627682781, 39.99934192696129], [116.33092405101625, 40.00499950922185], [116.33087482121024, 40.00557249063085], [116.33077384710394, 40.00611434457979], [116.33062884947621, 40.00661403205988], [116.33057171346229, 40.00679222579615], [116.33046004541336, 40.00706794952563], [116.33015839173834, 40.007614800685126], [116.3299882025186, 40.0078780072226], [116.32970138771041, 40.0082529667262], [116.32943417377842, 40.00856642583806], [116.32915026426149, 40.00885428538309], [116.32868820227394, 40.009292824385696], [116.32456960759413, 40.01293181967598], [116.32140475628123, 40.01571070432241], [116.32140299458673, 40.015712263062284], [116.32128216700767, 40.01581999942258], [116.32129539999998, 40.0158572]]]}}, {"type": "Feature", "id": "LU-0175", "properties": {"id": "LU-0175", "layer": "LAND_USE", "land_use_code": "1401", "name_zh": "公园绿地", "area_sqm": 90661.7, "classification_basis": "osm_evidenced", "evidence_share": 0.35, "source_type": "osm", "confidence": "medium", "geometry_role": "existing_condition", "source_id": "OSM-DERIVED-CORRIDOR-20260808", "usage_note": "codes are concept proposals except where classification_basis=osm_evidenced; no approved control-plan status is claimed"}, "geometry": {"type": "Polygon", "coordinates": [[[116.3245973, 40.01250019999999], [116.3244388, 40.012606999999996], [116.32423190000002, 40.01273609999999], [116.32398690000001, 40.0128183], [116.32378649999998, 40.0128506], [116.3235603, 40.012853799999995], [116.32338949999999, 40.0128355], [116.3232228, 40.0127905], [116.32304420000001, 40.0127211], [116.32274830000001, 40.012528299999985], [116.32224139999998, 40.01219809999999], [116.3221299, 40.012141899999996], [116.3220384, 40.012105999999996], [116.3214604, 40.012093699999994], [116.32111419999998, 40.0120937], [116.32094010000002, 40.0120937], [116.3207736719232, 40.01209076367202], [116.3208208, 40.01219], [116.32096740000001, 40.0124748], [116.32108100000002, 40.01269589999999], [116.32114629999998, 40.012902399999994], [116.3212655, 40.01324439999999], [116.32130520000001, 40.0135589], [116.32130619999998, 40.0138531], [116.32131189999998, 40.0139691], [116.32118598213602, 40.01396861251597], [116.32118682332421, 40.014025588277846], [116.3213042, 40.01402420000001], [116.3213007, 40.0142443], [116.32128750000001, 40.01447040000001], [116.32127520000002, 40.014771], [116.32127, 40.0149099], [116.32125159999998, 40.014917200000006], [116.3212367, 40.0153741], [116.32126119999998, 40.015390200000006], [116.3212691, 40.0153996], [116.32125159999998, 40.015576800000005], [116.3212472, 40.01572170000001], [116.32128216700767, 40.01581999942258], [116.32140299458673, 40.015712263062284], [116.32140475628123, 40.01571070432241], [116.32456960759413, 40.01293181967598], [116.32868820227394, 40.009292824385696], [116.32915026426149, 40.00885428538309], [116.32943417377842, 40.00856642583806], [116.32970138771041, 40.0082529667262], [116.3299882025186, 40.0078780072226], [116.33015839173834, 40.007614800685126], [116.33046004541336, 40.00706794952563], [116.33057171346229, 40.00679222579615], [116.33062884947621, 40.00661403205988], [116.33077384710394, 40.00611434457979], [116.33087482121024, 40.00557249063085], [116.33092405101625, 40.00499950922185], [116.3311627682781, 39.99934192696129], [116.33116586217974, 39.99925938443784], [116.33104007355871, 39.99925659020987], [116.33103860000001, 39.9993062], [116.3309464, 40.001695000000005], [116.33092850000001, 40.00225089999999], [116.33092960000002, 40.0022702], [116.3309305, 40.00236639999999], [116.33092840000002, 40.002441000000005], [116.33080750000002, 40.0054852], [116.33077330000002, 40.005532999999986], [116.330742, 40.005890199999996], [116.3306583, 40.0063234], [116.3305023, 40.00673040000001], [116.3304519, 40.006839], [116.3302341, 40.00726410000001], [116.3299038, 40.0076799], [116.3296668, 40.00796940000001], [116.32963309999998, 40.0080268], [116.32956010000001, 40.0081394], [116.32942630000001, 40.008255600000005], [116.32909110000001, 40.008546800000005], [116.3288524, 40.00875719999999], [116.32874070000001, 40.008840299999996], [116.3284841, 40.00903989999999], [116.32724399999998, 40.01011160000001], [116.3262714, 40.011006], [116.32556010000002, 40.01165780000001], [116.3245973, 40.01250019999999]]]}}, {"type": "Feature", "id": "LU-0176", "properties": {"id": "LU-0176", "layer": "LAND_USE", "land_use_code": "1401", "name_zh": "公园绿地", "area_sqm": 395.3, "classification_basis": "osm_evidenced", "evidence_share": 0.356, "source_type": "osm", "confidence": "medium", "geometry_role": "existing_condition", "source_id": "OSM-DERIVED-CORRIDOR-20260808", "usage_note": "codes are concept proposals except where classification_basis=osm_evidenced; no approved control-plan status is claimed"}, "geometry": {"type": "Polygon", "coordinates": [[[116.3320831351989, 39.985195661758894], [116.33231838615043, 39.985204005104], [116.33234513204263, 39.98502808254997], [116.33211268196366, 39.9850173882519], [116.3320831351989, 39.985195661758894]]]}}, {"type": "Feature", "id": "LU-0177", "properties": {"id": "LU-0177", "layer": "LAND_USE", "land_use_code": "16", "name_zh": "留白用地（干线限界预留）", "area_sqm": 5326.4, "classification_basis": "design_proposal", "evidence_share": 0.0, "source_type": "agent_generated_design", "confidence": "low", "geometry_role": "design_proposal", "source_id": "OSM-DERIVED-CORRIDOR-20260808", "usage_note": "codes are concept proposals except where classification_basis=osm_evidenced; no approved control-plan status is claimed"}, "geometry": {"type": "Polygon", "coordinates": [[[116.3418410523076, 39.95681547353252], [116.34062659999998, 39.959085999999985], [116.34033760000001, 39.9596663], [116.3401184, 39.960198299999995], [116.33993139999998, 39.9607846], [116.3397683, 39.9614525], [116.3396476, 39.9622003], [116.33918656003723, 39.96517893159455], [116.339076, 39.966009899999996], [116.33907085648875, 39.966043890830356], [116.3391111802109, 39.96604541341358], [116.33967360000001, 39.9623792], [116.33982750000001, 39.96146310000001], [116.3399348, 39.9609946], [116.3401634, 39.9603009], [116.34039670000001, 39.959692900000015], [116.3410359, 39.9584234], [116.34171700000002, 39.9571684], [116.34190696265, 39.95681491555249], [116.3418410523076, 39.95681547353252]]]}}, {"type": "Feature", "id": "LU-0178", "properties": {"id": "LU-0178", "layer": "LAND_USE", "land_use_code": "16", "name_zh": "留白用地（干线限界预留）", "area_sqm": 3296.8, "classification_basis": "design_proposal", "evidence_share": 0.0, "source_type": "agent_generated_design", "confidence": "low", "geometry_role": "design_proposal", "source_id": "OSM-DERIVED-CORRIDOR-20260808", "usage_note": "codes are concept proposals except where classification_basis=osm_evidenced; no approved control-plan status is claimed"}, "geometry": {"type": "Polygon", "coordinates": [[[116.34181430000001, 39.9568157], [116.34176069999998, 39.956915699999996], [116.3417161, 39.95699890000001], [116.3413907, 39.9576027], [116.34074380000001, 39.958761200000005], [116.34058630000001, 39.9590569], [116.34047140000001, 39.95927389999999], [116.34032590000001, 39.95954420000001], [116.3401923, 39.959845399999985], [116.3400734, 39.960158299999996], [116.33997550000001, 39.9604719], [116.3398736, 39.9608327], [116.33977170000001, 39.9612284], [116.33970060000001, 39.96155739999999], [116.3396564, 39.96182979999999], [116.33942709999998, 39.96337929999999], [116.3393426, 39.964006100000006], [116.33918656003723, 39.96517893159455], [116.3396476, 39.9622003], [116.3397683, 39.9614525], [116.33993139999998, 39.9607846], [116.3401184, 39.960198299999995], [116.34033760000001, 39.9596663], [116.34062659999998, 39.959085999999985], [116.3418410523076, 39.95681547353252], [116.34181430000001, 39.9568157]]]}}, {"type": "Feature", "id": "LU-0179", "properties": {"id": "LU-0179", "layer": "LAND_USE", "land_use_code": "16", "name_zh": "留白用地（干线限界预留）", "area_sqm": 7899.1, "classification_basis": "design_proposal", "evidence_share": 0.0, "source_type": "agent_generated_design", "confidence": "low", "geometry_role": "design_proposal", "source_id": "OSM-DERIVED-CORRIDOR-20260808", "usage_note": "codes are concept proposals except where classification_basis=osm_evidenced; no approved control-plan status is claimed"}, "geometry": {"type": "Polygon", "coordinates": [[[116.34174682193678, 39.95681898214385], [116.3415741, 39.95714259999999], [116.3414557, 39.957377], [116.3413339, 39.95761139999999], [116.3412437, 39.95779], [116.3411537, 39.957930700000006], [116.3411101327955, 39.95799248940891], [116.3411053, 39.958002099999995], [116.3405028, 39.9590932], [116.34038949999999, 39.959312800000006], [116.3402783, 39.95953379999999], [116.34009400000001, 39.95994219999999], [116.33994660000002, 39.96034589999999], [116.3398766, 39.960553], [116.3398147, 39.9607613], [116.33970090000001, 39.96117539999999], [116.3396501, 39.9613998], [116.33960669999999, 39.96160570000001], [116.3395474, 39.96192330000001], [116.339513, 39.962227299999995], [116.3394725, 39.9625326], [116.33941410000001, 39.96291000000001], [116.339287, 39.96353979999999], [116.33917490000002, 39.96418009999999], [116.33909820000001, 39.9646978], [116.33902820000002, 39.965274], [116.3389522, 39.96584370000001], [116.3389365, 39.9659474], [116.3389252324551, 39.96603839209586], [116.33905106836819, 39.96604314364565], [116.3390695, 39.9659329], [116.33916330000001, 39.965329200000006], [116.33918656003723, 39.96517893159455], [116.3393426, 39.964006100000006], [116.33942709999998, 39.96337929999999], [116.3396564, 39.96182979999999], [116.33970060000001, 39.96155739999999], [116.33977170000001, 39.9612284], [116.3398736, 39.9608327], [116.33997550000001, 39.9604719], [116.3400734, 39.960158299999996], [116.3401923, 39.959845399999985], [116.34032590000001, 39.95954420000001], [116.34047140000001, 39.95927389999999], [116.34058630000001, 39.9590569], [116.34074380000001, 39.958761200000005], [116.3413907, 39.9576027], [116.3417161, 39.95699890000001], [116.34176069999998, 39.956915699999996], [116.34181430000001, 39.9568157], [116.34174682193678, 39.95681898214385]]]}}, {"type": "Feature", "id": "LU-0180", "properties": {"id": "LU-0180", "layer": "LAND_USE", "land_use_code": "07", "name_zh": "居住用地", "area_sqm": 358.8, "classification_basis": "design_proposal", "evidence_share": 0.0, "source_type": "agent_generated_design", "confidence": "low", "geometry_role": "design_proposal", "source_id": "OSM-DERIVED-CORRIDOR-20260808", "usage_note": "codes are concept proposals except where classification_basis=osm_evidenced; no approved control-plan status is claimed"}, "geometry": {"type": "Polygon", "coordinates": [[[116.34170034627176, 39.95682124270463], [116.341679078525, 39.956822277154465], [116.341539, 39.957123700000004], [116.34137809999999, 39.95745960000001], [116.3411101327955, 39.95799248940891], [116.3411537, 39.957930700000006], [116.3412437, 39.95779], [116.3413339, 39.95761139999999], [116.3414557, 39.957377], [116.3415741, 39.95714259999999], [116.3416389, 39.956986], [116.3416786, 39.95687939999999], [116.34170034627176, 39.95682124270463]]]}}, {"type": "Feature", "id": "LU-0181", "properties": {"id": "LU-0181", "layer": "LAND_USE", "land_use_code": "16", "name_zh": "留白用地（干线限界预留）", "area_sqm": 546.1, "classification_basis": "design_proposal", "evidence_share": 0.0, "source_type": "agent_generated_design", "confidence": "low", "geometry_role": "design_proposal", "source_id": "OSM-DERIVED-CORRIDOR-20260808", "usage_note": "codes are concept proposals except where classification_basis=osm_evidenced; no approved control-plan status is claimed"}, "geometry": {"type": "Polygon", "coordinates": [[[116.3416352163611, 39.956824410570064], [116.34150040000002, 39.9571171], [116.3413425, 39.9574487], [116.3412201, 39.95768689999999], [116.3410651, 39.957988400000005], [116.3408911434948, 39.958301021430934], [116.34093780000002, 39.9582369], [116.3411101327955, 39.95799248940891], [116.34137809999999, 39.95745960000001], [116.341539, 39.957123700000004], [116.341679078525, 39.956822277154465], [116.3416352163611, 39.956824410570064]]]}}, {"type": "Feature", "id": "LU-0182", "properties": {"id": "LU-0182", "layer": "LAND_USE", "land_use_code": "07", "name_zh": "居住用地", "area_sqm": 857.5, "classification_basis": "design_proposal", "evidence_share": 0.0, "source_type": "agent_generated_design", "confidence": "low", "geometry_role": "design_proposal", "source_id": "OSM-DERIVED-CORRIDOR-20260808", "usage_note": "codes are concept proposals except where classification_basis=osm_evidenced; no approved control-plan status is claimed"}, "geometry": {"type": "Polygon", "coordinates": [[[116.33182010000002, 39.9751624], [116.33154975116878, 39.97516774287775], [116.33275652969685, 39.9751941327562], [116.3334855, 39.97517109999999], [116.33384502502298, 39.97518255057661], [116.33385200000001, 39.97514410000001], [116.3338568639907, 39.97511730996663], [116.33367649999998, 39.97511829999999], [116.33182010000002, 39.9751624]]]}}, {"type": "Feature", "id": "LU-0183", "properties": {"id": "LU-0183", "layer": "LAND_USE", "land_use_code": "07", "name_zh": "居住用地", "area_sqm": 717.9, "classification_basis": "design_proposal", "evidence_share": 0.0, "source_type": "agent_generated_design", "confidence": "low", "geometry_role": "design_proposal", "source_id": "OSM-DERIVED-CORRIDOR-20260808", "usage_note": "codes are concept proposals except where classification_basis=osm_evidenced; no approved control-plan status is claimed"}, "geometry": {"type": "Polygon", "coordinates": [[[116.33730489999999, 39.9752203], [116.3345103, 39.97519629999999], [116.3343176, 39.9751976], [116.3341707712062, 39.975192924359106], [116.33416619626328, 39.97521741759321], [116.33578949999999, 39.975234], [116.336838, 39.975238999999995], [116.33727679153824, 39.9752376118473], [116.33730489999999, 39.9752203]]]}}, {"type": "Feature", "id": "LU-0184", "properties": {"id": "LU-0184", "layer": "LAND_USE", "land_use_code": "07", "name_zh": "居住用地", "area_sqm": 254.8, "classification_basis": "design_proposal", "evidence_share": 0.0, "source_type": "agent_generated_design", "confidence": "low", "geometry_role": "design_proposal", "source_id": "OSM-DERIVED-CORRIDOR-20260808", "usage_note": "codes are concept proposals except where classification_basis=osm_evidenced; no approved control-plan status is claimed"}, "geometry": {"type": "Polygon", "coordinates": [[[116.33384502502298, 39.97518255057661], [116.3334855, 39.97517109999999], [116.33275652969685, 39.9751941327562], [116.33351899999998, 39.97521079999999], [116.33383930634467, 39.97521407558979], [116.33384502502298, 39.97518255057661]]]}}, {"type": "Feature", "id": "LU-0185", "properties": {"id": "LU-0185", "layer": "LAND_USE", "land_use_code": "07", "name_zh": "居住用地", "area_sqm": 1015.7, "classification_basis": "design_proposal", "evidence_share": 0.0, "source_type": "agent_generated_design", "confidence": "low", "geometry_role": "design_proposal", "source_id": "OSM-DERIVED-CORRIDOR-20260808", "usage_note": "codes are concept proposals except where classification_basis=osm_evidenced; no approved control-plan status is claimed"}, "geometry": {"type": "Polygon", "coordinates": [[[116.34391090000001, 39.94311209999999], [116.3438378, 39.943383299999994], [116.3437277, 39.943791899999994], [116.3437271, 39.9440072], [116.3438522, 39.943811999999994], [116.3440557, 39.9430706], [116.34391090000001, 39.94311209999999]]]}}, {"type": "Feature", "id": "LU-0186", "properties": {"id": "LU-0186", "layer": "LAND_USE", "land_use_code": "16", "name_zh": "留白用地（干线限界预留）", "area_sqm": 20568.2, "classification_basis": "design_proposal", "evidence_share": 0.0, "source_type": "agent_generated_design", "confidence": "low", "geometry_role": "design_proposal", "source_id": "OSM-DERIVED-CORRIDOR-20260808", "usage_note": "codes are concept proposals except where classification_basis=osm_evidenced; no approved control-plan status is claimed"}, "geometry": {"type": "Polygon", "coordinates": [[[116.31924940000002, 40.0196553], [116.31913548508956, 40.01961976863007], [116.31909799999998, 40.01971559999999], [116.31638308119864, 40.0265833313421], [116.31640580038992, 40.026585915320034], [116.31644024768464, 40.02658720612067], [116.31647469368055, 40.02658589499364], [116.31650880664002, 40.02658199456594], [116.31654225803281, 40.026575542401204], [116.31657472570029, 40.026566600637985], [116.31660589695802, 40.02655525539128], [116.3166354716072, 40.02654161592312], [116.31666316482594, 40.026525813590354], [116.31668870991224, 40.026508000579526], [116.31671186085251, 40.026488348441084], [116.31673239469087, 40.026467046437396], [116.31675011367638, 40.02644429971981], [116.31676484716728, 40.02642032735298], [116.31677645327447, 40.026395360205086], [116.319299037016, 40.01999277981556], [116.31938413959938, 40.01978523429031], [116.3193858567686, 40.01978092127159], [116.31941403973815, 40.01970796343296], [116.31924940000002, 40.0196553]]]}}, {"type": "Feature", "id": "LU-0187", "properties": {"id": "LU-0187", "layer": "LAND_USE", "land_use_code": "1401", "name_zh": "公园绿地", "area_sqm": 50988.6, "classification_basis": "osm_evidenced", "evidence_share": 0.511, "source_type": "osm", "confidence": "medium", "geometry_role": "existing_condition", "source_id": "OSM-DERIVED-CORRIDOR-20260808", "usage_note": "codes are concept proposals except where classification_basis=osm_evidenced; no approved control-plan status is claimed"}, "geometry": {"type": "Polygon", "coordinates": [[[116.31651890000002, 40.0280629], [116.31718020000001, 40.0258827], [116.31766059999998, 40.0247403], [116.31798390000002, 40.0240661], [116.3187692, 40.0226898], [116.3203099, 40.0201435], [116.32038666803668, 40.020019072345754], [116.31941403973815, 40.01970796343296], [116.3193858567686, 40.01978092127159], [116.31938413959938, 40.01978523429031], [116.319299037016, 40.01999277981556], [116.31677645327447, 40.026395360205086], [116.31676484716728, 40.02642032735298], [116.31675011367638, 40.02644429971981], [116.31673239469087, 40.026467046437396], [116.31671186085251, 40.026488348441084], [116.31668870991224, 40.026508000579526], [116.31666316482594, 40.026525813590354], [116.3166354716072, 40.02654161592312], [116.31660589695802, 40.02655525539128], [116.31657472570029, 40.026566600637985], [116.31654225803281, 40.026575542401204], [116.31650880664002, 40.02658199456594], [116.31647469368055, 40.02658589499364], [116.31644024768464, 40.02658720612067], [116.31640580038992, 40.026585915320034], [116.31638308119864, 40.0265833313421], [116.31539299999999, 40.029087499999996], [116.31536693275531, 40.029152280490294], [116.31551260000002, 40.029178299999984], [116.3161667124431, 40.02928464249129], [116.31651890000002, 40.0280629]]]}}, {"type": "Feature", "id": "LU-0188", "properties": {"id": "LU-0188", "layer": "LAND_USE", "land_use_code": "07", "name_zh": "居住用地", "area_sqm": 31798.0, "classification_basis": "design_proposal", "evidence_share": 0.0, "source_type": "agent_generated_design", "confidence": "low", "geometry_role": "design_proposal", "source_id": "OSM-DERIVED-CORRIDOR-20260808", "usage_note": "codes are concept proposals except where classification_basis=osm_evidenced; no approved control-plan status is claimed"}, "geometry": {"type": "Polygon", "coordinates": [[[116.33075669908146, 40.02339652794928], [116.33076704631569, 40.02297785267653], [116.3228126, 40.0206691], [116.32127580000001, 40.02010140000001], [116.32072828704982, 40.0199249570782], [116.32062092847936, 40.0200940022222], [116.3211446, 40.02026149999999], [116.3215682, 40.02050909999999], [116.3218692, 40.0206314], [116.3228763, 40.02095299999999], [116.32576740000002, 40.02185799999999], [116.3288926, 40.02283119999999], [116.3305611, 40.0233434], [116.33075669908146, 40.02339652794928]]]}}, {"type": "Feature", "id": "LU-0189", "properties": {"id": "LU-0189", "layer": "LAND_USE", "land_use_code": "07", "name_zh": "居住用地", "area_sqm": 507.8, "classification_basis": "design_proposal", "evidence_share": 0.0, "source_type": "agent_generated_design", "confidence": "low", "geometry_role": "design_proposal", "source_id": "OSM-DERIVED-CORRIDOR-20260808", "usage_note": "codes are concept proposals except where classification_basis=osm_evidenced; no approved control-plan status is claimed"}, "geometry": {"type": "Polygon", "coordinates": [[[116.33076704631569, 40.02297785267653], [116.33075669908146, 40.02339652794928], [116.33088669533852, 40.023431836857455], [116.3308914784264, 40.02301096587334], [116.3308251, 40.0229947], [116.33076704631569, 40.02297785267653]]]}}, {"type": "Feature", "id": "LU-0190", "properties": {"id": "LU-0190", "layer": "LAND_USE", "land_use_code": "07", "name_zh": "居住用地", "area_sqm": 17620.4, "classification_basis": "design_proposal", "evidence_share": 0.0, "source_type": "agent_generated_design", "confidence": "low", "geometry_role": "design_proposal", "source_id": "OSM-DERIVED-CORRIDOR-20260808", "usage_note": "codes are concept proposals except where classification_basis=osm_evidenced; no approved control-plan status is claimed"}, "geometry": {"type": "Polygon", "coordinates": [[[116.33076704631569, 40.02297785267653], [116.33077092291596, 40.02282099392493], [116.3305834, 40.022771399999996], [116.3287514, 40.02219949999999], [116.32542550000001, 40.021157899999984], [116.3239837, 40.0207054], [116.3235006, 40.02064569999999], [116.3232925, 40.0205944], [116.3229357, 40.020409499999985], [116.32281710000001, 40.0203619], [116.32262892896347, 40.02028634583738], [116.3228126, 40.0206691], [116.33076704631569, 40.02297785267653]]]}}, {"type": "Feature", "id": "LU-0191", "properties": {"id": "LU-0191", "layer": "LAND_USE", "land_use_code": "07", "name_zh": "居住用地", "area_sqm": 1257.6, "classification_basis": "design_proposal", "evidence_share": 0.0, "source_type": "agent_generated_design", "confidence": "low", "geometry_role": "design_proposal", "source_id": "OSM-DERIVED-CORRIDOR-20260808", "usage_note": "codes are concept proposals except where classification_basis=osm_evidenced; no approved control-plan status is claimed"}, "geometry": {"type": "Polygon", "coordinates": [[[116.33082160081518, 40.02146025142562], [116.3309007, 40.0198343], [116.33092480000002, 40.01947669999999], [116.3308084, 40.0197554], [116.3308033, 40.02017599999999], [116.3307948, 40.02087379999999], [116.33075800000002, 40.0214178], [116.33082160081518, 40.02146025142562]]]}}, {"type": "Feature", "id": "LU-0192", "properties": {"id": "LU-0192", "layer": "LAND_USE", "land_use_code": "07", "name_zh": "居住用地", "area_sqm": 3408.2, "classification_basis": "design_proposal", "evidence_share": 0.0, "source_type": "agent_generated_design", "confidence": "low", "geometry_role": "design_proposal", "source_id": "OSM-DERIVED-CORRIDOR-20260808", "usage_note": "codes are concept proposals except where classification_basis=osm_evidenced; no approved control-plan status is claimed"}, "geometry": {"type": "Polygon", "coordinates": [[[116.34300719999999, 39.99964119999999], [116.3438562052214, 39.9996536806444], [116.3386276, 39.9994753], [116.33448200000001, 39.9993338], [116.33425340000001, 39.999326], [116.33394167815266, 39.99932004111013], [116.33394979999998, 39.99937849999999], [116.3340615, 39.999381199999995], [116.3340962, 39.999382], [116.3345914, 39.99939450000001], [116.33709220000001, 39.9994574], [116.3375316, 39.9994729], [116.3392832, 39.999534499999996], [116.3408595, 39.99959359999999], [116.34143060000001, 39.9996044], [116.34259, 39.99963019999999], [116.3426882, 39.99963229999999], [116.342785, 39.99963449999999], [116.34290540000002, 39.99963809999999], [116.34300719999999, 39.99964119999999]]]}}, {"type": "Feature", "id": "LU-0193", "properties": {"id": "LU-0193", "layer": "LAND_USE", "land_use_code": "07", "name_zh": "居住用地", "area_sqm": 377.5, "classification_basis": "design_proposal", "evidence_share": 0.0, "source_type": "agent_generated_design", "confidence": "low", "geometry_role": "design_proposal", "source_id": "OSM-DERIVED-CORRIDOR-20260808", "usage_note": "codes are concept proposals except where classification_basis=osm_evidenced; no approved control-plan status is claimed"}, "geometry": {"type": "Polygon", "coordinates": [[[116.33104519999999, 39.9991033], [116.33104107193608, 39.99922457336827], [116.33136260708815, 39.99923358317344], [116.33136725151716, 39.99910795086145], [116.331225, 39.9991059], [116.33117299999999, 39.9991046], [116.33104519999999, 39.9991033]]]}}, {"type": "Feature", "id": "LU-0194", "properties": {"id": "LU-0194", "layer": "LAND_USE", "land_use_code": "07", "name_zh": "居住用地", "area_sqm": 782.3, "classification_basis": "design_proposal", "evidence_share": 0.0, "source_type": "agent_generated_design", "confidence": "low", "geometry_role": "design_proposal", "source_id": "OSM-DERIVED-CORRIDOR-20260808", "usage_note": "codes are concept proposals except where classification_basis=osm_evidenced; no approved control-plan status is claimed"}, "geometry": {"type": "Polygon", "coordinates": [[[116.3320453, 39.99931409999999], [116.33365630000002, 39.99936969999999], [116.3336898, 39.9993706], [116.33379610000001, 39.9993739], [116.33378461832544, 39.999317038428956], [116.33362570000001, 39.99931399999999], [116.3327238, 39.99929399999999], [116.33254899999999, 39.999290099999996], [116.33190244915781, 39.999275743999824], [116.3319481, 39.99928599999999], [116.3320453, 39.99931409999999]]]}}, {"type": "Feature", "id": "LU-0195", "properties": {"id": "LU-0195", "layer": "LAND_USE", "land_use_code": "07", "name_zh": "居住用地", "area_sqm": 7698.8, "classification_basis": "design_proposal", "evidence_share": 0.0, "source_type": "agent_generated_design", "confidence": "low", "geometry_role": "design_proposal", "source_id": "OSM-DERIVED-CORRIDOR-20260808", "usage_note": "codes are concept proposals except where classification_basis=osm_evidenced; no approved control-plan status is claimed"}, "geometry": {"type": "Polygon", "coordinates": [[[116.32113196052202, 40.01928301538872], [116.3210056, 40.0194883], [116.32081666530796, 40.01978579732719], [116.32123749999998, 40.0199143], [116.32195470000002, 40.02007650000001], [116.3224749, 40.020224500000005], [116.32260311259704, 40.02023254645515], [116.32249683608352, 40.02001107318614], [116.3224442, 40.0199438], [116.32236, 40.01980689999999], [116.32232173960482, 40.01968113394302], [116.32113196052202, 40.01928301538872]]]}}, {"type": "Feature", "id": "LU-0196", "properties": {"id": "LU-0196", "layer": "LAND_USE", "land_use_code": "07", "name_zh": "居住用地", "area_sqm": 1390.3, "classification_basis": "design_proposal", "evidence_share": 0.0, "source_type": "agent_generated_design", "confidence": "low", "geometry_role": "design_proposal", "source_id": "OSM-DERIVED-CORRIDOR-20260808", "usage_note": "codes are concept proposals except where classification_basis=osm_evidenced; no approved control-plan status is claimed"}, "geometry": {"type": "Polygon", "coordinates": [[[116.3210056, 40.0194883], [116.32113196052202, 40.01928301538872], [116.3208929629596, 40.019203041066895], [116.3207609, 40.019412499999994], [116.32057594139343, 40.01971229092072], [116.32081666530796, 40.01978579732719], [116.3210056, 40.0194883]]]}}, {"type": "Feature", "id": "LU-0197", "properties": {"id": "LU-0197", "layer": "LAND_USE", "land_use_code": "07", "name_zh": "居住用地", "area_sqm": 4484.7, "classification_basis": "design_proposal", "evidence_share": 0.0, "source_type": "agent_generated_design", "confidence": "low", "geometry_role": "design_proposal", "source_id": "OSM-DERIVED-CORRIDOR-20260808", "usage_note": "codes are concept proposals except where classification_basis=osm_evidenced; no approved control-plan status is claimed"}, "geometry": {"type": "Polygon", "coordinates": [[[116.32081666530796, 40.01978579732719], [116.32072828704982, 40.0199249570782], [116.32127580000001, 40.02010140000001], [116.3228126, 40.0206691], [116.32262892896347, 40.02028634583738], [116.3224749, 40.020224500000005], [116.32195470000002, 40.02007650000001], [116.32123749999998, 40.0199143], [116.32081666530796, 40.01978579732719]]]}}, {"type": "Feature", "id": "LU-0198", "properties": {"id": "LU-0198", "layer": "LAND_USE", "land_use_code": "07", "name_zh": "居住用地", "area_sqm": 373.0, "classification_basis": "design_proposal", "evidence_share": 0.0, "source_type": "agent_generated_design", "confidence": "low", "geometry_role": "design_proposal", "source_id": "OSM-DERIVED-CORRIDOR-20260808", "usage_note": "codes are concept proposals except where classification_basis=osm_evidenced; no approved control-plan status is claimed"}, "geometry": {"type": "Polygon", "coordinates": [[[116.32072828704982, 40.0199249570782], [116.32081666530796, 40.01978579732719], [116.32057594139343, 40.01971229092072], [116.32049176180503, 40.019848732769965], [116.32072828704982, 40.0199249570782]]]}}, {"type": "Feature", "id": "LU-0199", "properties": {"id": "LU-0199", "layer": "LAND_USE", "land_use_code": "07", "name_zh": "居住用地", "area_sqm": 454.8, "classification_basis": "design_proposal", "evidence_share": 0.0, "source_type": "agent_generated_design", "confidence": "low", "geometry_role": "design_proposal", "source_id": "OSM-DERIVED-CORRIDOR-20260808", "usage_note": "codes are concept proposals except where classification_basis=osm_evidenced; no approved control-plan status is claimed"}, "geometry": {"type": "Polygon", "coordinates": [[[116.32062092847936, 40.0200940022222], [116.32072828704982, 40.0199249570782], [116.32049176180503, 40.019848732769965], [116.32038666803668, 40.020019072345754], [116.32062092847936, 40.0200940022222]]]}}, {"type": "Feature", "id": "LU-0200", "properties": {"id": "LU-0200", "layer": "LAND_USE", "land_use_code": "16", "name_zh": "留白用地（干线限界预留）", "area_sqm": 545.0, "classification_basis": "design_proposal", "evidence_share": 0.0, "source_type": "agent_generated_design", "confidence": "low", "geometry_role": "design_proposal", "source_id": "OSM-DERIVED-CORRIDOR-20260808", "usage_note": "codes are concept proposals except where classification_basis=osm_evidenced; no approved control-plan status is claimed"}, "geometry": {"type": "Polygon", "coordinates": [[[116.31920778283273, 40.019434937214534], [116.31913548508956, 40.01961976863007], [116.31924940000002, 40.0196553], [116.31941403973815, 40.01970796343296], [116.31948499557751, 40.019524277841334], [116.31920778283273, 40.019434937214534]]]}}, {"type": "Feature", "id": "LU-0201", "properties": {"id": "LU-0201", "layer": "LAND_USE", "land_use_code": "07", "name_zh": "居住用地", "area_sqm": 1925.9, "classification_basis": "design_proposal", "evidence_share": 0.0, "source_type": "agent_generated_design", "confidence": "low", "geometry_role": "design_proposal", "source_id": "OSM-DERIVED-CORRIDOR-20260808", "usage_note": "codes are concept proposals except where classification_basis=osm_evidenced; no approved control-plan status is claimed"}, "geometry": {"type": "Polygon", "coordinates": [[[116.32049176180503, 40.019848732769965], [116.31948499557751, 40.019524277841334], [116.31941403973815, 40.01970796343296], [116.32038666803668, 40.020019072345754], [116.32049176180503, 40.019848732769965]]]}}, {"type": "Feature", "id": "LU-0202", "properties": {"id": "LU-0202", "layer": "LAND_USE", "land_use_code": "07", "name_zh": "居住用地", "area_sqm": 1899.4, "classification_basis": "design_proposal", "evidence_share": 0.0, "source_type": "agent_generated_design", "confidence": "low", "geometry_role": "design_proposal", "source_id": "OSM-DERIVED-CORRIDOR-20260808", "usage_note": "codes are concept proposals except where classification_basis=osm_evidenced; no approved control-plan status is claimed"}, "geometry": {"type": "Polygon", "coordinates": [[[116.32049176180503, 40.019848732769965], [116.32057594139343, 40.01971229092072], [116.32008179999998, 40.01956140000001], [116.31925916138994, 40.01930358569534], [116.31920778283273, 40.019434937214534], [116.32049176180503, 40.019848732769965]]]}}, {"type": "Feature", "id": "LU-0203", "properties": {"id": "LU-0203", "layer": "LAND_USE", "land_use_code": "16", "name_zh": "留白用地（干线限界预留）", "area_sqm": 1527.1, "classification_basis": "design_proposal", "evidence_share": 0.0, "source_type": "agent_generated_design", "confidence": "low", "geometry_role": "design_proposal", "source_id": "OSM-DERIVED-CORRIDOR-20260808", "usage_note": "codes are concept proposals except where classification_basis=osm_evidenced; no approved control-plan status is claimed"}, "geometry": {"type": "Polygon", "coordinates": [[[116.31947036665234, 40.018789950985905], [116.31933500000001, 40.019109699999994], [116.31925916138994, 40.01930358569534], [116.31953665223527, 40.01939055197936], [116.31962063236836, 40.019173147722775], [116.3197465532752, 40.018865758926644], [116.31947036665234, 40.018789950985905]]]}}, {"type": "Feature", "id": "LU-0204", "properties": {"id": "LU-0204", "layer": "LAND_USE", "land_use_code": "07", "name_zh": "居住用地", "area_sqm": 6275.6, "classification_basis": "design_proposal", "evidence_share": 0.0, "source_type": "agent_generated_design", "confidence": "low", "geometry_role": "design_proposal", "source_id": "OSM-DERIVED-CORRIDOR-20260808", "usage_note": "codes are concept proposals except where classification_basis=osm_evidenced; no approved control-plan status is claimed"}, "geometry": {"type": "Polygon", "coordinates": [[[116.3207609, 40.019412499999994], [116.3208929629596, 40.019203041066895], [116.3205169, 40.0190772], [116.3197465532752, 40.018865758926644], [116.31962063236836, 40.019173147722775], [116.31953665223527, 40.01939055197936], [116.32008179999998, 40.01956140000001], [116.32057594139343, 40.01971229092072], [116.3207609, 40.019412499999994]]]}}, {"type": "Feature", "id": "LU-0205", "properties": {"id": "LU-0205", "layer": "LAND_USE", "land_use_code": "07", "name_zh": "居住用地", "area_sqm": 263.0, "classification_basis": "design_proposal", "evidence_share": 0.0, "source_type": "agent_generated_design", "confidence": "low", "geometry_role": "design_proposal", "source_id": "OSM-DERIVED-CORRIDOR-20260808", "usage_note": "codes are concept proposals except where classification_basis=osm_evidenced; no approved control-plan status is claimed"}, "geometry": {"type": "Polygon", "coordinates": [[[116.32190222959514, 40.01759543355946], [116.32192743143001, 40.01755414896242], [116.32173730000001, 40.0166524], [116.321654, 40.016282699999984], [116.32149129821973, 40.016121453671516], [116.32147327131807, 40.016137131276345], [116.3215152, 40.0161704], [116.32157380000001, 40.01622209999999], [116.32166610000002, 40.01636299999999], [116.3217788, 40.0169111], [116.3218336, 40.01722000000001], [116.3218637, 40.0173914], [116.32190222959514, 40.01759543355946]]]}}, {"type": "Feature", "id": "LU-0206", "properties": {"id": "LU-0206", "layer": "LAND_USE", "land_use_code": "07", "name_zh": "居住用地", "area_sqm": 1622.1, "classification_basis": "design_proposal", "evidence_share": 0.0, "source_type": "agent_generated_design", "confidence": "low", "geometry_role": "design_proposal", "source_id": "OSM-DERIVED-CORRIDOR-20260808", "usage_note": "codes are concept proposals except where classification_basis=osm_evidenced; no approved control-plan status is claimed"}, "geometry": {"type": "Polygon", "coordinates": [[[116.32192743143001, 40.01755414896242], [116.3220226318414, 40.017398195103006], [116.32198330000001, 40.017204200000016], [116.32194039999999, 40.016989699999996], [116.32188190000001, 40.01669390000001], [116.3218331, 40.0165003], [116.3218211, 40.016372499999996], [116.3217305, 40.016257499999995], [116.3216411, 40.0161872], [116.3215827, 40.0161534], [116.32152287211599, 40.01609399451539], [116.32149129821973, 40.016121453671516], [116.321654, 40.016282699999984], [116.32173730000001, 40.0166524], [116.32192743143001, 40.01755414896242]]]}}, {"type": "Feature", "id": "LU-0207", "properties": {"id": "LU-0207", "layer": "LAND_USE", "land_use_code": "07", "name_zh": "居住用地", "area_sqm": 369.9, "classification_basis": "design_proposal", "evidence_share": 0.0, "source_type": "agent_generated_design", "confidence": "low", "geometry_role": "design_proposal", "source_id": "OSM-DERIVED-CORRIDOR-20260808", "usage_note": "codes are concept proposals except where classification_basis=osm_evidenced; no approved control-plan status is claimed"}, "geometry": {"type": "Polygon", "coordinates": [[[116.3220226318414, 40.017398195103006], [116.32192743143001, 40.01755414896242], [116.3219937126236, 40.01786849968662], [116.32208230501828, 40.017715816161584], [116.3220453, 40.017509999999994], [116.3220226318414, 40.017398195103006]]]}}, {"type": "Feature", "id": "LU-0208", "properties": {"id": "LU-0208", "layer": "LAND_USE", "land_use_code": "07", "name_zh": "居住用地", "area_sqm": 3921.9, "classification_basis": "design_proposal", "evidence_share": 0.0, "source_type": "agent_generated_design", "confidence": "low", "geometry_role": "design_proposal", "source_id": "OSM-DERIVED-CORRIDOR-20260808", "usage_note": "codes are concept proposals except where classification_basis=osm_evidenced; no approved control-plan status is claimed"}, "geometry": {"type": "Polygon", "coordinates": [[[116.3263947, 40.01274149999999], [116.3261975, 40.012918600000006], [116.3259843, 40.013096899999994], [116.3261028, 40.01304319999999], [116.3262005, 40.01300989999999], [116.32630180000001, 40.012991899999996], [116.3264013, 40.012986399999996], [116.3265429, 40.013030500000006], [116.327338, 40.013297699999995], [116.327773, 40.01341440000001], [116.3280721, 40.013466799999996], [116.3283716, 40.0135156], [116.32871, 40.01354260000001], [116.32880439999998, 40.0135427], [116.3290075, 40.0135541], [116.33010700000001, 40.013588899999995], [116.3309661, 40.01360760000001], [116.3310654, 40.013602899999995], [116.33107169999998, 40.01351320000001], [116.3309761, 40.013512], [116.3309346, 40.0135139], [116.3295557, 40.01348550000001], [116.32939990000001, 40.01348240000001], [116.3287233, 40.0134701], [116.3281393, 40.0134073], [116.3277469, 40.013341999999994], [116.3273687, 40.0132282], [116.3265815, 40.012980699999986], [116.3264691, 40.012943799999995], [116.32641530000001, 40.0129134], [116.3263907, 40.0128696], [116.3263785, 40.01281430000001], [116.3263947, 40.01274149999999]]]}}, {"type": "Feature", "id": "LU-0209", "properties": {"id": "LU-0209", "layer": "LAND_USE", "land_use_code": "07", "name_zh": "居住用地", "area_sqm": 995.9, "classification_basis": "design_proposal", "evidence_share": 0.0, "source_type": "agent_generated_design", "confidence": "low", "geometry_role": "design_proposal", "source_id": "OSM-DERIVED-CORRIDOR-20260808", "usage_note": "codes are concept proposals except where classification_basis=osm_evidenced; no approved control-plan status is claimed"}, "geometry": {"type": "Polygon", "coordinates": [[[116.32249138116956, 40.01973789727586], [116.32237995226927, 40.01970061237322], [116.32240510000001, 40.0198199], [116.32249683608352, 40.02001107318614], [116.3225733, 40.020108799999996], [116.3226236, 40.02018470000001], [116.32261989999999, 40.020233600000005], [116.32260311259704, 40.02023254645515], [116.32262892896347, 40.02028634583738], [116.32281710000001, 40.0203619], [116.3228294, 40.02025549999999], [116.3227485, 40.020080099999994], [116.3226651, 40.01995879999999], [116.32261330000001, 40.0199024], [116.3225014, 40.0197765], [116.32249138116956, 40.01973789727586]]]}}, {"type": "Feature", "id": "LU-0210", "properties": {"id": "LU-0210", "layer": "LAND_USE", "land_use_code": "07", "name_zh": "居住用地", "area_sqm": 281.9, "classification_basis": "design_proposal", "evidence_share": 0.0, "source_type": "agent_generated_design", "confidence": "low", "geometry_role": "design_proposal", "source_id": "OSM-DERIVED-CORRIDOR-20260808", "usage_note": "codes are concept proposals except where classification_basis=osm_evidenced; no approved control-plan status is claimed"}, "geometry": {"type": "Polygon", "coordinates": [[[116.31947036665234, 40.018789950985905], [116.31941537823145, 40.01877485761867], [116.3192846, 40.01909409999999], [116.31920966944587, 40.01928807471078], [116.31925916138994, 40.01930358569534], [116.31933500000001, 40.019109699999994], [116.31947036665234, 40.018789950985905]]]}}, {"type": "Feature", "id": "LU-0211", "properties": {"id": "LU-0211", "layer": "LAND_USE", "land_use_code": "16", "name_zh": "留白用地（干线限界预留）", "area_sqm": 1004.6, "classification_basis": "design_proposal", "evidence_share": 0.0, "source_type": "agent_generated_design", "confidence": "low", "geometry_role": "design_proposal", "source_id": "OSM-DERIVED-CORRIDOR-20260808", "usage_note": "codes are concept proposals except where classification_basis=osm_evidenced; no approved control-plan status is claimed"}, "geometry": {"type": "Polygon", "coordinates": [[[116.31922482104348, 40.01872255272484], [116.319162, 40.01888259999999], [116.31902597684618, 40.01923050442757], [116.31920966944587, 40.01928807471078], [116.3192846, 40.01909409999999], [116.31941537823145, 40.01877485761867], [116.31922482104348, 40.01872255272484]]]}}, {"type": "Feature", "id": "LU-0212", "properties": {"id": "LU-0212", "layer": "LAND_USE", "land_use_code": "07", "name_zh": "居住用地", "area_sqm": 205.9, "classification_basis": "design_proposal", "evidence_share": 0.0, "source_type": "agent_generated_design", "confidence": "low", "geometry_role": "design_proposal", "source_id": "OSM-DERIVED-CORRIDOR-20260808", "usage_note": "codes are concept proposals except where classification_basis=osm_evidenced; no approved control-plan status is claimed"}, "geometry": {"type": "Polygon", "coordinates": [[[116.31922482104348, 40.01872255272484], [116.31918755667041, 40.01871232420586], [116.3191194, 40.0188725], [116.3189920948306, 40.01921988557303], [116.31902597684618, 40.01923050442757], [116.319162, 40.01888259999999], [116.31922482104348, 40.01872255272484]]]}}, {"type": "Feature", "id": "LU-0213", "properties": {"id": "LU-0213", "layer": "LAND_USE", "land_use_code": "05", "name_zh": "商业服务业用地", "area_sqm": 694.3, "classification_basis": "osm_evidenced", "evidence_share": 0.773, "source_type": "osm", "confidence": "medium", "geometry_role": "existing_condition", "source_id": "OSM-DERIVED-CORRIDOR-20260808", "usage_note": "codes are concept proposals except where classification_basis=osm_evidenced; no approved control-plan status is claimed"}, "geometry": {"type": "Polygon", "coordinates": [[[116.34630736571543, 39.94217255126935], [116.34635771351822, 39.94218573641368], [116.3465728, 39.941620900000004], [116.34664506882922, 39.941429999346525], [116.34653888882502, 39.94140775002042], [116.3464291, 39.9416932], [116.34630736571543, 39.94217255126935]]]}}, {"type": "Feature", "id": "LU-0214", "properties": {"id": "LU-0214", "layer": "LAND_USE", "land_use_code": "05", "name_zh": "商业服务业用地", "area_sqm": 803.6, "classification_basis": "osm_evidenced", "evidence_share": 0.685, "source_type": "osm", "confidence": "medium", "geometry_role": "existing_condition", "source_id": "OSM-DERIVED-CORRIDOR-20260808", "usage_note": "codes are concept proposals except where classification_basis=osm_evidenced; no approved control-plan status is claimed"}, "geometry": {"type": "Polygon", "coordinates": [[[116.34635771351822, 39.94218573641368], [116.34644620347719, 39.94220891020751], [116.34651720000001, 39.942058800000005], [116.34675278410191, 39.94145257026426], [116.34664506882922, 39.941429999346525], [116.3465728, 39.941620900000004], [116.34635771351822, 39.94218573641368]]]}}, {"type": "Feature", "id": "LU-0215", "properties": {"id": "LU-0215", "layer": "LAND_USE", "land_use_code": "07", "name_zh": "居住用地", "area_sqm": 373.8, "classification_basis": "design_proposal", "evidence_share": 0.0, "source_type": "agent_generated_design", "confidence": "low", "geometry_role": "design_proposal", "source_id": "OSM-DERIVED-CORRIDOR-20260808", "usage_note": "codes are concept proposals except where classification_basis=osm_evidenced; no approved control-plan status is claimed"}, "geometry": {"type": "Polygon", "coordinates": [[[116.34644620347719, 39.94220891020751], [116.34635771351822, 39.94218573641368], [116.3463313, 39.94225510000001], [116.3462506, 39.94243869999998], [116.3460778, 39.94288790000001], [116.3462591, 39.94256399999999], [116.346379, 39.942351], [116.34644620347719, 39.94220891020751]]]}}, {"type": "Feature", "id": "LU-0216", "properties": {"id": "LU-0216", "layer": "LAND_USE", "land_use_code": "05", "name_zh": "商业服务业用地", "area_sqm": 1472.9, "classification_basis": "osm_evidenced", "evidence_share": 0.487, "source_type": "osm", "confidence": "medium", "geometry_role": "existing_condition", "source_id": "OSM-DERIVED-CORRIDOR-20260808", "usage_note": "codes are concept proposals except where classification_basis=osm_evidenced; no approved control-plan status is claimed"}, "geometry": {"type": "Polygon", "coordinates": [[[116.34644620347719, 39.94220891020751], [116.3465317, 39.94223129999999], [116.34677240000002, 39.9419921], [116.3468657, 39.9417495], [116.34696099999998, 39.94149620000001], [116.34675278410191, 39.94145257026426], [116.34651720000001, 39.942058800000005], [116.34644620347719, 39.94220891020751]]]}}, {"type": "Feature", "id": "LU-0217", "properties": {"id": "LU-0217", "layer": "LAND_USE", "land_use_code": "07", "name_zh": "居住用地", "area_sqm": 979.7, "classification_basis": "design_proposal", "evidence_share": 0.0, "source_type": "agent_generated_design", "confidence": "low", "geometry_role": "design_proposal", "source_id": "OSM-DERIVED-CORRIDOR-20260808", "usage_note": "codes are concept proposals except where classification_basis=osm_evidenced; no approved control-plan status is claimed"}, "geometry": {"type": "Polygon", "coordinates": [[[116.32097229999998, 40.01199919999999], [116.320726642702, 40.01199173519909], [116.3207736719232, 40.01209076367202], [116.32094010000002, 40.0120937], [116.32111419999998, 40.0120937], [116.3214604, 40.012093699999994], [116.3220384, 40.012105999999996], [116.3218858, 40.012029399999996], [116.3214915, 40.012012299999995], [116.32097229999998, 40.01199919999999]]]}}, {"type": "Feature", "id": "LU-0218", "properties": {"id": "LU-0218", "layer": "LAND_USE", "land_use_code": "1401", "name_zh": "公园绿地", "area_sqm": 360.1, "classification_basis": "osm_evidenced", "evidence_share": 0.352, "source_type": "osm", "confidence": "medium", "geometry_role": "existing_condition", "source_id": "OSM-DERIVED-CORRIDOR-20260808", "usage_note": "codes are concept proposals except where classification_basis=osm_evidenced; no approved control-plan status is claimed"}, "geometry": {"type": "Polygon", "coordinates": [[[116.33236988900123, 39.98486524146271], [116.33213969692169, 39.9848543898095], [116.33211268196366, 39.9850173882519], [116.33234513204263, 39.98502808254997], [116.33236988900123, 39.98486524146271]]]}}, {"type": "Feature", "id": "LU-0219", "properties": {"id": "LU-0219", "layer": "LAND_USE", "land_use_code": "16", "name_zh": "留白用地（干线限界预留）", "area_sqm": 1346.5, "classification_basis": "design_proposal", "evidence_share": 0.0, "source_type": "agent_generated_design", "confidence": "low", "geometry_role": "design_proposal", "source_id": "OSM-DERIVED-CORRIDOR-20260808", "usage_note": "codes are concept proposals except where classification_basis=osm_evidenced; no approved control-plan status is claimed"}, "geometry": {"type": "Polygon", "coordinates": [[[116.33152287277481, 39.99911078104847], [116.3315581, 39.99817079999999], [116.33175750000001, 39.993080500000005], [116.33175883334333, 39.99304646541668], [116.3315221, 39.9980986], [116.33149400000002, 39.9986864], [116.33147626105301, 39.99910971258224], [116.33152287277481, 39.99911078104847]]]}}, {"type": "Feature", "id": "LU-0220", "properties": {"id": "LU-0220", "layer": "LAND_USE", "land_use_code": "07", "name_zh": "居住用地", "area_sqm": 1543.2, "classification_basis": "design_proposal", "evidence_share": 0.0, "source_type": "agent_generated_design", "confidence": "low", "geometry_role": "design_proposal", "source_id": "OSM-DERIVED-CORRIDOR-20260808", "usage_note": "codes are concept proposals except where classification_basis=osm_evidenced; no approved control-plan status is claimed"}, "geometry": {"type": "Polygon", "coordinates": [[[116.33377090000002, 39.9992491], [116.33365510000002, 39.99923879999999], [116.3336013, 39.99923400000001], [116.3325131, 39.99920289999999], [116.33248509999999, 39.999201600000006], [116.3322365, 39.9991899], [116.3320847, 39.9991585], [116.3319389, 39.99913709999999], [116.3318798, 39.99913180000001], [116.331793, 39.999124], [116.3316183930287, 39.99911476315788], [116.33161197970107, 39.99924057028107], [116.33254830000001, 39.999266799999994], [116.3327213, 39.99927160000001], [116.33296510000001, 39.9992784], [116.33362629999999, 39.999296999999984], [116.33378117096233, 39.999299965772], [116.33377090000002, 39.9992491]]]}}, {"type": "Feature", "id": "LU-0221", "properties": {"id": "LU-0221", "layer": "LAND_USE", "land_use_code": "07", "name_zh": "居住用地", "area_sqm": 203.2, "classification_basis": "design_proposal", "evidence_share": 0.0, "source_type": "agent_generated_design", "confidence": "low", "geometry_role": "design_proposal", "source_id": "OSM-DERIVED-CORRIDOR-20260808", "usage_note": "codes are concept proposals except where classification_basis=osm_evidenced; no approved control-plan status is claimed"}, "geometry": {"type": "Polygon", "coordinates": [[[116.33378461832544, 39.999317038428956], [116.33378117096233, 39.999299965772], [116.33362629999999, 39.999296999999984], [116.33296510000001, 39.9992784], [116.3327213, 39.99927160000001], [116.33263600000001, 39.9992808], [116.3327238, 39.99929399999999], [116.33362570000001, 39.99931399999999], [116.33378461832544, 39.999317038428956]]]}}, {"type": "Feature", "id": "LU-0222", "properties": {"id": "LU-0222", "layer": "LAND_USE", "land_use_code": "07", "name_zh": "居住用地", "area_sqm": 707.4, "classification_basis": "design_proposal", "evidence_share": 0.0, "source_type": "agent_generated_design", "confidence": "low", "geometry_role": "design_proposal", "source_id": "OSM-DERIVED-CORRIDOR-20260808", "usage_note": "codes are concept proposals except where classification_basis=osm_evidenced; no approved control-plan status is claimed"}, "geometry": {"type": "Polygon", "coordinates": [[[116.33454320000001, 39.98462469999998], [116.33464960000002, 39.98462889999999], [116.33465210000001, 39.98459110000001], [116.33465180000002, 39.98455200000001], [116.3346456, 39.9838624], [116.33456960000001, 39.9837833], [116.33454619999999, 39.9845477], [116.33454499999999, 39.98458719999999], [116.33454320000001, 39.98462469999998]]]}}, {"type": "Feature", "id": "LU-0223", "properties": {"id": "LU-0223", "layer": "LAND_USE", "land_use_code": "16", "name_zh": "留白用地（干线限界预留）", "area_sqm": 1189.9, "classification_basis": "design_proposal", "evidence_share": 0.0, "source_type": "agent_generated_design", "confidence": "low", "geometry_role": "design_proposal", "source_id": "OSM-DERIVED-CORRIDOR-20260808", "usage_note": "codes are concept proposals except where classification_basis=osm_evidenced; no approved control-plan status is claimed"}, "geometry": {"type": "Polygon", "coordinates": [[[116.33179792273059, 39.98941377741829], [116.3317991, 39.9893859], [116.3318755, 39.987385999999994], [116.3318929, 39.9866272], [116.33194666813047, 39.986154472125705], [116.331908411592, 39.986186600720174], [116.33187930000001, 39.98646289999999], [116.3318619, 39.9866283], [116.3318362, 39.987386400000005], [116.33175569999999, 39.989386499999995], [116.33175462185702, 39.98941201476605], [116.33179792273059, 39.98941377741829]]]}}, {"type": "Feature", "id": "LU-0224", "properties": {"id": "LU-0224", "layer": "LAND_USE", "land_use_code": "16", "name_zh": "留白用地（干线限界预留）", "area_sqm": 4941.0, "classification_basis": "design_proposal", "evidence_share": 0.0, "source_type": "agent_generated_design", "confidence": "low", "geometry_role": "design_proposal", "source_id": "OSM-DERIVED-CORRIDOR-20260808", "usage_note": "codes are concept proposals except where classification_basis=osm_evidenced; no approved control-plan status is claimed"}, "geometry": {"type": "Polygon", "coordinates": [[[116.3318255, 39.98941489999999], [116.3318926, 39.98941639999999], [116.33190097859901, 39.989416839355094], [116.33196360000001, 39.98781730000001], [116.3319872, 39.9875859], [116.33210750000002, 39.98664409999999], [116.3322598, 39.98558899999999], [116.3322902, 39.98538939999999], [116.33229714724168, 39.98534370449538], [116.33227860000001, 39.9854161], [116.3322227, 39.98559209999999], [116.3321578, 39.9858056], [116.3320988, 39.985937099999994], [116.33202510000001, 39.9860604], [116.3319614, 39.9861421], [116.33194666813047, 39.986154472125705], [116.3318929, 39.9866272], [116.3318755, 39.987385999999994], [116.3317991, 39.9893859], [116.33179792273059, 39.98941377741829], [116.3318255, 39.98941489999999]]]}}, {"type": "Feature", "id": "LU-0225", "properties": {"id": "LU-0225", "layer": "LAND_USE", "land_use_code": "16", "name_zh": "留白用地（干线限界预留）", "area_sqm": 1553.3, "classification_basis": "design_proposal", "evidence_share": 0.0, "source_type": "agent_generated_design", "confidence": "low", "geometry_role": "design_proposal", "source_id": "OSM-DERIVED-CORRIDOR-20260808", "usage_note": "codes are concept proposals except where classification_basis=osm_evidenced; no approved control-plan status is claimed"}, "geometry": {"type": "Polygon", "coordinates": [[[116.3343642, 39.97404439999998], [116.33457490000002, 39.9734882], [116.3348026, 39.9730579], [116.3353167, 39.9723591], [116.3376786, 39.9693362], [116.3380267, 39.968841100000006], [116.33813792503234, 39.96866508927683], [116.3380425, 39.9687992], [116.3378739, 39.9690394], [116.33768780000001, 39.9693024], [116.3351548, 39.972517199999984], [116.33499659999998, 39.9727309], [116.334829, 39.97295119999999], [116.33471350000002, 39.9731349], [116.3346031, 39.97333889999999], [116.3344765, 39.973627799999996], [116.33439980000001, 39.9738553], [116.33432090000001, 39.97419450000001], [116.3342789518123, 39.97437005043814], [116.3343642, 39.97404439999998]]]}}, {"type": "Feature", "id": "LU-0226", "properties": {"id": "LU-0226", "layer": "LAND_USE", "land_use_code": "16", "name_zh": "留白用地（干线限界预留）", "area_sqm": 1319.2, "classification_basis": "design_proposal", "evidence_share": 0.0, "source_type": "agent_generated_design", "confidence": "low", "geometry_role": "design_proposal", "source_id": "OSM-DERIVED-CORRIDOR-20260808", "usage_note": "codes are concept proposals except where classification_basis=osm_evidenced; no approved control-plan status is claimed"}, "geometry": {"type": "Polygon", "coordinates": [[[116.3337945, 39.976930599999996], [116.33378690636803, 39.9769679758053], [116.3337716, 39.9770479], [116.33369749999999, 39.977503099999986], [116.33367409999998, 39.97782209999999], [116.33365924224199, 39.97802404822599], [116.3337189, 39.977669299999995], [116.33397620000001, 39.976246599999996], [116.3340975, 39.9755852], [116.33416619626328, 39.97521741759321], [116.33410934417144, 39.975216836424366], [116.33409920000001, 39.97527230000001], [116.33389340000001, 39.97641189999999], [116.33380126918956, 39.976892978283054], [116.3337945, 39.976930599999996]]]}}, {"type": "Feature", "id": "LU-0227", "properties": {"id": "LU-0227", "layer": "LAND_USE", "land_use_code": "16", "name_zh": "留白用地（干线限界预留）", "area_sqm": 3277.0, "classification_basis": "design_proposal", "evidence_share": 0.0, "source_type": "agent_generated_design", "confidence": "low", "geometry_role": "design_proposal", "source_id": "OSM-DERIVED-CORRIDOR-20260808", "usage_note": "codes are concept proposals except where classification_basis=osm_evidenced; no approved control-plan status is claimed"}, "geometry": {"type": "Polygon", "coordinates": [[[116.33355759999999, 39.97809659999999], [116.33310427806182, 39.9806374506575], [116.33260950000002, 39.9836442], [116.33259900000002, 39.98392020000001], [116.33258835945827, 39.984060914027026], [116.3325992, 39.98399229999999], [116.3326552, 39.9836098], [116.3328932, 39.98227789999999], [116.33300109072947, 39.98166965131494], [116.33302890000002, 39.98150329999999], [116.3330433, 39.9814145], [116.33316070000001, 39.9807143], [116.3331788, 39.980606400000006], [116.33369749999999, 39.977503099999986], [116.3337716, 39.9770479], [116.33376176102837, 39.97709174069123], [116.33355759999999, 39.97809659999999]]]}}, {"type": "Feature", "id": "LU-0228", "properties": {"id": "LU-0228", "layer": "LAND_USE", "land_use_code": "16", "name_zh": "留白用地（干线限界预留）", "area_sqm": 653.5, "classification_basis": "design_proposal", "evidence_share": 0.0, "source_type": "agent_generated_design", "confidence": "low", "geometry_role": "design_proposal", "source_id": "OSM-DERIVED-CORRIDOR-20260808", "usage_note": "codes are concept proposals except where classification_basis=osm_evidenced; no approved control-plan status is claimed"}, "geometry": {"type": "Polygon", "coordinates": [[[116.33355759999999, 39.97809659999999], [116.33376176102837, 39.97709174069123], [116.33371389999999, 39.977304999999994], [116.33363530000001, 39.9775775], [116.3335896, 39.97774249999999], [116.33357220000002, 39.9778277], [116.33352909999999, 39.97805559999999], [116.33310427806182, 39.9806374506575], [116.33355759999999, 39.97809659999999]]]}}, {"type": "Feature", "id": "LU-0229", "properties": {"id": "LU-0229", "layer": "LAND_USE", "land_use_code": "16", "name_zh": "留白用地（干线限界预留）", "area_sqm": 535.0, "classification_basis": "design_proposal", "evidence_share": 0.0, "source_type": "agent_generated_design", "confidence": "low", "geometry_role": "design_proposal", "source_id": "OSM-DERIVED-CORRIDOR-20260808", "usage_note": "codes are concept proposals except where classification_basis=osm_evidenced; no approved control-plan status is claimed"}, "geometry": {"type": "Polygon", "coordinates": [[[116.33262168830505, 39.983342128018585], [116.33260950000002, 39.9836442], [116.33310427806182, 39.9806374506575], [116.33262168830505, 39.983342128018585]]]}}, {"type": "Feature", "id": "LU-0230", "properties": {"id": "LU-0230", "layer": "LAND_USE", "land_use_code": "16", "name_zh": "留白用地（干线限界预留）", "area_sqm": 2643.2, "classification_basis": "design_proposal", "evidence_share": 0.0, "source_type": "agent_generated_design", "confidence": "low", "geometry_role": "design_proposal", "source_id": "OSM-DERIVED-CORRIDOR-20260808", "usage_note": "codes are concept proposals except where classification_basis=osm_evidenced; no approved control-plan status is claimed"}, "geometry": {"type": "Polygon", "coordinates": [[[116.33310427806182, 39.9806374506575], [116.33352909999999, 39.97805559999999], [116.33357220000002, 39.9778277], [116.3335896, 39.97774249999999], [116.33363530000001, 39.9775775], [116.3335444, 39.977828900000006], [116.3334732, 39.9780742], [116.33342419999998, 39.9783319], [116.3326755, 39.98286569999999], [116.3326398, 39.983082599999996], [116.3326243, 39.98327739999999], [116.33262168830505, 39.983342128018585], [116.33310427806182, 39.9806374506575]]]}}, {"type": "Feature", "id": "LU-0231", "properties": {"id": "LU-0231", "layer": "LAND_USE", "land_use_code": "16", "name_zh": "留白用地（干线限界预留）", "area_sqm": 12271.9, "classification_basis": "design_proposal", "evidence_share": 0.0, "source_type": "agent_generated_design", "confidence": "low", "geometry_role": "design_proposal", "source_id": "OSM-DERIVED-CORRIDOR-20260808", "usage_note": "codes are concept proposals except where classification_basis=osm_evidenced; no approved control-plan status is claimed"}, "geometry": {"type": "Polygon", "coordinates": [[[116.3315139, 39.9993502], [116.33127500000002, 40.0050128], [116.3312245, 40.00560060000001], [116.3311197, 40.006162999999994], [116.33097089999998, 40.00667579999999], [116.3309103, 40.0068648], [116.3307903, 40.007161100000005], [116.3304777, 40.0077278], [116.33029729999998, 40.0080068], [116.32999990000002, 40.0083956], [116.3297214, 40.00872230000001], [116.3294268, 40.009021000000004], [116.32895730000001, 40.0094666], [116.32483430000002, 40.013109499999985], [116.3216691, 40.015888700000005], [116.32148312378763, 40.01605452674617], [116.32152287211599, 40.01609399451539], [116.3217142, 40.0159276], [116.3248705, 40.013134], [116.32900659999999, 40.00949080000001], [116.32947679999998, 40.009048400000005], [116.3297702, 40.008754200000006], [116.330046, 40.0084323], [116.3303569, 40.0080352], [116.33053900000002, 40.00775159999999], [116.3308473, 40.0071783], [116.33096879999998, 40.00687370000001], [116.3310376, 40.0066602], [116.3311822, 40.0061579], [116.33129690000001, 40.0055994], [116.3313611, 40.005014799999984], [116.331548, 40.0004956], [116.33161051712933, 39.999269260764066], [116.33151701122266, 39.99926718402623], [116.3315139, 39.9993502]]]}}, {"type": "Feature", "id": "LU-0232", "properties": {"id": "LU-0232", "layer": "LAND_USE", "land_use_code": "16", "name_zh": "留白用地（干线限界预留）", "area_sqm": 20724.5, "classification_basis": "design_proposal", "evidence_share": 0.0, "source_type": "agent_generated_design", "confidence": "low", "geometry_role": "design_proposal", "source_id": "OSM-DERIVED-CORRIDOR-20260808", "usage_note": "codes are concept proposals except where classification_basis=osm_evidenced; no approved control-plan status is claimed"}, "geometry": {"type": "Polygon", "coordinates": [[[116.3309103, 40.0068648], [116.33097089999998, 40.00667579999999], [116.3311197, 40.006162999999994], [116.3312245, 40.00560060000001], [116.33127500000002, 40.0050128], [116.3315139, 39.9993502], [116.33151701122266, 39.99926718402623], [116.33146970616275, 39.999266133366405], [116.33140218577662, 39.999264633684525], [116.3313502, 40.0007037], [116.3313373, 40.0010623], [116.3312912, 40.002340600000004], [116.3312299, 40.0039807], [116.3310843, 40.00552269999999], [116.33103770000001, 40.005935100000016], [116.3309245, 40.0064078], [116.330766, 40.00685060000001], [116.3305868, 40.00725370000001], [116.3303939, 40.0076031], [116.33011009999998, 40.0080444], [116.32980480000002, 40.00844879999999], [116.3295552, 40.00875619999999], [116.3292704, 40.00904049999998], [116.3279791, 40.0101988], [116.32504440000001, 40.012818200000005], [116.32310600000001, 40.0144861], [116.3218256, 40.01562299999999], [116.3216585, 40.0157678], [116.3216075, 40.01580630000001], [116.32139688658289, 40.01596889803472], [116.32148312378763, 40.01605452674617], [116.3216691, 40.015888700000005], [116.32483430000002, 40.013109499999985], [116.32895730000001, 40.0094666], [116.3294268, 40.009021000000004], [116.3297214, 40.00872230000001], [116.32999990000002, 40.0083956], [116.33029729999998, 40.0080068], [116.3304777, 40.0077278], [116.3307903, 40.007161100000005], [116.3309103, 40.0068648]]]}}, {"type": "Feature", "id": "LU-0233", "properties": {"id": "LU-0233", "layer": "LAND_USE", "land_use_code": "16", "name_zh": "留白用地（干线限界预留）", "area_sqm": 10180.0, "classification_basis": "design_proposal", "evidence_share": 0.0, "source_type": "agent_generated_design", "confidence": "low", "geometry_role": "design_proposal", "source_id": "OSM-DERIVED-CORRIDOR-20260808", "usage_note": "codes are concept proposals except where classification_basis=osm_evidenced; no approved control-plan status is claimed"}, "geometry": {"type": "Polygon", "coordinates": [[[116.3216585, 40.0157678], [116.3218256, 40.01562299999999], [116.32310600000001, 40.0144861], [116.32504440000001, 40.012818200000005], [116.3279791, 40.0101988], [116.3292704, 40.00904049999998], [116.3295552, 40.00875619999999], [116.32980480000002, 40.00844879999999], [116.33011009999998, 40.0080444], [116.3303939, 40.0076031], [116.3305868, 40.00725370000001], [116.330766, 40.00685060000001], [116.3309245, 40.0064078], [116.33103770000001, 40.005935100000016], [116.3310843, 40.00552269999999], [116.3312299, 40.0039807], [116.3312912, 40.002340600000004], [116.3313373, 40.0010623], [116.3313502, 40.0007037], [116.33140218577662, 39.999264633684525], [116.33136149261034, 39.99926372983766], [116.331295, 40.00106230000001], [116.33124770000002, 40.0023407], [116.3311695, 40.0039713], [116.3310178, 40.0055204], [116.3309668, 40.0059291], [116.3308605, 40.0063948], [116.33070529999999, 40.0068393], [116.33053100000001, 40.0072415], [116.330346, 40.0075801], [116.3300676, 40.0080263], [116.32976140000001, 40.0084187], [116.3294978, 40.008723200000006], [116.3292265, 40.009014199999996], [116.32792130000001, 40.010165300000004], [116.3249909, 40.0127786], [116.32307980000002, 40.014473499999994], [116.3218087, 40.015603100000014], [116.32163520000002, 40.0157515], [116.3215859, 40.0157917], [116.32138407722752, 40.01595617903903], [116.32139688658289, 40.01596889803472], [116.3216075, 40.01580630000001], [116.3216585, 40.0157678]]]}}, {"type": "Feature", "id": "LU-0234", "properties": {"id": "LU-0234", "layer": "LAND_USE", "land_use_code": "07", "name_zh": "居住用地", "area_sqm": 449.1, "classification_basis": "design_proposal", "evidence_share": 0.0, "source_type": "agent_generated_design", "confidence": "low", "geometry_role": "design_proposal", "source_id": "OSM-DERIVED-CORRIDOR-20260808", "usage_note": "codes are concept proposals except where classification_basis=osm_evidenced; no approved control-plan status is claimed"}, "geometry": {"type": "Polygon", "coordinates": [[[116.3462506, 39.94243869999998], [116.346271, 39.94233700000001], [116.3462093, 39.9424207], [116.34613910000002, 39.9425862], [116.3459797, 39.94298899999999], [116.3458438, 39.943350599999995], [116.34596270000002, 39.9431678], [116.3460778, 39.94288790000001], [116.3462506, 39.94243869999998]]]}}, {"type": "Feature", "id": "LU-0235", "properties": {"id": "LU-0235", "layer": "LAND_USE", "land_use_code": "07", "name_zh": "居住用地", "area_sqm": 255.0, "classification_basis": "design_proposal", "evidence_share": 0.0, "source_type": "agent_generated_design", "confidence": "low", "geometry_role": "design_proposal", "source_id": "OSM-DERIVED-CORRIDOR-20260808", "usage_note": "codes are concept proposals except where classification_basis=osm_evidenced; no approved control-plan status is claimed"}, "geometry": {"type": "Polygon", "coordinates": [[[116.31902597684618, 40.01923050442757], [116.31897533727542, 40.01936002354909], [116.31915900964603, 40.019419218410874], [116.31920966944587, 40.01928807471078], [116.31902597684618, 40.01923050442757]]]}}, {"type": "Feature", "id": "LU-0236", "properties": {"id": "LU-0236", "layer": "LAND_USE", "land_use_code": "07", "name_zh": "居住用地", "area_sqm": 365.7, "classification_basis": "design_proposal", "evidence_share": 0.0, "source_type": "agent_generated_design", "confidence": "low", "geometry_role": "design_proposal", "source_id": "OSM-DERIVED-CORRIDOR-20260808", "usage_note": "codes are concept proposals except where classification_basis=osm_evidenced; no approved control-plan status is claimed"}, "geometry": {"type": "Polygon", "coordinates": [[[116.31897533727542, 40.01936002354909], [116.31890222770431, 40.01954701250721], [116.31908733933943, 40.019604751372576], [116.31915900964603, 40.019419218410874], [116.31897533727542, 40.01936002354909]]]}}, {"type": "Feature", "id": "LU-0237", "properties": {"id": "LU-0237", "layer": "LAND_USE", "land_use_code": "07", "name_zh": "居住用地", "area_sqm": 1895.2, "classification_basis": "design_proposal", "evidence_share": 0.0, "source_type": "agent_generated_design", "confidence": "low", "geometry_role": "design_proposal", "source_id": "OSM-DERIVED-CORRIDOR-20260808", "usage_note": "codes are concept proposals except where classification_basis=osm_evidenced; no approved control-plan status is claimed"}, "geometry": {"type": "Polygon", "coordinates": [[[116.34596270000002, 39.9431678], [116.3458438, 39.943350599999995], [116.34528739999999, 39.9447743], [116.3451948, 39.9450213], [116.3451255, 39.9452658], [116.3450799, 39.945606100000006], [116.345068, 39.9459725], [116.3450814, 39.946233], [116.3451258, 39.94650250000001], [116.345256, 39.9473183], [116.34534910000002, 39.94784119999999], [116.34543950000001, 39.94836419999999], [116.3454694, 39.94852780000001], [116.34548810000001, 39.94869210000001], [116.34549829999999, 39.94900639999999], [116.34549020000001, 39.94915369999999], [116.34548519684944, 39.949275980436994], [116.34550662775412, 39.94928806406557], [116.3455167, 39.9491573], [116.34552100000002, 39.9490075], [116.3455153, 39.9486957], [116.3454978, 39.94852199999998], [116.3454673, 39.9483619], [116.34537409999999, 39.947841100000005], [116.34528289999999, 39.9473161], [116.3451513, 39.946495999999996], [116.3451062, 39.946233899999996], [116.3450934, 39.9459738], [116.3451114, 39.94561099999999], [116.3451594, 39.9452742], [116.3452326, 39.945034], [116.3453275, 39.94478839999999], [116.34596270000002, 39.9431678]]]}}, {"type": "Feature", "id": "LU-0238", "properties": {"id": "LU-0238", "layer": "LAND_USE", "land_use_code": "07", "name_zh": "居住用地", "area_sqm": 421.1, "classification_basis": "design_proposal", "evidence_share": 0.0, "source_type": "agent_generated_design", "confidence": "low", "geometry_role": "design_proposal", "source_id": "OSM-DERIVED-CORRIDOR-20260808", "usage_note": "codes are concept proposals except where classification_basis=osm_evidenced; no approved control-plan status is claimed"}, "geometry": {"type": "Polygon", "coordinates": [[[116.3337027, 39.97598109999999], [116.3337129, 39.97620619999999], [116.33377850000001, 39.97582719999999], [116.33389061639656, 39.97521460022607], [116.33383930634467, 39.97521407558979], [116.33372890000001, 39.975822699999995], [116.3337027, 39.97598109999999]]]}}, {"type": "Feature", "id": "LU-0239", "properties": {"id": "LU-0239", "layer": "LAND_USE", "land_use_code": "16", "name_zh": "留白用地（干线限界预留）", "area_sqm": 2222.6, "classification_basis": "design_proposal", "evidence_share": 0.0, "source_type": "agent_generated_design", "confidence": "low", "geometry_role": "design_proposal", "source_id": "OSM-DERIVED-CORRIDOR-20260808", "usage_note": "codes are concept proposals except where classification_basis=osm_evidenced; no approved control-plan status is claimed"}, "geometry": {"type": "Polygon", "coordinates": [[[116.3418051, 39.95655109999999], [116.3419732, 39.9562157], [116.3422182, 39.9557639], [116.34264380000002, 39.9550012], [116.3434819, 39.953491099999994], [116.34509569999999, 39.950453200000005], [116.3452529, 39.9501592], [116.3453892, 39.949833700000006], [116.3454604, 39.949577799999986], [116.34548900000001, 39.9494449], [116.34550519999999, 39.94930659999999], [116.34550662775412, 39.94928806406557], [116.34548519684944, 39.949275980436994], [116.3454843, 39.94929789999999], [116.3454663, 39.949444199999995], [116.3454324, 39.949577], [116.34536350000002, 39.9498233], [116.3452306, 39.9501486], [116.3450766, 39.950446299999996], [116.34345609999998, 39.953485400000005], [116.34260630000001, 39.95498499999999], [116.3421807, 39.9557528], [116.3419381, 39.9562049], [116.34180067604252, 39.95647257474111], [116.3417976, 39.956493999999985], [116.3417757, 39.95658970000001], [116.34175708882469, 39.95665441230051], [116.3418051, 39.95655109999999]]]}}, {"type": "Feature", "id": "LU-0240", "properties": {"id": "LU-0240", "layer": "LAND_USE", "land_use_code": "16", "name_zh": "留白用地（干线限界预留）", "area_sqm": 3074.3, "classification_basis": "design_proposal", "evidence_share": 0.0, "source_type": "agent_generated_design", "confidence": "low", "geometry_role": "design_proposal", "source_id": "OSM-DERIVED-CORRIDOR-20260808", "usage_note": "codes are concept proposals except where classification_basis=osm_evidenced; no approved control-plan status is claimed"}, "geometry": {"type": "Polygon", "coordinates": [[[116.3395474, 39.96192330000001], [116.33960669999999, 39.96160570000001], [116.3396501, 39.9613998], [116.33970090000001, 39.96117539999999], [116.3398147, 39.9607613], [116.3398766, 39.960553], [116.33994660000002, 39.96034589999999], [116.34009400000001, 39.95994219999999], [116.3402783, 39.95953379999999], [116.34038949999999, 39.959312800000006], [116.3405028, 39.9590932], [116.3411053, 39.958002099999995], [116.3411101327955, 39.95799248940891], [116.34093780000002, 39.9582369], [116.3408911434948, 39.958301021430934], [116.34045789999999, 39.959079599999995], [116.3403419, 39.959303899999995], [116.3402352, 39.959518300000006], [116.34005830000001, 39.95993680000001], [116.3399117, 39.960336099999985], [116.3398431, 39.96054649999999], [116.3397781, 39.96075760000001], [116.33966410000001, 39.9611708], [116.33961030000002, 39.9613966], [116.3395697, 39.96160189999999], [116.3395118, 39.961917199999995], [116.33947710000001, 39.96222540000001], [116.33943420000001, 39.96252660000001], [116.33936900000002, 39.9629047], [116.3392451, 39.9635342], [116.33912640000001, 39.9641734], [116.33906210000002, 39.96469669999999], [116.3389967, 39.96527089999999], [116.338924, 39.965844], [116.33890940000002, 39.965946499999994], [116.33889533758817, 39.96603726324892], [116.3389252324551, 39.96603839209586], [116.3389365, 39.9659474], [116.3389522, 39.96584370000001], [116.33902820000002, 39.965274], [116.33909820000001, 39.9646978], [116.33917490000002, 39.96418009999999], [116.339287, 39.96353979999999], [116.33941410000001, 39.96291000000001], [116.3394725, 39.9625326], [116.339513, 39.962227299999995], [116.3395474, 39.96192330000001]]]}}, {"type": "Feature", "id": "LU-0241", "properties": {"id": "LU-0241", "layer": "LAND_USE", "land_use_code": "1401", "name_zh": "公园绿地", "area_sqm": 220.9, "classification_basis": "osm_evidenced", "evidence_share": 0.646, "source_type": "osm", "confidence": "medium", "geometry_role": "existing_condition", "source_id": "OSM-DERIVED-CORRIDOR-20260808", "usage_note": "codes are concept proposals except where classification_basis=osm_evidenced; no approved control-plan status is claimed"}, "geometry": {"type": "Polygon", "coordinates": [[[116.33196260792666, 39.9860143285492], [116.33194666813047, 39.986154472125705], [116.3319614, 39.9861421], [116.33202510000001, 39.9860604], [116.3320988, 39.985937099999994], [116.3321578, 39.9858056], [116.3322227, 39.98559209999999], [116.33213970000001, 39.9857738], [116.3320409, 39.98592880000001], [116.33196260792666, 39.9860143285492]]]}}, {"type": "Feature", "id": "LU-0242", "properties": {"id": "LU-0242", "layer": "LAND_USE", "land_use_code": "07", "name_zh": "居住用地", "area_sqm": 203.5, "classification_basis": "design_proposal", "evidence_share": 0.0, "source_type": "agent_generated_design", "confidence": "low", "geometry_role": "design_proposal", "source_id": "OSM-DERIVED-CORRIDOR-20260808", "usage_note": "codes are concept proposals except where classification_basis=osm_evidenced; no approved control-plan status is claimed"}, "geometry": {"type": "Polygon", "coordinates": [[[116.3213107938468, 40.01601844045983], [116.32134270000002, 40.015989899999994], [116.32135140204183, 40.015982808151094], [116.3211394, 40.01577270000001], [116.32097134169275, 40.015639058180426], [116.32095600000001, 40.015646200000006], [116.32103910000001, 40.0157074], [116.3211134, 40.0158034], [116.3212111, 40.0159397], [116.3212651, 40.0159881], [116.3213107938468, 40.01601844045983]]]}}, {"type": "Feature", "id": "LU-0243", "properties": {"id": "LU-0243", "layer": "LAND_USE", "land_use_code": "07", "name_zh": "居住用地", "area_sqm": 1859.6, "classification_basis": "design_proposal", "evidence_share": 0.0, "source_type": "agent_generated_design", "confidence": "low", "geometry_role": "design_proposal", "source_id": "OSM-DERIVED-CORRIDOR-20260808", "usage_note": "codes are concept proposals except where classification_basis=osm_evidenced; no approved control-plan status is claimed"}, "geometry": {"type": "Polygon", "coordinates": [[[116.32135140204183, 40.015982808151094], [116.32138407722752, 40.01595617903903], [116.32134180000001, 40.01591419999999], [116.32129539999998, 40.0158572], [116.3212472, 40.01572170000001], [116.32125159999998, 40.015576800000005], [116.3212691, 40.0153996], [116.32126119999998, 40.015390200000006], [116.3212367, 40.0153741], [116.32125159999998, 40.014917200000006], [116.32127, 40.0149099], [116.32127520000002, 40.014771], [116.32128750000001, 40.01447040000001], [116.3213007, 40.0142443], [116.3213042, 40.01402420000001], [116.32118682332421, 40.014025588277846], [116.3211887, 40.01415269999999], [116.3211394, 40.01577270000001], [116.32135140204183, 40.015982808151094]]]}}, {"type": "Feature", "id": "LU-0244", "properties": {"id": "LU-0244", "layer": "LAND_USE", "land_use_code": "16", "name_zh": "留白用地（干线限界预留）", "area_sqm": 2177.7, "classification_basis": "design_proposal", "evidence_share": 0.0, "source_type": "agent_generated_design", "confidence": "low", "geometry_role": "design_proposal", "source_id": "OSM-DERIVED-CORRIDOR-20260808", "usage_note": "codes are concept proposals except where classification_basis=osm_evidenced; no approved control-plan status is claimed"}, "geometry": {"type": "Polygon", "coordinates": [[[116.3326889, 39.98365880000001], [116.33278590000002, 39.98328660000001], [116.3328203, 39.983136], [116.3336589, 39.9780287], [116.33365924224199, 39.97802404822599], [116.33364430000002, 39.978112900000006], [116.3334344, 39.9792713], [116.33316840000002, 39.980726399999995], [116.33300109072947, 39.98166965131494], [116.33265240000001, 39.9837554], [116.33262280000001, 39.9839329], [116.3326889, 39.98365880000001]]]}}, {"type": "Feature", "id": "LU-0245", "properties": {"id": "LU-0245", "layer": "LAND_USE", "land_use_code": "16", "name_zh": "留白用地（干线限界预留）", "area_sqm": 943.2, "classification_basis": "design_proposal", "evidence_share": 0.0, "source_type": "agent_generated_design", "confidence": "low", "geometry_role": "design_proposal", "source_id": "OSM-DERIVED-CORRIDOR-20260808", "usage_note": "codes are concept proposals except where classification_basis=osm_evidenced; no approved control-plan status is claimed"}, "geometry": {"type": "Polygon", "coordinates": [[[116.33367409999998, 39.97782209999999], [116.33369749999999, 39.977503099999986], [116.3331788, 39.980606400000006], [116.33316070000001, 39.9807143], [116.3330433, 39.9814145], [116.33302890000002, 39.98150329999999], [116.33300109072947, 39.98166965131494], [116.33316840000002, 39.980726399999995], [116.3334344, 39.9792713], [116.33364430000002, 39.978112900000006], [116.33365924224199, 39.97802404822599], [116.33367409999998, 39.97782209999999]]]}}, {"type": "Feature", "id": "LU-0246", "properties": {"id": "LU-0246", "layer": "LAND_USE", "land_use_code": "16", "name_zh": "留白用地（干线限界预留）", "area_sqm": 930.4, "classification_basis": "design_proposal", "evidence_share": 0.0, "source_type": "agent_generated_design", "confidence": "low", "geometry_role": "design_proposal", "source_id": "OSM-DERIVED-CORRIDOR-20260808", "usage_note": "codes are concept proposals except where classification_basis=osm_evidenced; no approved control-plan status is claimed"}, "geometry": {"type": "Polygon", "coordinates": [[[116.34470500000002, 39.951788399999984], [116.34476360000001, 39.9517001], [116.34488530000002, 39.95150700000001], [116.34533540000001, 39.9506913], [116.3457112, 39.9500054], [116.34555539999998, 39.950261299999994], [116.3454, 39.950491899999996], [116.34525079999999, 39.95072269999999], [116.3451669, 39.9508696], [116.3449938, 39.951186299999996], [116.3447964, 39.9515476], [116.3447514, 39.951634899999995], [116.34445069999998, 39.9521748], [116.34470500000002, 39.951788399999984]]]}}, {"type": "Feature", "id": "LU-0247", "properties": {"id": "LU-0247", "layer": "LAND_USE", "land_use_code": "16", "name_zh": "留白用地（干线限界预留）", "area_sqm": 681.6, "classification_basis": "design_proposal", "evidence_share": 0.0, "source_type": "agent_generated_design", "confidence": "low", "geometry_role": "design_proposal", "source_id": "OSM-DERIVED-CORRIDOR-20260808", "usage_note": "codes are concept proposals except where classification_basis=osm_evidenced; no approved control-plan status is claimed"}, "geometry": {"type": "Polygon", "coordinates": [[[116.34581120000001, 39.9498266], [116.3459103, 39.9496129], [116.34592850000001, 39.9495647], [116.3459695, 39.9494484], [116.34597231726057, 39.94943844484761], [116.34588080965489, 39.9494114006265], [116.34584810000001, 39.949534899999996], [116.3458279, 39.9495965], [116.34574619999998, 39.9498068], [116.34567050000001, 39.94996299999999], [116.34564800000001, 39.95000550000002], [116.34561359999998, 39.95006800000001], [116.34525079999999, 39.95072269999999], [116.3454, 39.950491899999996], [116.34555539999998, 39.950261299999994], [116.3457112, 39.9500054], [116.34581120000001, 39.9498266]]]}}, {"type": "Feature", "id": "LU-0248", "properties": {"id": "LU-0248", "layer": "LAND_USE", "land_use_code": "16", "name_zh": "留白用地（干线限界预留）", "area_sqm": 989.9, "classification_basis": "design_proposal", "evidence_share": 0.0, "source_type": "agent_generated_design", "confidence": "low", "geometry_role": "design_proposal", "source_id": "OSM-DERIVED-CORRIDOR-20260808", "usage_note": "codes are concept proposals except where classification_basis=osm_evidenced; no approved control-plan status is claimed"}, "geometry": {"type": "Polygon", "coordinates": [[[116.34525079999999, 39.95072269999999], [116.34561359999998, 39.95006800000001], [116.34564800000001, 39.95000550000002], [116.34567050000001, 39.94996299999999], [116.34574619999998, 39.9498068], [116.3458279, 39.9495965], [116.34584810000001, 39.949534899999996], [116.34588080965489, 39.9494114006265], [116.34582110112854, 39.94939375427699], [116.3458183, 39.94940799999999], [116.3457891, 39.949512999999996], [116.3457658, 39.9495844], [116.345691, 39.949786399999994], [116.34561560000002, 39.9499433], [116.34559090000002, 39.94998819999999], [116.34555710000001, 39.95004889999999], [116.3451972, 39.95070520000001], [116.3451143, 39.9508543], [116.3449674, 39.95118099999999], [116.3451669, 39.9508696], [116.34525079999999, 39.95072269999999]]]}}, {"type": "Feature", "id": "LU-0249", "properties": {"id": "LU-0249", "layer": "LAND_USE", "land_use_code": "16", "name_zh": "留白用地（干线限界预留）", "area_sqm": 632.7, "classification_basis": "design_proposal", "evidence_share": 0.0, "source_type": "agent_generated_design", "confidence": "low", "geometry_role": "design_proposal", "source_id": "OSM-DERIVED-CORRIDOR-20260808", "usage_note": "codes are concept proposals except where classification_basis=osm_evidenced; no approved control-plan status is claimed"}, "geometry": {"type": "Polygon", "coordinates": [[[116.3457325, 39.9493838], [116.3457108, 39.9494864], [116.3456886, 39.949565], [116.34562129999999, 39.9497631], [116.3456017, 39.9498156], [116.3455717, 39.949888900000005], [116.3453866, 39.950315100000005], [116.34532850000001, 39.95043939999999], [116.3451972, 39.95070520000001], [116.34555710000001, 39.95004889999999], [116.34559090000002, 39.94998819999999], [116.34561560000002, 39.9499433], [116.345691, 39.949786399999994], [116.3457658, 39.9495844], [116.3457891, 39.949512999999996], [116.3458183, 39.94940799999999], [116.34582110112854, 39.94939375427699], [116.34573538354682, 39.949368421101866], [116.3457325, 39.9493838]]]}}, {"type": "Feature", "id": "LU-0250", "properties": {"id": "LU-0250", "layer": "LAND_USE", "land_use_code": "16", "name_zh": "留白用地（干线限界预留）", "area_sqm": 858.4, "classification_basis": "design_proposal", "evidence_share": 0.0, "source_type": "agent_generated_design", "confidence": "low", "geometry_role": "design_proposal", "source_id": "OSM-DERIVED-CORRIDOR-20260808", "usage_note": "codes are concept proposals except where classification_basis=osm_evidenced; no approved control-plan status is claimed"}, "geometry": {"type": "Polygon", "coordinates": [[[116.34532850000001, 39.95043939999999], [116.3453866, 39.950315100000005], [116.3455717, 39.949888900000005], [116.34531269999998, 39.950380499999994], [116.3450676, 39.95082330000002], [116.34472930000001, 39.95146539999999], [116.344638, 39.9516564], [116.34459520000001, 39.9517492], [116.34440380000001, 39.9521639], [116.34469610000001, 39.95161660000001], [116.34474460000001, 39.95152869999998], [116.34493939999999, 39.9511734], [116.3451143, 39.9508543], [116.3451972, 39.95070520000001], [116.34532850000001, 39.95043939999999]]]}}, {"type": "Feature", "id": "LU-0251", "properties": {"id": "LU-0251", "layer": "LAND_USE", "land_use_code": "07", "name_zh": "居住用地", "area_sqm": 284.6, "classification_basis": "design_proposal", "evidence_share": 0.0, "source_type": "agent_generated_design", "confidence": "low", "geometry_role": "design_proposal", "source_id": "OSM-DERIVED-CORRIDOR-20260808", "usage_note": "codes are concept proposals except where classification_basis=osm_evidenced; no approved control-plan status is claimed"}, "geometry": {"type": "Polygon", "coordinates": [[[116.333628, 39.9913126], [116.33372839999998, 39.9913154], [116.3337483, 39.9910215], [116.33364370000001, 39.9910215], [116.333628, 39.9913126]]]}}, {"type": "Feature", "id": "LU-0252", "properties": {"id": "LU-0252", "layer": "LAND_USE", "land_use_code": "1401", "name_zh": "公园绿地", "area_sqm": 4706.2, "classification_basis": "osm_evidenced", "evidence_share": 1.0, "source_type": "osm", "confidence": "medium", "geometry_role": "existing_condition", "source_id": "OSM-DERIVED-CORRIDOR-20260808", "usage_note": "codes are concept proposals except where classification_basis=osm_evidenced; no approved control-plan status is claimed"}, "geometry": {"type": "Polygon", "coordinates": [[[116.32481849999999, 40.0179084], [116.3248496, 40.0177761], [116.32488359999999, 40.0176872], [116.324926, 40.017593999999995], [116.3250223, 40.01755059999999], [116.32508180000002, 40.01748769999998], [116.3251384, 40.01742050000001], [116.325161, 40.0173251], [116.3251582, 40.017234], [116.32506190000001, 40.01717769999999], [116.3249487, 40.01713], [116.32474769999999, 40.01708880000001], [116.32460330000002, 40.01707789999999], [116.3245013, 40.01711480000001], [116.32439369999999, 40.017212400000005], [116.3244362, 40.017355499999994], [116.32443900000001, 40.017509399999994], [116.32443900000001, 40.0176352], [116.3243966, 40.0177805], [116.3244022, 40.017878100000004], [116.3244419, 40.0179865], [116.32451160000001, 40.01799590000001], [116.3246656, 40.01801679999999], [116.3247675, 40.01796259999999], [116.32481849999999, 40.0179084]]]}}, {"type": "Feature", "id": "LU-0253", "properties": {"id": "LU-0253", "layer": "LAND_USE", "land_use_code": "1401", "name_zh": "公园绿地", "area_sqm": 3867.2, "classification_basis": "osm_evidenced", "evidence_share": 1.0, "source_type": "osm", "confidence": "medium", "geometry_role": "existing_condition", "source_id": "OSM-DERIVED-CORRIDOR-20260808", "usage_note": "codes are concept proposals except where classification_basis=osm_evidenced; no approved control-plan status is claimed"}, "geometry": {"type": "Polygon", "coordinates": [[[116.3266197, 40.0144935], [116.3267471, 40.014302699999995], [116.32684339999999, 40.0141747], [116.32691419999999, 40.01409230000001], [116.3270529, 40.01398609999999], [116.32720010000001, 40.0139449], [116.32740679999999, 40.01394049999999], [116.32751160000001, 40.013946999999995], [116.3277098, 40.0139557], [116.3279051, 40.013957899999994], [116.32816, 40.01395350000001], [116.32825620000001, 40.0138798], [116.32820529999998, 40.0138321], [116.3280212, 40.01378439999999], [116.32793060000002, 40.013754], [116.3277664, 40.0137475], [116.3275002, 40.013766999999994], [116.32730770000002, 40.0137866], [116.3271237, 40.013816899999995], [116.32690280000001, 40.01381039999999], [116.3267329, 40.01380609999998], [116.32662820000002, 40.0138516], [116.3265687, 40.01399469999999], [116.3265432, 40.01412919999999], [116.3265348, 40.0142875], [116.3265432, 40.0144241], [116.3266197, 40.0144935]]]}}, {"type": "Feature", "id": "LU-0254", "properties": {"id": "LU-0254", "layer": "LAND_USE", "land_use_code": "1401", "name_zh": "公园绿地", "area_sqm": 3997.0, "classification_basis": "osm_evidenced", "evidence_share": 1.0, "source_type": "osm", "confidence": "medium", "geometry_role": "existing_condition", "source_id": "OSM-DERIVED-CORRIDOR-20260808", "usage_note": "codes are concept proposals except where classification_basis=osm_evidenced; no approved control-plan status is claimed"}, "geometry": {"type": "Polygon", "coordinates": [[[116.3269283, 40.0142723], [116.32709819999998, 40.014333], [116.32722559999999, 40.0143569], [116.3274181, 40.0143959], [116.32754840000001, 40.0144241], [116.32768430000002, 40.014461000000004], [116.32775790000001, 40.0145911], [116.32791359999999, 40.014569400000006], [116.328041, 40.014491299999996], [116.3281798, 40.0144306], [116.3282534, 40.0143135], [116.3282279, 40.0141986], [116.3281543, 40.01408359999999], [116.32787120000002, 40.01405979999999], [116.32763330000002, 40.0140663], [116.327404, 40.0141032], [116.32708969999999, 40.014159500000005], [116.3269283, 40.0142723]]]}}, {"type": "Feature", "id": "LU-0255", "properties": {"id": "LU-0255", "layer": "LAND_USE", "land_use_code": "1401", "name_zh": "公园绿地", "area_sqm": 613.6, "classification_basis": "osm_evidenced", "evidence_share": 1.0, "source_type": "osm", "confidence": "medium", "geometry_role": "existing_condition", "source_id": "OSM-DERIVED-CORRIDOR-20260808", "usage_note": "codes are concept proposals except where classification_basis=osm_evidenced; no approved control-plan status is claimed"}, "geometry": {"type": "Polygon", "coordinates": [[[116.3266719, 40.0148136], [116.32657450000002, 40.0149146], [116.32653260000001, 40.014989199999995], [116.32657819999999, 40.01503919999999], [116.32666939999999, 40.01506369999999], [116.32673480000001, 40.0150382], [116.3267754, 40.0149438], [116.32680500000001, 40.0148787], [116.326821, 40.014824899999994], [116.3267471, 40.0147286], [116.3266776, 40.0146199], [116.3266182, 40.014669000000005], [116.3266596, 40.014773000000005], [116.3266719, 40.0148136]]]}}, {"type": "Feature", "id": "LU-0256", "properties": {"id": "LU-0256", "layer": "LAND_USE", "land_use_code": "1401", "name_zh": "公园绿地", "area_sqm": 3145.6, "classification_basis": "osm_evidenced", "evidence_share": 1.0, "source_type": "osm", "confidence": "medium", "geometry_role": "existing_condition", "source_id": "OSM-DERIVED-CORRIDOR-20260808", "usage_note": "codes are concept proposals except where classification_basis=osm_evidenced; no approved control-plan status is claimed"}, "geometry": {"type": "Polygon", "coordinates": [[[116.32481070000001, 40.0189447], [116.325046, 40.019160299999996], [116.325422, 40.01939360000001], [116.32560060000002, 40.01945950000001], [116.32575180000002, 40.0194434], [116.32579810000001, 40.01938069999998], [116.32578969999999, 40.01915220000001], [116.32586529999999, 40.0188739], [116.32585689999999, 40.01880469999999], [116.32579179999999, 40.018756499999995], [116.32568460000002, 40.0187565], [116.3255985, 40.0187999], [116.32552080000002, 40.0190461], [116.3253023, 40.019141], [116.3252246, 40.01912649999999], [116.32516150000001, 40.01908309999999], [116.3250838, 40.01894789999999], [116.32482960000002, 40.01887709999999], [116.32479389999999, 40.01890129999999], [116.32481070000001, 40.0189447]]]}}]}