{"type": "FeatureCollection", "features": [{"type": "Feature", "id": "RD-00001", "properties": {"id": "RD-00001", "layer": "ROAD_CENTERLINE", "road_class": "branch", "name_zh": "北四环中路", "length_m": 562.5, "source_id": "OSM-DERIVED-CORRIDOR-20260808", "source_type": "osm", "confidence": "medium", "geometry_role": "existing_condition"}, "geometry": {"type": "LineString", "coordinates": [[116.3385813, 39.9850134], [116.3390605, 39.985059400000004], [116.33922779999999, 39.9850791], [116.339455, 39.98508770000001], [116.3415775, 39.985126099999995], [116.3420488, 39.9851456], [116.342638, 39.98518579999998], [116.3431607, 39.98518570000001], [116.3436524, 39.985204499999995], [116.3445204, 39.98521710000001], [116.34515599999999, 39.9852208]]}}, {"type": "Feature", "id": "RD-00002", "properties": {"id": "RD-00002", "layer": "ROAD_CENTERLINE", "road_class": "expressway", "name_zh": "北三环", "length_m": 384.2, "source_id": "OSM-DERIVED-CORRIDOR-20260808", "source_type": "osm", "confidence": "medium", "geometry_role": "existing_condition"}, "geometry": {"type": "LineString", "coordinates": [[116.3467723, 39.966399100000004], [116.3436266, 39.9663756], [116.34296219999999, 39.966369], [116.3422763, 39.96636209999999]]}}, {"type": "Feature", "id": "RD-00003", "properties": {"id": "RD-00003", "layer": "ROAD_CENTERLINE", "road_class": "expressway", "name_zh": "西直门北大街", "length_m": 141.5, "source_id": "OSM-DERIVED-CORRIDOR-20260808", "source_type": "osm", "confidence": "medium", "geometry_role": "existing_condition"}, "geometry": {"type": "MultiLineString", "coordinates": [[[116.34984122737337, 39.94195162314937], [116.3498587, 39.9419815], [116.3498789, 39.94201799999999], [116.34989840000001, 39.9420545], [116.3499085, 39.942073699999995], [116.34991820000002, 39.9420929], [116.34992639999999, 39.942110500000005], [116.34993630000001, 39.9421332], [116.3499484, 39.9421624], [116.34995849999999, 39.94218920000001], [116.34997139999999, 39.9422223], [116.3499816, 39.9422505], [116.34999029999999, 39.9422742], [116.34999770000002, 39.942296799999994], [116.3500044, 39.942319899999994], [116.3500117, 39.9423474], [116.35001810000001, 39.9423721], [116.3500246, 39.9424005], [116.35003, 39.94242959999999], [116.35003529999999, 39.942459500000005], [116.3500386, 39.94248530000001], [116.35003913230067, 39.9424895864227]], [[116.35005657774052, 39.942667300936336], [116.3500582, 39.94268559999999], [116.35006619999999, 39.942801599999996], [116.35010190000001, 39.94337939999998]]]}}, {"type": "Feature", "id": "RD-00004", "properties": {"id": "RD-00004", "layer": "ROAD_CENTERLINE", "road_class": "expressway", "name_zh": "北五环", "length_m": 693.1, "source_id": "OSM-DERIVED-CORRIDOR-20260808", "source_type": "osm", "confidence": "medium", "geometry_role": "existing_condition"}, "geometry": {"type": "LineString", "coordinates": [[116.32326100000002, 40.01984989999998], [116.3257562, 40.020653599999996], [116.3265492, 40.0209125], [116.32745810000002, 40.02118240000001], [116.3281996, 40.02136509999999], [116.3288395, 40.02153309999999], [116.3295449, 40.0216537], [116.3307268, 40.0217693], [116.33093459965066, 40.02178228821329]]}}, {"type": "Feature", "id": "RD-00005", "properties": {"id": "RD-00005", "layer": "ROAD_CENTERLINE", "road_class": "branch", "name_zh": "学院路", "length_m": 193.2, "source_id": "OSM-DERIVED-CORRIDOR-20260808", "source_type": "osm", "confidence": "medium", "geometry_role": "existing_condition"}, "geometry": {"type": "LineString", "coordinates": [[116.3470517, 39.98501520000001], [116.34705060000002, 39.9850014], [116.34704949999998, 39.98498659999999], [116.3470528, 39.9849195], [116.3471189, 39.9835725], [116.3471827, 39.9832806]]}}, {"type": "Feature", "id": "RD-00006", "properties": {"id": "RD-00006", "layer": "ROAD_CENTERLINE", "road_class": "secondary", "name_zh": "王庄路", "length_m": 40.5, "source_id": "OSM-DERIVED-CORRIDOR-20260808", "source_type": "osm", "confidence": "medium", "geometry_role": "existing_condition"}, "geometry": {"type": "LineString", "coordinates": [[116.3341056, 39.9920146], [116.33411720000001, 39.9918232], [116.33412979999999, 39.9917379], [116.3341584, 39.9916531]]}}, {"type": "Feature", "id": "RD-00007", "properties": {"id": "RD-00007", "layer": "ROAD_CENTERLINE", "road_class": "secondary", "name_zh": "学院南路", "length_m": 142.8, "source_id": "OSM-DERIVED-CORRIDOR-20260808", "source_type": "osm", "confidence": "medium", "geometry_role": "existing_condition"}, "geometry": {"type": "LineString", "coordinates": [[116.34743220000001, 39.956818600000005], [116.34660930000001, 39.95678459999999], [116.34583139999998, 39.9567256], [116.34576590000002, 39.956723]]}}, {"type": "Feature", "id": "RD-00008", "properties": {"id": "RD-00008", "layer": "ROAD_CENTERLINE", "road_class": "expressway", "name_zh": "北五环", "length_m": 573.6, "source_id": "OSM-DERIVED-CORRIDOR-20260808", "source_type": "osm", "confidence": "medium", "geometry_role": "existing_condition"}, "geometry": {"type": "LineString", "coordinates": [[116.33092777902422, 40.021925544176604], [116.3308034278629, 40.021911376535535], [116.32928880000001, 40.02173880000001], [116.32874939999999, 40.021643999999995], [116.32812230000002, 40.0214938], [116.3273896, 40.021305000000005], [116.3264866, 40.02102940000001], [116.32453620000001, 40.02041619999999]]}}, {"type": "Feature", "id": "RD-00009", "properties": {"id": "RD-00009", "layer": "ROAD_CENTERLINE", "road_class": "secondary", "name_zh": "高梁桥", "length_m": 77.2, "source_id": "OSM-DERIVED-CORRIDOR-20260808", "source_type": "osm", "confidence": "medium", "geometry_role": "existing_condition"}, "geometry": {"type": "LineString", "coordinates": [[116.3456934, 39.941732899999984], [116.34568439999998, 39.9420719], [116.34560140000002, 39.9422605], [116.34550279999999, 39.9423976]]}}, {"type": "Feature", "id": "RD-00010", "properties": {"id": "RD-00010", "layer": "ROAD_CENTERLINE", "road_class": "secondary", "name_zh": "双清路", "length_m": 387.6, "source_id": "OSM-DERIVED-CORRIDOR-20260808", "source_type": "osm", "confidence": "medium", "geometry_role": "existing_condition"}, "geometry": {"type": "LineString", "coordinates": [[116.3370051, 40.009552299999996], [116.3368814, 40.0093072], [116.3363528, 40.008260199999995], [116.33627610000002, 40.00810560000001], [116.3361812, 40.00791449999999], [116.3357902, 40.00713729999999], [116.33556840000001, 40.00670209999999], [116.335462, 40.0064949], [116.3354539, 40.0064792], [116.33536109999999, 40.0062984]]}}, {"type": "Feature", "id": "RD-00011", "properties": {"id": "RD-00011", "layer": "ROAD_CENTERLINE", "road_class": "expressway", "name_zh": "北四环中路", "length_m": 238.0, "source_id": "OSM-DERIVED-CORRIDOR-20260808", "source_type": "osm", "confidence": "medium", "geometry_role": "existing_condition"}, "geometry": {"type": "LineString", "coordinates": [[116.34398529999999, 39.985301199999995], [116.3467163, 39.98540830000001], [116.3467685588081, 39.98541015010664]]}}, {"type": "Feature", "id": "RD-00012", "properties": {"id": "RD-00012", "layer": "ROAD_CENTERLINE", "road_class": "expressway", "name_zh": "北四环中路", "length_m": 238.9, "source_id": "OSM-DERIVED-CORRIDOR-20260808", "source_type": "osm", "confidence": "medium", "geometry_role": "existing_condition"}, "geometry": {"type": "LineString", "coordinates": [[116.34676853301657, 39.9855810643786], [116.3467163, 39.9855792], [116.34397569999999, 39.98546789999999]]}}, {"type": "Feature", "id": "RD-00013", "properties": {"id": "RD-00013", "layer": "ROAD_CENTERLINE", "road_class": "branch", "name_zh": "学清路", "length_m": 445.4, "source_id": "OSM-DERIVED-CORRIDOR-20260808", "source_type": "osm", "confidence": "medium", "geometry_role": "existing_condition"}, "geometry": {"type": "LineString", "coordinates": [[116.34608660000002, 40.0037372], [116.3461064, 40.00329359999999], [116.34608660000002, 40.0030664], [116.3461207, 40.0024984], [116.3461562, 40.0023556], [116.3462113, 40.0013076], [116.3462663, 39.9999279], [116.3462676, 39.999897999999995], [116.3462683, 39.999881300000006], [116.3462725, 39.99978619999999], [116.3462748856058, 39.99973199685702]]}}, {"type": "Feature", "id": "RD-00014", "properties": {"id": "RD-00014", "layer": "ROAD_CENTERLINE", "road_class": "expressway", "name_zh": "学知桥", "length_m": 83.2, "source_id": "OSM-DERIVED-CORRIDOR-20260808", "source_type": "osm", "confidence": "medium", "geometry_role": "existing_condition"}, "geometry": {"type": "LineString", "coordinates": [[116.34698220000001, 39.9742708], [116.3468963, 39.97397540000001], [116.3468762, 39.9735287]]}}, {"type": "Feature", "id": "RD-00015", "properties": {"id": "RD-00015", "layer": "ROAD_CENTERLINE", "road_class": "expressway", "name_zh": "西直门北大街", "length_m": 213.8, "source_id": "OSM-DERIVED-CORRIDOR-20260808", "source_type": "osm", "confidence": "medium", "geometry_role": "existing_condition"}, "geometry": {"type": "MultiLineString", "coordinates": [[[116.34856850516987, 39.95674971915377], [116.34860850862604, 39.9566791525601]], [[116.34866176479504, 39.95658520776528], [116.3487328, 39.9564599], [116.3488116, 39.9561172], [116.3488889, 39.95475520000001]]]}}, {"type": "Feature", "id": "RD-00016", "properties": {"id": "RD-00016", "layer": "ROAD_CENTERLINE", "road_class": "branch", "name_zh": "", "length_m": 143.2, "source_id": "OSM-DERIVED-CORRIDOR-20260808", "source_type": "osm", "confidence": "medium", "geometry_role": "existing_condition"}, "geometry": {"type": "LineString", "coordinates": [[116.3482427, 39.9434843], [116.34850130000001, 39.9435866], [116.34907460000001, 39.9433347], [116.3493955, 39.94323069999999], [116.3496898, 39.943208], [116.3497698, 39.9432018]]}}, {"type": "Feature", "id": "RD-00017", "properties": {"id": "RD-00017", "layer": "ROAD_CENTERLINE", "road_class": "expressway", "name_zh": "北三环", "length_m": 33.3, "source_id": "OSM-DERIVED-CORRIDOR-20260808", "source_type": "osm", "confidence": "medium", "geometry_role": "existing_condition"}, "geometry": {"type": "LineString", "coordinates": [[116.3467769, 39.96628959999999], [116.34716678836119, 39.9662898379961]]}}, {"type": "Feature", "id": "RD-00018", "properties": {"id": "RD-00018", "layer": "ROAD_CENTERLINE", "road_class": "expressway", "name_zh": "北三环", "length_m": 33.4, "source_id": "OSM-DERIVED-CORRIDOR-20260808", "source_type": "osm", "confidence": "medium", "geometry_role": "existing_condition"}, "geometry": {"type": "LineString", "coordinates": [[116.34716281170643, 39.96640059946847], [116.3467723, 39.966399100000004]]}}, {"type": "Feature", "id": "RD-00019", "properties": {"id": "RD-00019", "layer": "ROAD_CENTERLINE", "road_class": "branch", "name_zh": "罗庄中路", "length_m": 247.4, "source_id": "OSM-DERIVED-CORRIDOR-20260808", "source_type": "osm", "confidence": "medium", "geometry_role": "existing_condition"}, "geometry": {"type": "LineString", "coordinates": [[116.3394595, 39.9750353], [116.33946060000001, 39.9749705], [116.3394616, 39.9749134], [116.3394773, 39.9738688], [116.33949330000002, 39.9728076]]}}, {"type": "Feature", "id": "RD-00020", "properties": {"id": "RD-00020", "layer": "ROAD_CENTERLINE", "road_class": "branch", "name_zh": "", "length_m": 230.0, "source_id": "OSM-DERIVED-CORRIDOR-20260808", "source_type": "osm", "confidence": "medium", "geometry_role": "existing_condition"}, "geometry": {"type": "LineString", "coordinates": [[116.33949330000002, 39.9728076], [116.3406428, 39.972817600000006], [116.3415151, 39.9728252], [116.34218539999999, 39.97283120000001]]}}, {"type": "Feature", "id": "RD-00021", "properties": {"id": "RD-00021", "layer": "ROAD_CENTERLINE", "road_class": "branch", "name_zh": "蓟门里北路", "length_m": 387.2, "source_id": "OSM-DERIVED-CORRIDOR-20260808", "source_type": "osm", "confidence": "medium", "geometry_role": "existing_condition"}, "geometry": {"type": "LineString", "coordinates": [[116.34676650000002, 39.971970799999994], [116.34670589999999, 39.97197120000001], [116.3448765, 39.97201969999999], [116.344134, 39.9720446], [116.3439296, 39.9720423], [116.3424625, 39.972052100000006], [116.3422363, 39.9720528]]}}, {"type": "Feature", "id": "RD-00022", "properties": {"id": "RD-00022", "layer": "ROAD_CENTERLINE", "road_class": "local_access", "name_zh": "地大南路", "length_m": 396.3, "source_id": "OSM-DERIVED-CORRIDOR-20260808", "source_type": "osm", "confidence": "medium", "geometry_role": "existing_condition"}, "geometry": {"type": "LineString", "coordinates": [[116.3422507, 39.98751690000001], [116.34419140000001, 39.98755469999998], [116.34525500000001, 39.987575400000004], [116.34672030000002, 39.987616100000004], [116.34688799999999, 39.9876208]]}}, {"type": "Feature", "id": "RD-00023", "properties": {"id": "RD-00023", "layer": "ROAD_CENTERLINE", "road_class": "local_access", "name_zh": "", "length_m": 195.5, "source_id": "OSM-DERIVED-CORRIDOR-20260808", "source_type": "osm", "confidence": "medium", "geometry_role": "existing_condition"}, "geometry": {"type": "LineString", "coordinates": [[116.34189350000001, 39.996836500000015], [116.3419002, 39.99668890000001], [116.34190489999999, 39.99658599999999], [116.34193010000001, 39.99603129999999], [116.341954, 39.9955056], [116.3419735, 39.99507729999999]]}}, {"type": "Feature", "id": "RD-00024", "properties": {"id": "RD-00024", "layer": "ROAD_CENTERLINE", "road_class": "local_access", "name_zh": "", "length_m": 344.5, "source_id": "OSM-DERIVED-CORRIDOR-20260808", "source_type": "osm", "confidence": "medium", "geometry_role": "existing_condition"}, "geometry": {"type": "LineString", "coordinates": [[116.33731969999998, 39.9896367], [116.33728180000001, 39.9902461], [116.3372649, 39.99051850000001], [116.3372511, 39.9907411], [116.3372363, 39.990980099999994], [116.33721609999999, 39.99130439999999], [116.3371997, 39.99150360000001], [116.33719810000001, 39.991593900000005], [116.3371935, 39.9916566], [116.3371872, 39.9917446], [116.3371804, 39.9918392], [116.3371392, 39.9922855], [116.33710990000002, 39.99260319999999], [116.3370978, 39.9927343]]}}, {"type": "Feature", "id": "RD-00025", "properties": {"id": "RD-00025", "layer": "ROAD_CENTERLINE", "road_class": "branch", "name_zh": "", "length_m": 243.7, "source_id": "OSM-DERIVED-CORRIDOR-20260808", "source_type": "osm", "confidence": "medium", "geometry_role": "existing_condition"}, "geometry": {"type": "LineString", "coordinates": [[116.3422974, 39.9706388], [116.34228620000002, 39.9710439], [116.34227789999998, 39.97128620000001], [116.3422363, 39.9720528], [116.34223540000002, 39.9721514], [116.34218539999999, 39.97283120000001]]}}, {"type": "Feature", "id": "RD-00026", "properties": {"id": "RD-00026", "layer": "ROAD_CENTERLINE", "road_class": "branch", "name_zh": "罗庄东路", "length_m": 247.6, "source_id": "OSM-DERIVED-CORRIDOR-20260808", "source_type": "osm", "confidence": "medium", "geometry_role": "existing_condition"}, "geometry": {"type": "LineString", "coordinates": [[116.34218539999999, 39.97283120000001], [116.34207920000001, 39.974976], [116.34207990939083, 39.975007213213004], [116.3420811, 39.97505960000001]]}}, {"type": "Feature", "id": "RD-00027", "properties": {"id": "RD-00027", "layer": "ROAD_CENTERLINE", "road_class": "expressway", "name_zh": "北二环", "length_m": 41.6, "source_id": "OSM-DERIVED-CORRIDOR-20260808", "source_type": "osm", "confidence": "medium", "geometry_role": "existing_condition"}, "geometry": {"type": "LineString", "coordinates": [[116.3504611, 39.942674], [116.35042890000001, 39.9426627], [116.3503805, 39.94264470000002], [116.3503346, 39.942627000000016], [116.3502898, 39.94260929999999], [116.35024410000001, 39.94259050000001], [116.35020119999999, 39.9425717], [116.3501539, 39.94254999999999], [116.3501084, 39.94252760000001], [116.3500606, 39.9425017], [116.35003913230067, 39.9424895864227]]}}, {"type": "Feature", "id": "RD-00028", "properties": {"id": "RD-00028", "layer": "ROAD_CENTERLINE", "road_class": "branch", "name_zh": "朱房路", "length_m": 772.6, "source_id": "OSM-DERIVED-CORRIDOR-20260808", "source_type": "osm", "confidence": "medium", "geometry_role": "existing_condition"}, "geometry": {"type": "LineString", "coordinates": [[116.3238643, 40.028795800000005], [116.32390820000002, 40.028535299999994], [116.32391420000002, 40.0284998], [116.3241328, 40.0279698], [116.3241852, 40.02784289999999], [116.32473150000001, 40.0269498], [116.3249888, 40.026529000000004], [116.32510320000002, 40.02643789999999], [116.3252705, 40.02641999999999], [116.32690880000001, 40.02654449999999], [116.3275096, 40.0265901], [116.32768769999998, 40.02659659999999], [116.3278019, 40.0266019], [116.32822659999998, 40.0266164], [116.3293023, 40.02661119999999], [116.3306743, 40.02660989999999], [116.33080289999998, 40.0266098]]}}, {"type": "Feature", "id": "RD-00029", "properties": {"id": "RD-00029", "layer": "ROAD_CENTERLINE", "road_class": "local_access", "name_zh": "北林银杏大道", "length_m": 646.6, "source_id": "OSM-DERIVED-CORRIDOR-20260808", "source_type": "osm", "confidence": "medium", "geometry_role": "existing_condition"}, "geometry": {"type": "LineString", "coordinates": [[116.3367206, 40.006281599999994], [116.3367291, 40.0061258], [116.3367825, 40.00514929999999], [116.33682450000002, 40.004381599999995], [116.3368575, 40.00377749999999], [116.336951, 40.00185989999999], [116.3369898, 40.0012829], [116.33700469999998, 40.0010622], [116.33701719999999, 40.0008724], [116.33704420000001, 40.000464199999996]]}}, {"type": "Feature", "id": "RD-00030", "properties": {"id": "RD-00030", "layer": "ROAD_CENTERLINE", "road_class": "secondary", "name_zh": "月泉路", "length_m": 675.3, "source_id": "OSM-DERIVED-CORRIDOR-20260808", "source_type": "osm", "confidence": "medium", "geometry_role": "existing_condition"}, "geometry": {"type": "LineString", "coordinates": [[116.3391449, 40.013821400000005], [116.33902439999999, 40.0138158], [116.33897970000001, 40.0138142], [116.33835560000001, 40.0137925], [116.33736430000002, 40.013758100000004], [116.33698270000001, 40.01374979999999], [116.33677540000001, 40.013754999999996], [116.33649210000002, 40.01374439999999], [116.3356931, 40.013728699999994], [116.3345722, 40.013706], [116.3345499, 40.0137053], [116.33437520000001, 40.0136995], [116.333354, 40.01366070000001], [116.33303319999999, 40.0136237], [116.3313694, 40.01360040000001], [116.3313246, 40.01359719999999], [116.33124409999999, 40.01360249999999]]}}, {"type": "Feature", "id": "RD-00031", "properties": {"id": "RD-00031", "layer": "ROAD_CENTERLINE", "road_class": "secondary", "name_zh": "后八家路", "length_m": 691.2, "source_id": "OSM-DERIVED-CORRIDOR-20260808", "source_type": "osm", "confidence": "medium", "geometry_role": "existing_condition"}, "geometry": {"type": "LineString", "coordinates": [[116.33124409999999, 40.01360249999999], [116.3312401, 40.013718299999994], [116.3311917, 40.0153003], [116.3311891, 40.0153869], [116.331187, 40.015455899999985], [116.3311828, 40.01559360000001], [116.3311799, 40.0156889], [116.3311776, 40.01576479999999], [116.3311361, 40.017120000000006], [116.3310973, 40.0183904], [116.33103970000002, 40.0194655], [116.33102780000002, 40.0198247]]}}, {"type": "Feature", "id": "RD-00032", "properties": {"id": "RD-00032", "layer": "ROAD_CENTERLINE", "road_class": "branch", "name_zh": "四道口路", "length_m": 103.7, "source_id": "OSM-DERIVED-CORRIDOR-20260808", "source_type": "osm", "confidence": "medium", "geometry_role": "existing_condition"}, "geometry": {"type": "LineString", "coordinates": [[116.3361215, 39.9615975], [116.3369861, 39.9609423]]}}, {"type": "Feature", "id": "RD-00033", "properties": {"id": "RD-00033", "layer": "ROAD_CENTERLINE", "road_class": "branch", "name_zh": "四道口北街", "length_m": 501.4, "source_id": "OSM-DERIVED-CORRIDOR-20260808", "source_type": "osm", "confidence": "medium", "geometry_role": "existing_condition"}, "geometry": {"type": "LineString", "coordinates": [[116.3361215, 39.9615975], [116.3361041, 39.96171489999999], [116.33574950000002, 39.9637042], [116.3357155, 39.963871999999995], [116.33527580000002, 39.9660656]]}}, {"type": "Feature", "id": "RD-00034", "properties": {"id": "RD-00034", "layer": "ROAD_CENTERLINE", "road_class": "branch", "name_zh": "大钟寺东路", "length_m": 964.5, "source_id": "OSM-DERIVED-CORRIDOR-20260808", "source_type": "osm", "confidence": "medium", "geometry_role": "existing_condition"}, "geometry": {"type": "LineString", "coordinates": [[116.3330826, 39.9664472], [116.33306830000001, 39.966595999999996], [116.3330669, 39.966610299999985], [116.33300469999999, 39.967255699999995], [116.3329359, 39.96777699999999], [116.3327312, 39.969326900000006], [116.33271729999998, 39.9694318], [116.33231909999999, 39.970880199999996], [116.3322751, 39.9712926], [116.3321056, 39.972682799999994], [116.33205149999999, 39.9731291], [116.3318395, 39.974876399999985], [116.33182470000001, 39.9749877], [116.33182541682702, 39.97507004550728]]}}, {"type": "Feature", "id": "RD-00035", "properties": {"id": "RD-00035", "layer": "ROAD_CENTERLINE", "road_class": "local_access", "name_zh": "明光东路", "length_m": 361.8, "source_id": "OSM-DERIVED-CORRIDOR-20260808", "source_type": "osm", "confidence": "medium", "geometry_role": "existing_condition"}, "geometry": {"type": "LineString", "coordinates": [[116.34284760000001, 39.96238699999999], [116.343516, 39.9623833], [116.3437745, 39.96241719999999], [116.3446409, 39.9625187], [116.34507790000002, 39.9625395], [116.3453911, 39.9625331], [116.34552649999999, 39.962469999999996], [116.3469769, 39.9624976], [116.34704370000001, 39.9624989]]}}, {"type": "Feature", "id": "RD-00036", "properties": {"id": "RD-00036", "layer": "ROAD_CENTERLINE", "road_class": "local_access", "name_zh": "", "length_m": 251.4, "source_id": "OSM-DERIVED-CORRIDOR-20260808", "source_type": "osm", "confidence": "medium", "geometry_role": "existing_condition"}, "geometry": {"type": "LineString", "coordinates": [[116.33300469999999, 39.967255699999995], [116.3341692, 39.96732190000001], [116.335934, 39.9674652]]}}, {"type": "Feature", "id": "RD-00037", "properties": {"id": "RD-00037", "layer": "ROAD_CENTERLINE", "road_class": "local_access", "name_zh": "", "length_m": 338.6, "source_id": "OSM-DERIVED-CORRIDOR-20260808", "source_type": "osm", "confidence": "medium", "geometry_role": "existing_condition"}, "geometry": {"type": "LineString", "coordinates": [[116.3341692, 39.96732190000001], [116.33382679999998, 39.969499299999995], [116.33271729999998, 39.9694318]]}}, {"type": "Feature", "id": "RD-00038", "properties": {"id": "RD-00038", "layer": "ROAD_CENTERLINE", "road_class": "branch", "name_zh": "", "length_m": 345.8, "source_id": "OSM-DERIVED-CORRIDOR-20260808", "source_type": "osm", "confidence": "medium", "geometry_role": "existing_condition"}, "geometry": {"type": "LineString", "coordinates": [[116.3382508, 39.97060679999999], [116.33844689999998, 39.9706116], [116.3390025, 39.97061660000001], [116.3407941, 39.9706375], [116.34101479999998, 39.9706356], [116.34153, 39.9706405], [116.3422974, 39.9706388]]}}, {"type": "Feature", "id": "RD-00039", "properties": {"id": "RD-00039", "layer": "ROAD_CENTERLINE", "road_class": "branch", "name_zh": "文慧园西路", "length_m": 228.5, "source_id": "OSM-DERIVED-CORRIDOR-20260808", "source_type": "osm", "confidence": "medium", "geometry_role": "existing_condition"}, "geometry": {"type": "LineString", "coordinates": [[116.3525462, 39.9488461], [116.35252670000001, 39.949316399999994], [116.3524668, 39.94960450000001], [116.3520834, 39.95086559999999]]}}, {"type": "Feature", "id": "RD-00040", "properties": {"id": "RD-00040", "layer": "ROAD_CENTERLINE", "road_class": "secondary", "name_zh": "大运村路", "length_m": 29.9, "source_id": "OSM-DERIVED-CORRIDOR-20260808", "source_type": "osm", "confidence": "medium", "geometry_role": "existing_condition"}, "geometry": {"type": "LineString", "coordinates": [[116.33452657729167, 39.984966889122596], [116.3345374, 39.984776800000006], [116.3345412, 39.9846981]]}}, {"type": "Feature", "id": "RD-00041", "properties": {"id": "RD-00041", "layer": "ROAD_CENTERLINE", "road_class": "secondary", "name_zh": "展春园西路", "length_m": 680.4, "source_id": "OSM-DERIVED-CORRIDOR-20260808", "source_type": "osm", "confidence": "medium", "geometry_role": "existing_condition"}, "geometry": {"type": "LineString", "coordinates": [[116.3341782, 39.99156949999999], [116.33418310000002, 39.99149369999999], [116.33420720000001, 39.9909759], [116.33427169999999, 39.989591100000005], [116.3342761, 39.989483699999994], [116.3344266, 39.98670349999998], [116.3344396, 39.9864627], [116.33449090000002, 39.9855151], [116.3344926, 39.985484], [116.3344996, 39.9854469]]}}, {"type": "Feature", "id": "RD-00042", "properties": {"id": "RD-00042", "layer": "ROAD_CENTERLINE", "road_class": "local_access", "name_zh": "校园西路", "length_m": 767.6, "source_id": "OSM-DERIVED-CORRIDOR-20260808", "source_type": "osm", "confidence": "medium", "geometry_role": "existing_condition"}, "geometry": {"type": "LineString", "coordinates": [[116.3383053, 39.97793469999999], [116.33825609999998, 39.977973999999996], [116.33820829999999, 39.9788288], [116.3381526, 39.979827], [116.33815190000001, 39.97988019999999], [116.3381367, 39.9803046], [116.33807750000001, 39.9814268], [116.33805719999998, 39.9817699], [116.3379865, 39.98328239999999], [116.3379702, 39.9836361], [116.33796469999999, 39.9837331], [116.3379345, 39.9842649], [116.3378949, 39.984747000000006], [116.3378961, 39.98482619999999]]}}, {"type": "Feature", "id": "RD-00043", "properties": {"id": "RD-00043", "layer": "ROAD_CENTERLINE", "road_class": "local_access", "name_zh": "", "length_m": 120.9, "source_id": "OSM-DERIVED-CORRIDOR-20260808", "source_type": "osm", "confidence": "medium", "geometry_role": "existing_condition"}, "geometry": {"type": "LineString", "coordinates": [[116.33957739999998, 39.97172260000001], [116.3395046, 39.972192899999996], [116.33949659999999, 39.972608599999994], [116.3394953, 39.9726761], [116.33949330000002, 39.9728076]]}}, {"type": "Feature", "id": "RD-00044", "properties": {"id": "RD-00044", "layer": "ROAD_CENTERLINE", "road_class": "local_access", "name_zh": "", "length_m": 315.2, "source_id": "OSM-DERIVED-CORRIDOR-20260808", "source_type": "osm", "confidence": "medium", "geometry_role": "existing_condition"}, "geometry": {"type": "LineString", "coordinates": [[116.33854410000001, 39.97113340000001], [116.338501, 39.9727948], [116.3385004, 39.9729431], [116.3385021, 39.973972]]}}, {"type": "Feature", "id": "RD-00045", "properties": {"id": "RD-00045", "layer": "ROAD_CENTERLINE", "road_class": "local_access", "name_zh": "", "length_m": 345.8, "source_id": "OSM-DERIVED-CORRIDOR-20260808", "source_type": "osm", "confidence": "medium", "geometry_role": "existing_condition"}, "geometry": {"type": "LineString", "coordinates": [[116.3414772, 39.9521002], [116.3424232, 39.952217999999995], [116.34271010000002, 39.95219029999999], [116.34282159999998, 39.9520982], [116.3429075, 39.9519075], [116.34293729999999, 39.9516733], [116.34294569999999, 39.9515823], [116.342977, 39.951500300000006], [116.34304520000002, 39.9513654], [116.3433194, 39.951019200000005], [116.3440062, 39.950486299999994], [116.344032, 39.950374399999994]]}}, {"type": "Feature", "id": "RD-00046", "properties": {"id": "RD-00046", "layer": "ROAD_CENTERLINE", "road_class": "expressway", "name_zh": "西直门北大街", "length_m": 50.1, "source_id": "OSM-DERIVED-CORRIDOR-20260808", "source_type": "osm", "confidence": "medium", "geometry_role": "existing_condition"}, "geometry": {"type": "LineString", "coordinates": [[116.3488889, 39.95475520000001], [116.34889820000001, 39.954304400000005]]}}, {"type": "Feature", "id": "RD-00047", "properties": {"id": "RD-00047", "layer": "ROAD_CENTERLINE", "road_class": "branch", "name_zh": "", "length_m": 180.6, "source_id": "OSM-DERIVED-CORRIDOR-20260808", "source_type": "osm", "confidence": "medium", "geometry_role": "existing_condition"}, "geometry": {"type": "MultiLineString", "coordinates": [[[116.35016317087702, 39.94219540035084], [116.35016467744177, 39.94223511223904], [116.35016534569037, 39.9422527267463], [116.35017702601144, 39.94256060961191], [116.35018040100692, 39.94264957106235]], [[116.35018240032404, 39.942702270940174], [116.35020620000002, 39.9433296], [116.3502066, 39.943339099999996], [116.35020710000002, 39.94334849999999], [116.3502077, 39.943358], [116.35020840000001, 39.94336740000001], [116.35021049999999, 39.9433863], [116.35021190000002, 39.9433959], [116.35021329999998, 39.9434052], [116.350215, 39.94341459999999], [116.35021680000001, 39.9434241], [116.3502188, 39.9434333], [116.3502208, 39.943442899999994], [116.35022970000001, 39.9434807], [116.3502391, 39.9435174], [116.3502442, 39.94353580000001], [116.35025010000001, 39.94355699999999], [116.3502598, 39.9435908], [116.3502649, 39.94360890000001], [116.35027, 39.9436273], [116.35027439999999, 39.94364509999999], [116.35027839999998, 39.943662800000006], [116.3502823, 39.943680400000005], [116.3502861, 39.943698], [116.35028820000001, 39.94370970000001], [116.35029020000002, 39.9437214], [116.3502916, 39.943731099999994], [116.3502929, 39.9437407], [116.3502937, 39.9437502], [116.3502943, 39.94375979999999], [116.35029500000002, 39.94377440000001], [116.35029540000001, 39.943788999999995], [116.35029590000002, 39.94381409999999], [116.35029600000001, 39.943868499999994]]]}}, {"type": "Feature", "id": "RD-00048", "properties": {"id": "RD-00048", "layer": "ROAD_CENTERLINE", "road_class": "branch", "name_zh": "", "length_m": 405.6, "source_id": "OSM-DERIVED-CORRIDOR-20260808", "source_type": "osm", "confidence": "medium", "geometry_role": "existing_condition"}, "geometry": {"type": "LineString", "coordinates": [[116.3525462, 39.9488461], [116.3520383, 39.94884040000001], [116.3508014, 39.94862209999999], [116.3507858, 39.9486666], [116.35046790000001, 39.94960629999999], [116.35023120000001, 39.95009569999999], [116.34974389999999, 39.9504333], [116.34952460000001, 39.950605499999995]]}}, {"type": "Feature", "id": "RD-00049", "properties": {"id": "RD-00049", "layer": "ROAD_CENTERLINE", "road_class": "branch", "name_zh": "", "length_m": 23.9, "source_id": "OSM-DERIVED-CORRIDOR-20260808", "source_type": "osm", "confidence": "medium", "geometry_role": "existing_condition"}, "geometry": {"type": "LineString", "coordinates": [[116.3504696, 39.94856239999999], [116.35019190000001, 39.948537]]}}, {"type": "Feature", "id": "RD-00050", "properties": {"id": "RD-00050", "layer": "ROAD_CENTERLINE", "road_class": "local_access", "name_zh": "", "length_m": 333.8, "source_id": "OSM-DERIVED-CORRIDOR-20260808", "source_type": "osm", "confidence": "medium", "geometry_role": "existing_condition"}, "geometry": {"type": "LineString", "coordinates": [[116.3488422, 39.951799599999994], [116.34807480000002, 39.9518116], [116.3476868, 39.952256899999995], [116.34679229999999, 39.953283599999985], [116.3459562, 39.9532944]]}}, {"type": "Feature", "id": "RD-00051", "properties": {"id": "RD-00051", "layer": "ROAD_CENTERLINE", "road_class": "local_access", "name_zh": "", "length_m": 192.3, "source_id": "OSM-DERIVED-CORRIDOR-20260808", "source_type": "osm", "confidence": "medium", "geometry_role": "existing_condition"}, "geometry": {"type": "LineString", "coordinates": [[116.33931630000001, 39.965883399999996], [116.3394442, 39.96593620000001], [116.340749, 39.965933199999995], [116.3411982, 39.96593219999998], [116.3414163, 39.966008600000016], [116.341456, 39.9660893]]}}, {"type": "Feature", "id": "RD-00052", "properties": {"id": "RD-00052", "layer": "ROAD_CENTERLINE", "road_class": "local_access", "name_zh": "", "length_m": 152.6, "source_id": "OSM-DERIVED-CORRIDOR-20260808", "source_type": "osm", "confidence": "medium", "geometry_role": "existing_condition"}, "geometry": {"type": "LineString", "coordinates": [[116.3486043, 39.9505893], [116.34870620000001, 39.9508966], [116.3485911, 39.951278900000005], [116.34807480000002, 39.9518116]]}}, {"type": "Feature", "id": "RD-00053", "properties": {"id": "RD-00053", "layer": "ROAD_CENTERLINE", "road_class": "local_access", "name_zh": "", "length_m": 186.3, "source_id": "OSM-DERIVED-CORRIDOR-20260808", "source_type": "osm", "confidence": "medium", "geometry_role": "existing_condition"}, "geometry": {"type": "LineString", "coordinates": [[116.35183999999998, 39.94480179999999], [116.3518377, 39.94455779999999], [116.3518374, 39.9445419], [116.35183690000001, 39.9445261], [116.35183630000002, 39.9445102], [116.35183519999998, 39.9444943], [116.35183390000002, 39.94447829999999], [116.35183210000001, 39.94446189999999], [116.35182949999998, 39.944445699999996], [116.351828, 39.944435799999994], [116.3518031, 39.94428669999999], [116.35180179999999, 39.9442781], [116.35180080000002, 39.9442694], [116.3517999, 39.9442604], [116.35179939999999, 39.944251300000005], [116.351799, 39.944241500000004], [116.35179880000001, 39.94423270000001], [116.35179880000001, 39.9442222], [116.35179880000001, 39.9442113], [116.35179939999999, 39.94413589999999], [116.35180459999998, 39.94379729999999], [116.3518049, 39.94379079999999], [116.35180560000002, 39.943784199999996], [116.35180660000002, 39.94377769999999], [116.35180810000001, 39.943771199999986], [116.3518095, 39.94376679999999], [116.35181149999998, 39.9437623], [116.35181400000002, 39.943758100000004], [116.35181709999999, 39.94375370000001], [116.35182130000001, 39.94374880000001], [116.3518268, 39.943744], [116.3518335, 39.9437398], [116.3518416, 39.943736200000004], [116.35184950000001, 39.9437344], [116.35185849999999, 39.94373349999999], [116.3518664, 39.9437337], [116.35187430000002, 39.943734299999996], [116.3518829, 39.943735499999995], [116.3518915, 39.943737099999986], [116.35190020000002, 39.943739], [116.35190829999999, 39.943741], [116.3520381, 39.9437792], [116.3525715, 39.94393879999999]]}}, {"type": "Feature", "id": "RD-00054", "properties": {"id": "RD-00054", "layer": "ROAD_CENTERLINE", "road_class": "local_access", "name_zh": "", "length_m": 131.9, "source_id": "OSM-DERIVED-CORRIDOR-20260808", "source_type": "osm", "confidence": "medium", "geometry_role": "existing_condition"}, "geometry": {"type": "LineString", "coordinates": [[116.35183999999998, 39.94480179999999], [116.35174239999999, 39.9448008], [116.3517248, 39.94479989999999], [116.3517089, 39.9447983], [116.35169409999999, 39.94479630000001], [116.3516798, 39.9447941], [116.35166359999998, 39.9447911], [116.351648, 39.94478769999999], [116.35161249999999, 39.94478], [116.35157599999998, 39.9447717], [116.3515064, 39.9447553], [116.3514824, 39.94474979999999], [116.3514704, 39.9447472], [116.3514584, 39.94474499999999], [116.35144659999999, 39.944743399999986], [116.3514341, 39.944742], [116.3514203, 39.9447408], [116.3514085, 39.9447398], [116.35139530000001, 39.944739], [116.35138210000001, 39.9447384], [116.3513546, 39.94473800000001], [116.3508187, 39.944737499999995], [116.35047710000002, 39.9447369], [116.3503072, 39.944735900000005]]}}, {"type": "Feature", "id": "RD-00055", "properties": {"id": "RD-00055", "layer": "ROAD_CENTERLINE", "road_class": "local_access", "name_zh": "", "length_m": 175.7, "source_id": "OSM-DERIVED-CORRIDOR-20260808", "source_type": "osm", "confidence": "medium", "geometry_role": "existing_condition"}, "geometry": {"type": "LineString", "coordinates": [[116.3532271, 39.94525670000001], [116.3534175, 39.945628899999996], [116.3534298, 39.9456536], [116.3534809, 39.94575699999999], [116.35348820000002, 39.94577329999999], [116.3534947, 39.9457896], [116.35350020000001, 39.9458058], [116.35350500000001, 39.9458219], [116.35350710000002, 39.9458295], [116.3535088, 39.94583709999999], [116.3535103, 39.94584489999999], [116.35351190000002, 39.9458528], [116.3535133, 39.94586089999999], [116.35351440000001, 39.94586899999999], [116.3535154, 39.94587700000001], [116.353516, 39.94588469999999], [116.3535166, 39.94589560000001], [116.3535171, 39.94590719999999], [116.35351970000002, 39.9460231], [116.3540696, 39.9460248], [116.3541224, 39.946025299999995], [116.35417140000001, 39.9460265], [116.3542202, 39.94602819999999], [116.3542681, 39.94603049999999], [116.35430270000002, 39.9460324], [116.35431900000002, 39.94603360000001], [116.3543354, 39.946034999999995], [116.35435950000002, 39.9460373], [116.35437120000002, 39.946038699999995], [116.35438329999998, 39.94604029999999], [116.3543935, 39.94604199999999], [116.35440330000002, 39.94604379999999], [116.35441200000001, 39.94604579999999], [116.3544203, 39.946047899999996], [116.3544289, 39.9460505], [116.35443660000001, 39.9460533], [116.3544443, 39.9460564], [116.3544497, 39.9460588], [116.3544549, 39.94606149999999], [116.35450829999999, 39.9460913]]}}, {"type": "Feature", "id": "RD-00056", "properties": {"id": "RD-00056", "layer": "ROAD_CENTERLINE", "road_class": "local_access", "name_zh": "", "length_m": 898.8, "source_id": "OSM-DERIVED-CORRIDOR-20260808", "source_type": "osm", "confidence": "medium", "geometry_role": "existing_condition"}, "geometry": {"type": "LineString", "coordinates": [[116.34522490000002, 39.949411000000005], [116.345498, 39.949679300000014], [116.34540850000002, 39.950036999999995], [116.34264269999998, 39.955080099999996], [116.3423737, 39.9552413], [116.3418144, 39.95617120000001], [116.34173350000002, 39.95630859999999], [116.34171220000002, 39.9563532], [116.3415276, 39.95667379999999], [116.34148160000001, 39.95674519999999]]}}, {"type": "Feature", "id": "RD-00057", "properties": {"id": "RD-00057", "layer": "ROAD_CENTERLINE", "road_class": "local_access", "name_zh": "笑祖北路", "length_m": 734.6, "source_id": "OSM-DERIVED-CORRIDOR-20260808", "source_type": "osm", "confidence": "medium", "geometry_role": "existing_condition"}, "geometry": {"type": "LineString", "coordinates": [[116.34463750000002, 39.95667879999999], [116.34463690000001, 39.956606600000015], [116.3446859, 39.955254599999996], [116.34478730000001, 39.95479589999999], [116.34486880000001, 39.95464799999999], [116.3449596, 39.953574999999994], [116.34572779999999, 39.9536018], [116.3457586, 39.952759099999994], [116.3457195, 39.951621], [116.34571870000002, 39.95159839999999], [116.3458735, 39.9515501], [116.3464394, 39.9515583], [116.34642690000001, 39.95122839999999]]}}, {"type": "Feature", "id": "RD-00058", "properties": {"id": "RD-00058", "layer": "ROAD_CENTERLINE", "road_class": "branch", "name_zh": "德胜门西大街", "length_m": 83.4, "source_id": "OSM-DERIVED-CORRIDOR-20260808", "source_type": "osm", "confidence": "medium", "geometry_role": "existing_condition"}, "geometry": {"type": "LineString", "coordinates": [[116.3504117, 39.942766], [116.3499423276762, 39.942635547146224], [116.3499328402741, 39.942632910283784], [116.3498317, 39.9426048], [116.3498099, 39.9425985], [116.34978840000001, 39.942591799999995], [116.3497684, 39.94258529999998], [116.34974789999998, 39.94257770000001], [116.34972779999998, 39.9425694], [116.3497071, 39.9425593], [116.349687, 39.9425484], [116.3496681, 39.9425375], [116.3496511, 39.9425264], [116.3496364, 39.942514900000006], [116.3496219, 39.94250209999999], [116.34960860000001, 39.9424893], [116.3495953, 39.94247560000001], [116.34958310000002, 39.94246199999999], [116.3495604, 39.942434600000006]]}}, {"type": "Feature", "id": "RD-00059", "properties": {"id": "RD-00059", "layer": "ROAD_CENTERLINE", "road_class": "local_access", "name_zh": "", "length_m": 247.4, "source_id": "OSM-DERIVED-CORRIDOR-20260808", "source_type": "osm", "confidence": "medium", "geometry_role": "existing_condition"}, "geometry": {"type": "LineString", "coordinates": [[116.3369847, 39.977563], [116.33696739999999, 39.977932800000005], [116.3368716, 39.97978959999999]]}}, {"type": "Feature", "id": "RD-00060", "properties": {"id": "RD-00060", "layer": "ROAD_CENTERLINE", "road_class": "local_access", "name_zh": "", "length_m": 212.0, "source_id": "OSM-DERIVED-CORRIDOR-20260808", "source_type": "osm", "confidence": "medium", "geometry_role": "existing_condition"}, "geometry": {"type": "LineString", "coordinates": [[116.33886809999998, 39.97794779999999], [116.33886929999998, 39.978112799999984], [116.3388344, 39.97874530000001], [116.33882120000001, 39.978984999999994], [116.33879459999999, 39.979468000000004], [116.3387923, 39.9794992], [116.33879630000001, 39.979542300000006], [116.3388039, 39.9795843], [116.3388256, 39.979645199999986], [116.33885780000001, 39.9797625], [116.3388814, 39.9798483]]}}, {"type": "Feature", "id": "RD-00061", "properties": {"id": "RD-00061", "layer": "ROAD_CENTERLINE", "road_class": "local_access", "name_zh": "", "length_m": 538.6, "source_id": "OSM-DERIVED-CORRIDOR-20260808", "source_type": "osm", "confidence": "medium", "geometry_role": "existing_condition"}, "geometry": {"type": "LineString", "coordinates": [[116.33430610000002, 39.97482379999999], [116.3343621, 39.97458340000001], [116.33438210000001, 39.9744978], [116.33443, 39.9742923], [116.33461649999998, 39.974066199999996], [116.3347626, 39.973591899999995], [116.3349034, 39.973515400000004], [116.3349478, 39.9732206], [116.3351401, 39.97295419999999], [116.3353399, 39.972869100000004], [116.3354323, 39.972631], [116.33593530000002, 39.9725517], [116.3359427, 39.9727019], [116.33677209999999, 39.97278159999999], [116.33744599999999, 39.9727903], [116.3377985, 39.972794599999986], [116.33821429999999, 39.9727947], [116.3383431, 39.972794799999996]]}}, {"type": "Feature", "id": "RD-00062", "properties": {"id": "RD-00062", "layer": "ROAD_CENTERLINE", "road_class": "local_access", "name_zh": "", "length_m": 226.1, "source_id": "OSM-DERIVED-CORRIDOR-20260808", "source_type": "osm", "confidence": "medium", "geometry_role": "existing_condition"}, "geometry": {"type": "LineString", "coordinates": [[116.3452885, 39.9665908], [116.3452957, 39.9670195], [116.345286, 39.967378], [116.3452919, 39.967766999999995], [116.3452885, 39.96810240000001], [116.3452935, 39.968626500000006]]}}, {"type": "Feature", "id": "RD-00063", "properties": {"id": "RD-00063", "layer": "ROAD_CENTERLINE", "road_class": "local_access", "name_zh": "", "length_m": 423.6, "source_id": "OSM-DERIVED-CORRIDOR-20260808", "source_type": "osm", "confidence": "medium", "geometry_role": "existing_condition"}, "geometry": {"type": "LineString", "coordinates": [[116.3422588, 39.96651539999999], [116.34225809999998, 39.96673669999999], [116.3422576, 39.96687519999999], [116.34224449999999, 39.9673191], [116.34222620000001, 39.968208000000004], [116.3422219, 39.96844709999999], [116.34221780000001, 39.968669799999994], [116.3422135, 39.96889449999999], [116.3421988, 39.96966079999999], [116.3421875, 39.97025399999999], [116.3421861, 39.97032939999998]]}}, {"type": "Feature", "id": "RD-00064", "properties": {"id": "RD-00064", "layer": "ROAD_CENTERLINE", "road_class": "local_access", "name_zh": "", "length_m": 215.6, "source_id": "OSM-DERIVED-CORRIDOR-20260808", "source_type": "osm", "confidence": "medium", "geometry_role": "existing_condition"}, "geometry": {"type": "LineString", "coordinates": [[116.3397034, 39.9681822], [116.34116260000002, 39.968194], [116.34130490000001, 39.9681959], [116.34222620000001, 39.968208000000004]]}}, {"type": "Feature", "id": "RD-00065", "properties": {"id": "RD-00065", "layer": "ROAD_CENTERLINE", "road_class": "branch", "name_zh": "", "length_m": 126.2, "source_id": "OSM-DERIVED-CORRIDOR-20260808", "source_type": "osm", "confidence": "medium", "geometry_role": "existing_condition"}, "geometry": {"type": "LineString", "coordinates": [[116.3377818, 39.97498199999999], [116.33781680000001, 39.97384569999999]]}}, {"type": "Feature", "id": "RD-00066", "properties": {"id": "RD-00066", "layer": "ROAD_CENTERLINE", "road_class": "local_access", "name_zh": "", "length_m": 271.8, "source_id": "OSM-DERIVED-CORRIDOR-20260808", "source_type": "osm", "confidence": "medium", "geometry_role": "existing_condition"}, "geometry": {"type": "LineString", "coordinates": [[116.34116260000002, 39.968194], [116.3411613, 39.9684347], [116.3411601, 39.9686612], [116.34115580000001, 39.96888469999999], [116.3411247, 39.9696578], [116.3411184, 39.969776], [116.3410299, 39.97019329999999], [116.3410274, 39.9702566], [116.3410169, 39.9705743], [116.34101479999998, 39.9706356]]}}, {"type": "Feature", "id": "RD-00067", "properties": {"id": "RD-00067", "layer": "ROAD_CENTERLINE", "road_class": "local_access", "name_zh": "", "length_m": 229.7, "source_id": "OSM-DERIVED-CORRIDOR-20260808", "source_type": "osm", "confidence": "medium", "geometry_role": "existing_condition"}, "geometry": {"type": "LineString", "coordinates": [[116.3444535, 39.966525700000005], [116.34444619999998, 39.9666986], [116.3444427, 39.9668559], [116.3444369, 39.967032100000004], [116.34443080000001, 39.967216400000005], [116.34443139999999, 39.9673887], [116.3444322, 39.9675709], [116.3444285, 39.967754], [116.34442459999998, 39.9679458], [116.34442120000001, 39.968114799999995], [116.3444169, 39.9683252], [116.3444114, 39.96859400000001]]}}, {"type": "Feature", "id": "RD-00068", "properties": {"id": "RD-00068", "layer": "ROAD_CENTERLINE", "road_class": "local_access", "name_zh": "", "length_m": 223.3, "source_id": "OSM-DERIVED-CORRIDOR-20260808", "source_type": "osm", "confidence": "medium", "geometry_role": "existing_condition"}, "geometry": {"type": "LineString", "coordinates": [[116.33577810000001, 39.99291910000001], [116.3357653, 39.9929636], [116.3356795, 39.993262099999995], [116.3356685, 39.9934699], [116.3356363, 39.994081200000004], [116.3355939, 39.994884299999995], [116.33559200000002, 39.994920799999996]]}}, {"type": "Feature", "id": "RD-00069", "properties": {"id": "RD-00069", "layer": "ROAD_CENTERLINE", "road_class": "local_access", "name_zh": "", "length_m": 152.1, "source_id": "OSM-DERIVED-CORRIDOR-20260808", "source_type": "osm", "confidence": "medium", "geometry_role": "existing_condition"}, "geometry": {"type": "LineString", "coordinates": [[116.3391322, 39.99939019999999], [116.3391375, 39.99927099999999], [116.33913419999999, 39.9990384], [116.3391248, 39.99860030000001], [116.3391176, 39.99826550000001], [116.3391317, 39.9982157], [116.3391403, 39.99802210000001]]}}, {"type": "Feature", "id": "RD-00070", "properties": {"id": "RD-00070", "layer": "ROAD_CENTERLINE", "road_class": "local_access", "name_zh": "", "length_m": 809.5, "source_id": "OSM-DERIVED-CORRIDOR-20260808", "source_type": "osm", "confidence": "medium", "geometry_role": "existing_condition"}, "geometry": {"type": "LineString", "coordinates": [[116.33706459999999, 39.99332789999999], [116.3380941, 39.9934068], [116.3389888, 39.9934739], [116.3399025, 39.9935425], [116.33999, 39.99354910000001], [116.34028989999999, 39.993442300000005], [116.3404307, 39.9934247], [116.3409526, 39.993549099999996], [116.341141, 39.9935866], [116.34200510000001, 39.99363009999999], [116.3429621, 39.99364889999999], [116.3436317, 39.9936621], [116.3439599, 39.99366860000001], [116.34437500000001, 39.9936767], [116.3449725, 39.99368849999998], [116.3457345, 39.9937036], [116.3458879, 39.993706599999996], [116.3464629, 39.9937179]]}}, {"type": "Feature", "id": "RD-00071", "properties": {"id": "RD-00071", "layer": "ROAD_CENTERLINE", "road_class": "branch", "name_zh": "", "length_m": 340.7, "source_id": "OSM-DERIVED-CORRIDOR-20260808", "source_type": "osm", "confidence": "medium", "geometry_role": "existing_condition"}, "geometry": {"type": "LineString", "coordinates": [[116.33464960000002, 39.98462889999999], [116.33479100000001, 39.9846345], [116.33675220000002, 39.98474699999999], [116.3377779, 39.984796599999996], [116.3378961, 39.98482619999999], [116.33794240000002, 39.98484590000001], [116.3385813, 39.9850134]]}}, {"type": "Feature", "id": "RD-00072", "properties": {"id": "RD-00072", "layer": "ROAD_CENTERLINE", "road_class": "secondary", "name_zh": "高梁桥斜街", "length_m": 156.7, "source_id": "OSM-DERIVED-CORRIDOR-20260808", "source_type": "osm", "confidence": "medium", "geometry_role": "existing_condition"}, "geometry": {"type": "LineString", "coordinates": [[116.34550279999999, 39.9423976], [116.34527449999999, 39.94251959999998], [116.3448768, 39.9426801], [116.3441117, 39.9429147], [116.3439902, 39.94295199999999], [116.34384900000002, 39.94299529999999]]}}, {"type": "Feature", "id": "RD-00073", "properties": {"id": "RD-00073", "layer": "ROAD_CENTERLINE", "road_class": "local_access", "name_zh": "", "length_m": 105.1, "source_id": "OSM-DERIVED-CORRIDOR-20260808", "source_type": "osm", "confidence": "medium", "geometry_role": "existing_condition"}, "geometry": {"type": "LineString", "coordinates": [[116.3372751, 39.9983947], [116.3372841, 39.999044199999986], [116.3373141, 39.99923450000001], [116.3373111, 39.99933959999999]]}}, {"type": "Feature", "id": "RD-00074", "properties": {"id": "RD-00074", "layer": "ROAD_CENTERLINE", "road_class": "local_access", "name_zh": "", "length_m": 109.5, "source_id": "OSM-DERIVED-CORRIDOR-20260808", "source_type": "osm", "confidence": "medium", "geometry_role": "existing_condition"}, "geometry": {"type": "LineString", "coordinates": [[116.33704420000001, 40.000464199999996], [116.33813690000001, 40.0004858], [116.33831530000002, 40.0004385]]}}, {"type": "Feature", "id": "RD-00075", "properties": {"id": "RD-00075", "layer": "ROAD_CENTERLINE", "road_class": "local_access", "name_zh": "图书馆路", "length_m": 371.9, "source_id": "OSM-DERIVED-CORRIDOR-20260808", "source_type": "osm", "confidence": "medium", "geometry_role": "existing_condition"}, "geometry": {"type": "LineString", "coordinates": [[116.34130450000002, 40.0019497], [116.3402658, 40.001935400000015], [116.34009250000001, 40.0019334], [116.3393456, 40.001917999999996], [116.3384328, 40.0018991], [116.336951, 40.00185989999999]]}}, {"type": "Feature", "id": "RD-00076", "properties": {"id": "RD-00076", "layer": "ROAD_CENTERLINE", "road_class": "local_access", "name_zh": "", "length_m": 196.0, "source_id": "OSM-DERIVED-CORRIDOR-20260808", "source_type": "osm", "confidence": "medium", "geometry_role": "existing_condition"}, "geometry": {"type": "LineString", "coordinates": [[116.3413008, 39.999059900000006], [116.34072469999998, 39.9990517], [116.34048330000002, 39.998994199999984], [116.34008640000002, 39.9988421], [116.33958210000002, 39.9986613], [116.3393153, 39.9986081], [116.3391248, 39.99860030000001]]}}, {"type": "Feature", "id": "RD-00077", "properties": {"id": "RD-00077", "layer": "ROAD_CENTERLINE", "road_class": "local_access", "name_zh": "", "length_m": 106.1, "source_id": "OSM-DERIVED-CORRIDOR-20260808", "source_type": "osm", "confidence": "medium", "geometry_role": "existing_condition"}, "geometry": {"type": "LineString", "coordinates": [[116.3444144, 39.998580499999996], [116.34438580000001, 39.999419499999995], [116.3443854, 39.99953589999999]]}}, {"type": "Feature", "id": "RD-00078", "properties": {"id": "RD-00078", "layer": "ROAD_CENTERLINE", "road_class": "branch", "name_zh": "北四环中路", "length_m": 449.2, "source_id": "OSM-DERIVED-CORRIDOR-20260808", "source_type": "osm", "confidence": "medium", "geometry_role": "existing_condition"}, "geometry": {"type": "LineString", "coordinates": [[116.34421959999999, 39.9856054], [116.34236789999999, 39.98555309999999], [116.34185410000002, 39.98554219999999], [116.34067960000002, 39.98552320000001], [116.3401091, 39.98550779999999], [116.33986829999999, 39.985500699999996], [116.33966730000002, 39.985494499999994], [116.3393235, 39.9854863], [116.3389635, 39.98547349999999]]}}, {"type": "Feature", "id": "RD-00079", "properties": {"id": "RD-00079", "layer": "ROAD_CENTERLINE", "road_class": "branch", "name_zh": "北四环中路", "length_m": 137.8, "source_id": "OSM-DERIVED-CORRIDOR-20260808", "source_type": "osm", "confidence": "medium", "geometry_role": "existing_condition"}, "geometry": {"type": "LineString", "coordinates": [[116.34515599999999, 39.9852208], [116.34676858143492, 39.98526017527977]]}}, {"type": "Feature", "id": "RD-00080", "properties": {"id": "RD-00080", "layer": "ROAD_CENTERLINE", "road_class": "branch", "name_zh": "", "length_m": 177.5, "source_id": "OSM-DERIVED-CORRIDOR-20260808", "source_type": "osm", "confidence": "medium", "geometry_role": "existing_condition"}, "geometry": {"type": "LineString", "coordinates": [[116.3473934, 39.95841660000001], [116.3474165, 39.957057500000005], [116.34741990000002, 39.9569604], [116.34743220000001, 39.956818600000005]]}}, {"type": "Feature", "id": "RD-00081", "properties": {"id": "RD-00081", "layer": "ROAD_CENTERLINE", "road_class": "local_access", "name_zh": "", "length_m": 178.4, "source_id": "OSM-DERIVED-CORRIDOR-20260808", "source_type": "osm", "confidence": "medium", "geometry_role": "existing_condition"}, "geometry": {"type": "LineString", "coordinates": [[116.3491116, 39.95054369999999], [116.3486043, 39.9505893], [116.3470998, 39.950226400000005]]}}, {"type": "Feature", "id": "RD-00082", "properties": {"id": "RD-00082", "layer": "ROAD_CENTERLINE", "road_class": "branch", "name_zh": "北三环西路", "length_m": 35.0, "source_id": "OSM-DERIVED-CORRIDOR-20260808", "source_type": "osm", "confidence": "medium", "geometry_role": "existing_condition"}, "geometry": {"type": "LineString", "coordinates": [[116.34715883911164, 39.96651124743204], [116.3467493, 39.9665093]]}}, {"type": "Feature", "id": "RD-00083", "properties": {"id": "RD-00083", "layer": "ROAD_CENTERLINE", "road_class": "expressway", "name_zh": "西土城路", "length_m": 356.5, "source_id": "OSM-DERIVED-CORRIDOR-20260808", "source_type": "osm", "confidence": "medium", "geometry_role": "existing_condition"}, "geometry": {"type": "LineString", "coordinates": [[116.3468762, 39.9735287], [116.34695130000001, 39.9718495], [116.3469875, 39.9703191]]}}, {"type": "Feature", "id": "RD-00084", "properties": {"id": "RD-00084", "layer": "ROAD_CENTERLINE", "road_class": "expressway", "name_zh": "西直门北大街", "length_m": 103.6, "source_id": "OSM-DERIVED-CORRIDOR-20260808", "source_type": "osm", "confidence": "medium", "geometry_role": "existing_condition"}, "geometry": {"type": "LineString", "coordinates": [[116.34981059999998, 39.948852699999996], [116.3499025, 39.948513999999996], [116.3499913, 39.9479312]]}}, {"type": "Feature", "id": "RD-00085", "properties": {"id": "RD-00085", "layer": "ROAD_CENTERLINE", "road_class": "expressway", "name_zh": "西直门北大街", "length_m": 237.8, "source_id": "OSM-DERIVED-CORRIDOR-20260808", "source_type": "osm", "confidence": "medium", "geometry_role": "existing_condition"}, "geometry": {"type": "LineString", "coordinates": [[116.3499378, 39.94886650000001], [116.3496843, 39.949634], [116.34936379999999, 39.950615799999994], [116.3492859, 39.95094809999999]]}}, {"type": "Feature", "id": "RD-00086", "properties": {"id": "RD-00086", "layer": "ROAD_CENTERLINE", "road_class": "expressway", "name_zh": "西直门北大街", "length_m": 237.6, "source_id": "OSM-DERIVED-CORRIDOR-20260808", "source_type": "osm", "confidence": "medium", "geometry_role": "existing_condition"}, "geometry": {"type": "LineString", "coordinates": [[116.3491743, 39.9509355], [116.34926009999998, 39.9505988], [116.34958910000002, 39.9496015], [116.34981059999998, 39.948852699999996]]}}, {"type": "Feature", "id": "RD-00087", "properties": {"id": "RD-00087", "layer": "ROAD_CENTERLINE", "road_class": "expressway", "name_zh": "西直门北大街", "length_m": 309.1, "source_id": "OSM-DERIVED-CORRIDOR-20260808", "source_type": "osm", "confidence": "medium", "geometry_role": "existing_condition"}, "geometry": {"type": "LineString", "coordinates": [[116.3492859, 39.95094809999999], [116.34920059999999, 39.9513078], [116.34913349999998, 39.9518333], [116.3490723, 39.953105], [116.34904580000001, 39.953722]]}}, {"type": "Feature", "id": "RD-00088", "properties": {"id": "RD-00088", "layer": "ROAD_CENTERLINE", "road_class": "branch", "name_zh": "林业大学北路", "length_m": 121.0, "source_id": "OSM-DERIVED-CORRIDOR-20260808", "source_type": "osm", "confidence": "medium", "geometry_role": "existing_condition"}, "geometry": {"type": "LineString", "coordinates": [[116.34472669999998, 40.00634769999999], [116.34496960000001, 40.0063066], [116.34589529999998, 40.0063126], [116.3459356, 40.00631289999999], [116.34602630000002, 40.0063135], [116.3461337, 40.0063353]]}}, {"type": "Feature", "id": "RD-00089", "properties": {"id": "RD-00089", "layer": "ROAD_CENTERLINE", "road_class": "secondary", "name_zh": "荷清路", "length_m": 665.6, "source_id": "OSM-DERIVED-CORRIDOR-20260808", "source_type": "osm", "confidence": "medium", "geometry_role": "existing_condition"}, "geometry": {"type": "LineString", "coordinates": [[116.3308435, 39.99157769999999], [116.33086399999999, 39.991659399999996], [116.33088169999999, 39.99171489999999], [116.3310794, 39.9923361], [116.33118380000002, 39.9926874], [116.33129630000002, 39.993065999999985], [116.33133650000002, 39.9932588], [116.331352, 39.99336650000001], [116.3313621, 39.993467700000004], [116.33136029999999, 39.9936198], [116.3313352, 39.9941338], [116.3312155, 39.9960896], [116.3311455, 39.997282299999995], [116.3311372, 39.99742249999999], [116.33113110000001, 39.99752419999999]]}}, {"type": "Feature", "id": "RD-00090", "properties": {"id": "RD-00090", "layer": "ROAD_CENTERLINE", "road_class": "branch", "name_zh": "林业大学北路", "length_m": 123.0, "source_id": "OSM-DERIVED-CORRIDOR-20260808", "source_type": "osm", "confidence": "medium", "geometry_role": "existing_condition"}, "geometry": {"type": "LineString", "coordinates": [[116.3461515, 40.0064562], [116.34607970000002, 40.006429900000015], [116.34596249999998, 40.006426000000005], [116.34496360000001, 40.00639269999999], [116.34472669999998, 40.00634769999999]]}}, {"type": "Feature", "id": "RD-00091", "properties": {"id": "RD-00091", "layer": "ROAD_CENTERLINE", "road_class": "branch", "name_zh": "林业大学北路", "length_m": 173.7, "source_id": "OSM-DERIVED-CORRIDOR-20260808", "source_type": "osm", "confidence": "medium", "geometry_role": "existing_condition"}, "geometry": {"type": "LineString", "coordinates": [[116.34472669999998, 40.00634769999999], [116.34470920000001, 40.0063477], [116.3445725, 40.00634769999999], [116.3431753, 40.0063478], [116.3426926, 40.0063478]]}}, {"type": "Feature", "id": "RD-00092", "properties": {"id": "RD-00092", "layer": "ROAD_CENTERLINE", "road_class": "secondary", "name_zh": "清华东路", "length_m": 1055.3, "source_id": "OSM-DERIVED-CORRIDOR-20260808", "source_type": "osm", "confidence": "medium", "geometry_role": "existing_condition"}, "geometry": {"type": "LineString", "coordinates": [[116.33393209999998, 39.999251099999995], [116.3340725, 39.999254799999996], [116.3345949, 39.9992685], [116.336192, 39.999310300000005], [116.3373111, 39.99933959999999], [116.33767010000001, 39.999349599999995], [116.3391322, 39.99939019999999], [116.3425507, 39.9994916], [116.34259430000002, 39.99949269999999], [116.34267260000001, 39.9994946], [116.34291239999999, 39.999499099999994], [116.34375370000001, 39.99952010000001], [116.3443854, 39.99953589999999], [116.34613590000001, 39.999567899999995], [116.3461752, 39.99956850000001], [116.3462821, 39.99956949999999]]}}, {"type": "Feature", "id": "RD-00093", "properties": {"id": "RD-00093", "layer": "ROAD_CENTERLINE", "road_class": "secondary", "name_zh": "王庄路", "length_m": 743.4, "source_id": "OSM-DERIVED-CORRIDOR-20260808", "source_type": "osm", "confidence": "medium", "geometry_role": "existing_condition"}, "geometry": {"type": "LineString", "coordinates": [[116.33377480000001, 39.9987032], [116.3337779, 39.998180299999994], [116.3337825, 39.99809559999999], [116.3338142, 39.997856799999994], [116.33382919999998, 39.9977524], [116.3338238, 39.9972672], [116.33383780000001, 39.99662729999999], [116.33387179999998, 39.996109499999996], [116.3338794, 39.996012599999986], [116.333898, 39.99577609999999], [116.3339092, 39.9956334], [116.33392129999999, 39.9954085], [116.33397250000002, 39.994454399999995], [116.3339956, 39.994025199999996], [116.33400800000001, 39.99379499999999], [116.33402890000002, 39.9934064], [116.3340403, 39.9932328], [116.3340423, 39.9931953], [116.3341056, 39.9920146]]}}, {"type": "Feature", "id": "RD-00094", "properties": {"id": "RD-00094", "layer": "ROAD_CENTERLINE", "road_class": "branch", "name_zh": "", "length_m": 116.6, "source_id": "OSM-DERIVED-CORRIDOR-20260808", "source_type": "osm", "confidence": "medium", "geometry_role": "existing_condition"}, "geometry": {"type": "MultiLineString", "coordinates": [[[116.3323023572691, 39.98530943548065], [116.33206536320155, 39.985302890499014], [116.33205442448056, 39.985302588396486], [116.33203199218083, 39.985301968864285]], [[116.33231763185722, 39.985309857296905], [116.33230590164236, 39.98530953336066]], [[116.33344909999998, 39.9852441], [116.3330942, 39.985331299999984], [116.33238468370241, 39.985311708947094]]]}}, {"type": "Feature", "id": "RD-00095", "properties": {"id": "RD-00095", "layer": "ROAD_CENTERLINE", "road_class": "secondary", "name_zh": "成府路", "length_m": 287.4, "source_id": "OSM-DERIVED-CORRIDOR-20260808", "source_type": "osm", "confidence": "medium", "geometry_role": "existing_condition"}, "geometry": {"type": "LineString", "coordinates": [[116.33081489999998, 39.991488899999986], [116.33093660000002, 39.9914918], [116.33149769999999, 39.99150519999999], [116.33167964808358, 39.991509673805176], [116.33169788001264, 39.99151012208266], [116.3318312, 39.9915134], [116.33190469109297, 39.99151530312419], [116.33267700000002, 39.9915353], [116.3330009, 39.9915426], [116.33360110000001, 39.99155629999999], [116.33397620000001, 39.9915649], [116.3341782, 39.99156949999999]]}}, {"type": "Feature", "id": "RD-00096", "properties": {"id": "RD-00096", "layer": "ROAD_CENTERLINE", "road_class": "branch", "name_zh": "", "length_m": 382.1, "source_id": "OSM-DERIVED-CORRIDOR-20260808", "source_type": "osm", "confidence": "medium", "geometry_role": "existing_condition"}, "geometry": {"type": "LineString", "coordinates": [[116.3389635, 39.98547349999999], [116.33842180000002, 39.9855235], [116.33822330000001, 39.98554769999999], [116.3381592, 39.9855454], [116.33723680000001, 39.9855124], [116.3357762, 39.98546829999999], [116.33535170000002, 39.9854554], [116.3349131, 39.9854423], [116.3347852, 39.9854436], [116.33473370000002, 39.985442799999994], [116.33460950000001, 39.98544319999999], [116.3344996, 39.9854469]]}}, {"type": "Feature", "id": "RD-00097", "properties": {"id": "RD-00097", "layer": "ROAD_CENTERLINE", "road_class": "expressway", "name_zh": "北四环中路", "length_m": 730.0, "source_id": "OSM-DERIVED-CORRIDOR-20260808", "source_type": "osm", "confidence": "medium", "geometry_role": "existing_condition"}, "geometry": {"type": "LineString", "coordinates": [[116.3354479, 39.9850103], [116.33578109999999, 39.9850245], [116.3386877, 39.985147899999994], [116.3418289, 39.9852094], [116.34398529999999, 39.985301199999995]]}}, {"type": "Feature", "id": "RD-00098", "properties": {"id": "RD-00098", "layer": "ROAD_CENTERLINE", "road_class": "local_access", "name_zh": "", "length_m": 614.5, "source_id": "OSM-DERIVED-CORRIDOR-20260808", "source_type": "osm", "confidence": "medium", "geometry_role": "existing_condition"}, "geometry": {"type": "LineString", "coordinates": [[116.3344996, 39.9854469], [116.3343849, 39.98545069999999], [116.33428430000001, 39.9854891], [116.33366649999999, 39.98547070000001], [116.3326056, 39.9854393], [116.33252319999998, 39.9854601], [116.33245920000002, 39.985510699999985], [116.3323378, 39.986221699999994], [116.33233370000002, 39.98624509999999], [116.33226639999998, 39.9866269], [116.33225079999998, 39.9867154], [116.3322227, 39.98693599999999], [116.3321594, 39.987432899999995], [116.33214600000001, 39.9875382], [116.3321222, 39.987725], [116.332028, 39.9894235]]}}, {"type": "Feature", "id": "RD-00099", "properties": {"id": "RD-00099", "layer": "ROAD_CENTERLINE", "road_class": "local_access", "name_zh": "", "length_m": 524.2, "source_id": "OSM-DERIVED-CORRIDOR-20260808", "source_type": "osm", "confidence": "medium", "geometry_role": "existing_condition"}, "geometry": {"type": "LineString", "coordinates": [[116.3393885, 39.97512460000001], [116.33938680000001, 39.9751906], [116.3393813, 39.975304599999994], [116.3393635, 39.9757893], [116.33934300000001, 39.976529], [116.33933930000002, 39.97666100000001], [116.33928900000001, 39.97670389999999], [116.3392148, 39.9767672], [116.33896409999998, 39.9768627], [116.3388715, 39.976897900000004], [116.338369, 39.9770803], [116.33809870000002, 39.97714959999999], [116.3377908, 39.977195399999985], [116.3375047, 39.97718600000001], [116.33564159999999, 39.9771247], [116.33544029999999, 39.9771223], [116.33537700000001, 39.977121499999996]]}}, {"type": "Feature", "id": "RD-00100", "properties": {"id": "RD-00100", "layer": "ROAD_CENTERLINE", "road_class": "branch", "name_zh": "大运村路", "length_m": 745.5, "source_id": "OSM-DERIVED-CORRIDOR-20260808", "source_type": "osm", "confidence": "medium", "geometry_role": "existing_condition"}, "geometry": {"type": "LineString", "coordinates": [[116.33537700000001, 39.977121499999996], [116.33511510000001, 39.977745299999995], [116.33509109999999, 39.97781200000001], [116.33506289999998, 39.9779418], [116.33494710000001, 39.9786762], [116.33482970000001, 39.9797245], [116.3347371, 39.9806079], [116.334631, 39.98161899999999], [116.33463, 39.98162899999999], [116.3346016, 39.98246780000001], [116.3346033, 39.9825116], [116.33458910000002, 39.9831923], [116.33458090000002, 39.983414599999996], [116.33456960000001, 39.9837833]]}}, {"type": "Feature", "id": "RD-00101", "properties": {"id": "RD-00101", "layer": "ROAD_CENTERLINE", "road_class": "branch", "name_zh": "西直门北大街", "length_m": 27.5, "source_id": "OSM-DERIVED-CORRIDOR-20260808", "source_type": "osm", "confidence": "medium", "geometry_role": "existing_condition"}, "geometry": {"type": "LineString", "coordinates": [[116.3499139, 39.9439477], [116.3499043, 39.943886199999994], [116.34989970000001, 39.9438551], [116.3498955, 39.9438246], [116.3498917, 39.9437935], [116.3498887, 39.94376280000001], [116.3498858, 39.94373220000001], [116.3498842, 39.94370159999999]]}}, {"type": "Feature", "id": "RD-00102", "properties": {"id": "RD-00102", "layer": "ROAD_CENTERLINE", "road_class": "secondary", "name_zh": "高梁桥", "length_m": 28.1, "source_id": "OSM-DERIVED-CORRIDOR-20260808", "source_type": "osm", "confidence": "medium", "geometry_role": "existing_condition"}, "geometry": {"type": "LineString", "coordinates": [[116.3449998, 39.94217280000001], [116.34514450000002, 39.9419455]]}}, {"type": "Feature", "id": "RD-00103", "properties": {"id": "RD-00103", "layer": "ROAD_CENTERLINE", "road_class": "branch", "name_zh": "北四环中路", "length_m": 390.1, "source_id": "OSM-DERIVED-CORRIDOR-20260808", "source_type": "osm", "confidence": "medium", "geometry_role": "existing_condition"}, "geometry": {"type": "MultiLineString", "coordinates": [[[116.33450837349649, 39.98528661633922], [116.33344909999998, 39.9852441]], [[116.33811989999998, 39.98543149999999], [116.33461847833138, 39.98529103508778]]]}}, {"type": "Feature", "id": "RD-00104", "properties": {"id": "RD-00104", "layer": "ROAD_CENTERLINE", "road_class": "secondary", "name_zh": "展春园西路", "length_m": 681.4, "source_id": "OSM-DERIVED-CORRIDOR-20260808", "source_type": "osm", "confidence": "medium", "geometry_role": "existing_condition"}, "geometry": {"type": "LineString", "coordinates": [[116.33460950000001, 39.98544319999999], [116.33460950000001, 39.98548399999999], [116.3346006, 39.9857245], [116.33451479999998, 39.9871438], [116.3344017, 39.98901540000001], [116.33436680000001, 39.989593199999995], [116.3343216, 39.9905719], [116.3342809, 39.99145149999999], [116.33427880000002, 39.9914978], [116.33427230000001, 39.991574199999995]]}}, {"type": "Feature", "id": "RD-00105", "properties": {"id": "RD-00105", "layer": "ROAD_CENTERLINE", "road_class": "secondary", "name_zh": "", "length_m": 74.5, "source_id": "OSM-DERIVED-CORRIDOR-20260808", "source_type": "osm", "confidence": "medium", "geometry_role": "existing_condition"}, "geometry": {"type": "LineString", "coordinates": [[116.33464730000001, 39.98470330000001], [116.33464447505875, 39.98476090706845], [116.3346144, 39.98537420000001]]}}, {"type": "Feature", "id": "RD-00106", "properties": {"id": "RD-00106", "layer": "ROAD_CENTERLINE", "road_class": "local_access", "name_zh": "", "length_m": 85.3, "source_id": "OSM-DERIVED-CORRIDOR-20260808", "source_type": "osm", "confidence": "medium", "geometry_role": "existing_condition"}, "geometry": {"type": "LineString", "coordinates": [[116.33504640000001, 39.987683100000005], [116.3356222, 39.98770700000001], [116.3356462, 39.98738290000001]]}}, {"type": "Feature", "id": "RD-00107", "properties": {"id": "RD-00107", "layer": "ROAD_CENTERLINE", "road_class": "expressway", "name_zh": "北四环中路", "length_m": 730.0, "source_id": "OSM-DERIVED-CORRIDOR-20260808", "source_type": "osm", "confidence": "medium", "geometry_role": "existing_condition"}, "geometry": {"type": "LineString", "coordinates": [[116.34397569999999, 39.98546789999999], [116.34179030000001, 39.9853893], [116.33867510000002, 39.9853269], [116.3354395, 39.985170399999994]]}}, {"type": "Feature", "id": "RD-00108", "properties": {"id": "RD-00108", "layer": "ROAD_CENTERLINE", "road_class": "local_access", "name_zh": "", "length_m": 23.3, "source_id": "OSM-DERIVED-CORRIDOR-20260808", "source_type": "osm", "confidence": "medium", "geometry_role": "existing_condition"}, "geometry": {"type": "LineString", "coordinates": [[116.3393635, 39.9757893], [116.33926650000001, 39.975790499999995], [116.33909039999999, 39.975792999999996]]}}, {"type": "Feature", "id": "RD-00109", "properties": {"id": "RD-00109", "layer": "ROAD_CENTERLINE", "road_class": "local_access", "name_zh": "", "length_m": 148.2, "source_id": "OSM-DERIVED-CORRIDOR-20260808", "source_type": "osm", "confidence": "medium", "geometry_role": "existing_condition"}, "geometry": {"type": "LineString", "coordinates": [[116.3386597, 39.975454299999996], [116.33905970000002, 39.975464200000005], [116.3391049, 39.9755173], [116.33909039999999, 39.975792999999996], [116.338671, 39.97579049999999], [116.3386177, 39.975755899999996], [116.338621, 39.975495099999996], [116.3386597, 39.975454299999996]]}}, {"type": "Feature", "id": "RD-00110", "properties": {"id": "RD-00110", "layer": "ROAD_CENTERLINE", "road_class": "local_access", "name_zh": "", "length_m": 21.7, "source_id": "OSM-DERIVED-CORRIDOR-20260808", "source_type": "osm", "confidence": "medium", "geometry_role": "existing_condition"}, "geometry": {"type": "LineString", "coordinates": [[116.338666, 39.97525910000001], [116.33866190000002, 39.97529560000001], [116.33866100000002, 39.97537], [116.3386597, 39.975454299999996]]}}, {"type": "Feature", "id": "RD-00111", "properties": {"id": "RD-00111", "layer": "ROAD_CENTERLINE", "road_class": "expressway", "name_zh": "北五环", "length_m": 371.0, "source_id": "OSM-DERIVED-CORRIDOR-20260808", "source_type": "osm", "confidence": "medium", "geometry_role": "existing_condition"}, "geometry": {"type": "LineString", "coordinates": [[116.31924333124556, 40.01858124711899], [116.31927661617087, 40.01859059524058], [116.3194687554894, 40.01864455762229], [116.31952520697806, 40.01866041196224], [116.32072940000002, 40.0189986], [116.32227189992943, 40.01951730484093], [116.32228140099734, 40.019520499728976], [116.32234660404505, 40.01954242528126], [116.32244964149827, 40.019577073145456], [116.32326100000002, 40.01984989999998]]}}, {"type": "Feature", "id": "RD-00112", "properties": {"id": "RD-00112", "layer": "ROAD_CENTERLINE", "road_class": "branch", "name_zh": "北四环西路", "length_m": 453.4, "source_id": "OSM-DERIVED-CORRIDOR-20260808", "source_type": "osm", "confidence": "medium", "geometry_role": "existing_condition"}, "geometry": {"type": "MultiLineString", "coordinates": [[[116.3288051, 39.9845641], [116.3290379, 39.9845762], [116.33009260000001, 39.984623100000015], [116.3317256, 39.984714200000006], [116.33212671497523, 39.98472657243343], [116.33212770411123, 39.98472660294171], [116.33216070519582, 39.98472762080137], [116.33238973764797, 39.98473468463964], [116.33242089942169, 39.98473564569863], [116.33246089722414, 39.9847368792569]], [[116.33248405046409, 39.984737593311564], [116.3333858, 39.9847654], [116.33412650000001, 39.984728399999995]]]}}, {"type": "Feature", "id": "RD-00113", "properties": {"id": "RD-00113", "layer": "ROAD_CENTERLINE", "road_class": "local_access", "name_zh": "", "length_m": 236.5, "source_id": "OSM-DERIVED-CORRIDOR-20260808", "source_type": "osm", "confidence": "medium", "geometry_role": "existing_condition"}, "geometry": {"type": "LineString", "coordinates": [[116.3339092, 39.9956334], [116.33402840000001, 39.99563589999999], [116.33497730000002, 39.99565569999999], [116.3366769, 39.99569109999999]]}}, {"type": "Feature", "id": "RD-00114", "properties": {"id": "RD-00114", "layer": "ROAD_CENTERLINE", "road_class": "local_access", "name_zh": "", "length_m": 323.6, "source_id": "OSM-DERIVED-CORRIDOR-20260808", "source_type": "osm", "confidence": "medium", "geometry_role": "existing_condition"}, "geometry": {"type": "LineString", "coordinates": [[116.3391403, 39.99802210000001], [116.33915730000001, 39.9973089], [116.3391763, 39.9965083], [116.3392333, 39.9957519], [116.3392468, 39.9954089], [116.3392585, 39.99510980000001]]}}, {"type": "Feature", "id": "RD-00115", "properties": {"id": "RD-00115", "layer": "ROAD_CENTERLINE", "road_class": "branch", "name_zh": "西土城路", "length_m": 465.3, "source_id": "OSM-DERIVED-CORRIDOR-20260808", "source_type": "osm", "confidence": "medium", "geometry_role": "existing_condition"}, "geometry": {"type": "LineString", "coordinates": [[116.34709078522464, 39.974796996727385], [116.3469097, 39.97446720000001], [116.34678680000002, 39.97412870000001], [116.3467366, 39.973831000000004], [116.3467498, 39.9730825], [116.34675110000002, 39.972833300000005], [116.34676650000002, 39.971970799999994], [116.34678269999999, 39.971432099999994], [116.3467859, 39.9713247], [116.34679269999998, 39.97109739999999], [116.34680919999998, 39.970650500000005]]}}, {"type": "Feature", "id": "RD-00116", "properties": {"id": "RD-00116", "layer": "ROAD_CENTERLINE", "road_class": "branch", "name_zh": "西直门北大街", "length_m": 215.0, "source_id": "OSM-DERIVED-CORRIDOR-20260808", "source_type": "osm", "confidence": "medium", "geometry_role": "existing_condition"}, "geometry": {"type": "LineString", "coordinates": [[116.350309, 39.943977399999994], [116.3503072, 39.944735900000005], [116.3502978, 39.94591389999999]]}}, {"type": "Feature", "id": "RD-00117", "properties": {"id": "RD-00117", "layer": "ROAD_CENTERLINE", "road_class": "local_access", "name_zh": "", "length_m": 46.4, "source_id": "OSM-DERIVED-CORRIDOR-20260808", "source_type": "osm", "confidence": "medium", "geometry_role": "existing_condition"}, "geometry": {"type": "LineString", "coordinates": [[116.33685310000001, 39.995689700000014], [116.3368362, 39.9957274], [116.3367882, 39.9957528], [116.33672, 39.9957458], [116.3366889, 39.995721800000005], [116.3366769, 39.99569109999999], [116.3366926, 39.9956491], [116.3367388, 39.995623200000004], [116.33680480000001, 39.9956274], [116.33684319999999, 39.9956565], [116.33685310000001, 39.995689700000014]]}}, {"type": "Feature", "id": "RD-00118", "properties": {"id": "RD-00118", "layer": "ROAD_CENTERLINE", "road_class": "local_access", "name_zh": "中北路", "length_m": 469.9, "source_id": "OSM-DERIVED-CORRIDOR-20260808", "source_type": "osm", "confidence": "medium", "geometry_role": "existing_condition"}, "geometry": {"type": "LineString", "coordinates": [[116.34213290000001, 39.991746500000005], [116.34213350000002, 39.99170659999999], [116.3421298, 39.9916849], [116.3421189, 39.99161869999999], [116.34212890000002, 39.9910851], [116.3421307, 39.99103269999999], [116.34215480000002, 39.9904722], [116.3421565, 39.9904334], [116.342163, 39.989743499999996], [116.3421907, 39.98904139999999], [116.34219290000001, 39.9889847], [116.34219869999998, 39.988837600000004], [116.3422086, 39.9885858], [116.34224720000002, 39.98760559999999], [116.3422507, 39.98751690000001]]}}, {"type": "Feature", "id": "RD-00119", "properties": {"id": "RD-00119", "layer": "ROAD_CENTERLINE", "road_class": "local_access", "name_zh": "", "length_m": 198.1, "source_id": "OSM-DERIVED-CORRIDOR-20260808", "source_type": "osm", "confidence": "medium", "geometry_role": "existing_condition"}, "geometry": {"type": "LineString", "coordinates": [[116.33687080000001, 39.995262], [116.3351833, 39.9952456], [116.3351631, 39.9953465], [116.33498270000001, 39.9954377], [116.33497730000002, 39.99565569999999]]}}, {"type": "Feature", "id": "RD-00120", "properties": {"id": "RD-00120", "layer": "ROAD_CENTERLINE", "road_class": "expressway", "name_zh": "西土城路", "length_m": 357.1, "source_id": "OSM-DERIVED-CORRIDOR-20260808", "source_type": "osm", "confidence": "medium", "geometry_role": "existing_condition"}, "geometry": {"type": "LineString", "coordinates": [[116.3469875, 39.9703191], [116.34704220000002, 39.96898070000001], [116.347054, 39.968772599999994], [116.34724380000002, 39.96789690000001], [116.3473067, 39.9671179]]}}, {"type": "Feature", "id": "RD-00121", "properties": {"id": "RD-00121", "layer": "ROAD_CENTERLINE", "road_class": "branch", "name_zh": "学院路", "length_m": 70.4, "source_id": "OSM-DERIVED-CORRIDOR-20260808", "source_type": "osm", "confidence": "medium", "geometry_role": "existing_condition"}, "geometry": {"type": "LineString", "coordinates": [[116.34767109999999, 39.9762586], [116.34763120000001, 39.975997299999996], [116.3475168, 39.975637299999995]]}}, {"type": "Feature", "id": "RD-00122", "properties": {"id": "RD-00122", "layer": "ROAD_CENTERLINE", "road_class": "branch", "name_zh": "西土城路", "length_m": 300.4, "source_id": "OSM-DERIVED-CORRIDOR-20260808", "source_type": "osm", "confidence": "medium", "geometry_role": "existing_condition"}, "geometry": {"type": "LineString", "coordinates": [[116.34680919999998, 39.970650500000005], [116.3468687, 39.96931169999999], [116.34695370000001, 39.968086899999996], [116.34695730000001, 39.96801879999999], [116.34695370000001, 39.96794789999999]]}}, {"type": "Feature", "id": "RD-00123", "properties": {"id": "RD-00123", "layer": "ROAD_CENTERLINE", "road_class": "branch", "name_zh": "西土城路", "length_m": 529.1, "source_id": "OSM-DERIVED-CORRIDOR-20260808", "source_type": "osm", "confidence": "medium", "geometry_role": "existing_condition"}, "geometry": {"type": "LineString", "coordinates": [[116.3469898, 39.9638749], [116.3469973, 39.96368019999999], [116.34702810000002, 39.96289530000001], [116.34704370000001, 39.9624989], [116.34723029999999, 39.95945210000001], [116.3472461, 39.959114299999996]]}}, {"type": "Feature", "id": "RD-00124", "properties": {"id": "RD-00124", "layer": "ROAD_CENTERLINE", "road_class": "expressway", "name_zh": "西直门北大街", "length_m": 87.3, "source_id": "OSM-DERIVED-CORRIDOR-20260808", "source_type": "osm", "confidence": "medium", "geometry_role": "existing_condition"}, "geometry": {"type": "LineString", "coordinates": [[116.34997259999999, 39.9433403], [116.34994529999999, 39.94284720000001], [116.3499421, 39.94276700000001], [116.34993719999999, 39.9426856], [116.3499342, 39.9426459], [116.3499328402741, 39.942632910283784], [116.3499295, 39.942601], [116.3499245572601, 39.94255506159473]]}}, {"type": "Feature", "id": "RD-00125", "properties": {"id": "RD-00125", "layer": "ROAD_CENTERLINE", "road_class": "expressway", "name_zh": "西直门北大街", "length_m": 478.3, "source_id": "OSM-DERIVED-CORRIDOR-20260808", "source_type": "osm", "confidence": "medium", "geometry_role": "existing_condition"}, "geometry": {"type": "LineString", "coordinates": [[116.35010190000001, 39.94337939999998], [116.3501077, 39.94348519999999], [116.3501105, 39.94353819999999], [116.35011500000002, 39.9435911], [116.35011929999999, 39.943644899999995], [116.3501236, 39.9436975], [116.3501287, 39.94375010000001], [116.35013369999999, 39.9438027], [116.3501402, 39.94387030000001], [116.3501467, 39.943937999999996], [116.3501522, 39.94400509999999], [116.35015770000001, 39.944073200000005], [116.3501608, 39.944117399999996], [116.3501639, 39.9441596], [116.35016610000001, 39.94420960000001], [116.3501677, 39.9442617], [116.35017029999999, 39.944345999999996], [116.3501698, 39.9445851], [116.3501458, 39.9476852]]}}, {"type": "Feature", "id": "RD-00126", "properties": {"id": "RD-00126", "layer": "ROAD_CENTERLINE", "road_class": "expressway", "name_zh": "北二环", "length_m": 126.2, "source_id": "OSM-DERIVED-CORRIDOR-20260808", "source_type": "osm", "confidence": "medium", "geometry_role": "existing_condition"}, "geometry": {"type": "LineString", "coordinates": [[116.35413532307423, 39.943673010852315], [116.35353810000001, 39.9435109], [116.3527348, 39.943313700000004]]}}, {"type": "Feature", "id": "RD-00127", "properties": {"id": "RD-00127", "layer": "ROAD_CENTERLINE", "road_class": "branch", "name_zh": "文慧园西路", "length_m": 260.7, "source_id": "OSM-DERIVED-CORRIDOR-20260808", "source_type": "osm", "confidence": "medium", "geometry_role": "existing_condition"}, "geometry": {"type": "LineString", "coordinates": [[116.35608439999999, 39.94451569999999], [116.35592620000001, 39.94467379999999], [116.3551755, 39.9454243], [116.35450829999999, 39.9460913], [116.35432149999998, 39.94630369999999], [116.3542433, 39.9463871]]}}, {"type": "Feature", "id": "RD-00128", "properties": {"id": "RD-00128", "layer": "ROAD_CENTERLINE", "road_class": "branch", "name_zh": "双清路", "length_m": 416.1, "source_id": "OSM-DERIVED-CORRIDOR-20260808", "source_type": "osm", "confidence": "medium", "geometry_role": "existing_condition"}, "geometry": {"type": "LineString", "coordinates": [[116.3337735, 40.00289279999999], [116.3336754, 40.0027358], [116.33366590000001, 40.00272869999999], [116.33357830000001, 40.00266349999998], [116.3335287, 40.00259359999999], [116.33341470000002, 40.00233310000001], [116.3330955, 40.0014709], [116.333009, 40.0012396], [116.33268270000002, 40.0005237], [116.33265010000001, 40.0004522], [116.33216940000001, 39.999536400000004], [116.3320927, 39.9993921]]}}, {"type": "Feature", "id": "RD-00129", "properties": {"id": "RD-00129", "layer": "ROAD_CENTERLINE", "road_class": "arterial", "name_zh": "知春路", "length_m": 361.5, "source_id": "OSM-DERIVED-CORRIDOR-20260808", "source_type": "osm", "confidence": "medium", "geometry_role": "existing_condition"}, "geometry": {"type": "LineString", "coordinates": [[116.34361957726745, 39.97515112727345], [116.34208409999998, 39.97513079999999], [116.33954199999998, 39.975125399999996], [116.3393885, 39.97512460000001]]}}, {"type": "Feature", "id": "RD-00130", "properties": {"id": "RD-00130", "layer": "ROAD_CENTERLINE", "road_class": "branch", "name_zh": "知春路", "length_m": 858.8, "source_id": "OSM-DERIVED-CORRIDOR-20260808", "source_type": "osm", "confidence": "medium", "geometry_role": "existing_condition"}, "geometry": {"type": "LineString", "coordinates": [[116.34734559999998, 39.975308399999996], [116.3461952, 39.9752955], [116.3460401, 39.975293799999996], [116.34565580000002, 39.975258700000005], [116.34422460000002, 39.97523939999999], [116.34212930000001, 39.97522349999999], [116.34204830000002, 39.9752224], [116.33954039999999, 39.9751918], [116.33938680000001, 39.9751906], [116.3392784, 39.975191300000006], [116.3391423, 39.9752201], [116.338666, 39.97525910000001], [116.33807900000001, 39.97525629999999], [116.33730489999999, 39.9752203]]}}, {"type": "Feature", "id": "RD-00131", "properties": {"id": "RD-00131", "layer": "ROAD_CENTERLINE", "road_class": "expressway", "name_zh": "西直门北大街", "length_m": 132.5, "source_id": "OSM-DERIVED-CORRIDOR-20260808", "source_type": "osm", "confidence": "medium", "geometry_role": "existing_condition"}, "geometry": {"type": "LineString", "coordinates": [[116.3501458, 39.9476852], [116.35008570000001, 39.948060399999996], [116.3500264, 39.948514999999986], [116.3499378, 39.94886650000001]]}}, {"type": "Feature", "id": "RD-00132", "properties": {"id": "RD-00132", "layer": "ROAD_CENTERLINE", "road_class": "branch", "name_zh": "西直门北大街", "length_m": 189.9, "source_id": "OSM-DERIVED-CORRIDOR-20260808", "source_type": "osm", "confidence": "medium", "geometry_role": "existing_condition"}, "geometry": {"type": "LineString", "coordinates": [[116.3502271, 39.9483618], [116.35019190000001, 39.948537], [116.3499913, 39.949216199999995], [116.3497186, 39.950026]]}}, {"type": "Feature", "id": "RD-00133", "properties": {"id": "RD-00133", "layer": "ROAD_CENTERLINE", "road_class": "branch", "name_zh": "学院路", "length_m": 1306.3, "source_id": "OSM-DERIVED-CORRIDOR-20260808", "source_type": "osm", "confidence": "medium", "geometry_role": "existing_condition"}, "geometry": {"type": "MultiLineString", "coordinates": [[[116.3462821, 39.99956949999999], [116.34628620000001, 39.99947590000001], [116.34628980000001, 39.9993945], [116.34629310000001, 39.9993208], [116.3464453, 39.997558100000006], [116.34648590000002, 39.9967182], [116.34650699999999, 39.9961383], [116.3465413, 39.99519779999999], [116.34658649999999, 39.9944512], [116.3466236, 39.9931227], [116.34665249999999, 39.9922573], [116.34666950000002, 39.9922139], [116.3467292, 39.9920918], [116.3467305, 39.99202950000001]], [[116.3467379, 39.9919373], [116.3467408, 39.991856299999995], [116.3467885, 39.99074160000001], [116.34682460000002, 39.989897], [116.3468591, 39.98893499999999], [116.3468643, 39.98879010000001], [116.3468752, 39.9886226], [116.3468868, 39.9877319]]]}}, {"type": "Feature", "id": "RD-00134", "properties": {"id": "RD-00134", "layer": "ROAD_CENTERLINE", "road_class": "expressway", "name_zh": "西直门北大街", "length_m": 360.0, "source_id": "OSM-DERIVED-CORRIDOR-20260808", "source_type": "osm", "confidence": "medium", "geometry_role": "existing_condition"}, "geometry": {"type": "LineString", "coordinates": [[116.3499913, 39.9479312], [116.35002239999999, 39.947512100000004], [116.3500363, 39.9446897]]}}, {"type": "Feature", "id": "RD-00135", "properties": {"id": "RD-00135", "layer": "ROAD_CENTERLINE", "road_class": "branch", "name_zh": "西直门北大街", "length_m": 498.3, "source_id": "OSM-DERIVED-CORRIDOR-20260808", "source_type": "osm", "confidence": "medium", "geometry_role": "existing_condition"}, "geometry": {"type": "LineString", "coordinates": [[116.34973850000002, 39.9484994], [116.34985340000001, 39.94779629999999], [116.3499181, 39.94621169999999], [116.349906, 39.945849499999994], [116.34990620000002, 39.94566059999999], [116.34991500000001, 39.944442099999996], [116.34991620000001, 39.94435969999999], [116.3499175, 39.9443001], [116.3499179, 39.9442453], [116.34991829999998, 39.9441904], [116.3499165, 39.9440181]]}}, {"type": "Feature", "id": "RD-00136", "properties": {"id": "RD-00136", "layer": "ROAD_CENTERLINE", "road_class": "expressway", "name_zh": "北三环", "length_m": 119.7, "source_id": "OSM-DERIVED-CORRIDOR-20260808", "source_type": "osm", "confidence": "medium", "geometry_role": "existing_condition"}, "geometry": {"type": "LineString", "coordinates": [[116.33711500000001, 39.966187700000006], [116.3378622, 39.96619329999999], [116.3385163, 39.9661984]]}}, {"type": "Feature", "id": "RD-00137", "properties": {"id": "RD-00137", "layer": "ROAD_CENTERLINE", "road_class": "expressway", "name_zh": "北三环", "length_m": 342.2, "source_id": "OSM-DERIVED-CORRIDOR-20260808", "source_type": "osm", "confidence": "medium", "geometry_role": "existing_condition"}, "geometry": {"type": "LineString", "coordinates": [[116.3371164, 39.96631060000001], [116.33311156242122, 39.96630368470327]]}}, {"type": "Feature", "id": "RD-00138", "properties": {"id": "RD-00138", "layer": "ROAD_CENTERLINE", "road_class": "expressway", "name_zh": "北三环", "length_m": 340.0, "source_id": "OSM-DERIVED-CORRIDOR-20260808", "source_type": "osm", "confidence": "medium", "geometry_role": "existing_condition"}, "geometry": {"type": "LineString", "coordinates": [[116.33313520739593, 39.96618651807869], [116.33711500000001, 39.966187700000006]]}}, {"type": "Feature", "id": "RD-00139", "properties": {"id": "RD-00139", "layer": "ROAD_CENTERLINE", "road_class": "branch", "name_zh": "财经东路", "length_m": 236.2, "source_id": "OSM-DERIVED-CORRIDOR-20260808", "source_type": "osm", "confidence": "medium", "geometry_role": "existing_condition"}, "geometry": {"type": "LineString", "coordinates": [[116.3312827, 39.98939279999999], [116.33084269999999, 39.9913526], [116.33083610000001, 39.9913819], [116.33082800000001, 39.991417899999995], [116.33081489999998, 39.991488899999986]]}}, {"type": "Feature", "id": "RD-00140", "properties": {"id": "RD-00140", "layer": "ROAD_CENTERLINE", "road_class": "local_access", "name_zh": "前八家路", "length_m": 533.2, "source_id": "OSM-DERIVED-CORRIDOR-20260808", "source_type": "osm", "confidence": "medium", "geometry_role": "existing_condition"}, "geometry": {"type": "LineString", "coordinates": [[116.3340961, 40.00373079999999], [116.33393680000002, 40.003756900000006], [116.3338535, 40.003768900000004], [116.3329869, 40.00388619999999], [116.3329512, 40.0044252], [116.33286, 40.004437599999996], [116.33264280000002, 40.004436699999985], [116.33252079999998, 40.00443620000001], [116.3324039, 40.004449199999996], [116.3322808, 40.00555509999999], [116.3322566, 40.00579619999999], [116.33227080000002, 40.0059967], [116.33260839999998, 40.0060388], [116.3325527, 40.0065233], [116.3324759, 40.0071906]]}}, {"type": "Feature", "id": "RD-00141", "properties": {"id": "RD-00141", "layer": "ROAD_CENTERLINE", "road_class": "local_access", "name_zh": "柏儒西街", "length_m": 308.3, "source_id": "OSM-DERIVED-CORRIDOR-20260808", "source_type": "osm", "confidence": "medium", "geometry_role": "existing_condition"}, "geometry": {"type": "LineString", "coordinates": [[116.3384838, 40.006294200000006], [116.3384844, 40.007782799999994], [116.33848469999998, 40.0083438], [116.338485, 40.0089662], [116.33845490000002, 40.00906789999999]]}}, {"type": "Feature", "id": "RD-00142", "properties": {"id": "RD-00142", "layer": "ROAD_CENTERLINE", "road_class": "expressway", "name_zh": "西土城路", "length_m": 67.3, "source_id": "OSM-DERIVED-CORRIDOR-20260808", "source_type": "osm", "confidence": "medium", "geometry_role": "existing_condition"}, "geometry": {"type": "LineString", "coordinates": [[116.3473067, 39.9671179], [116.34731875137211, 39.96651200745077]]}}, {"type": "Feature", "id": "RD-00143", "properties": {"id": "RD-00143", "layer": "ROAD_CENTERLINE", "road_class": "expressway", "name_zh": "西直门北大街", "length_m": 46.0, "source_id": "OSM-DERIVED-CORRIDOR-20260808", "source_type": "osm", "confidence": "medium", "geometry_role": "existing_condition"}, "geometry": {"type": "LineString", "coordinates": [[116.34889820000001, 39.954304400000005], [116.3489162, 39.953890599999994]]}}, {"type": "Feature", "id": "RD-00144", "properties": {"id": "RD-00144", "layer": "ROAD_CENTERLINE", "road_class": "branch", "name_zh": "北三环西路", "length_m": 207.7, "source_id": "OSM-DERIVED-CORRIDOR-20260808", "source_type": "osm", "confidence": "medium", "geometry_role": "existing_condition"}, "geometry": {"type": "LineString", "coordinates": [[116.3461315, 39.9665055], [116.3451358, 39.9664992], [116.3444535, 39.966525700000005], [116.343701, 39.9665222]]}}, {"type": "Feature", "id": "RD-00145", "properties": {"id": "RD-00145", "layer": "ROAD_CENTERLINE", "road_class": "branch", "name_zh": "西土城路", "length_m": 235.8, "source_id": "OSM-DERIVED-CORRIDOR-20260808", "source_type": "osm", "confidence": "medium", "geometry_role": "existing_condition"}, "geometry": {"type": "LineString", "coordinates": [[116.34713010000002, 39.967311699999996], [116.34715883911164, 39.96651124743204], [116.34715951019962, 39.966492555770294], [116.34716281170643, 39.96640059946847], [116.34716472368349, 39.966347345365904], [116.34716581377461, 39.96631698312373], [116.34716678836119, 39.9662898379961], [116.34716919255492, 39.966222873957236], [116.3471698200147, 39.966205397286984], [116.34717065633083, 39.96618210331163], [116.34720630000001, 39.9651893]]}}, {"type": "Feature", "id": "RD-00146", "properties": {"id": "RD-00146", "layer": "ROAD_CENTERLINE", "road_class": "branch", "name_zh": "西土城路", "length_m": 78.7, "source_id": "OSM-DERIVED-CORRIDOR-20260808", "source_type": "osm", "confidence": "medium", "geometry_role": "existing_condition"}, "geometry": {"type": "LineString", "coordinates": [[116.3472461, 39.959114299999996], [116.34727830000001, 39.9588019], [116.347367, 39.958504899999994], [116.3473934, 39.95841660000001]]}}, {"type": "Feature", "id": "RD-00147", "properties": {"id": "RD-00147", "layer": "ROAD_CENTERLINE", "road_class": "branch", "name_zh": "西直门北大街", "length_m": 103.4, "source_id": "OSM-DERIVED-CORRIDOR-20260808", "source_type": "osm", "confidence": "medium", "geometry_role": "existing_condition"}, "geometry": {"type": "LineString", "coordinates": [[116.3487517, 39.95481830000001], [116.3487768, 39.95388719999999]]}}, {"type": "Feature", "id": "RD-00148", "properties": {"id": "RD-00148", "layer": "ROAD_CENTERLINE", "road_class": "secondary", "name_zh": "双清路", "length_m": 381.8, "source_id": "OSM-DERIVED-CORRIDOR-20260808", "source_type": "osm", "confidence": "medium", "geometry_role": "existing_condition"}, "geometry": {"type": "LineString", "coordinates": [[116.3337735, 40.00289279999999], [116.3337552, 40.002598199999994], [116.3337306, 40.00223469999999], [116.3337324, 40.00181959999999], [116.3337588, 40.00115559999999], [116.3337764, 40.00071380000001], [116.33379140000001, 40.00033860000001], [116.33382190000002, 39.99957229999998], [116.33382340000001, 39.99953659999999], [116.3338269, 39.9994562]]}}, {"type": "Feature", "id": "RD-00149", "properties": {"id": "RD-00149", "layer": "ROAD_CENTERLINE", "road_class": "local_access", "name_zh": "", "length_m": 729.3, "source_id": "OSM-DERIVED-CORRIDOR-20260808", "source_type": "osm", "confidence": "medium", "geometry_role": "existing_condition"}, "geometry": {"type": "LineString", "coordinates": [[116.3465413, 39.99519779999999], [116.3463775, 39.99519589999999], [116.3462772, 39.9951948], [116.3460319, 39.99518810000001], [116.3439245, 39.9951306], [116.3429948, 39.99510519999999], [116.3419735, 39.99507729999999], [116.34105170000001, 39.9950522], [116.341005, 39.9950509], [116.3405109, 39.995154], [116.3403157, 39.99514810000001], [116.3392585, 39.99510980000001], [116.338626, 39.9950967], [116.3380249, 39.9950843]]}}, {"type": "Feature", "id": "RD-00150", "properties": {"id": "RD-00150", "layer": "ROAD_CENTERLINE", "road_class": "branch", "name_zh": "静淑苑路", "length_m": 746.9, "source_id": "OSM-DERIVED-CORRIDOR-20260808", "source_type": "osm", "confidence": "medium", "geometry_role": "existing_condition"}, "geometry": {"type": "LineString", "coordinates": [[116.342785, 39.99963449999999], [116.3427856, 39.99970229999999], [116.3427841, 39.999766999999984], [116.34278360000002, 39.999790999999995], [116.3427559, 40.000298700000016], [116.34271010000002, 40.0009193], [116.34273630000001, 40.00124009999999], [116.3427775, 40.001428399999995], [116.3428259, 40.001632699999995], [116.3428529, 40.00176710000001], [116.3428657, 40.0023072], [116.3428309, 40.00334780000001], [116.3428213, 40.0036382], [116.34279560000002, 40.00440999999999], [116.3427902, 40.0045711], [116.34276230000002, 40.00482050000001], [116.3427223, 40.0050844], [116.3427178, 40.0052752], [116.3427055, 40.005801000000005], [116.3426926, 40.0063478]]}}, {"type": "Feature", "id": "RD-00151", "properties": {"id": "RD-00151", "layer": "ROAD_CENTERLINE", "road_class": "local_access", "name_zh": "", "length_m": 286.2, "source_id": "OSM-DERIVED-CORRIDOR-20260808", "source_type": "osm", "confidence": "medium", "geometry_role": "existing_condition"}, "geometry": {"type": "LineString", "coordinates": [[116.3416923, 40.001955999999986], [116.3416635, 40.0034667], [116.34163390000002, 40.003525299999986], [116.3415672, 40.0035649], [116.3414036, 40.0035926], [116.34139810000002, 40.004402799999994]]}}, {"type": "Feature", "id": "RD-00152", "properties": {"id": "RD-00152", "layer": "ROAD_CENTERLINE", "road_class": "local_access", "name_zh": "", "length_m": 114.8, "source_id": "OSM-DERIVED-CORRIDOR-20260808", "source_type": "osm", "confidence": "medium", "geometry_role": "existing_condition"}, "geometry": {"type": "LineString", "coordinates": [[116.327472, 39.98141840000001], [116.32792710000001, 39.981437799999995], [116.3281147, 39.98144580000001], [116.32818180000001, 39.9814491], [116.32881400000001, 39.98147689999999]]}}, {"type": "Feature", "id": "RD-00153", "properties": {"id": "RD-00153", "layer": "ROAD_CENTERLINE", "road_class": "secondary", "name_zh": "成府路", "length_m": 1066.1, "source_id": "OSM-DERIVED-CORRIDOR-20260808", "source_type": "osm", "confidence": "medium", "geometry_role": "existing_condition"}, "geometry": {"type": "LineString", "coordinates": [[116.3467305, 39.99202950000001], [116.3439971, 39.9919213], [116.34220010000001, 39.99188000000001], [116.34213029999998, 39.99187739999999], [116.34198809999998, 39.99187539999999], [116.33857850000001, 39.991790300000005], [116.3383597, 39.991786], [116.33731369999998, 39.99174910000001], [116.3371872, 39.9917446], [116.3348373, 39.991674399999994], [116.33440229999998, 39.9916617], [116.3342574, 39.991657399999994]]}}, {"type": "Feature", "id": "RD-00154", "properties": {"id": "RD-00154", "layer": "ROAD_CENTERLINE", "road_class": "secondary", "name_zh": "成府路", "length_m": 1065.4, "source_id": "OSM-DERIVED-CORRIDOR-20260808", "source_type": "osm", "confidence": "medium", "geometry_role": "existing_condition"}, "geometry": {"type": "LineString", "coordinates": [[116.33427230000001, 39.991574199999995], [116.3370737, 39.99165320000001], [116.3371935, 39.9916566], [116.33912520000001, 39.9917162], [116.33932979999999, 39.991722800000005], [116.34202130000001, 39.9918091], [116.3421313, 39.9918127], [116.34424930000002, 39.991869300000005], [116.34638460000001, 39.991926400000004], [116.34654020000002, 39.991931999999984], [116.3467379, 39.9919373]]}}, {"type": "Feature", "id": "RD-00155", "properties": {"id": "RD-00155", "layer": "ROAD_CENTERLINE", "road_class": "expressway", "name_zh": "西直门北大街", "length_m": 99.0, "source_id": "OSM-DERIVED-CORRIDOR-20260808", "source_type": "osm", "confidence": "medium", "geometry_role": "existing_condition"}, "geometry": {"type": "LineString", "coordinates": [[116.34903850000002, 39.95389350000001], [116.3490214, 39.9542929], [116.3490159, 39.954785]]}}, {"type": "Feature", "id": "RD-00156", "properties": {"id": "RD-00156", "layer": "ROAD_CENTERLINE", "road_class": "expressway", "name_zh": "西直门北大街", "length_m": 310.2, "source_id": "OSM-DERIVED-CORRIDOR-20260808", "source_type": "osm", "confidence": "medium", "geometry_role": "existing_condition"}, "geometry": {"type": "LineString", "coordinates": [[116.34892360000002, 39.9537194], [116.34895250000001, 39.953054599999994], [116.34903109999999, 39.95183359999999], [116.34908569999999, 39.95134310000001], [116.3491743, 39.9509355]]}}, {"type": "Feature", "id": "RD-00157", "properties": {"id": "RD-00157", "layer": "ROAD_CENTERLINE", "road_class": "branch", "name_zh": "德胜门西大街", "length_m": 220.1, "source_id": "OSM-DERIVED-CORRIDOR-20260808", "source_type": "osm", "confidence": "medium", "geometry_role": "existing_condition"}, "geometry": {"type": "LineString", "coordinates": [[116.3528238, 39.9434609], [116.3504117, 39.942766]]}}, {"type": "Feature", "id": "RD-00158", "properties": {"id": "RD-00158", "layer": "ROAD_CENTERLINE", "road_class": "branch", "name_zh": "西直门北大街", "length_m": 374.1, "source_id": "OSM-DERIVED-CORRIDOR-20260808", "source_type": "osm", "confidence": "medium", "geometry_role": "existing_condition"}, "geometry": {"type": "LineString", "coordinates": [[116.3487814, 39.95371639999998], [116.3488145, 39.952490399999995], [116.3488422, 39.951799599999994], [116.34893480000001, 39.9512097], [116.34904810000002, 39.950793899999994], [116.3491116, 39.95054369999999], [116.3491635, 39.95037060000001]]}}, {"type": "Feature", "id": "RD-00159", "properties": {"id": "RD-00159", "layer": "ROAD_CENTERLINE", "road_class": "branch", "name_zh": "西直门北大街", "length_m": 287.6, "source_id": "OSM-DERIVED-CORRIDOR-20260808", "source_type": "osm", "confidence": "medium", "geometry_role": "existing_condition"}, "geometry": {"type": "LineString", "coordinates": [[116.3492085, 39.953897700000006], [116.3491435, 39.9548478], [116.349087, 39.95611319999998], [116.34908180000001, 39.9563444], [116.34907849999999, 39.95643830000001], [116.3490768, 39.956485799999996]]}}, {"type": "Feature", "id": "RD-00160", "properties": {"id": "RD-00160", "layer": "ROAD_CENTERLINE", "road_class": "branch", "name_zh": "西直门北大街", "length_m": 211.0, "source_id": "OSM-DERIVED-CORRIDOR-20260808", "source_type": "osm", "confidence": "medium", "geometry_role": "existing_condition"}, "geometry": {"type": "LineString", "coordinates": [[116.3484624, 39.9566814], [116.34850899999999, 39.95662180000001], [116.34866120000001, 39.956340600000004], [116.34870850000001, 39.95610380000001], [116.3487301, 39.955822600000005], [116.3487384, 39.95522689999999], [116.34874150000002, 39.9550015], [116.3487517, 39.95481830000001]]}}, {"type": "Feature", "id": "RD-00161", "properties": {"id": "RD-00161", "layer": "ROAD_CENTERLINE", "road_class": "branch", "name_zh": "学院南路", "length_m": 254.0, "source_id": "OSM-DERIVED-CORRIDOR-20260808", "source_type": "osm", "confidence": "medium", "geometry_role": "existing_condition"}, "geometry": {"type": "MultiLineString", "coordinates": [[[116.3400281, 39.9567729], [116.3402022, 39.956736], [116.34040830000002, 39.9566923], [116.3415276, 39.95667379999999], [116.34170886537929, 39.95666451570841]], [[116.34175486064657, 39.956662159816034], [116.34183264728546, 39.956658175517454], [116.34190049999998, 39.95665470000001], [116.3419273751105, 39.95665407906352], [116.34199422555763, 39.95665253448903], [116.3421948, 39.9566479], [116.3427967, 39.9566418], [116.34301140000001, 39.9567148]]]}}, {"type": "Feature", "id": "RD-00162", "properties": {"id": "RD-00162", "layer": "ROAD_CENTERLINE", "road_class": "arterial", "name_zh": "知春路", "length_m": 601.3, "source_id": "OSM-DERIVED-CORRIDOR-20260808", "source_type": "osm", "confidence": "medium", "geometry_role": "existing_condition"}, "geometry": {"type": "MultiLineString", "coordinates": [[[116.33210299631878, 39.975074668539484], [116.33387031109089, 39.975043245511394]], [[116.33419982361227, 39.97503738376237], [116.3344968, 39.97503210000001], [116.33455996545419, 39.97503257146873], [116.3372207, 39.975052399999996], [116.33840210000001, 39.975063500000005], [116.33917850000002, 39.9750709], [116.33928150000001, 39.9750345], [116.3394595, 39.9750353]]]}}, {"type": "Feature", "id": "RD-00163", "properties": {"id": "RD-00163", "layer": "ROAD_CENTERLINE", "road_class": "secondary", "name_zh": "成府路", "length_m": 78.5, "source_id": "OSM-DERIVED-CORRIDOR-20260808", "source_type": "osm", "confidence": "medium", "geometry_role": "existing_condition"}, "geometry": {"type": "MultiLineString", "coordinates": [[[116.33167642004301, 39.99159600130878], [116.3314939, 39.991592], [116.3310439, 39.9915821], [116.3309458, 39.991579900000005], [116.3308435, 39.99157769999999]], [[116.3319127, 39.9916014], [116.3318269, 39.9915993]]]}}, {"type": "Feature", "id": "RD-00164", "properties": {"id": "RD-00164", "layer": "ROAD_CENTERLINE", "road_class": "local_access", "name_zh": "", "length_m": 159.5, "source_id": "OSM-DERIVED-CORRIDOR-20260808", "source_type": "osm", "confidence": "medium", "geometry_role": "existing_condition"}, "geometry": {"type": "LineString", "coordinates": [[116.3444535, 39.966525700000005], [116.34457159999998, 39.966581999999995], [116.3452885, 39.9665908], [116.3456605, 39.966587399999995], [116.34610100000002, 39.966583299999996], [116.3461828, 39.9665834], [116.34624360000001, 39.966590999999994], [116.34629159999999, 39.966612299999994]]}}, {"type": "Feature", "id": "RD-00165", "properties": {"id": "RD-00165", "layer": "ROAD_CENTERLINE", "road_class": "branch", "name_zh": "北三环西路", "length_m": 180.1, "source_id": "OSM-DERIVED-CORRIDOR-20260808", "source_type": "osm", "confidence": "medium", "geometry_role": "existing_condition"}, "geometry": {"type": "LineString", "coordinates": [[116.34347070000001, 39.9665211], [116.3425204, 39.966516599999984], [116.3422588, 39.96651539999999], [116.3413624, 39.9665122]]}}, {"type": "Feature", "id": "RD-00166", "properties": {"id": "RD-00166", "layer": "ROAD_CENTERLINE", "road_class": "expressway", "name_zh": "北三环", "length_m": 45.9, "source_id": "OSM-DERIVED-CORRIDOR-20260808", "source_type": "osm", "confidence": "medium", "geometry_role": "existing_condition"}, "geometry": {"type": "MultiLineString", "coordinates": [[[116.33885033816682, 39.96632786878027], [116.3385115, 39.96632449999999]], [[116.339266, 39.966332], [116.3390675159955, 39.96633002747409]]]}}, {"type": "Feature", "id": "RD-00167", "properties": {"id": "RD-00167", "layer": "ROAD_CENTERLINE", "road_class": "expressway", "name_zh": "北三环", "length_m": 119.2, "source_id": "OSM-DERIVED-CORRIDOR-20260808", "source_type": "osm", "confidence": "medium", "geometry_role": "existing_condition"}, "geometry": {"type": "LineString", "coordinates": [[116.3385115, 39.96632449999999], [116.3371164, 39.96631060000001]]}}, {"type": "Feature", "id": "RD-00168", "properties": {"id": "RD-00168", "layer": "ROAD_CENTERLINE", "road_class": "expressway", "name_zh": "北三环", "length_m": 384.8, "source_id": "OSM-DERIVED-CORRIDOR-20260808", "source_type": "osm", "confidence": "medium", "geometry_role": "existing_condition"}, "geometry": {"type": "LineString", "coordinates": [[116.3422739, 39.96622629999999], [116.3431417, 39.9662328], [116.34362040000002, 39.9662364], [116.3467769, 39.96628959999999]]}}, {"type": "Feature", "id": "RD-00169", "properties": {"id": "RD-00169", "layer": "ROAD_CENTERLINE", "road_class": "branch", "name_zh": "北三环西路", "length_m": 64.5, "source_id": "OSM-DERIVED-CORRIDOR-20260808", "source_type": "osm", "confidence": "medium", "geometry_role": "existing_condition"}, "geometry": {"type": "LineString", "coordinates": [[116.33926020000001, 39.9664945], [116.33904256613481, 39.966492655661156], [116.33901017097661, 39.96649238109335], [116.33899567252942, 39.96649225820766], [116.33899346378948, 39.96649223948669], [116.33897600813845, 39.96649209153362], [116.338869162561, 39.96649118585954], [116.33886735774863, 39.96649117056023], [116.33882512194005, 39.96649081252156], [116.3385052, 39.9664881]]}}, {"type": "Feature", "id": "RD-00170", "properties": {"id": "RD-00170", "layer": "ROAD_CENTERLINE", "road_class": "branch", "name_zh": "北三环西路", "length_m": 186.4, "source_id": "OSM-DERIVED-CORRIDOR-20260808", "source_type": "osm", "confidence": "medium", "geometry_role": "existing_condition"}, "geometry": {"type": "LineString", "coordinates": [[116.3392749, 39.966078200000005], [116.341456, 39.9660893]]}}, {"type": "Feature", "id": "RD-00171", "properties": {"id": "RD-00171", "layer": "ROAD_CENTERLINE", "road_class": "branch", "name_zh": "北三环西路", "length_m": 374.7, "source_id": "OSM-DERIVED-CORRIDOR-20260808", "source_type": "osm", "confidence": "medium", "geometry_role": "existing_condition"}, "geometry": {"type": "LineString", "coordinates": [[116.3385052, 39.9664881], [116.3382864, 39.9664862], [116.33597820000001, 39.96646619999999], [116.33412, 39.9664501]]}}, {"type": "Feature", "id": "RD-00172", "properties": {"id": "RD-00172", "layer": "ROAD_CENTERLINE", "road_class": "local_access", "name_zh": "", "length_m": 224.5, "source_id": "OSM-DERIVED-CORRIDOR-20260808", "source_type": "osm", "confidence": "medium", "geometry_role": "existing_condition"}, "geometry": {"type": "LineString", "coordinates": [[116.3433053, 40.009217199999995], [116.34420660000002, 40.00920899999999], [116.3456866, 40.0091925], [116.3459336, 40.0092011]]}}, {"type": "Feature", "id": "RD-00173", "properties": {"id": "RD-00173", "layer": "ROAD_CENTERLINE", "road_class": "branch", "name_zh": "北三环西路", "length_m": 419.9, "source_id": "OSM-DERIVED-CORRIDOR-20260808", "source_type": "osm", "confidence": "medium", "geometry_role": "existing_condition"}, "geometry": {"type": "LineString", "coordinates": [[116.341456, 39.9660893], [116.3422642, 39.96609680000002], [116.3429987, 39.966103600000004], [116.3436425, 39.966109499999995], [116.34376839999999, 39.9661091], [116.34394029999999, 39.96610870000001], [116.34471340000002, 39.966136899999995], [116.34487540000002, 39.96614279999999], [116.3463693, 39.9661663]]}}, {"type": "Feature", "id": "RD-00174", "properties": {"id": "RD-00174", "layer": "ROAD_CENTERLINE", "road_class": "secondary", "name_zh": "荷清路", "length_m": 381.8, "source_id": "OSM-DERIVED-CORRIDOR-20260808", "source_type": "osm", "confidence": "medium", "geometry_role": "existing_condition"}, "geometry": {"type": "LineString", "coordinates": [[116.32556010000002, 40.01165780000001], [116.3245973, 40.01250019999999], [116.3244388, 40.012606999999996], [116.32423190000002, 40.01273609999999], [116.32398690000001, 40.0128183], [116.32378649999998, 40.0128506], [116.3235603, 40.012853799999995], [116.32338949999999, 40.0128355], [116.3232228, 40.0127905], [116.32304420000001, 40.0127211], [116.32274830000001, 40.012528299999985], [116.32224139999998, 40.01219809999999], [116.3221299, 40.012141899999996], [116.3220384, 40.012105999999996]]}}, {"type": "Feature", "id": "RD-00175", "properties": {"id": "RD-00175", "layer": "ROAD_CENTERLINE", "road_class": "branch", "name_zh": "北四环中路", "length_m": 313.8, "source_id": "OSM-DERIVED-CORRIDOR-20260808", "source_type": "osm", "confidence": "medium", "geometry_role": "existing_condition"}, "geometry": {"type": "LineString", "coordinates": [[116.33412650000001, 39.984728399999995], [116.33453848854124, 39.984754255759405], [116.33455234909252, 39.98475512560025], [116.33464447505875, 39.98476090706845], [116.337459, 39.984937499999994], [116.3377852, 39.9849792]]}}, {"type": "Feature", "id": "RD-00176", "properties": {"id": "RD-00176", "layer": "ROAD_CENTERLINE", "road_class": "branch", "name_zh": "北四环西路", "length_m": 109.6, "source_id": "OSM-DERIVED-CORRIDOR-20260808", "source_type": "osm", "confidence": "medium", "geometry_role": "existing_condition"}, "geometry": {"type": "MultiLineString", "coordinates": [[[116.33231838615043, 39.985204005104], [116.3320831351989, 39.985195661758894]], [[116.33344909999998, 39.9852441], [116.33240222316641, 39.98520697832854]]]}}, {"type": "Feature", "id": "RD-00177", "properties": {"id": "RD-00177", "layer": "ROAD_CENTERLINE", "road_class": "local_access", "name_zh": "", "length_m": 39.7, "source_id": "OSM-DERIVED-CORRIDOR-20260808", "source_type": "osm", "confidence": "medium", "geometry_role": "existing_condition"}, "geometry": {"type": "LineString", "coordinates": [[116.3469973, 39.96368019999999], [116.3469353, 39.963678], [116.3467835, 39.9636693], [116.346534, 39.9636549]]}}, {"type": "Feature", "id": "RD-00178", "properties": {"id": "RD-00178", "layer": "ROAD_CENTERLINE", "road_class": "local_access", "name_zh": "", "length_m": 105.8, "source_id": "OSM-DERIVED-CORRIDOR-20260808", "source_type": "osm", "confidence": "medium", "geometry_role": "existing_condition"}, "geometry": {"type": "LineString", "coordinates": [[116.34652259999999, 39.964068], [116.346534, 39.9636549], [116.3465416, 39.9634958], [116.34655980000001, 39.963115599999995]]}}, {"type": "Feature", "id": "RD-00179", "properties": {"id": "RD-00179", "layer": "ROAD_CENTERLINE", "road_class": "branch", "name_zh": "北三环西路", "length_m": 376.0, "source_id": "OSM-DERIVED-CORRIDOR-20260808", "source_type": "osm", "confidence": "medium", "geometry_role": "existing_condition"}, "geometry": {"type": "LineString", "coordinates": [[116.33412019999999, 39.9660669], [116.33527580000002, 39.9660656], [116.33650990000001, 39.9660632], [116.3383683, 39.96606289999998], [116.3384659, 39.9660626], [116.338521, 39.9660637]]}}, {"type": "Feature", "id": "RD-00180", "properties": {"id": "RD-00180", "layer": "ROAD_CENTERLINE", "road_class": "branch", "name_zh": "北三环西路", "length_m": 88.6, "source_id": "OSM-DERIVED-CORRIDOR-20260808", "source_type": "osm", "confidence": "medium", "geometry_role": "existing_condition"}, "geometry": {"type": "LineString", "coordinates": [[116.33412, 39.9664501], [116.33334880000001, 39.9664479], [116.3333045, 39.9664478], [116.3330826, 39.9664472]]}}, {"type": "Feature", "id": "RD-00181", "properties": {"id": "RD-00181", "layer": "ROAD_CENTERLINE", "road_class": "local_access", "name_zh": "明光西路", "length_m": 714.8, "source_id": "OSM-DERIVED-CORRIDOR-20260808", "source_type": "osm", "confidence": "medium", "geometry_role": "existing_condition"}, "geometry": {"type": "LineString", "coordinates": [[116.3396375, 39.962909700000004], [116.3400634, 39.960891], [116.3402702, 39.9602333], [116.34050790000002, 39.9596631], [116.34096160000001, 39.95878050000001], [116.34150490000002, 39.9577655], [116.34171830000001, 39.95737019999999], [116.34209270000001, 39.9568675], [116.34213319999999, 39.95681300000001]]}}, {"type": "Feature", "id": "RD-00182", "properties": {"id": "RD-00182", "layer": "ROAD_CENTERLINE", "road_class": "local_access", "name_zh": "明光西路", "length_m": 332.9, "source_id": "OSM-DERIVED-CORRIDOR-20260808", "source_type": "osm", "confidence": "medium", "geometry_role": "existing_condition"}, "geometry": {"type": "LineString", "coordinates": [[116.33931630000001, 39.965883399999996], [116.33926, 39.965793299999994], [116.3394464, 39.964505300000006], [116.3396375, 39.962909700000004]]}}, {"type": "Feature", "id": "RD-00183", "properties": {"id": "RD-00183", "layer": "ROAD_CENTERLINE", "road_class": "branch", "name_zh": "", "length_m": 488.5, "source_id": "OSM-DERIVED-CORRIDOR-20260808", "source_type": "osm", "confidence": "medium", "geometry_role": "existing_condition"}, "geometry": {"type": "LineString", "coordinates": [[116.3427967, 39.9566418], [116.3434873, 39.9566286], [116.34463690000001, 39.956606600000015], [116.34532700000001, 39.95658939999999], [116.34576950000002, 39.956580699999996], [116.3466172, 39.9566249], [116.34695250000001, 39.9566462], [116.34748900000001, 39.956652099999985], [116.3483394, 39.95662680000001], [116.34850899999999, 39.95662180000001]]}}, {"type": "Feature", "id": "RD-00184", "properties": {"id": "RD-00184", "layer": "ROAD_CENTERLINE", "road_class": "secondary", "name_zh": "学院南路", "length_m": 463.1, "source_id": "OSM-DERIVED-CORRIDOR-20260808", "source_type": "osm", "confidence": "medium", "geometry_role": "existing_condition"}, "geometry": {"type": "MultiLineString", "coordinates": [[[116.3413846, 39.956836599999995], [116.34081469999998, 39.95686439999999], [116.3406095, 39.9568736], [116.34022060000001, 39.95688599999999], [116.3401481, 39.95689360000001], [116.3400019, 39.9568857]], [[116.34170034627176, 39.956821242704635], [116.34168748980913, 39.95682186803536]], [[116.34576590000002, 39.956723], [116.34533510000001, 39.9567346], [116.34359229999998, 39.95678159999999], [116.34348930000002, 39.956782], [116.3428931, 39.9567914], [116.3421982, 39.9568115], [116.34213319999999, 39.95681300000001], [116.34181430000001, 39.9568157], [116.34174682193678, 39.95681898214385]]]}}, {"type": "Feature", "id": "RD-00185", "properties": {"id": "RD-00185", "layer": "ROAD_CENTERLINE", "road_class": "secondary", "name_zh": "学院南路", "length_m": 230.6, "source_id": "OSM-DERIVED-CORRIDOR-20260808", "source_type": "osm", "confidence": "medium", "geometry_role": "existing_condition"}, "geometry": {"type": "LineString", "coordinates": [[116.3457678, 39.956649], [116.3459659, 39.95665520000001], [116.34661389999998, 39.956691899999996], [116.34695360000002, 39.9567085], [116.34748780000001, 39.956719400000004], [116.3483017, 39.956687699999996], [116.3484624, 39.9566814]]}}, {"type": "Feature", "id": "RD-00186", "properties": {"id": "RD-00186", "layer": "ROAD_CENTERLINE", "road_class": "branch", "name_zh": "德胜门西大街", "length_m": 209.3, "source_id": "OSM-DERIVED-CORRIDOR-20260808", "source_type": "osm", "confidence": "medium", "geometry_role": "existing_condition"}, "geometry": {"type": "LineString", "coordinates": [[116.35547342219475, 39.944149315797475], [116.35350740000001, 39.9436217], [116.35315160000002, 39.943552899999986]]}}, {"type": "Feature", "id": "RD-00187", "properties": {"id": "RD-00187", "layer": "ROAD_CENTERLINE", "road_class": "branch", "name_zh": "西直门北大街", "length_m": 183.1, "source_id": "OSM-DERIVED-CORRIDOR-20260808", "source_type": "osm", "confidence": "medium", "geometry_role": "existing_condition"}, "geometry": {"type": "LineString", "coordinates": [[116.35029489999998, 39.94671550000001], [116.3502778, 39.948070200000004], [116.3502271, 39.9483618]]}}, {"type": "Feature", "id": "RD-00188", "properties": {"id": "RD-00188", "layer": "ROAD_CENTERLINE", "road_class": "branch", "name_zh": "知春路", "length_m": 360.8, "source_id": "OSM-DERIVED-CORRIDOR-20260808", "source_type": "osm", "confidence": "medium", "geometry_role": "existing_condition"}, "geometry": {"type": "MultiLineString", "coordinates": [[[116.33384502502298, 39.97518255057661], [116.3334855, 39.97517109999999], [116.33275652969682, 39.9751941327562]], [[116.33730489999999, 39.9752203], [116.3345103, 39.97519629999999], [116.3343176, 39.9751976], [116.3341707712062, 39.975192924359106]]]}}, {"type": "Feature", "id": "RD-00189", "properties": {"id": "RD-00189", "layer": "ROAD_CENTERLINE", "road_class": "branch", "name_zh": "知春路", "length_m": 67.2, "source_id": "OSM-DERIVED-CORRIDOR-20260808", "source_type": "osm", "confidence": "medium", "geometry_role": "existing_condition"}, "geometry": {"type": "LineString", "coordinates": [[116.3297828, 39.975268899999996], [116.3296392, 39.975284], [116.32910610000002, 39.975300299999994], [116.3290015, 39.9753231]]}}, {"type": "Feature", "id": "RD-00190", "properties": {"id": "RD-00190", "layer": "ROAD_CENTERLINE", "road_class": "arterial", "name_zh": "知春路", "length_m": 178.2, "source_id": "OSM-DERIVED-CORRIDOR-20260808", "source_type": "osm", "confidence": "medium", "geometry_role": "existing_condition"}, "geometry": {"type": "LineString", "coordinates": [[116.3393885, 39.97512460000001], [116.3392798, 39.9751234], [116.3391289, 39.9751541], [116.3382724, 39.97514949999999], [116.33730760000002, 39.975144300000004]]}}, {"type": "Feature", "id": "RD-00191", "properties": {"id": "RD-00191", "layer": "ROAD_CENTERLINE", "road_class": "arterial", "name_zh": "知春路", "length_m": 224.0, "source_id": "OSM-DERIVED-CORRIDOR-20260808", "source_type": "osm", "confidence": "medium", "geometry_role": "existing_condition"}, "geometry": {"type": "LineString", "coordinates": [[116.3394595, 39.9750353], [116.3395441, 39.975036599999996], [116.34021879999999, 39.9750427], [116.3420811, 39.97505960000001]]}}, {"type": "Feature", "id": "RD-00192", "properties": {"id": "RD-00192", "layer": "ROAD_CENTERLINE", "road_class": "arterial", "name_zh": "知春路", "length_m": 160.8, "source_id": "OSM-DERIVED-CORRIDOR-20260808", "source_type": "osm", "confidence": "medium", "geometry_role": "existing_condition"}, "geometry": {"type": "LineString", "coordinates": [[116.3420811, 39.97505960000001], [116.3439634, 39.9750796]]}}, {"type": "Feature", "id": "RD-00193", "properties": {"id": "RD-00193", "layer": "ROAD_CENTERLINE", "road_class": "branch", "name_zh": "北三环西路", "length_m": 34.0, "source_id": "OSM-DERIVED-CORRIDOR-20260808", "source_type": "osm", "confidence": "medium", "geometry_role": "existing_condition"}, "geometry": {"type": "LineString", "coordinates": [[116.34677250000001, 39.96618209999999], [116.34717065633083, 39.96618210331163]]}}, {"type": "Feature", "id": "RD-00194", "properties": {"id": "RD-00194", "layer": "ROAD_CENTERLINE", "road_class": "arterial", "name_zh": "学清路", "length_m": 72.9, "source_id": "OSM-DERIVED-CORRIDOR-20260808", "source_type": "osm", "confidence": "medium", "geometry_role": "existing_condition"}, "geometry": {"type": "LineString", "coordinates": [[116.34619017378354, 40.00711120602377], [116.346173, 40.007002699999994], [116.34617459999998, 40.0066128], [116.346168, 40.00656779999999], [116.3461515, 40.0064562]]}}, {"type": "Feature", "id": "RD-00195", "properties": {"id": "RD-00195", "layer": "ROAD_CENTERLINE", "road_class": "expressway", "name_zh": "西直门北大街", "length_m": 192.4, "source_id": "OSM-DERIVED-CORRIDOR-20260808", "source_type": "osm", "confidence": "medium", "geometry_role": "existing_condition"}, "geometry": {"type": "LineString", "coordinates": [[116.3490159, 39.954785], [116.34894516148258, 39.95651732719023]]}}, {"type": "Feature", "id": "RD-00196", "properties": {"id": "RD-00196", "layer": "ROAD_CENTERLINE", "road_class": "local_access", "name_zh": "北林北门路", "length_m": 487.0, "source_id": "OSM-DERIVED-CORRIDOR-20260808", "source_type": "osm", "confidence": "medium", "geometry_role": "existing_condition"}, "geometry": {"type": "LineString", "coordinates": [[116.34009250000001, 40.0019334], [116.340042, 40.003499500000004], [116.3400127, 40.0044068], [116.33997070000001, 40.0052426], [116.33996730000001, 40.00531090000001], [116.33994420000002, 40.0057705], [116.3399168, 40.006317300000006]]}}, {"type": "Feature", "id": "RD-00197", "properties": {"id": "RD-00197", "layer": "ROAD_CENTERLINE", "road_class": "branch", "name_zh": "中关村南四街", "length_m": 173.3, "source_id": "OSM-DERIVED-CORRIDOR-20260808", "source_type": "osm", "confidence": "medium", "geometry_role": "existing_condition"}, "geometry": {"type": "LineString", "coordinates": [[116.3290015, 39.9753231], [116.3290013, 39.9753738], [116.32900110000001, 39.975415799999986], [116.3289835, 39.97688360000001]]}}, {"type": "Feature", "id": "RD-00198", "properties": {"id": "RD-00198", "layer": "ROAD_CENTERLINE", "road_class": "local_access", "name_zh": "", "length_m": 183.5, "source_id": "OSM-DERIVED-CORRIDOR-20260808", "source_type": "osm", "confidence": "medium", "geometry_role": "existing_condition"}, "geometry": {"type": "LineString", "coordinates": [[116.3300757, 39.9769195], [116.3301669, 39.9755609], [116.33031400000002, 39.9754502], [116.33043460000002, 39.975353399999996]]}}, {"type": "Feature", "id": "RD-00199", "properties": {"id": "RD-00199", "layer": "ROAD_CENTERLINE", "road_class": "branch", "name_zh": "星规路", "length_m": 221.1, "source_id": "OSM-DERIVED-CORRIDOR-20260808", "source_type": "osm", "confidence": "medium", "geometry_role": "existing_condition"}, "geometry": {"type": "LineString", "coordinates": [[116.32913590000001, 39.9768887], [116.32980010000001, 39.976910200000006], [116.3300757, 39.9769195], [116.331722, 39.97697780000001]]}}, {"type": "Feature", "id": "RD-00200", "properties": {"id": "RD-00200", "layer": "ROAD_CENTERLINE", "road_class": "local_access", "name_zh": "", "length_m": 517.9, "source_id": "OSM-DERIVED-CORRIDOR-20260808", "source_type": "osm", "confidence": "medium", "geometry_role": "existing_condition"}, "geometry": {"type": "LineString", "coordinates": [[116.33043860000001, 39.975246999999996], [116.330442, 39.97530419999998], [116.33043460000002, 39.975353399999996], [116.33178930000001, 39.97541939999999], [116.331722, 39.97697780000001], [116.33182250000002, 39.9774971], [116.33188040000002, 39.97785220000001], [116.33193510000001, 39.97814319999999], [116.3322227, 39.97888809999999]]}}, {"type": "Feature", "id": "RD-00201", "properties": {"id": "RD-00201", "layer": "ROAD_CENTERLINE", "road_class": "branch", "name_zh": "中关村南四街", "length_m": 515.4, "source_id": "OSM-DERIVED-CORRIDOR-20260808", "source_type": "osm", "confidence": "medium", "geometry_role": "existing_condition"}, "geometry": {"type": "LineString", "coordinates": [[116.3281147, 39.98144580000001], [116.3282074, 39.980545199999995], [116.3284738, 39.979799599999986], [116.3287331, 39.9791164], [116.32900690000001, 39.9780264], [116.32903900000001, 39.977898700000004], [116.32907110000001, 39.977564599999994], [116.3291172, 39.9770833], [116.32913590000001, 39.9768887]]}}, {"type": "Feature", "id": "RD-00202", "properties": {"id": "RD-00202", "layer": "ROAD_CENTERLINE", "road_class": "local_access", "name_zh": "交通大学路", "length_m": 1025.5, "source_id": "OSM-DERIVED-CORRIDOR-20260808", "source_type": "osm", "confidence": "medium", "geometry_role": "existing_condition"}, "geometry": {"type": "LineString", "coordinates": [[116.3423845, 39.9488105], [116.3444718, 39.9493633], [116.3450399, 39.94942329999999], [116.34522490000002, 39.949411000000005], [116.34521650000002, 39.9491624], [116.34513850000002, 39.9490065], [116.34510040000002, 39.948909099999995], [116.345042, 39.9488215], [116.3448896, 39.9487223], [116.34481090000001, 39.9486522], [116.34476650000002, 39.94857449999999], [116.34470140000002, 39.9484602], [116.344677, 39.94820490000001], [116.3446361, 39.9478756], [116.34459390000002, 39.9475111], [116.3445294, 39.9470931], [116.34450819999999, 39.9469511], [116.3445164, 39.946890399999994], [116.34453400000001, 39.946779799999995], [116.34457369999998, 39.946632799999996], [116.34461520000002, 39.946377600000005], [116.3446218, 39.946259299999994], [116.3445981, 39.94607990000001], [116.34455950000002, 39.94580920000001], [116.3445641, 39.94561899999999], [116.34458020000001, 39.9454367], [116.3446002, 39.945358], [116.3446325, 39.9452328], [116.34468169999998, 39.9450532], [116.3447877, 39.944706], [116.34487660000002, 39.9444188], [116.3450319, 39.9440041], [116.3453442, 39.9432713], [116.34538000000002, 39.943125900000005], [116.34539450000001, 39.94299349999999], [116.3452749, 39.94277129999999], [116.3452388, 39.942704199999994]]}}, {"type": "Feature", "id": "RD-00203", "properties": {"id": "RD-00203", "layer": "ROAD_CENTERLINE", "road_class": "branch", "name_zh": "高梁桥斜街", "length_m": 151.6, "source_id": "OSM-DERIVED-CORRIDOR-20260808", "source_type": "osm", "confidence": "medium", "geometry_role": "existing_condition"}, "geometry": {"type": "LineString", "coordinates": [[116.34550279999999, 39.9423976], [116.345452, 39.94253820000001], [116.34535159999999, 39.9426447], [116.3452388, 39.942704199999994], [116.3450169, 39.942791], [116.3441709, 39.9430371], [116.3440557, 39.9430706]]}}, {"type": "Feature", "id": "RD-00204", "properties": {"id": "RD-00204", "layer": "ROAD_CENTERLINE", "road_class": "secondary", "name_zh": "高梁桥斜街", "length_m": 53.7, "source_id": "OSM-DERIVED-CORRIDOR-20260808", "source_type": "osm", "confidence": "medium", "geometry_role": "existing_condition"}, "geometry": {"type": "LineString", "coordinates": [[116.3439172, 39.942819799999995], [116.34414430000001, 39.94272299999999], [116.34437830000002, 39.94262299999998], [116.34446679999999, 39.94258510000001]]}}, {"type": "Feature", "id": "RD-00205", "properties": {"id": "RD-00205", "layer": "ROAD_CENTERLINE", "road_class": "local_access", "name_zh": "", "length_m": 211.8, "source_id": "OSM-DERIVED-CORRIDOR-20260808", "source_type": "osm", "confidence": "medium", "geometry_role": "existing_condition"}, "geometry": {"type": "LineString", "coordinates": [[116.3370912, 39.987416499999995], [116.3371097, 39.9871684], [116.33715250000002, 39.98659420000001], [116.33717170000001, 39.9863357], [116.33718999999999, 39.9860904], [116.3372258, 39.985609800000006], [116.3372247, 39.9855895], [116.33723680000001, 39.9855124]]}}, {"type": "Feature", "id": "RD-00206", "properties": {"id": "RD-00206", "layer": "ROAD_CENTERLINE", "road_class": "expressway", "name_zh": "北三环", "length_m": 257.2, "source_id": "OSM-DERIVED-CORRIDOR-20260808", "source_type": "osm", "confidence": "medium", "geometry_role": "existing_condition"}, "geometry": {"type": "LineString", "coordinates": [[116.3422763, 39.96636209999999], [116.339266, 39.966332]]}}, {"type": "Feature", "id": "RD-00207", "properties": {"id": "RD-00207", "layer": "ROAD_CENTERLINE", "road_class": "branch", "name_zh": "北三环西路", "length_m": 179.6, "source_id": "OSM-DERIVED-CORRIDOR-20260808", "source_type": "osm", "confidence": "medium", "geometry_role": "existing_condition"}, "geometry": {"type": "LineString", "coordinates": [[116.3413624, 39.9665122], [116.34130750000001, 39.96651169999999], [116.3401838, 39.96650230000001], [116.33926020000001, 39.9664945]]}}, {"type": "Feature", "id": "RD-00208", "properties": {"id": "RD-00208", "layer": "ROAD_CENTERLINE", "road_class": "branch", "name_zh": "", "length_m": 30.3, "source_id": "OSM-DERIVED-CORRIDOR-20260808", "source_type": "osm", "confidence": "medium", "geometry_role": "existing_condition"}, "geometry": {"type": "LineString", "coordinates": [[116.3439172, 39.942819799999995], [116.3439902, 39.94295199999999], [116.3440557, 39.9430706]]}}, {"type": "Feature", "id": "RD-00209", "properties": {"id": "RD-00209", "layer": "ROAD_CENTERLINE", "road_class": "branch", "name_zh": "交大东路", "length_m": 101.0, "source_id": "OSM-DERIVED-CORRIDOR-20260808", "source_type": "osm", "confidence": "medium", "geometry_role": "existing_condition"}, "geometry": {"type": "LineString", "coordinates": [[116.3437271, 39.9440072], [116.3437277, 39.943791899999994], [116.3438378, 39.943383299999994], [116.34391090000001, 39.94311209999999]]}}, {"type": "Feature", "id": "RD-00210", "properties": {"id": "RD-00210", "layer": "ROAD_CENTERLINE", "road_class": "branch", "name_zh": "交大东路", "length_m": 108.3, "source_id": "OSM-DERIVED-CORRIDOR-20260808", "source_type": "osm", "confidence": "medium", "geometry_role": "existing_condition"}, "geometry": {"type": "LineString", "coordinates": [[116.3440557, 39.9430706], [116.3438522, 39.943811999999994], [116.3437271, 39.9440072]]}}, {"type": "Feature", "id": "RD-00211", "properties": {"id": "RD-00211", "layer": "ROAD_CENTERLINE", "road_class": "branch", "name_zh": "交大东路", "length_m": 1452.5, "source_id": "OSM-DERIVED-CORRIDOR-20260808", "source_type": "osm", "confidence": "medium", "geometry_role": "existing_condition"}, "geometry": {"type": "LineString", "coordinates": [[116.3437271, 39.9440072], [116.343691, 39.94413649999999], [116.3435597, 39.9446062], [116.3426182, 39.947974499999994], [116.34245300000002, 39.9485654], [116.3423845, 39.9488105], [116.34232049999999, 39.949044799999996], [116.34173539999999, 39.9511862], [116.3415375, 39.951926], [116.3414772, 39.9521002], [116.3413339, 39.952525599999994], [116.3412971, 39.952658099999994], [116.34120520000002, 39.952996699999986], [116.3411869, 39.95305559999999], [116.34064549999998, 39.9548451], [116.34050200000001, 39.9553453], [116.34036490000001, 39.95579390000002], [116.34031839999999, 39.9559459], [116.34006399999998, 39.95667060000001], [116.3400281, 39.9567729]]}}, {"type": "Feature", "id": "RD-00212", "properties": {"id": "RD-00212", "layer": "ROAD_CENTERLINE", "road_class": "expressway", "name_zh": "京新高速", "length_m": 139.0, "source_id": "OSM-DERIVED-CORRIDOR-20260808", "source_type": "osm", "confidence": "medium", "geometry_role": "existing_condition"}, "geometry": {"type": "LineString", "coordinates": [[116.3161667124431, 40.02928464249129], [116.31651890000002, 40.0280629]]}}, {"type": "Feature", "id": "RD-00213", "properties": {"id": "RD-00213", "layer": "ROAD_CENTERLINE", "road_class": "secondary", "name_zh": "毛纺路", "length_m": 665.8, "source_id": "OSM-DERIVED-CORRIDOR-20260808", "source_type": "osm", "confidence": "medium", "geometry_role": "existing_condition"}, "geometry": {"type": "MultiLineString", "coordinates": [[[116.33076860000001, 40.0259157], [116.3307633, 40.0254485], [116.33073739999999, 40.02417739999999], [116.33075669908146, 40.02339652794928], [116.33076704631569, 40.02297785267653], [116.33076833052671, 40.02292588979048], [116.3307744, 40.0226803], [116.3308034278629, 40.021911376535535]], [[116.33080673237424, 40.02182384153049], [116.3308165, 40.0215651], [116.3309007, 40.0198343]]]}}, {"type": "Feature", "id": "RD-00214", "properties": {"id": "RD-00214", "layer": "ROAD_CENTERLINE", "road_class": "branch", "name_zh": "朱房路", "length_m": 445.5, "source_id": "OSM-DERIVED-CORRIDOR-20260808", "source_type": "osm", "confidence": "medium", "geometry_role": "existing_condition"}, "geometry": {"type": "LineString", "coordinates": [[116.31840070000001, 40.029649499999984], [116.31859470000002, 40.0296861], [116.31900159999999, 40.02974350000001], [116.31973970000001, 40.0297698], [116.3198847, 40.02976559999999], [116.3201989, 40.0297566], [116.3214104, 40.0297199], [116.3214704, 40.0297181], [116.3231311, 40.02965269999999], [116.32350839999998, 40.0296365], [116.3236024, 40.029632400000004]]}}, {"type": "Feature", "id": "RD-00215", "properties": {"id": "RD-00215", "layer": "ROAD_CENTERLINE", "road_class": "expressway", "name_zh": "西直门北大街", "length_m": 150.1, "source_id": "OSM-DERIVED-CORRIDOR-20260808", "source_type": "osm", "confidence": "medium", "geometry_role": "existing_condition"}, "geometry": {"type": "LineString", "coordinates": [[116.3500363, 39.9446897], [116.35003769999999, 39.944662199999996], [116.350039, 39.9446405], [116.35004040000001, 39.944617099999995], [116.35004249999999, 39.9445914], [116.3500444, 39.9445681], [116.35004630000002, 39.94454429999999], [116.3500481, 39.944518699999996], [116.35004990000002, 39.9444931], [116.35005120000001, 39.9444751], [116.35005200000002, 39.94445689999999], [116.3500529, 39.944440199999995], [116.3500538, 39.94442339999999], [116.3500541, 39.94441539999998], [116.35005449999998, 39.9444073], [116.3500546, 39.944399099999984], [116.35005480000001, 39.9443906], [116.3500549, 39.9443723], [116.35005470000002, 39.94435310000001], [116.35005449999998, 39.94432260000001], [116.3500537, 39.9442927], [116.35005240000001, 39.9442616], [116.35005120000001, 39.9442311], [116.35005000000001, 39.9442123], [116.35004880000001, 39.9441935], [116.35004760000001, 39.94417469999999], [116.35004640000001, 39.944155900000005], [116.35004480000002, 39.94413719999999], [116.3500432, 39.94411840000001], [116.35004160000001, 39.9440992], [116.35004000000002, 39.94408020000001], [116.3500387, 39.944064000000004], [116.35003710000001, 39.94404769999999], [116.35003409999999, 39.9440155], [116.35003079999998, 39.943982399999996], [116.35002750000001, 39.943949], [116.3500201, 39.9438783], [116.3500126, 39.943806499999994], [116.35000700000002, 39.943749899999986], [116.35000140000001, 39.94369329999999], [116.3499988, 39.943664299999995], [116.34999620000002, 39.9436358], [116.349994, 39.943607099999994], [116.34999149999999, 39.94357699999999], [116.3499886, 39.9435415], [116.34998570000002, 39.94350609999999], [116.34998240000002, 39.94347030000001], [116.3499807, 39.94345199999999], [116.349979, 39.9434345], [116.3499781, 39.943421999999984], [116.3499772, 39.943411399999995], [116.3499763, 39.943399799999995], [116.3499754, 39.9433874], [116.3499745, 39.9433757], [116.34997379999999, 39.94336379999999], [116.34997310000001, 39.9433524], [116.34997259999999, 39.9433403]]}}, {"type": "Feature", "id": "RD-00216", "properties": {"id": "RD-00216", "layer": "ROAD_CENTERLINE", "road_class": "secondary", "name_zh": "清华东路", "length_m": 219.9, "source_id": "OSM-DERIVED-CORRIDOR-20260808", "source_type": "osm", "confidence": "medium", "geometry_role": "existing_condition"}, "geometry": {"type": "MultiLineString", "coordinates": [[[116.34385620522157, 39.99965368064443], [116.34300719999999, 39.99964119999999]], [[116.3462768, 39.999688500000005], [116.3461651, 39.9996874], [116.34455170000001, 39.99966390000001]]]}}, {"type": "Feature", "id": "RD-00217", "properties": {"id": "RD-00217", "layer": "ROAD_CENTERLINE", "road_class": "secondary", "name_zh": "学院南路", "length_m": 467.2, "source_id": "OSM-DERIVED-CORRIDOR-20260808", "source_type": "osm", "confidence": "medium", "geometry_role": "existing_condition"}, "geometry": {"type": "MultiLineString", "coordinates": [[[116.3400281, 39.9567729], [116.34019059999999, 39.9567698], [116.34148160000001, 39.95674519999999], [116.34167250469483, 39.95674345625907]], [[116.34194757502081, 39.95673934311384], [116.3421973, 39.95673280000001], [116.34301140000001, 39.9567148], [116.3434883, 39.95670419999998], [116.34386910000002, 39.95669579999999], [116.34463750000002, 39.95667879999999], [116.345331, 39.95666049999999], [116.3457678, 39.956649]]]}}, {"type": "Feature", "id": "RD-00218", "properties": {"id": "RD-00218", "layer": "ROAD_CENTERLINE", "road_class": "secondary", "name_zh": "成府路", "length_m": 191.9, "source_id": "OSM-DERIVED-CORRIDOR-20260808", "source_type": "osm", "confidence": "medium", "geometry_role": "existing_condition"}, "geometry": {"type": "LineString", "coordinates": [[116.3341584, 39.9916531], [116.3325185, 39.9916197], [116.3319127, 39.9916014]]}}, {"type": "Feature", "id": "RD-00219", "properties": {"id": "RD-00219", "layer": "ROAD_CENTERLINE", "road_class": "secondary", "name_zh": "荷清路", "length_m": 1542.6, "source_id": "OSM-DERIVED-CORRIDOR-20260808", "source_type": "osm", "confidence": "medium", "geometry_role": "existing_condition"}, "geometry": {"type": "MultiLineString", "coordinates": [[[116.33104007355871, 39.99925659020987], [116.33103860000001, 39.9993062], [116.3309464, 40.001695000000005], [116.33092850000001, 40.00225089999999], [116.33092960000002, 40.0022702], [116.3309305, 40.00236639999999], [116.33092840000002, 40.002441000000005], [116.33080750000002, 40.0054852], [116.33077330000002, 40.005532999999986], [116.330742, 40.005890199999996], [116.3306583, 40.0063234], [116.3305023, 40.00673040000001], [116.3304519, 40.006839], [116.3302341, 40.00726410000001], [116.3299038, 40.0076799], [116.3296668, 40.00796940000001], [116.32963309999998, 40.0080268], [116.32956010000001, 40.0081394], [116.32942630000001, 40.008255600000005], [116.32909110000001, 40.008546800000005], [116.3288524, 40.00875719999999], [116.32874070000001, 40.008840299999996], [116.3284841, 40.00903989999999], [116.32724399999998, 40.01011160000001], [116.3262714, 40.011006], [116.32556010000002, 40.01165780000001]], [[116.33104519999999, 39.9991033], [116.33104107193608, 39.99922457336827]]]}}, {"type": "Feature", "id": "RD-00220", "properties": {"id": "RD-00220", "layer": "ROAD_CENTERLINE", "road_class": "branch", "name_zh": "林业大学北路", "length_m": 613.7, "source_id": "OSM-DERIVED-CORRIDOR-20260808", "source_type": "osm", "confidence": "medium", "geometry_role": "existing_condition"}, "geometry": {"type": "LineString", "coordinates": [[116.3426926, 40.0063478], [116.34194029999999, 40.006339499999996], [116.3416347, 40.006336100000006], [116.3415501, 40.006335199999995], [116.3406957, 40.00632579999999], [116.3399168, 40.006317300000006], [116.3390479, 40.00630040000001], [116.3384838, 40.006294200000006], [116.33815900000002, 40.006291899999994], [116.33802920000001, 40.006291000000004], [116.33678449999998, 40.00628209999999], [116.3367206, 40.006281599999994], [116.3356898, 40.00629429999999], [116.3356247, 40.00629510000001], [116.3355062, 40.0062966]]}}, {"type": "Feature", "id": "RD-00221", "properties": {"id": "RD-00221", "layer": "ROAD_CENTERLINE", "road_class": "secondary", "name_zh": "清华东路", "length_m": 162.6, "source_id": "OSM-DERIVED-CORRIDOR-20260808", "source_type": "osm", "confidence": "medium", "geometry_role": "existing_condition"}, "geometry": {"type": "LineString", "coordinates": [[116.33379610000001, 39.9993739], [116.3336898, 39.9993706], [116.33365630000002, 39.99936969999999], [116.3320453, 39.99931409999999], [116.3319481, 39.99928599999999], [116.33190244915784, 39.999275743999824]]}}, {"type": "Feature", "id": "RD-00222", "properties": {"id": "RD-00222", "layer": "ROAD_CENTERLINE", "road_class": "secondary", "name_zh": "清华东路", "length_m": 768.2, "source_id": "OSM-DERIVED-CORRIDOR-20260808", "source_type": "osm", "confidence": "medium", "geometry_role": "existing_condition"}, "geometry": {"type": "LineString", "coordinates": [[116.342785, 39.99963449999999], [116.3426882, 39.99963229999999], [116.34259, 39.99963019999999], [116.34143060000001, 39.9996044], [116.3408595, 39.99959359999999], [116.3392832, 39.999534499999996], [116.3375316, 39.9994729], [116.33709220000001, 39.9994574], [116.3345914, 39.99939450000001], [116.3340962, 39.999382], [116.3340615, 39.999381199999995], [116.33394979999998, 39.99937849999999], [116.33379610000001, 39.9993739]]}}, {"type": "Feature", "id": "RD-00223", "properties": {"id": "RD-00223", "layer": "ROAD_CENTERLINE", "road_class": "branch", "name_zh": "知春路", "length_m": 1147.9, "source_id": "OSM-DERIVED-CORRIDOR-20260808", "source_type": "osm", "confidence": "medium", "geometry_role": "existing_condition"}, "geometry": {"type": "MultiLineString", "coordinates": [[[116.33182470000001, 39.9749877], [116.33388616585421, 39.97495591982001], [116.33391361199291, 39.97495549645448], [116.33393472436761, 39.974955170784874], [116.33415302507198, 39.97495180315473]], [[116.33415783152279, 39.97495172900308], [116.33420860203744, 39.9749509457273], [116.33421599003475, 39.97495083174513], [116.3345097, 39.9749463], [116.3372222, 39.974951199999985], [116.3377818, 39.97498199999999], [116.3380114, 39.97498209999999], [116.33817920000001, 39.9749821], [116.3382849, 39.97498209999999], [116.3391883, 39.97498239999999], [116.3392828, 39.97496840000001], [116.33946060000001, 39.9749705], [116.3395457, 39.974971200000006], [116.34207920000001, 39.974976], [116.34286822649054, 39.97498230927657], [116.34396870000002, 39.9749911], [116.34526182865409, 39.97502728640677]]]}}, {"type": "Feature", "id": "RD-00224", "properties": {"id": "RD-00224", "layer": "ROAD_CENTERLINE", "road_class": "expressway", "name_zh": "京新高速", "length_m": 89.2, "source_id": "OSM-DERIVED-CORRIDOR-20260808", "source_type": "osm", "confidence": "medium", "geometry_role": "existing_condition"}, "geometry": {"type": "LineString", "coordinates": [[116.3214526, 40.01876209999999], [116.3210056, 40.0194883]]}}, {"type": "Feature", "id": "RD-00225", "properties": {"id": "RD-00225", "layer": "ROAD_CENTERLINE", "road_class": "expressway", "name_zh": "京新高速", "length_m": 702.5, "source_id": "OSM-DERIVED-CORRIDOR-20260808", "source_type": "osm", "confidence": "medium", "geometry_role": "existing_condition"}, "geometry": {"type": "LineString", "coordinates": [[116.3205451, 40.02021339999999], [116.319021, 40.022692799999994], [116.31841089999999, 40.02371050000001], [116.3180827, 40.0243203], [116.3178744, 40.024791599999986], [116.3173441, 40.026032400000005]]}}, {"type": "Feature", "id": "RD-00226", "properties": {"id": "RD-00226", "layer": "ROAD_CENTERLINE", "road_class": "expressway", "name_zh": "京新高速", "length_m": 74.8, "source_id": "OSM-DERIVED-CORRIDOR-20260808", "source_type": "osm", "confidence": "medium", "geometry_role": "existing_condition"}, "geometry": {"type": "LineString", "coordinates": [[116.3210056, 40.0194883], [116.32062092847936, 40.0200940022222]]}}, {"type": "Feature", "id": "RD-00227", "properties": {"id": "RD-00227", "layer": "ROAD_CENTERLINE", "road_class": "expressway", "name_zh": "北五环", "length_m": 104.7, "source_id": "OSM-DERIVED-CORRIDOR-20260808", "source_type": "osm", "confidence": "medium", "geometry_role": "existing_condition"}, "geometry": {"type": "LineString", "coordinates": [[116.32453620000001, 40.02041619999999], [116.32340890000002, 40.020044899999995]]}}, {"type": "Feature", "id": "RD-00228", "properties": {"id": "RD-00228", "layer": "ROAD_CENTERLINE", "road_class": "expressway", "name_zh": "京新高速", "length_m": 74.5, "source_id": "OSM-DERIVED-CORRIDOR-20260808", "source_type": "osm", "confidence": "medium", "geometry_role": "existing_condition"}, "geometry": {"type": "LineString", "coordinates": [[116.32038666803668, 40.020019072345754], [116.3207609, 40.019412499999994]]}}, {"type": "Feature", "id": "RD-00229", "properties": {"id": "RD-00229", "layer": "ROAD_CENTERLINE", "road_class": "expressway", "name_zh": "京新高速", "length_m": 185.2, "source_id": "OSM-DERIVED-CORRIDOR-20260808", "source_type": "osm", "confidence": "medium", "geometry_role": "existing_condition"}, "geometry": {"type": "LineString", "coordinates": [[116.3207609, 40.019412499999994], [116.32129070000002, 40.01857219999999], [116.32170880000001, 40.0179123]]}}, {"type": "Feature", "id": "RD-00230", "properties": {"id": "RD-00230", "layer": "ROAD_CENTERLINE", "road_class": "expressway", "name_zh": "京新高速", "length_m": 109.4, "source_id": "OSM-DERIVED-CORRIDOR-20260808", "source_type": "osm", "confidence": "medium", "geometry_role": "existing_condition"}, "geometry": {"type": "MultiLineString", "coordinates": [[[116.32170880000001, 40.0179123], [116.32190222959514, 40.01759543355946]], [[116.32191802896278, 40.0175695516995], [116.322269, 40.016994600000004]]]}}, {"type": "Feature", "id": "RD-00231", "properties": {"id": "RD-00231", "layer": "ROAD_CENTERLINE", "road_class": "expressway", "name_zh": "京新高速", "length_m": 105.3, "source_id": "OSM-DERIVED-CORRIDOR-20260808", "source_type": "osm", "confidence": "medium", "geometry_role": "existing_condition"}, "geometry": {"type": "LineString", "coordinates": [[116.32228759999998, 40.01736199999998], [116.321785, 40.0182282]]}}, {"type": "Feature", "id": "RD-00232", "properties": {"id": "RD-00232", "layer": "ROAD_CENTERLINE", "road_class": "expressway", "name_zh": "京新高速", "length_m": 65.7, "source_id": "OSM-DERIVED-CORRIDOR-20260808", "source_type": "osm", "confidence": "medium", "geometry_role": "existing_condition"}, "geometry": {"type": "LineString", "coordinates": [[116.321785, 40.0182282], [116.3216429, 40.01845639999999], [116.3214526, 40.01876209999999]]}}, {"type": "Feature", "id": "RD-00233", "properties": {"id": "RD-00233", "layer": "ROAD_CENTERLINE", "road_class": "expressway", "name_zh": "京新高速", "length_m": 1068.8, "source_id": "OSM-DERIVED-CORRIDOR-20260808", "source_type": "osm", "confidence": "medium", "geometry_role": "existing_condition"}, "geometry": {"type": "LineString", "coordinates": [[116.32977310000001, 40.0097006], [116.32812569999999, 40.01116789999999], [116.32698289999999, 40.0122133], [116.3263947, 40.01274149999999], [116.3261975, 40.012918600000006], [116.3259843, 40.013096899999994], [116.32566670000001, 40.01336250000001], [116.3247946, 40.01420050000001], [116.32405800000001, 40.01492399999999], [116.3236762, 40.015337300000006], [116.3232734, 40.01585719999999], [116.3227938, 40.01653929999999], [116.32228759999998, 40.01736199999998]]}}, {"type": "Feature", "id": "RD-00234", "properties": {"id": "RD-00234", "layer": "ROAD_CENTERLINE", "road_class": "expressway", "name_zh": "京新高速", "length_m": 1033.9, "source_id": "OSM-DERIVED-CORRIDOR-20260808", "source_type": "osm", "confidence": "medium", "geometry_role": "existing_condition"}, "geometry": {"type": "LineString", "coordinates": [[116.322269, 40.016994600000004], [116.3228157, 40.01623049999999], [116.32330069999999, 40.015601800000006], [116.3236987, 40.01510359999999], [116.3244967, 40.0142668], [116.32546570000001, 40.0133713], [116.32599160000001, 40.01288949999999], [116.32761659999998, 40.011421], [116.3296073, 40.0096205]]}}, {"type": "Feature", "id": "RD-00235", "properties": {"id": "RD-00235", "layer": "ROAD_CENTERLINE", "road_class": "expressway", "name_zh": "京新高速", "length_m": 235.0, "source_id": "OSM-DERIVED-CORRIDOR-20260808", "source_type": "osm", "confidence": "medium", "geometry_role": "existing_condition"}, "geometry": {"type": "LineString", "coordinates": [[116.3173441, 40.026032400000005], [116.31672260000002, 40.0280938]]}}, {"type": "Feature", "id": "RD-00236", "properties": {"id": "RD-00236", "layer": "ROAD_CENTERLINE", "road_class": "expressway", "name_zh": "京新高速", "length_m": 940.4, "source_id": "OSM-DERIVED-CORRIDOR-20260808", "source_type": "osm", "confidence": "medium", "geometry_role": "existing_condition"}, "geometry": {"type": "LineString", "coordinates": [[116.31651890000002, 40.0280629], [116.31718020000001, 40.0258827], [116.31766059999998, 40.0247403], [116.31798390000002, 40.0240661], [116.3187692, 40.0226898], [116.3203099, 40.0201435]]}}, {"type": "Feature", "id": "RD-00237", "properties": {"id": "RD-00237", "layer": "ROAD_CENTERLINE", "road_class": "local_access", "name_zh": "摇篮路", "length_m": 796.4, "source_id": "OSM-DERIVED-CORRIDOR-20260808", "source_type": "osm", "confidence": "medium", "geometry_role": "existing_condition"}, "geometry": {"type": "LineString", "coordinates": [[116.33731969999998, 39.9896367], [116.337417, 39.989638799999994], [116.33818009999999, 39.98965559999999], [116.3386548, 39.9896661], [116.33888819999999, 39.9896713], [116.3392207, 39.98967859999999], [116.33948619999998, 39.989682499999994], [116.34092380000001, 39.9897162], [116.34111550000002, 39.9897204], [116.34165659999998, 39.98973229999999], [116.342163, 39.989743499999996], [116.34257999999998, 39.9897575], [116.34306890000002, 39.989774000000004], [116.34411429999999, 39.9898091], [116.345247, 39.9898386], [116.3453677, 39.989843099999995], [116.3466382, 39.989894]]}}, {"type": "Feature", "id": "RD-00238", "properties": {"id": "RD-00238", "layer": "ROAD_CENTERLINE", "road_class": "branch", "name_zh": "北三环西路", "length_m": 45.9, "source_id": "OSM-DERIVED-CORRIDOR-20260808", "source_type": "osm", "confidence": "medium", "geometry_role": "existing_condition"}, "geometry": {"type": "MultiLineString", "coordinates": [[[116.338521, 39.9660637], [116.33889014149217, 39.966070800429726]], [[116.33910664665557, 39.96607496435503], [116.3392749, 39.966078200000005]]]}}, {"type": "Feature", "id": "RD-00239", "properties": {"id": "RD-00239", "layer": "ROAD_CENTERLINE", "road_class": "branch", "name_zh": "西直门北大街", "length_m": 140.7, "source_id": "OSM-DERIVED-CORRIDOR-20260808", "source_type": "osm", "confidence": "medium", "geometry_role": "existing_condition"}, "geometry": {"type": "MultiLineString", "coordinates": [[[116.34968849999998, 39.9425434], [116.34967110000001, 39.94250980000001], [116.34965450000001, 39.9424756], [116.34964178201926, 39.94245060259312]], [[116.3498842, 39.94370159999999], [116.3498504, 39.94315530000001], [116.34984590000002, 39.943024599999994], [116.3498445, 39.94300779999999], [116.3498425, 39.9429909], [116.34984030000001, 39.9429744], [116.34983810000001, 39.942958], [116.3498325, 39.942924699999985], [116.34982589999998, 39.94289130000001], [116.3498203, 39.94286640000001], [116.349814, 39.9428415], [116.3498068, 39.94281660000001], [116.349799, 39.94279170000001], [116.3497906, 39.942767999999994], [116.3497815, 39.94274429999999], [116.3497721, 39.9427209], [116.3497618, 39.942696899999994], [116.3497465, 39.9426639], [116.3497312, 39.9426309], [116.3497051, 39.94257689999999], [116.34969243921564, 39.94255134962509]]]}}, {"type": "Feature", "id": "RD-00240", "properties": {"id": "RD-00240", "layer": "ROAD_CENTERLINE", "road_class": "local_access", "name_zh": "", "length_m": 177.3, "source_id": "OSM-DERIVED-CORRIDOR-20260808", "source_type": "osm", "confidence": "medium", "geometry_role": "existing_condition"}, "geometry": {"type": "LineString", "coordinates": [[116.3460319, 39.99518810000001], [116.3460373, 39.9955712], [116.34592460000002, 39.99557119999999], [116.34590030000001, 39.995986600000016], [116.34586559999998, 39.9966973]]}}, {"type": "Feature", "id": "RD-00241", "properties": {"id": "RD-00241", "layer": "ROAD_CENTERLINE", "road_class": "local_access", "name_zh": "", "length_m": 160.3, "source_id": "OSM-DERIVED-CORRIDOR-20260808", "source_type": "osm", "confidence": "medium", "geometry_role": "existing_condition"}, "geometry": {"type": "LineString", "coordinates": [[116.34648590000002, 39.9967182], [116.34639470000002, 39.996715099999996], [116.34586559999998, 39.9966973], [116.3453192, 39.99668139999999], [116.3446104, 39.996656200000004]]}}, {"type": "Feature", "id": "RD-00242", "properties": {"id": "RD-00242", "layer": "ROAD_CENTERLINE", "road_class": "local_access", "name_zh": "", "length_m": 260.5, "source_id": "OSM-DERIVED-CORRIDOR-20260808", "source_type": "osm", "confidence": "medium", "geometry_role": "existing_condition"}, "geometry": {"type": "LineString", "coordinates": [[116.3453192, 39.99668139999999], [116.3452991, 39.9970304], [116.3452433, 39.998447899999995], [116.34449230000001, 39.998423300000006]]}}, {"type": "Feature", "id": "RD-00243", "properties": {"id": "RD-00243", "layer": "ROAD_CENTERLINE", "road_class": "local_access", "name_zh": "", "length_m": 215.5, "source_id": "OSM-DERIVED-CORRIDOR-20260808", "source_type": "osm", "confidence": "medium", "geometry_role": "existing_condition"}, "geometry": {"type": "LineString", "coordinates": [[116.3444144, 39.998580499999996], [116.34449230000001, 39.998423300000006], [116.34453520000001, 39.9982918], [116.34455130000002, 39.99796299999999], [116.3445942, 39.9969973], [116.3446104, 39.996656200000004]]}}, {"type": "Feature", "id": "RD-00244", "properties": {"id": "RD-00244", "layer": "ROAD_CENTERLINE", "road_class": "local_access", "name_zh": "", "length_m": 294.3, "source_id": "OSM-DERIVED-CORRIDOR-20260808", "source_type": "osm", "confidence": "medium", "geometry_role": "existing_condition"}, "geometry": {"type": "LineString", "coordinates": [[116.3452991, 39.9970304], [116.3445942, 39.9969973], [116.34384820000001, 39.99697059999998], [116.34287219999999, 39.9969356], [116.3427592, 39.99693099999999], [116.3419657, 39.9968986], [116.34189350000001, 39.996836500000015]]}}, {"type": "Feature", "id": "RD-00245", "properties": {"id": "RD-00245", "layer": "ROAD_CENTERLINE", "road_class": "local_access", "name_zh": "", "length_m": 69.1, "source_id": "OSM-DERIVED-CORRIDOR-20260808", "source_type": "osm", "confidence": "medium", "geometry_role": "existing_condition"}, "geometry": {"type": "LineString", "coordinates": [[116.3438271, 39.9975931], [116.34384820000001, 39.99697059999998]]}}, {"type": "Feature", "id": "RD-00246", "properties": {"id": "RD-00246", "layer": "ROAD_CENTERLINE", "road_class": "local_access", "name_zh": "", "length_m": 170.4, "source_id": "OSM-DERIVED-CORRIDOR-20260808", "source_type": "osm", "confidence": "medium", "geometry_role": "existing_condition"}, "geometry": {"type": "LineString", "coordinates": [[116.34390760000001, 39.9959082], [116.34502150000002, 39.995951999999996], [116.34590030000001, 39.995986600000016]]}}, {"type": "Feature", "id": "RD-00247", "properties": {"id": "RD-00247", "layer": "ROAD_CENTERLINE", "road_class": "local_access", "name_zh": "", "length_m": 204.4, "source_id": "OSM-DERIVED-CORRIDOR-20260808", "source_type": "osm", "confidence": "medium", "geometry_role": "existing_condition"}, "geometry": {"type": "LineString", "coordinates": [[116.3439245, 39.9951306], [116.34390760000001, 39.9959082], [116.3438999, 39.99604479999999], [116.34384820000001, 39.99697059999998]]}}, {"type": "Feature", "id": "RD-00248", "properties": {"id": "RD-00248", "layer": "ROAD_CENTERLINE", "road_class": "local_access", "name_zh": "", "length_m": 203.5, "source_id": "OSM-DERIVED-CORRIDOR-20260808", "source_type": "osm", "confidence": "medium", "geometry_role": "existing_condition"}, "geometry": {"type": "LineString", "coordinates": [[116.34287219999999, 39.9969356], [116.3429308, 39.9960609], [116.34293409999998, 39.99601129999999], [116.3429948, 39.99510519999999]]}}, {"type": "Feature", "id": "RD-00249", "properties": {"id": "RD-00249", "layer": "ROAD_CENTERLINE", "road_class": "local_access", "name_zh": "", "length_m": 82.6, "source_id": "OSM-DERIVED-CORRIDOR-20260808", "source_type": "osm", "confidence": "medium", "geometry_role": "existing_condition"}, "geometry": {"type": "LineString", "coordinates": [[116.34293409999998, 39.99601129999999], [116.3438999, 39.99604479999999]]}}, {"type": "Feature", "id": "RD-00250", "properties": {"id": "RD-00250", "layer": "ROAD_CENTERLINE", "road_class": "local_access", "name_zh": "", "length_m": 85.5, "source_id": "OSM-DERIVED-CORRIDOR-20260808", "source_type": "osm", "confidence": "medium", "geometry_role": "existing_condition"}, "geometry": {"type": "LineString", "coordinates": [[116.34193010000001, 39.99603129999999], [116.34199510000002, 39.9960332], [116.3424013, 39.99604519999999], [116.3429308, 39.9960609]]}}, {"type": "Feature", "id": "RD-00251", "properties": {"id": "RD-00251", "layer": "ROAD_CENTERLINE", "road_class": "local_access", "name_zh": "", "length_m": 233.2, "source_id": "OSM-DERIVED-CORRIDOR-20260808", "source_type": "osm", "confidence": "medium", "geometry_role": "existing_condition"}, "geometry": {"type": "LineString", "coordinates": [[116.3391763, 39.9965083], [116.34025200000002, 39.99653889999999], [116.34028450000001, 39.99654180000001], [116.3408778, 39.996556999999996], [116.34190489999999, 39.99658599999999]]}}, {"type": "Feature", "id": "RD-00252", "properties": {"id": "RD-00252", "layer": "ROAD_CENTERLINE", "road_class": "local_access", "name_zh": "", "length_m": 154.5, "source_id": "OSM-DERIVED-CORRIDOR-20260808", "source_type": "osm", "confidence": "medium", "geometry_role": "existing_condition"}, "geometry": {"type": "LineString", "coordinates": [[116.34025200000002, 39.99653889999999], [116.3402693, 39.99604779999999], [116.3402786, 39.9957849], [116.34028650000002, 39.995649400000005], [116.3402987, 39.9954397], [116.3403157, 39.99514810000001]]}}, {"type": "Feature", "id": "RD-00253", "properties": {"id": "RD-00253", "layer": "ROAD_CENTERLINE", "road_class": "local_access", "name_zh": "", "length_m": 182.6, "source_id": "OSM-DERIVED-CORRIDOR-20260808", "source_type": "osm", "confidence": "medium", "geometry_role": "existing_condition"}, "geometry": {"type": "LineString", "coordinates": [[116.3391403, 39.99802210000001], [116.3387694, 39.9978329], [116.3387694, 39.997734200000004], [116.3387694, 39.997323299999984], [116.33810090000001, 39.997315199999996], [116.3377394, 39.99730679999998]]}}, {"type": "Feature", "id": "RD-00254", "properties": {"id": "RD-00254", "layer": "ROAD_CENTERLINE", "road_class": "local_access", "name_zh": "", "length_m": 354.1, "source_id": "OSM-DERIVED-CORRIDOR-20260808", "source_type": "osm", "confidence": "medium", "geometry_role": "existing_condition"}, "geometry": {"type": "LineString", "coordinates": [[116.33382919999998, 39.9977524], [116.33398189999998, 39.9977563], [116.33513969999998, 39.99776140000001], [116.3354978, 39.9977632], [116.3355049, 39.9975553], [116.3362891, 39.9975839], [116.3366013, 39.9975921], [116.3368865, 39.99761180000001], [116.33696, 39.99761689999999], [116.3377072, 39.9976685]]}}, {"type": "Feature", "id": "RD-00255", "properties": {"id": "RD-00255", "layer": "ROAD_CENTERLINE", "road_class": "local_access", "name_zh": "", "length_m": 180.4, "source_id": "OSM-DERIVED-CORRIDOR-20260808", "source_type": "osm", "confidence": "medium", "geometry_role": "existing_condition"}, "geometry": {"type": "LineString", "coordinates": [[116.3391176, 39.99826550000001], [116.3387313, 39.99825750000001], [116.3376799, 39.9981836], [116.3376826, 39.998133499999994], [116.3377072, 39.9976685]]}}, {"type": "Feature", "id": "RD-00256", "properties": {"id": "RD-00256", "layer": "ROAD_CENTERLINE", "road_class": "local_access", "name_zh": "", "length_m": 118.5, "source_id": "OSM-DERIVED-CORRIDOR-20260808", "source_type": "osm", "confidence": "medium", "geometry_role": "existing_condition"}, "geometry": {"type": "LineString", "coordinates": [[116.3377797, 39.9966027], [116.3377394, 39.99730679999998], [116.3377072, 39.9976685]]}}, {"type": "Feature", "id": "RD-00257", "properties": {"id": "RD-00257", "layer": "ROAD_CENTERLINE", "road_class": "local_access", "name_zh": "", "length_m": 69.1, "source_id": "OSM-DERIVED-CORRIDOR-20260808", "source_type": "osm", "confidence": "medium", "geometry_role": "existing_condition"}, "geometry": {"type": "LineString", "coordinates": [[116.33814380000001, 39.99661660000001], [116.33895320000002, 39.996610999999994]]}}, {"type": "Feature", "id": "RD-00258", "properties": {"id": "RD-00258", "layer": "ROAD_CENTERLINE", "road_class": "local_access", "name_zh": "", "length_m": 70.1, "source_id": "OSM-DERIVED-CORRIDOR-20260808", "source_type": "osm", "confidence": "medium", "geometry_role": "existing_condition"}, "geometry": {"type": "LineString", "coordinates": [[116.33812229999998, 39.99692480000001], [116.3389424, 39.996947899999995]]}}, {"type": "Feature", "id": "RD-00259", "properties": {"id": "RD-00259", "layer": "ROAD_CENTERLINE", "road_class": "local_access", "name_zh": "", "length_m": 255.7, "source_id": "OSM-DERIVED-CORRIDOR-20260808", "source_type": "osm", "confidence": "medium", "geometry_role": "existing_condition"}, "geometry": {"type": "LineString", "coordinates": [[116.3355049, 39.9975553], [116.335519, 39.99719609999998], [116.3355307, 39.9968411], [116.3366396, 39.996857399999996], [116.3366013, 39.9975921]]}}, {"type": "Feature", "id": "RD-00260", "properties": {"id": "RD-00260", "layer": "ROAD_CENTERLINE", "road_class": "local_access", "name_zh": "", "length_m": 197.2, "source_id": "OSM-DERIVED-CORRIDOR-20260808", "source_type": "osm", "confidence": "medium", "geometry_role": "existing_condition"}, "geometry": {"type": "LineString", "coordinates": [[116.3355307, 39.9968411], [116.3352871, 39.99683600000001], [116.335294, 39.996508399999996], [116.33693140000001, 39.99657549999999]]}}, {"type": "Feature", "id": "RD-00261", "properties": {"id": "RD-00261", "layer": "ROAD_CENTERLINE", "road_class": "local_access", "name_zh": "", "length_m": 94.7, "source_id": "OSM-DERIVED-CORRIDOR-20260808", "source_type": "osm", "confidence": "medium", "geometry_role": "existing_condition"}, "geometry": {"type": "LineString", "coordinates": [[116.33513969999998, 39.99776140000001], [116.3351558, 39.997187800000006], [116.335519, 39.99719609999998]]}}, {"type": "Feature", "id": "RD-00262", "properties": {"id": "RD-00262", "layer": "ROAD_CENTERLINE", "road_class": "local_access", "name_zh": "", "length_m": 134.5, "source_id": "OSM-DERIVED-CORRIDOR-20260808", "source_type": "osm", "confidence": "medium", "geometry_role": "existing_condition"}, "geometry": {"type": "LineString", "coordinates": [[116.34658649999999, 39.9944512], [116.3461528, 39.9944467], [116.34616259999999, 39.994313500000004], [116.34614880000001, 39.99401590000001], [116.3457345, 39.9937036]]}}, {"type": "Feature", "id": "RD-00263", "properties": {"id": "RD-00263", "layer": "ROAD_CENTERLINE", "road_class": "local_access", "name_zh": "", "length_m": 147.0, "source_id": "OSM-DERIVED-CORRIDOR-20260808", "source_type": "osm", "confidence": "medium", "geometry_role": "existing_condition"}, "geometry": {"type": "LineString", "coordinates": [[116.34491800000002, 39.995012], [116.3449725, 39.99368849999998]]}}, {"type": "Feature", "id": "RD-00264", "properties": {"id": "RD-00264", "layer": "ROAD_CENTERLINE", "road_class": "local_access", "name_zh": "", "length_m": 76.8, "source_id": "OSM-DERIVED-CORRIDOR-20260808", "source_type": "osm", "confidence": "medium", "geometry_role": "existing_condition"}, "geometry": {"type": "LineString", "coordinates": [[116.3436317, 39.9936621], [116.3435857, 39.994352799999994]]}}, {"type": "Feature", "id": "RD-00265", "properties": {"id": "RD-00265", "layer": "ROAD_CENTERLINE", "road_class": "local_access", "name_zh": "", "length_m": 48.6, "source_id": "OSM-DERIVED-CORRIDOR-20260808", "source_type": "osm", "confidence": "medium", "geometry_role": "existing_condition"}, "geometry": {"type": "LineString", "coordinates": [[116.3435857, 39.994352799999994], [116.34355950000001, 39.994789999999995]]}}, {"type": "Feature", "id": "RD-00266", "properties": {"id": "RD-00266", "layer": "ROAD_CENTERLINE", "road_class": "local_access", "name_zh": "", "length_m": 303.2, "source_id": "OSM-DERIVED-CORRIDOR-20260808", "source_type": "osm", "confidence": "medium", "geometry_role": "existing_condition"}, "geometry": {"type": "LineString", "coordinates": [[116.3213474, 40.0148034], [116.3213706, 40.0140201], [116.3213716, 40.0139853], [116.3213716, 40.01348140000001], [116.3212991, 40.01307], [116.3212147, 40.01278919999999], [116.32112160000001, 40.0125152], [116.3211185, 40.0123238], [116.3211185, 40.01216279999999], [116.32111419999998, 40.0120937]]}}, {"type": "Feature", "id": "RD-00267", "properties": {"id": "RD-00267", "layer": "ROAD_CENTERLINE", "road_class": "expressway", "name_zh": "北五环", "length_m": 384.4, "source_id": "OSM-DERIVED-CORRIDOR-20260808", "source_type": "osm", "confidence": "medium", "geometry_role": "existing_condition"}, "geometry": {"type": "MultiLineString", "coordinates": [[[116.32232173960482, 40.01968113394302], [116.3205169, 40.0190772], [116.31947036665234, 40.018789950985905], [116.31941537823145, 40.01877485761867], [116.31922482104348, 40.01872255272484], [116.31920009607892, 40.01871576608961], [116.31918755667041, 40.01871232420586]], [[116.32340890000002, 40.020044899999995], [116.32249138116956, 40.01973789727586], [116.32247909142184, 40.019733785046085], [116.32237995226927, 40.01970061237322]]]}}, {"type": "Feature", "id": "RD-00268", "properties": {"id": "RD-00268", "layer": "ROAD_CENTERLINE", "road_class": "local_access", "name_zh": "", "length_m": 98.9, "source_id": "OSM-DERIVED-CORRIDOR-20260808", "source_type": "osm", "confidence": "medium", "geometry_role": "existing_condition"}, "geometry": {"type": "LineString", "coordinates": [[116.3413506, 40.00059300000001], [116.3401936, 40.0005524]]}}, {"type": "Feature", "id": "RD-00269", "properties": {"id": "RD-00269", "layer": "ROAD_CENTERLINE", "road_class": "local_access", "name_zh": "", "length_m": 33.1, "source_id": "OSM-DERIVED-CORRIDOR-20260808", "source_type": "osm", "confidence": "medium", "geometry_role": "existing_condition"}, "geometry": {"type": "LineString", "coordinates": [[116.3416923, 40.001955999999986], [116.34130450000002, 40.0019497]]}}, {"type": "Feature", "id": "RD-00270", "properties": {"id": "RD-00270", "layer": "ROAD_CENTERLINE", "road_class": "local_access", "name_zh": "", "length_m": 150.6, "source_id": "OSM-DERIVED-CORRIDOR-20260808", "source_type": "osm", "confidence": "medium", "geometry_role": "existing_condition"}, "geometry": {"type": "LineString", "coordinates": [[116.3383633, 39.99987109999999], [116.33927130000001, 39.999888199999994], [116.3401259, 39.999904199999996]]}}, {"type": "Feature", "id": "RD-00271", "properties": {"id": "RD-00271", "layer": "ROAD_CENTERLINE", "road_class": "local_access", "name_zh": "", "length_m": 63.1, "source_id": "OSM-DERIVED-CORRIDOR-20260808", "source_type": "osm", "confidence": "medium", "geometry_role": "existing_condition"}, "geometry": {"type": "LineString", "coordinates": [[116.33831530000002, 40.0004385], [116.3383633, 39.99987109999999]]}}, {"type": "Feature", "id": "RD-00272", "properties": {"id": "RD-00272", "layer": "ROAD_CENTERLINE", "road_class": "local_access", "name_zh": "", "length_m": 150.8, "source_id": "OSM-DERIVED-CORRIDOR-20260808", "source_type": "osm", "confidence": "medium", "geometry_role": "existing_condition"}, "geometry": {"type": "LineString", "coordinates": [[116.34130450000002, 40.0019497], [116.34128740000001, 40.00167290000001], [116.341335, 40.000848500000004], [116.3413363, 40.00080019999999], [116.3413506, 40.00059300000001]]}}, {"type": "Feature", "id": "RD-00273", "properties": {"id": "RD-00273", "layer": "ROAD_CENTERLINE", "road_class": "local_access", "name_zh": "", "length_m": 187.7, "source_id": "OSM-DERIVED-CORRIDOR-20260808", "source_type": "osm", "confidence": "medium", "geometry_role": "existing_condition"}, "geometry": {"type": "LineString", "coordinates": [[116.3413293, 39.998253799999986], [116.3391317, 39.9982157]]}}, {"type": "Feature", "id": "RD-00274", "properties": {"id": "RD-00274", "layer": "ROAD_CENTERLINE", "road_class": "local_access", "name_zh": "", "length_m": 230.0, "source_id": "OSM-DERIVED-CORRIDOR-20260808", "source_type": "osm", "confidence": "medium", "geometry_role": "existing_condition"}, "geometry": {"type": "LineString", "coordinates": [[116.3401259, 39.999904199999996], [116.3401016, 40.00044129999999], [116.3401936, 40.0005524], [116.34027960000002, 40.000657699999984], [116.34027579999999, 40.0010127], [116.3402658, 40.001935400000015]]}}, {"type": "Feature", "id": "RD-00275", "properties": {"id": "RD-00275", "layer": "ROAD_CENTERLINE", "road_class": "secondary", "name_zh": "毛纺路", "length_m": 367.3, "source_id": "OSM-DERIVED-CORRIDOR-20260808", "source_type": "osm", "confidence": "medium", "geometry_role": "existing_condition"}, "geometry": {"type": "MultiLineString", "coordinates": [[[116.3308914784264, 40.02301096587334], [116.33088669533852, 40.023431836857455]], [[116.33092777902422, 40.021925544176604], [116.33089630000002, 40.022586699999984], [116.33089326965802, 40.022853350595874]], [[116.33102780000002, 40.0198247], [116.33094937189857, 40.02147201924008], [116.33093459965066, 40.02178228821329]]]}}, {"type": "Feature", "id": "RD-00276", "properties": {"id": "RD-00276", "layer": "ROAD_CENTERLINE", "road_class": "local_access", "name_zh": "", "length_m": 154.9, "source_id": "OSM-DERIVED-CORRIDOR-20260808", "source_type": "osm", "confidence": "medium", "geometry_role": "existing_condition"}, "geometry": {"type": "LineString", "coordinates": [[116.3424232, 39.952217999999995], [116.3424208, 39.9523138], [116.3423986, 39.95244949999999], [116.342086, 39.9526654], [116.3418996, 39.95291259999999], [116.3426007, 39.9530337]]}}, {"type": "Feature", "id": "RD-00277", "properties": {"id": "RD-00277", "layer": "ROAD_CENTERLINE", "road_class": "local_access", "name_zh": "", "length_m": 106.2, "source_id": "OSM-DERIVED-CORRIDOR-20260808", "source_type": "osm", "confidence": "medium", "geometry_role": "existing_condition"}, "geometry": {"type": "LineString", "coordinates": [[116.3418996, 39.95291259999999], [116.3418777, 39.952999], [116.3418229, 39.953172299999984], [116.3417175, 39.95385719999999]]}}, {"type": "Feature", "id": "RD-00278", "properties": {"id": "RD-00278", "layer": "ROAD_CENTERLINE", "road_class": "local_access", "name_zh": "", "length_m": 290.0, "source_id": "OSM-DERIVED-CORRIDOR-20260808", "source_type": "osm", "confidence": "medium", "geometry_role": "existing_condition"}, "geometry": {"type": "LineString", "coordinates": [[116.34200510000001, 40.013800700000004], [116.3420088, 40.0137293], [116.3420398, 40.01312829999999], [116.3420796, 40.0126549], [116.34220229999998, 40.011193299999995]]}}, {"type": "Feature", "id": "RD-00279", "properties": {"id": "RD-00279", "layer": "ROAD_CENTERLINE", "road_class": "local_access", "name_zh": "建清园小区环路", "length_m": 334.1, "source_id": "OSM-DERIVED-CORRIDOR-20260808", "source_type": "osm", "confidence": "medium", "geometry_role": "existing_condition"}, "geometry": {"type": "MultiLineString", "coordinates": [[[116.34179150000001, 40.013153499999994], [116.3417664, 40.013407300000004], [116.34063349999998, 40.013396599999986], [116.3406483, 40.01310310000001], [116.3406806, 40.01284050000001], [116.341702, 40.01286770000001], [116.34170390000001, 40.01314769999999], [116.34179150000001, 40.013153499999994]], [[116.3420398, 40.01312829999999], [116.34179150000001, 40.013153499999994]]]}}, {"type": "Feature", "id": "RD-00280", "properties": {"id": "RD-00280", "layer": "ROAD_CENTERLINE", "road_class": "local_access", "name_zh": "中关村南三条", "length_m": 207.9, "source_id": "OSM-DERIVED-CORRIDOR-20260808", "source_type": "osm", "confidence": "medium", "geometry_role": "existing_condition"}, "geometry": {"type": "LineString", "coordinates": [[116.33063030000001, 39.980722], [116.3304525, 39.980708799999995], [116.3296146, 39.98064430000001], [116.3282074, 39.980545199999995]]}}, {"type": "Feature", "id": "RD-00281", "properties": {"id": "RD-00281", "layer": "ROAD_CENTERLINE", "road_class": "local_access", "name_zh": "", "length_m": 301.6, "source_id": "OSM-DERIVED-CORRIDOR-20260808", "source_type": "osm", "confidence": "medium", "geometry_role": "existing_condition"}, "geometry": {"type": "LineString", "coordinates": [[116.33085170000001, 39.9815676], [116.33085749999998, 39.9815327], [116.33086430000002, 39.9814917], [116.3308879, 39.9811835], [116.33054840000001, 39.98115489999999], [116.33063030000001, 39.980722], [116.3308095, 39.9806306], [116.33112250000002, 39.9805504], [116.3318911, 39.9806155], [116.33217759999998, 39.980639800000006], [116.33227980000001, 39.9806459], [116.33241810000001, 39.98065410000001], [116.33252460000001, 39.9806604], [116.3325845, 39.980664], [116.3326892, 39.980670199999985]]}}, {"type": "Feature", "id": "RD-00282", "properties": {"id": "RD-00282", "layer": "ROAD_CENTERLINE", "road_class": "local_access", "name_zh": "", "length_m": 253.6, "source_id": "OSM-DERIVED-CORRIDOR-20260808", "source_type": "osm", "confidence": "medium", "geometry_role": "existing_condition"}, "geometry": {"type": "LineString", "coordinates": [[116.3308879, 39.9811835], [116.3320882, 39.98127790000001], [116.33217759999998, 39.980639800000006], [116.3322742, 39.97992969999999]]}}, {"type": "Feature", "id": "RD-00283", "properties": {"id": "RD-00283", "layer": "ROAD_CENTERLINE", "road_class": "local_access", "name_zh": "", "length_m": 331.9, "source_id": "OSM-DERIVED-CORRIDOR-20260808", "source_type": "osm", "confidence": "medium", "geometry_role": "existing_condition"}, "geometry": {"type": "LineString", "coordinates": [[116.33360619999999, 39.97527409999999], [116.33360200000001, 39.9752972], [116.333594, 39.975374], [116.3334936, 39.97590189999999], [116.33349529999998, 39.9760418], [116.33335000000001, 39.977154000000006], [116.33309320000001, 39.978233900000006]]}}, {"type": "Feature", "id": "RD-00284", "properties": {"id": "RD-00284", "layer": "ROAD_CENTERLINE", "road_class": "local_access", "name_zh": "", "length_m": 74.7, "source_id": "OSM-DERIVED-CORRIDOR-20260808", "source_type": "osm", "confidence": "medium", "geometry_role": "existing_condition"}, "geometry": {"type": "LineString", "coordinates": [[116.3322227, 39.97888809999999], [116.3323879, 39.9789646], [116.3326961, 39.97921139999999], [116.33281089999998, 39.9793707]]}}, {"type": "Feature", "id": "RD-00285", "properties": {"id": "RD-00285", "layer": "ROAD_CENTERLINE", "road_class": "local_access", "name_zh": "", "length_m": 70.6, "source_id": "OSM-DERIVED-CORRIDOR-20260808", "source_type": "osm", "confidence": "medium", "geometry_role": "existing_condition"}, "geometry": {"type": "LineString", "coordinates": [[116.33241810000001, 39.98065410000001], [116.33251239999998, 39.980022100000006]]}}, {"type": "Feature", "id": "RD-00286", "properties": {"id": "RD-00286", "layer": "ROAD_CENTERLINE", "road_class": "local_access", "name_zh": "", "length_m": 109.9, "source_id": "OSM-DERIVED-CORRIDOR-20260808", "source_type": "osm", "confidence": "medium", "geometry_role": "existing_condition"}, "geometry": {"type": "LineString", "coordinates": [[116.332622, 39.981099300000004], [116.33253609999998, 39.98105520000001], [116.3325845, 39.980664], [116.3326823, 39.9801519]]}}, {"type": "Feature", "id": "RD-00287", "properties": {"id": "RD-00287", "layer": "ROAD_CENTERLINE", "road_class": "local_access", "name_zh": "", "length_m": 100.4, "source_id": "OSM-DERIVED-CORRIDOR-20260808", "source_type": "osm", "confidence": "medium", "geometry_role": "existing_condition"}, "geometry": {"type": "LineString", "coordinates": [[116.33193510000001, 39.97814319999999], [116.33223509999999, 39.9785011], [116.3323879, 39.9789646]]}}, {"type": "Feature", "id": "RD-00288", "properties": {"id": "RD-00288", "layer": "ROAD_CENTERLINE", "road_class": "local_access", "name_zh": "", "length_m": 446.9, "source_id": "OSM-DERIVED-CORRIDOR-20260808", "source_type": "osm", "confidence": "medium", "geometry_role": "existing_condition"}, "geometry": {"type": "LineString", "coordinates": [[116.332622, 39.981099300000004], [116.33267970000001, 39.98114939999999], [116.3320654, 39.98451020000001], [116.33194200000001, 39.9845565], [116.331347, 39.9845346]]}}, {"type": "Feature", "id": "RD-00289", "properties": {"id": "RD-00289", "layer": "ROAD_CENTERLINE", "road_class": "local_access", "name_zh": "", "length_m": 110.4, "source_id": "OSM-DERIVED-CORRIDOR-20260808", "source_type": "osm", "confidence": "medium", "geometry_role": "existing_condition"}, "geometry": {"type": "LineString", "coordinates": [[116.3326823, 39.9801519], [116.3327696, 39.980188999999996], [116.3326892, 39.980670199999985], [116.332622, 39.981099300000004]]}}, {"type": "Feature", "id": "RD-00290", "properties": {"id": "RD-00290", "layer": "ROAD_CENTERLINE", "road_class": "local_access", "name_zh": "", "length_m": 220.8, "source_id": "OSM-DERIVED-CORRIDOR-20260808", "source_type": "osm", "confidence": "medium", "geometry_role": "existing_condition"}, "geometry": {"type": "LineString", "coordinates": [[116.331347, 39.9845346], [116.33106260000001, 39.984550299999995], [116.3295918, 39.98451449999999], [116.32886700000002, 39.984500800000006], [116.3288051, 39.9845641]]}}, {"type": "Feature", "id": "RD-00291", "properties": {"id": "RD-00291", "layer": "ROAD_CENTERLINE", "road_class": "local_access", "name_zh": "", "length_m": 251.9, "source_id": "OSM-DERIVED-CORRIDOR-20260808", "source_type": "osm", "confidence": "medium", "geometry_role": "existing_condition"}, "geometry": {"type": "LineString", "coordinates": [[116.32842360000001, 39.9845417], [116.3287327, 39.9844547], [116.32962240000002, 39.9844373], [116.3310345, 39.984507400000005], [116.331347, 39.9845346]]}}, {"type": "Feature", "id": "RD-00292", "properties": {"id": "RD-00292", "layer": "ROAD_CENTERLINE", "road_class": "local_access", "name_zh": "", "length_m": 90.6, "source_id": "OSM-DERIVED-CORRIDOR-20260808", "source_type": "osm", "confidence": "medium", "geometry_role": "existing_condition"}, "geometry": {"type": "LineString", "coordinates": [[116.32865630000002, 39.98300210000001], [116.32966809999999, 39.9832477]]}}, {"type": "Feature", "id": "RD-00293", "properties": {"id": "RD-00293", "layer": "ROAD_CENTERLINE", "road_class": "local_access", "name_zh": "", "length_m": 167.8, "source_id": "OSM-DERIVED-CORRIDOR-20260808", "source_type": "osm", "confidence": "medium", "geometry_role": "existing_condition"}, "geometry": {"type": "LineString", "coordinates": [[116.33034229999998, 39.9815449], [116.3303123, 39.982008], [116.33028280000002, 39.9824635], [116.3300841, 39.982463499999994], [116.33004139999998, 39.9825034], [116.3300135, 39.982547499999995], [116.3300042, 39.982885599999996]]}}, {"type": "Feature", "id": "RD-00294", "properties": {"id": "RD-00294", "layer": "ROAD_CENTERLINE", "road_class": "local_access", "name_zh": "", "length_m": 235.6, "source_id": "OSM-DERIVED-CORRIDOR-20260808", "source_type": "osm", "confidence": "medium", "geometry_role": "existing_condition"}, "geometry": {"type": "LineString", "coordinates": [[116.32881400000001, 39.98147689999999], [116.3297309, 39.981517700000005], [116.33034229999998, 39.9815449], [116.33085170000001, 39.9815676], [116.33156759999999, 39.9815995]]}}, {"type": "Feature", "id": "RD-00295", "properties": {"id": "RD-00295", "layer": "ROAD_CENTERLINE", "road_class": "local_access", "name_zh": "", "length_m": 56.8, "source_id": "OSM-DERIVED-CORRIDOR-20260808", "source_type": "osm", "confidence": "medium", "geometry_role": "existing_condition"}, "geometry": {"type": "LineString", "coordinates": [[116.32818180000001, 39.9814491], [116.3286649, 39.9810979]]}}, {"type": "Feature", "id": "RD-00296", "properties": {"id": "RD-00296", "layer": "ROAD_CENTERLINE", "road_class": "branch", "name_zh": "", "length_m": 23.5, "source_id": "OSM-DERIVED-CORRIDOR-20260808", "source_type": "osm", "confidence": "medium", "geometry_role": "existing_condition"}, "geometry": {"type": "LineString", "coordinates": [[116.35019190000001, 39.948537], [116.35045470000001, 39.9486006]]}}, {"type": "Feature", "id": "RD-00297", "properties": {"id": "RD-00297", "layer": "ROAD_CENTERLINE", "road_class": "local_access", "name_zh": "小区内部路", "length_m": 95.5, "source_id": "OSM-DERIVED-CORRIDOR-20260808", "source_type": "osm", "confidence": "medium", "geometry_role": "existing_condition"}, "geometry": {"type": "LineString", "coordinates": [[116.3508187, 39.944737499999995], [116.3508175, 39.944047299999994], [116.3508179, 39.944041], [116.3508187, 39.94403499999999], [116.35082, 39.94402889999999], [116.3508221, 39.94402269999999], [116.3508246, 39.9440169], [116.3508278, 39.944010999999996], [116.3508318, 39.94400569999999], [116.3508364, 39.94400040000001], [116.3508412, 39.94399589999999], [116.3508467, 39.94399130000001], [116.35085250000002, 39.943986999999986], [116.350859, 39.94398269999999], [116.3508661, 39.9439792], [116.3508731, 39.94397609999999], [116.3508803, 39.94397359999999], [116.3508878, 39.94397119999999], [116.35089540000001, 39.9439697], [116.3509031, 39.94396869999999], [116.3509109, 39.9439679], [116.35091979999999, 39.943967199999996], [116.3509781, 39.943966999999994]]}}, {"type": "Feature", "id": "RD-00298", "properties": {"id": "RD-00298", "layer": "ROAD_CENTERLINE", "road_class": "local_access", "name_zh": "", "length_m": 156.1, "source_id": "OSM-DERIVED-CORRIDOR-20260808", "source_type": "osm", "confidence": "medium", "geometry_role": "existing_condition"}, "geometry": {"type": "LineString", "coordinates": [[116.34870850000001, 39.95610380000001], [116.3478165, 39.9559051], [116.34782260000001, 39.9554548], [116.3481356, 39.955459499999996]]}}, {"type": "Feature", "id": "RD-00299", "properties": {"id": "RD-00299", "layer": "ROAD_CENTERLINE", "road_class": "local_access", "name_zh": "", "length_m": 360.5, "source_id": "OSM-DERIVED-CORRIDOR-20260808", "source_type": "osm", "confidence": "medium", "geometry_role": "existing_condition"}, "geometry": {"type": "MultiLineString", "coordinates": [[[116.3481603, 39.9542006], [116.34814609999998, 39.9547967], [116.347725, 39.9548276], [116.3477143, 39.95419019999999], [116.3481603, 39.9542006]], [[116.3486557, 39.9532177], [116.34818370000002, 39.9532197], [116.3481603, 39.9542006]]]}}, {"type": "Feature", "id": "RD-00300", "properties": {"id": "RD-00300", "layer": "ROAD_CENTERLINE", "road_class": "local_access", "name_zh": "", "length_m": 256.7, "source_id": "OSM-DERIVED-CORRIDOR-20260808", "source_type": "osm", "confidence": "medium", "geometry_role": "existing_condition"}, "geometry": {"type": "LineString", "coordinates": [[116.34695360000002, 39.9567085], [116.34695250000001, 39.9566462], [116.3469446, 39.95623379999999], [116.34693150000001, 39.95596489999999], [116.3469379, 39.9559061], [116.34693950000002, 39.9556257], [116.34692880000001, 39.9553502], [116.34691800000002, 39.954978000000004], [116.3469073, 39.9546861], [116.3469069, 39.95439780000001]]}}, {"type": "Feature", "id": "RD-00301", "properties": {"id": "RD-00301", "layer": "ROAD_CENTERLINE", "road_class": "local_access", "name_zh": "", "length_m": 113.0, "source_id": "OSM-DERIVED-CORRIDOR-20260808", "source_type": "osm", "confidence": "medium", "geometry_role": "existing_condition"}, "geometry": {"type": "LineString", "coordinates": [[116.3463195, 39.954696000000006], [116.3469073, 39.9546861], [116.3476418, 39.954679500000005]]}}, {"type": "Feature", "id": "RD-00302", "properties": {"id": "RD-00302", "layer": "ROAD_CENTERLINE", "road_class": "local_access", "name_zh": "", "length_m": 118.1, "source_id": "OSM-DERIVED-CORRIDOR-20260808", "source_type": "osm", "confidence": "medium", "geometry_role": "existing_condition"}, "geometry": {"type": "LineString", "coordinates": [[116.3462712, 39.9549859], [116.34691800000002, 39.954978000000004], [116.3476526, 39.9549694]]}}, {"type": "Feature", "id": "RD-00303", "properties": {"id": "RD-00303", "layer": "ROAD_CENTERLINE", "road_class": "local_access", "name_zh": "", "length_m": 132.0, "source_id": "OSM-DERIVED-CORRIDOR-20260808", "source_type": "osm", "confidence": "medium", "geometry_role": "existing_condition"}, "geometry": {"type": "LineString", "coordinates": [[116.3461505, 39.955356], [116.34692880000001, 39.9553502], [116.3476955, 39.955337499999985]]}}, {"type": "Feature", "id": "RD-00304", "properties": {"id": "RD-00304", "layer": "ROAD_CENTERLINE", "road_class": "local_access", "name_zh": "", "length_m": 140.1, "source_id": "OSM-DERIVED-CORRIDOR-20260808", "source_type": "osm", "confidence": "medium", "geometry_role": "existing_condition"}, "geometry": {"type": "LineString", "coordinates": [[116.3460674, 39.9556335], [116.34693950000002, 39.9556257], [116.3477062, 39.955614999999995]]}}, {"type": "Feature", "id": "RD-00305", "properties": {"id": "RD-00305", "layer": "ROAD_CENTERLINE", "road_class": "local_access", "name_zh": "", "length_m": 147.4, "source_id": "OSM-DERIVED-CORRIDOR-20260808", "source_type": "osm", "confidence": "medium", "geometry_role": "existing_condition"}, "geometry": {"type": "LineString", "coordinates": [[116.345995, 39.9559769], [116.34693150000001, 39.95596489999999], [116.34771960000002, 39.9559502]]}}, {"type": "Feature", "id": "RD-00306", "properties": {"id": "RD-00306", "layer": "ROAD_CENTERLINE", "road_class": "local_access", "name_zh": "", "length_m": 83.5, "source_id": "OSM-DERIVED-CORRIDOR-20260808", "source_type": "osm", "confidence": "medium", "geometry_role": "existing_condition"}, "geometry": {"type": "LineString", "coordinates": [[116.3469446, 39.95623379999999], [116.3459681, 39.956252400000004]]}}, {"type": "Feature", "id": "RD-00307", "properties": {"id": "RD-00307", "layer": "ROAD_CENTERLINE", "road_class": "local_access", "name_zh": "", "length_m": 196.8, "source_id": "OSM-DERIVED-CORRIDOR-20260808", "source_type": "osm", "confidence": "medium", "geometry_role": "existing_condition"}, "geometry": {"type": "LineString", "coordinates": [[116.3470276, 39.956466199999994], [116.34702360000001, 39.9559872], [116.3475869, 39.9559655], [116.3474996, 39.9564572], [116.3470276, 39.956466199999994]]}}, {"type": "Feature", "id": "RD-00308", "properties": {"id": "RD-00308", "layer": "ROAD_CENTERLINE", "road_class": "local_access", "name_zh": "", "length_m": 192.8, "source_id": "OSM-DERIVED-CORRIDOR-20260808", "source_type": "osm", "confidence": "medium", "geometry_role": "existing_condition"}, "geometry": {"type": "LineString", "coordinates": [[116.3476868, 39.952256899999995], [116.34727470000001, 39.9520755], [116.3469071, 39.952541200000006], [116.34583480000002, 39.952506000000014]]}}, {"type": "Feature", "id": "RD-00309", "properties": {"id": "RD-00309", "layer": "ROAD_CENTERLINE", "road_class": "local_access", "name_zh": "", "length_m": 204.4, "source_id": "OSM-DERIVED-CORRIDOR-20260808", "source_type": "osm", "confidence": "medium", "geometry_role": "existing_condition"}, "geometry": {"type": "LineString", "coordinates": [[116.34727470000001, 39.9520755], [116.3485878, 39.9508112], [116.3486043, 39.9505893]]}}, {"type": "Feature", "id": "RD-00310", "properties": {"id": "RD-00310", "layer": "ROAD_CENTERLINE", "road_class": "local_access", "name_zh": "", "length_m": 68.2, "source_id": "OSM-DERIVED-CORRIDOR-20260808", "source_type": "osm", "confidence": "medium", "geometry_role": "existing_condition"}, "geometry": {"type": "LineString", "coordinates": [[116.34818370000002, 39.9532197], [116.3482202, 39.95260639999999]]}}, {"type": "Feature", "id": "RD-00311", "properties": {"id": "RD-00311", "layer": "ROAD_CENTERLINE", "road_class": "local_access", "name_zh": "", "length_m": 386.9, "source_id": "OSM-DERIVED-CORRIDOR-20260808", "source_type": "osm", "confidence": "medium", "geometry_role": "existing_condition"}, "geometry": {"type": "LineString", "coordinates": [[116.34577199999998, 39.9564836], [116.346284, 39.95456089999999], [116.3462829, 39.95365789999999], [116.3462827, 39.9535189], [116.34645749999999, 39.95335370000001], [116.34679229999999, 39.953283599999985]]}}, {"type": "Feature", "id": "RD-00312", "properties": {"id": "RD-00312", "layer": "ROAD_CENTERLINE", "road_class": "local_access", "name_zh": "", "length_m": 259.8, "source_id": "OSM-DERIVED-CORRIDOR-20260808", "source_type": "osm", "confidence": "medium", "geometry_role": "existing_condition"}, "geometry": {"type": "LineString", "coordinates": [[116.345247, 39.9898386], [116.34533599999999, 39.9897367], [116.34557770000002, 39.9894598], [116.34567589999999, 39.98934729999999], [116.3461129, 39.988917300000004], [116.34611910000001, 39.988752], [116.3461244, 39.9886129], [116.3457396, 39.98818080000001], [116.3455207, 39.9878474]]}}, {"type": "Feature", "id": "RD-00313", "properties": {"id": "RD-00313", "layer": "ROAD_CENTERLINE", "road_class": "local_access", "name_zh": "", "length_m": 48.8, "source_id": "OSM-DERIVED-CORRIDOR-20260808", "source_type": "osm", "confidence": "medium", "geometry_role": "existing_condition"}, "geometry": {"type": "LineString", "coordinates": [[116.3453677, 39.989843099999995], [116.34534199999999, 39.99022049999999], [116.34533860000002, 39.9902818]]}}, {"type": "Feature", "id": "RD-00314", "properties": {"id": "RD-00314", "layer": "ROAD_CENTERLINE", "road_class": "local_access", "name_zh": "", "length_m": 160.8, "source_id": "OSM-DERIVED-CORRIDOR-20260808", "source_type": "osm", "confidence": "medium", "geometry_role": "existing_condition"}, "geometry": {"type": "LineString", "coordinates": [[116.34534199999999, 39.99022049999999], [116.3446878, 39.990199700000005], [116.34464950000002, 39.99114349999999]]}}, {"type": "Feature", "id": "RD-00315", "properties": {"id": "RD-00315", "layer": "ROAD_CENTERLINE", "road_class": "local_access", "name_zh": "", "length_m": 215.4, "source_id": "OSM-DERIVED-CORRIDOR-20260808", "source_type": "osm", "confidence": "medium", "geometry_role": "existing_condition"}, "geometry": {"type": "LineString", "coordinates": [[116.34212890000002, 39.9910851], [116.3424661, 39.9910953], [116.34264180000001, 39.99109939999999], [116.3430245, 39.9911084], [116.3433548, 39.9911141], [116.344046, 39.99112660000001], [116.344467, 39.9911374], [116.34464950000002, 39.99114349999999]]}}, {"type": "Feature", "id": "RD-00316", "properties": {"id": "RD-00316", "layer": "ROAD_CENTERLINE", "road_class": "local_access", "name_zh": "", "length_m": 148.2, "source_id": "OSM-DERIVED-CORRIDOR-20260808", "source_type": "osm", "confidence": "medium", "geometry_role": "existing_condition"}, "geometry": {"type": "LineString", "coordinates": [[116.3430245, 39.9911084], [116.34304739999999, 39.9906789], [116.343052, 39.99048359999999], [116.34306890000002, 39.989774000000004]]}}, {"type": "Feature", "id": "RD-00317", "properties": {"id": "RD-00317", "layer": "ROAD_CENTERLINE", "road_class": "local_access", "name_zh": "", "length_m": 146.4, "source_id": "OSM-DERIVED-CORRIDOR-20260808", "source_type": "osm", "confidence": "medium", "geometry_role": "existing_condition"}, "geometry": {"type": "LineString", "coordinates": [[116.344046, 39.99112660000001], [116.3440685, 39.9906934], [116.34409509999999, 39.990180200000005], [116.344097, 39.990142999999996], [116.34411429999999, 39.9898091]]}}, {"type": "Feature", "id": "RD-00318", "properties": {"id": "RD-00318", "layer": "ROAD_CENTERLINE", "road_class": "local_access", "name_zh": "", "length_m": 457.6, "source_id": "OSM-DERIVED-CORRIDOR-20260808", "source_type": "osm", "confidence": "medium", "geometry_role": "existing_condition"}, "geometry": {"type": "LineString", "coordinates": [[116.3358694, 39.9893004], [116.3358317, 39.98929919999999], [116.33577800000002, 39.9892976], [116.33539769999999, 39.9892858], [116.3350815, 39.989276], [116.33510570000001, 39.9888568], [116.33513180000001, 39.988487500000005], [116.3346346, 39.98847450000001], [116.3346073, 39.98891640000001], [116.33460110000001, 39.98902489999999], [116.3345863, 39.9892813], [116.3345611, 39.9895943], [116.3345551, 39.989664600000005], [116.3360282, 39.989694799999995], [116.3360504, 39.9896953]]}}, {"type": "Feature", "id": "RD-00319", "properties": {"id": "RD-00319", "layer": "ROAD_CENTERLINE", "road_class": "local_access", "name_zh": "", "length_m": 21.5, "source_id": "OSM-DERIVED-CORRIDOR-20260808", "source_type": "osm", "confidence": "medium", "geometry_role": "existing_condition"}, "geometry": {"type": "LineString", "coordinates": [[116.32971429999999, 39.9817414], [116.3297117, 39.9819346]]}}, {"type": "Feature", "id": "RD-00320", "properties": {"id": "RD-00320", "layer": "ROAD_CENTERLINE", "road_class": "local_access", "name_zh": "", "length_m": 24.9, "source_id": "OSM-DERIVED-CORRIDOR-20260808", "source_type": "osm", "confidence": "medium", "geometry_role": "existing_condition"}, "geometry": {"type": "LineString", "coordinates": [[116.3297309, 39.981517700000005], [116.32971429999999, 39.9817414]]}}, {"type": "Feature", "id": "RD-00321", "properties": {"id": "RD-00321", "layer": "ROAD_CENTERLINE", "road_class": "local_access", "name_zh": "", "length_m": 61.1, "source_id": "OSM-DERIVED-CORRIDOR-20260808", "source_type": "osm", "confidence": "medium", "geometry_role": "existing_condition"}, "geometry": {"type": "LineString", "coordinates": [[116.3418777, 39.952999], [116.3413694, 39.952914899999996], [116.34120520000002, 39.952996699999986]]}}, {"type": "Feature", "id": "RD-00322", "properties": {"id": "RD-00322", "layer": "ROAD_CENTERLINE", "road_class": "local_access", "name_zh": "", "length_m": 225.2, "source_id": "OSM-DERIVED-CORRIDOR-20260808", "source_type": "osm", "confidence": "medium", "geometry_role": "existing_condition"}, "geometry": {"type": "LineString", "coordinates": [[116.3417175, 39.95385719999999], [116.34245570000002, 39.9539431], [116.3426007, 39.9530337], [116.34281900000002, 39.95252369999999]]}}, {"type": "Feature", "id": "RD-00323", "properties": {"id": "RD-00323", "layer": "ROAD_CENTERLINE", "road_class": "local_access", "name_zh": "", "length_m": 36.9, "source_id": "OSM-DERIVED-CORRIDOR-20260808", "source_type": "osm", "confidence": "medium", "geometry_role": "existing_condition"}, "geometry": {"type": "LineString", "coordinates": [[116.3423986, 39.95244949999999], [116.34281900000002, 39.95252369999999]]}}, {"type": "Feature", "id": "RD-00324", "properties": {"id": "RD-00324", "layer": "ROAD_CENTERLINE", "road_class": "local_access", "name_zh": "毛纺路辅路", "length_m": 259.1, "source_id": "OSM-DERIVED-CORRIDOR-20260808", "source_type": "osm", "confidence": "medium", "geometry_role": "existing_condition"}, "geometry": {"type": "LineString", "coordinates": [[116.33076860000001, 40.0259157], [116.3306865, 40.02574289999999], [116.3306766, 40.0255769], [116.33065480000002, 40.02520899999999], [116.3305908, 40.0241303], [116.33071270000002, 40.0236035]]}}, {"type": "Feature", "id": "RD-00325", "properties": {"id": "RD-00325", "layer": "ROAD_CENTERLINE", "road_class": "secondary", "name_zh": "", "length_m": 77.1, "source_id": "OSM-DERIVED-CORRIDOR-20260808", "source_type": "osm", "confidence": "medium", "geometry_role": "existing_condition"}, "geometry": {"type": "LineString", "coordinates": [[116.33080289999998, 40.0266098], [116.33078870000001, 40.0262682], [116.33076860000001, 40.0259157]]}}, {"type": "Feature", "id": "RD-00326", "properties": {"id": "RD-00326", "layer": "ROAD_CENTERLINE", "road_class": "local_access", "name_zh": "后八家路", "length_m": 245.5, "source_id": "OSM-DERIVED-CORRIDOR-20260808", "source_type": "osm", "confidence": "medium", "geometry_role": "existing_condition"}, "geometry": {"type": "LineString", "coordinates": [[116.33102749999999, 40.0214375], [116.3308831, 40.02150129999998], [116.33075800000002, 40.0214178], [116.3307948, 40.02087379999999], [116.3308033, 40.02017599999999], [116.3308084, 40.0197554], [116.33092480000002, 40.01947669999999]]}}, {"type": "Feature", "id": "RD-00327", "properties": {"id": "RD-00327", "layer": "ROAD_CENTERLINE", "road_class": "secondary", "name_zh": "后八家路", "length_m": 702.2, "source_id": "OSM-DERIVED-CORRIDOR-20260808", "source_type": "osm", "confidence": "medium", "geometry_role": "existing_condition"}, "geometry": {"type": "LineString", "coordinates": [[116.3309007, 40.0198343], [116.33092480000002, 40.01947669999999], [116.3309347, 40.0193305], [116.33099219999998, 40.01847810000001], [116.3310087, 40.01783419999999], [116.3310204, 40.0173772], [116.33103140000001, 40.016946399999995], [116.33103860000001, 40.01648709999999], [116.3310435, 40.0161781], [116.3310448, 40.01609210000001], [116.3310507, 40.0157131], [116.331051, 40.0156924], [116.3310535, 40.015532], [116.3310547, 40.01545529999999], [116.33105750000001, 40.01527790000001], [116.3310532, 40.013933], [116.33106140000001, 40.01371459999999], [116.3310619, 40.013700599999986], [116.3310654, 40.013602899999995], [116.33107169999998, 40.01351320000001]]}}, {"type": "Feature", "id": "RD-00328", "properties": {"id": "RD-00328", "layer": "ROAD_CENTERLINE", "road_class": "local_access", "name_zh": "后八家路", "length_m": 219.6, "source_id": "OSM-DERIVED-CORRIDOR-20260808", "source_type": "osm", "confidence": "medium", "geometry_role": "existing_condition"}, "geometry": {"type": "LineString", "coordinates": [[116.33103970000002, 40.0194655], [116.3311135, 40.01984319999999], [116.33109779999998, 40.02012820000001], [116.331045, 40.021113699999994], [116.33102749999999, 40.0214375]]}}, {"type": "Feature", "id": "RD-00329", "properties": {"id": "RD-00329", "layer": "ROAD_CENTERLINE", "road_class": "branch", "name_zh": "", "length_m": 584.3, "source_id": "OSM-DERIVED-CORRIDOR-20260808", "source_type": "osm", "confidence": "medium", "geometry_role": "existing_condition"}, "geometry": {"type": "LineString", "coordinates": [[116.3382508, 39.97060679999999], [116.3369162, 39.9705669], [116.3378911, 39.9693028], [116.33859119999998, 39.968171], [116.33907179999999, 39.96681709999999], [116.33915579999999, 39.96673119999999]]}}, {"type": "Feature", "id": "RD-00330", "properties": {"id": "RD-00330", "layer": "ROAD_CENTERLINE", "road_class": "local_access", "name_zh": "", "length_m": 30.4, "source_id": "OSM-DERIVED-CORRIDOR-20260808", "source_type": "osm", "confidence": "medium", "geometry_role": "existing_condition"}, "geometry": {"type": "LineString", "coordinates": [[116.34221780000001, 39.968669799999994], [116.34257420000002, 39.96866980000001]]}}, {"type": "Feature", "id": "RD-00331", "properties": {"id": "RD-00331", "layer": "ROAD_CENTERLINE", "road_class": "local_access", "name_zh": "", "length_m": 90.4, "source_id": "OSM-DERIVED-CORRIDOR-20260808", "source_type": "osm", "confidence": "medium", "geometry_role": "existing_condition"}, "geometry": {"type": "LineString", "coordinates": [[116.34221780000001, 39.968669799999994], [116.341767, 39.9686661], [116.34163609999999, 39.96866510000001], [116.3411601, 39.9686612]]}}, {"type": "Feature", "id": "RD-00332", "properties": {"id": "RD-00332", "layer": "ROAD_CENTERLINE", "road_class": "branch", "name_zh": "", "length_m": 59.5, "source_id": "OSM-DERIVED-CORRIDOR-20260808", "source_type": "osm", "confidence": "medium", "geometry_role": "existing_condition"}, "geometry": {"type": "LineString", "coordinates": [[116.3439296, 39.9720423], [116.3439191, 39.9725785]]}}, {"type": "Feature", "id": "RD-00333", "properties": {"id": "RD-00333", "layer": "ROAD_CENTERLINE", "road_class": "local_access", "name_zh": "", "length_m": 254.9, "source_id": "OSM-DERIVED-CORRIDOR-20260808", "source_type": "osm", "confidence": "medium", "geometry_role": "existing_condition"}, "geometry": {"type": "LineString", "coordinates": [[116.3439191, 39.9725785], [116.34388500000001, 39.97375019999999], [116.3438523, 39.97487329999999]]}}, {"type": "Feature", "id": "RD-00334", "properties": {"id": "RD-00334", "layer": "ROAD_CENTERLINE", "road_class": "local_access", "name_zh": "", "length_m": 94.7, "source_id": "OSM-DERIVED-CORRIDOR-20260808", "source_type": "osm", "confidence": "medium", "geometry_role": "existing_condition"}, "geometry": {"type": "LineString", "coordinates": [[116.33781680000001, 39.97384569999999], [116.33780479999999, 39.973386700000006], [116.33779450000002, 39.972992799999986]]}}, {"type": "Feature", "id": "RD-00335", "properties": {"id": "RD-00335", "layer": "ROAD_CENTERLINE", "road_class": "local_access", "name_zh": "", "length_m": 99.4, "source_id": "OSM-DERIVED-CORRIDOR-20260808", "source_type": "osm", "confidence": "medium", "geometry_role": "existing_condition"}, "geometry": {"type": "LineString", "coordinates": [[116.34222620000001, 39.968208000000004], [116.3433893, 39.968212699999995]]}}, {"type": "Feature", "id": "RD-00336", "properties": {"id": "RD-00336", "layer": "ROAD_CENTERLINE", "road_class": "local_access", "name_zh": "", "length_m": 225.7, "source_id": "OSM-DERIVED-CORRIDOR-20260808", "source_type": "osm", "confidence": "medium", "geometry_role": "existing_condition"}, "geometry": {"type": "LineString", "coordinates": [[116.3455303, 39.9706619], [116.34553880000001, 39.970305100000004], [116.3455585, 39.969482299999996], [116.3456185, 39.9689767], [116.34566120000001, 39.9686327]]}}, {"type": "Feature", "id": "RD-00337", "properties": {"id": "RD-00337", "layer": "ROAD_CENTERLINE", "road_class": "local_access", "name_zh": "", "length_m": 230.4, "source_id": "OSM-DERIVED-CORRIDOR-20260808", "source_type": "osm", "confidence": "medium", "geometry_role": "existing_condition"}, "geometry": {"type": "LineString", "coordinates": [[116.34115580000001, 39.96888469999999], [116.34034539999999, 39.9688748], [116.33943149999999, 39.9688636], [116.33944079999999, 39.9684565], [116.3397034, 39.9681822]]}}, {"type": "Feature", "id": "RD-00338", "properties": {"id": "RD-00338", "layer": "ROAD_CENTERLINE", "road_class": "local_access", "name_zh": "", "length_m": 43.5, "source_id": "OSM-DERIVED-CORRIDOR-20260808", "source_type": "osm", "confidence": "medium", "geometry_role": "existing_condition"}, "geometry": {"type": "LineString", "coordinates": [[116.34553880000001, 39.970305100000004], [116.3456556, 39.9702183], [116.3460016, 39.9702075]]}}, {"type": "Feature", "id": "RD-00339", "properties": {"id": "RD-00339", "layer": "ROAD_CENTERLINE", "road_class": "local_access", "name_zh": "", "length_m": 37.9, "source_id": "OSM-DERIVED-CORRIDOR-20260808", "source_type": "osm", "confidence": "medium", "geometry_role": "existing_condition"}, "geometry": {"type": "LineString", "coordinates": [[116.34600869999998, 39.9709978], [116.34600869999998, 39.97084340000001], [116.34600869999998, 39.970656700000006]]}}, {"type": "Feature", "id": "RD-00340", "properties": {"id": "RD-00340", "layer": "ROAD_CENTERLINE", "road_class": "local_access", "name_zh": "", "length_m": 145.0, "source_id": "OSM-DERIVED-CORRIDOR-20260808", "source_type": "osm", "confidence": "medium", "geometry_role": "existing_condition"}, "geometry": {"type": "LineString", "coordinates": [[116.3444114, 39.96859400000001], [116.344622, 39.96859469999999], [116.3452935, 39.968626500000006], [116.34566120000001, 39.9686327], [116.3461063, 39.9686194]]}}, {"type": "Feature", "id": "RD-00341", "properties": {"id": "RD-00341", "layer": "ROAD_CENTERLINE", "road_class": "local_access", "name_zh": "", "length_m": 226.5, "source_id": "OSM-DERIVED-CORRIDOR-20260808", "source_type": "osm", "confidence": "medium", "geometry_role": "existing_condition"}, "geometry": {"type": "LineString", "coordinates": [[116.34600869999998, 39.970656700000006], [116.3460016, 39.9702075], [116.3460238, 39.969745999999994], [116.3460581, 39.96926559999999], [116.3461005, 39.968745999999996], [116.3461063, 39.9686194]]}}, {"type": "Feature", "id": "RD-00342", "properties": {"id": "RD-00342", "layer": "ROAD_CENTERLINE", "road_class": "local_access", "name_zh": "", "length_m": 45.9, "source_id": "OSM-DERIVED-CORRIDOR-20260808", "source_type": "osm", "confidence": "medium", "geometry_role": "existing_condition"}, "geometry": {"type": "LineString", "coordinates": [[116.3461005, 39.968745999999996], [116.3466373, 39.96875140000001]]}}, {"type": "Feature", "id": "RD-00343", "properties": {"id": "RD-00343", "layer": "ROAD_CENTERLINE", "road_class": "local_access", "name_zh": "", "length_m": 283.5, "source_id": "OSM-DERIVED-CORRIDOR-20260808", "source_type": "osm", "confidence": "medium", "geometry_role": "existing_condition"}, "geometry": {"type": "LineString", "coordinates": [[116.33957739999998, 39.97172260000001], [116.33991150000001, 39.971721400000014], [116.34011400000001, 39.9717207], [116.3404907, 39.97171929999999], [116.3408961, 39.9717179], [116.341104, 39.9717172], [116.3414343, 39.9717161], [116.3415235, 39.97186529999999], [116.34152300000001, 39.9719251], [116.3415223, 39.97200119999999], [116.3415216, 39.97208689999999], [116.34152150000001, 39.9721], [116.341521, 39.972150099999986], [116.34152060000001, 39.972193], [116.34151669999999, 39.97264359999999], [116.34151580000001, 39.97274560000001], [116.3415151, 39.9728252]]}}, {"type": "Feature", "id": "RD-00344", "properties": {"id": "RD-00344", "layer": "ROAD_CENTERLINE", "road_class": "local_access", "name_zh": "", "length_m": 91.9, "source_id": "OSM-DERIVED-CORRIDOR-20260808", "source_type": "osm", "confidence": "medium", "geometry_role": "existing_condition"}, "geometry": {"type": "LineString", "coordinates": [[116.3453367687851, 39.97483317933738], [116.3453419, 39.9745068], [116.34533959999999, 39.974237], [116.3456403, 39.9742324]]}}, {"type": "Feature", "id": "RD-00345", "properties": {"id": "RD-00345", "layer": "ROAD_CENTERLINE", "road_class": "local_access", "name_zh": "", "length_m": 140.4, "source_id": "OSM-DERIVED-CORRIDOR-20260808", "source_type": "osm", "confidence": "medium", "geometry_role": "existing_condition"}, "geometry": {"type": "LineString", "coordinates": [[116.3456403, 39.9742324], [116.3456421, 39.97411619999999], [116.34565360000002, 39.97374249999999], [116.34637940000002, 39.9737913], [116.34665769999998, 39.9737889]]}}, {"type": "Feature", "id": "RD-00346", "properties": {"id": "RD-00346", "layer": "ROAD_CENTERLINE", "road_class": "local_access", "name_zh": "", "length_m": 64.9, "source_id": "OSM-DERIVED-CORRIDOR-20260808", "source_type": "osm", "confidence": "medium", "geometry_role": "existing_condition"}, "geometry": {"type": "LineString", "coordinates": [[116.34130490000001, 39.9681959], [116.3413173, 39.967611899999994]]}}, {"type": "Feature", "id": "RD-00347", "properties": {"id": "RD-00347", "layer": "ROAD_CENTERLINE", "road_class": "local_access", "name_zh": "", "length_m": 111.7, "source_id": "OSM-DERIVED-CORRIDOR-20260808", "source_type": "osm", "confidence": "medium", "geometry_role": "existing_condition"}, "geometry": {"type": "LineString", "coordinates": [[116.3413173, 39.967611899999994], [116.3413234, 39.967314399999985], [116.34224449999999, 39.9673191]]}}, {"type": "Feature", "id": "RD-00348", "properties": {"id": "RD-00348", "layer": "ROAD_CENTERLINE", "road_class": "branch", "name_zh": "", "length_m": 185.7, "source_id": "OSM-DERIVED-CORRIDOR-20260808", "source_type": "osm", "confidence": "medium", "geometry_role": "existing_condition"}, "geometry": {"type": "LineString", "coordinates": [[116.33915579999999, 39.96673119999999], [116.33950770000001, 39.96671939999999], [116.3398242, 39.966665899999995], [116.3400227, 39.966608400000005], [116.3410956, 39.9666043], [116.3413077, 39.9666045]]}}, {"type": "Feature", "id": "RD-00349", "properties": {"id": "RD-00349", "layer": "ROAD_CENTERLINE", "road_class": "local_access", "name_zh": "", "length_m": 59.8, "source_id": "OSM-DERIVED-CORRIDOR-20260808", "source_type": "osm", "confidence": "medium", "geometry_role": "existing_condition"}, "geometry": {"type": "LineString", "coordinates": [[116.34129400000002, 39.96714289999999], [116.3413077, 39.9666045]]}}, {"type": "Feature", "id": "RD-00350", "properties": {"id": "RD-00350", "layer": "ROAD_CENTERLINE", "road_class": "local_access", "name_zh": "", "length_m": 355.2, "source_id": "OSM-DERIVED-CORRIDOR-20260808", "source_type": "osm", "confidence": "medium", "geometry_role": "existing_condition"}, "geometry": {"type": "LineString", "coordinates": [[116.3424625, 39.972052100000006], [116.34246269999998, 39.972001], [116.34246300000001, 39.9719231], [116.3424765, 39.9712909], [116.34248540000002, 39.9708701], [116.34356430000001, 39.97087009999999], [116.34356040000002, 39.9712845], [116.34355449999998, 39.971920100000006], [116.34355320000002, 39.9719945], [116.34355209999998, 39.972057099999994]]}}, {"type": "Feature", "id": "RD-00351", "properties": {"id": "RD-00351", "layer": "ROAD_CENTERLINE", "road_class": "local_access", "name_zh": "", "length_m": 93.2, "source_id": "OSM-DERIVED-CORRIDOR-20260808", "source_type": "osm", "confidence": "medium", "geometry_role": "existing_condition"}, "geometry": {"type": "LineString", "coordinates": [[116.34246300000001, 39.9719231], [116.34355449999998, 39.971920100000006]]}}, {"type": "Feature", "id": "RD-00352", "properties": {"id": "RD-00352", "layer": "ROAD_CENTERLINE", "road_class": "local_access", "name_zh": "", "length_m": 92.6, "source_id": "OSM-DERIVED-CORRIDOR-20260808", "source_type": "osm", "confidence": "medium", "geometry_role": "existing_condition"}, "geometry": {"type": "LineString", "coordinates": [[116.3424765, 39.9712909], [116.34356040000002, 39.9712845]]}}, {"type": "Feature", "id": "RD-00353", "properties": {"id": "RD-00353", "layer": "ROAD_CENTERLINE", "road_class": "branch", "name_zh": "", "length_m": 47.9, "source_id": "OSM-DERIVED-CORRIDOR-20260808", "source_type": "osm", "confidence": "medium", "geometry_role": "existing_condition"}, "geometry": {"type": "LineString", "coordinates": [[116.3390025, 39.9710482], [116.3390025, 39.97061660000001]]}}, {"type": "Feature", "id": "RD-00354", "properties": {"id": "RD-00354", "layer": "ROAD_CENTERLINE", "road_class": "local_access", "name_zh": "", "length_m": 162.9, "source_id": "OSM-DERIVED-CORRIDOR-20260808", "source_type": "osm", "confidence": "medium", "geometry_role": "existing_condition"}, "geometry": {"type": "LineString", "coordinates": [[116.33744599999999, 39.9727903], [116.33747809999998, 39.97234120000001], [116.3374674, 39.972111000000005], [116.33734940000001, 39.971889], [116.3373761, 39.9713422]]}}, {"type": "Feature", "id": "RD-00355", "properties": {"id": "RD-00355", "layer": "ROAD_CENTERLINE", "road_class": "local_access", "name_zh": "", "length_m": 154.4, "source_id": "OSM-DERIVED-CORRIDOR-20260808", "source_type": "osm", "confidence": "medium", "geometry_role": "existing_condition"}, "geometry": {"type": "LineString", "coordinates": [[116.33738380000001, 39.97128680000001], [116.33740699999998, 39.9709163], [116.3374928, 39.970821700000016], [116.33797559999998, 39.9707642], [116.33844230000001, 39.970780600000005], [116.33844689999998, 39.9706116]]}}, {"type": "Feature", "id": "RD-00356", "properties": {"id": "RD-00356", "layer": "ROAD_CENTERLINE", "road_class": "local_access", "name_zh": "", "length_m": 31.4, "source_id": "OSM-DERIVED-CORRIDOR-20260808", "source_type": "osm", "confidence": "medium", "geometry_role": "existing_condition"}, "geometry": {"type": "LineString", "coordinates": [[116.33844230000001, 39.970780600000005], [116.338554, 39.970783899999994], [116.3385504, 39.970980399999995]]}}, {"type": "Feature", "id": "RD-00357", "properties": {"id": "RD-00357", "layer": "ROAD_CENTERLINE", "road_class": "local_access", "name_zh": "", "length_m": 44.2, "source_id": "OSM-DERIVED-CORRIDOR-20260808", "source_type": "osm", "confidence": "medium", "geometry_role": "existing_condition"}, "geometry": {"type": "LineString", "coordinates": [[116.3407773, 39.9710355], [116.3407905, 39.9708011], [116.3407941, 39.9706375]]}}, {"type": "Feature", "id": "RD-00358", "properties": {"id": "RD-00358", "layer": "ROAD_CENTERLINE", "road_class": "local_access", "name_zh": "", "length_m": 54.4, "source_id": "OSM-DERIVED-CORRIDOR-20260808", "source_type": "osm", "confidence": "medium", "geometry_role": "existing_condition"}, "geometry": {"type": "LineString", "coordinates": [[116.3415235, 39.9711295], [116.3415173, 39.97104070000001], [116.3415174, 39.9707706], [116.34153, 39.9706405]]}}, {"type": "Feature", "id": "RD-00359", "properties": {"id": "RD-00359", "layer": "ROAD_CENTERLINE", "road_class": "branch", "name_zh": "", "length_m": 87.4, "source_id": "OSM-DERIVED-CORRIDOR-20260808", "source_type": "osm", "confidence": "medium", "geometry_role": "existing_condition"}, "geometry": {"type": "LineString", "coordinates": [[116.33652280000001, 39.9747771], [116.3365563, 39.9747769], [116.33714910000002, 39.97476940000001], [116.3372214, 39.97482959999999], [116.3372222, 39.97491120000001], [116.3372222, 39.974951199999985], [116.3372207, 39.975052399999996]]}}, {"type": "Feature", "id": "RD-00360", "properties": {"id": "RD-00360", "layer": "ROAD_CENTERLINE", "road_class": "local_access", "name_zh": "", "length_m": 44.3, "source_id": "OSM-DERIVED-CORRIDOR-20260808", "source_type": "osm", "confidence": "medium", "geometry_role": "existing_condition"}, "geometry": {"type": "LineString", "coordinates": [[116.3383538, 39.97319329999999], [116.3383494, 39.9730164], [116.3383476, 39.972950499999996], [116.3383431, 39.972794799999996]]}}, {"type": "Feature", "id": "RD-00361", "properties": {"id": "RD-00361", "layer": "ROAD_CENTERLINE", "road_class": "local_access", "name_zh": "", "length_m": 98.3, "source_id": "OSM-DERIVED-CORRIDOR-20260808", "source_type": "osm", "confidence": "medium", "geometry_role": "existing_condition"}, "geometry": {"type": "LineString", "coordinates": [[116.3383431, 39.972794799999996], [116.338501, 39.9727948], [116.33949330000002, 39.9728076]]}}, {"type": "Feature", "id": "RD-00362", "properties": {"id": "RD-00362", "layer": "ROAD_CENTERLINE", "road_class": "local_access", "name_zh": "", "length_m": 158.1, "source_id": "OSM-DERIVED-CORRIDOR-20260808", "source_type": "osm", "confidence": "medium", "geometry_role": "existing_condition"}, "geometry": {"type": "LineString", "coordinates": [[116.34059569999998, 39.9742406], [116.34060049999998, 39.9740949], [116.34060790000001, 39.973873600000005], [116.3406186, 39.973548], [116.34063069999999, 39.97318279999999], [116.34064090000001, 39.97287589999999], [116.3406428, 39.972817600000006]]}}, {"type": "Feature", "id": "RD-00363", "properties": {"id": "RD-00363", "layer": "ROAD_CENTERLINE", "road_class": "local_access", "name_zh": "", "length_m": 96.6, "source_id": "OSM-DERIVED-CORRIDOR-20260808", "source_type": "osm", "confidence": "medium", "geometry_role": "existing_condition"}, "geometry": {"type": "LineString", "coordinates": [[116.3394773, 39.9738688], [116.33957030000002, 39.97386920000001], [116.3398696, 39.97387040000002], [116.34060790000001, 39.973873600000005]]}}, {"type": "Feature", "id": "RD-00364", "properties": {"id": "RD-00364", "layer": "ROAD_CENTERLINE", "road_class": "local_access", "name_zh": "", "length_m": 171.3, "source_id": "OSM-DERIVED-CORRIDOR-20260808", "source_type": "osm", "confidence": "medium", "geometry_role": "existing_condition"}, "geometry": {"type": "LineString", "coordinates": [[116.3446133, 39.9706457], [116.34483319999998, 39.97066170000001], [116.34489100000002, 39.9707208], [116.3448869, 39.971086899999996], [116.3448825, 39.9714857], [116.3448776, 39.97192], [116.3448765, 39.97201969999999]]}}, {"type": "Feature", "id": "RD-00365", "properties": {"id": "RD-00365", "layer": "ROAD_CENTERLINE", "road_class": "local_access", "name_zh": "", "length_m": 77.5, "source_id": "OSM-DERIVED-CORRIDOR-20260808", "source_type": "osm", "confidence": "medium", "geometry_role": "existing_condition"}, "geometry": {"type": "LineString", "coordinates": [[116.34600869999998, 39.9709978], [116.3460108, 39.971094199999996], [116.34660440000002, 39.971096700000004], [116.34667049999999, 39.9710969], [116.34679269999998, 39.97109739999999]]}}, {"type": "Feature", "id": "RD-00366", "properties": {"id": "RD-00366", "layer": "ROAD_CENTERLINE", "road_class": "branch", "name_zh": "", "length_m": 136.2, "source_id": "OSM-DERIVED-CORRIDOR-20260808", "source_type": "osm", "confidence": "medium", "geometry_role": "existing_condition"}, "geometry": {"type": "LineString", "coordinates": [[116.34471340000002, 39.966136899999995], [116.3448414, 39.96603400000001], [116.3448993, 39.9659875], [116.34562640000001, 39.96599270000001], [116.34622409999999, 39.965996999999994]]}}, {"type": "Feature", "id": "RD-00367", "properties": {"id": "RD-00367", "layer": "ROAD_CENTERLINE", "road_class": "branch", "name_zh": "", "length_m": 72.6, "source_id": "OSM-DERIVED-CORRIDOR-20260808", "source_type": "osm", "confidence": "medium", "geometry_role": "existing_condition"}, "geometry": {"type": "LineString", "coordinates": [[116.34562640000001, 39.96599270000001], [116.3456419, 39.96577349999999], [116.34567509999998, 39.96534009999999]]}}, {"type": "Feature", "id": "RD-00368", "properties": {"id": "RD-00368", "layer": "ROAD_CENTERLINE", "road_class": "local_access", "name_zh": "", "length_m": 64.8, "source_id": "OSM-DERIVED-CORRIDOR-20260808", "source_type": "osm", "confidence": "medium", "geometry_role": "existing_condition"}, "geometry": {"type": "LineString", "coordinates": [[116.34567509999998, 39.96534009999999], [116.34568220000001, 39.9651644], [116.34569870000001, 39.96475699999999]]}}, {"type": "Feature", "id": "RD-00369", "properties": {"id": "RD-00369", "layer": "ROAD_CENTERLINE", "road_class": "local_access", "name_zh": "", "length_m": 145.6, "source_id": "OSM-DERIVED-CORRIDOR-20260808", "source_type": "osm", "confidence": "medium", "geometry_role": "existing_condition"}, "geometry": {"type": "LineString", "coordinates": [[116.34569870000001, 39.96475699999999], [116.3464954, 39.964765500000006], [116.34651570000001, 39.96424460000001], [116.34652259999999, 39.964068]]}}, {"type": "Feature", "id": "RD-00370", "properties": {"id": "RD-00370", "layer": "ROAD_CENTERLINE", "road_class": "local_access", "name_zh": "", "length_m": 414.4, "source_id": "OSM-DERIVED-CORRIDOR-20260808", "source_type": "osm", "confidence": "medium", "geometry_role": "existing_condition"}, "geometry": {"type": "LineString", "coordinates": [[116.34569870000001, 39.96475699999999], [116.34496450000002, 39.96474160000001], [116.34440740000001, 39.964709], [116.3444112, 39.9644615], [116.3444537, 39.96421649999999], [116.34445480000001, 39.9641887], [116.3444819, 39.9635248], [116.3444843, 39.9634668], [116.3445023, 39.9632596], [116.34456670000002, 39.96320630000001], [116.3459598, 39.9632369], [116.3459999, 39.9631013]]}}, {"type": "Feature", "id": "RD-00371", "properties": {"id": "RD-00371", "layer": "ROAD_CENTERLINE", "road_class": "branch", "name_zh": "", "length_m": 159.3, "source_id": "OSM-DERIVED-CORRIDOR-20260808", "source_type": "osm", "confidence": "medium", "geometry_role": "existing_condition"}, "geometry": {"type": "LineString", "coordinates": [[116.3422642, 39.96609680000002], [116.3422642, 39.96525249999999], [116.3423013, 39.9650168], [116.3423443, 39.96474249999999], [116.34235619999998, 39.96466660000001]]}}, {"type": "Feature", "id": "RD-00372", "properties": {"id": "RD-00372", "layer": "ROAD_CENTERLINE", "road_class": "local_access", "name_zh": "", "length_m": 339.4, "source_id": "OSM-DERIVED-CORRIDOR-20260808", "source_type": "osm", "confidence": "medium", "geometry_role": "existing_condition"}, "geometry": {"type": "LineString", "coordinates": [[116.34207230000001, 39.9927237], [116.3430047, 39.9927463], [116.3440132, 39.992770799999995], [116.34456, 39.992784099999994], [116.34479290000002, 39.9927897], [116.3456059, 39.9928095], [116.3456314, 39.992875399999996], [116.34597590000001, 39.99291699999999]]}}, {"type": "Feature", "id": "RD-00373", "properties": {"id": "RD-00373", "layer": "ROAD_CENTERLINE", "road_class": "local_access", "name_zh": "", "length_m": 100.3, "source_id": "OSM-DERIVED-CORRIDOR-20260808", "source_type": "osm", "confidence": "medium", "geometry_role": "existing_condition"}, "geometry": {"type": "LineString", "coordinates": [[116.3430047, 39.9927463], [116.3429621, 39.99364889999999]]}}, {"type": "Feature", "id": "RD-00374", "properties": {"id": "RD-00374", "layer": "ROAD_CENTERLINE", "road_class": "local_access", "name_zh": "", "length_m": 99.8, "source_id": "OSM-DERIVED-CORRIDOR-20260808", "source_type": "osm", "confidence": "medium", "geometry_role": "existing_condition"}, "geometry": {"type": "LineString", "coordinates": [[116.3440132, 39.992770799999995], [116.3439599, 39.99366860000001]]}}, {"type": "Feature", "id": "RD-00375", "properties": {"id": "RD-00375", "layer": "ROAD_CENTERLINE", "road_class": "local_access", "name_zh": "", "length_m": 272.7, "source_id": "OSM-DERIVED-CORRIDOR-20260808", "source_type": "osm", "confidence": "medium", "geometry_role": "existing_condition"}, "geometry": {"type": "LineString", "coordinates": [[116.3404412, 39.9928964], [116.33842520000002, 39.99282409999999], [116.33814599999998, 39.992814100000004], [116.337616, 39.992795099999995], [116.33725219999998, 39.99278280000001]]}}, {"type": "Feature", "id": "RD-00376", "properties": {"id": "RD-00376", "layer": "ROAD_CENTERLINE", "road_class": "local_access", "name_zh": "", "length_m": 66.0, "source_id": "OSM-DERIVED-CORRIDOR-20260808", "source_type": "osm", "confidence": "medium", "geometry_role": "existing_condition"}, "geometry": {"type": "LineString", "coordinates": [[116.33814599999998, 39.992814100000004], [116.3380941, 39.9934068]]}}, {"type": "Feature", "id": "RD-00377", "properties": {"id": "RD-00377", "layer": "ROAD_CENTERLINE", "road_class": "local_access", "name_zh": "", "length_m": 284.0, "source_id": "OSM-DERIVED-CORRIDOR-20260808", "source_type": "osm", "confidence": "medium", "geometry_role": "existing_condition"}, "geometry": {"type": "LineString", "coordinates": [[116.34590120000001, 40.009775999999995], [116.3451643, 40.009774699999994], [116.34513739999998, 40.009836299999996], [116.3451251, 40.010066099999996], [116.3449434, 40.01006379999999], [116.34494570000001, 40.01049090000001], [116.3449546, 40.01071689999999], [116.34500870000001, 40.0107176], [116.34556120000002, 40.0107094], [116.34559879999999, 40.0104834], [116.34587039999998, 40.01048370000001]]}}, {"type": "Feature", "id": "RD-00378", "properties": {"id": "RD-00378", "layer": "ROAD_CENTERLINE", "road_class": "local_access", "name_zh": "", "length_m": 94.4, "source_id": "OSM-DERIVED-CORRIDOR-20260808", "source_type": "osm", "confidence": "medium", "geometry_role": "existing_condition"}, "geometry": {"type": "LineString", "coordinates": [[116.3458731, 40.01042199999999], [116.3456041, 40.0104218], [116.3456041, 40.01024919999999], [116.34556120000002, 40.0101938], [116.34523940000001, 40.01019790000001], [116.3451251, 40.010066099999996]]}}, {"type": "Feature", "id": "RD-00379", "properties": {"id": "RD-00379", "layer": "ROAD_CENTERLINE", "road_class": "local_access", "name_zh": "", "length_m": 414.6, "source_id": "OSM-DERIVED-CORRIDOR-20260808", "source_type": "osm", "confidence": "medium", "geometry_role": "existing_condition"}, "geometry": {"type": "LineString", "coordinates": [[116.34556120000002, 40.0107094], [116.34555320000001, 40.011044299999995], [116.3454834, 40.01106689999999], [116.34496309999999, 40.0110566], [116.3449546, 40.01071689999999], [116.34456340000001, 40.0107197], [116.34455, 40.011040200000004], [116.34452320000001, 40.01105149999999], [116.34408600000002, 40.01104839999999], [116.3440994, 40.01071549999999], [116.3441127, 40.0103815], [116.34411540000002, 40.010315399999996], [116.34411820000001, 40.0100644], [116.3445191, 40.0100698], [116.3449434, 40.01006379999999]]}}, {"type": "Feature", "id": "RD-00380", "properties": {"id": "RD-00380", "layer": "ROAD_CENTERLINE", "road_class": "local_access", "name_zh": "", "length_m": 37.6, "source_id": "OSM-DERIVED-CORRIDOR-20260808", "source_type": "osm", "confidence": "medium", "geometry_role": "existing_condition"}, "geometry": {"type": "LineString", "coordinates": [[116.34452320000001, 40.01105149999999], [116.34496309999999, 40.0110566]]}}, {"type": "Feature", "id": "RD-00381", "properties": {"id": "RD-00381", "layer": "ROAD_CENTERLINE", "road_class": "local_access", "name_zh": "", "length_m": 39.6, "source_id": "OSM-DERIVED-CORRIDOR-20260808", "source_type": "osm", "confidence": "medium", "geometry_role": "existing_condition"}, "geometry": {"type": "LineString", "coordinates": [[116.34456340000001, 40.0107197], [116.3440994, 40.01071549999999]]}}, {"type": "Feature", "id": "RD-00382", "properties": {"id": "RD-00382", "layer": "ROAD_CENTERLINE", "road_class": "local_access", "name_zh": "", "length_m": 41.0, "source_id": "OSM-DERIVED-CORRIDOR-20260808", "source_type": "osm", "confidence": "medium", "geometry_role": "existing_condition"}, "geometry": {"type": "LineString", "coordinates": [[116.34494570000001, 40.01049090000001], [116.34446590000002, 40.01049460000001]]}}, {"type": "Feature", "id": "RD-00383", "properties": {"id": "RD-00383", "layer": "ROAD_CENTERLINE", "road_class": "local_access", "name_zh": "", "length_m": 290.4, "source_id": "OSM-DERIVED-CORRIDOR-20260808", "source_type": "osm", "confidence": "medium", "geometry_role": "existing_condition"}, "geometry": {"type": "LineString", "coordinates": [[116.34411820000001, 40.0100644], [116.3430577, 40.01005729999999], [116.3430499, 40.0103771], [116.3430457, 40.01054969999999], [116.34303350000002, 40.0110475], [116.34408600000002, 40.01104839999999]]}}, {"type": "Feature", "id": "RD-00384", "properties": {"id": "RD-00384", "layer": "ROAD_CENTERLINE", "road_class": "local_access", "name_zh": "", "length_m": 90.7, "source_id": "OSM-DERIVED-CORRIDOR-20260808", "source_type": "osm", "confidence": "medium", "geometry_role": "existing_condition"}, "geometry": {"type": "LineString", "coordinates": [[116.3441127, 40.0103815], [116.3430499, 40.0103771]]}}, {"type": "Feature", "id": "RD-00385", "properties": {"id": "RD-00385", "layer": "ROAD_CENTERLINE", "road_class": "local_access", "name_zh": "", "length_m": 101.4, "source_id": "OSM-DERIVED-CORRIDOR-20260808", "source_type": "osm", "confidence": "medium", "geometry_role": "existing_condition"}, "geometry": {"type": "LineString", "coordinates": [[116.3440994, 40.01071549999999], [116.3433287, 40.0107202], [116.34321600000001, 40.01055180000001], [116.3430457, 40.01054969999999]]}}, {"type": "Feature", "id": "RD-00386", "properties": {"id": "RD-00386", "layer": "ROAD_CENTERLINE", "road_class": "local_access", "name_zh": "", "length_m": 91.0, "source_id": "OSM-DERIVED-CORRIDOR-20260808", "source_type": "osm", "confidence": "medium", "geometry_role": "existing_condition"}, "geometry": {"type": "LineString", "coordinates": [[116.3421565, 39.9904334], [116.3417079, 39.9904284], [116.3410913, 39.9904215]]}}, {"type": "Feature", "id": "RD-00387", "properties": {"id": "RD-00387", "layer": "ROAD_CENTERLINE", "road_class": "local_access", "name_zh": "", "length_m": 156.0, "source_id": "OSM-DERIVED-CORRIDOR-20260808", "source_type": "osm", "confidence": "medium", "geometry_role": "existing_condition"}, "geometry": {"type": "LineString", "coordinates": [[116.33924099999999, 39.99134759999999], [116.3393767, 39.9913516], [116.3410269, 39.99138829999999], [116.3410497, 39.9913888], [116.34106669999998, 39.9913893]]}}, {"type": "Feature", "id": "RD-00388", "properties": {"id": "RD-00388", "layer": "ROAD_CENTERLINE", "road_class": "local_access", "name_zh": "", "length_m": 299.5, "source_id": "OSM-DERIVED-CORRIDOR-20260808", "source_type": "osm", "confidence": "medium", "geometry_role": "existing_condition"}, "geometry": {"type": "LineString", "coordinates": [[116.34111550000002, 39.9897204], [116.3411028, 39.99008749999999], [116.3410913, 39.9904215], [116.3410772, 39.9908294], [116.3410711, 39.991025300000004], [116.34106669999998, 39.9913893], [116.341058, 39.99160059999999], [116.3421189, 39.99161869999999]]}}, {"type": "Feature", "id": "RD-00389", "properties": {"id": "RD-00389", "layer": "ROAD_CENTERLINE", "road_class": "local_access", "name_zh": "", "length_m": 222.8, "source_id": "OSM-DERIVED-CORRIDOR-20260808", "source_type": "osm", "confidence": "medium", "geometry_role": "existing_condition"}, "geometry": {"type": "LineString", "coordinates": [[116.3411028, 39.99008749999999], [116.34060790000001, 39.99007749999999], [116.3403431, 39.9900721], [116.34006060000002, 39.990066399999996], [116.33946390000001, 39.9900543], [116.3393935, 39.990166800000004], [116.33936700000001, 39.990787]]}}, {"type": "Feature", "id": "RD-00390", "properties": {"id": "RD-00390", "layer": "ROAD_CENTERLINE", "road_class": "local_access", "name_zh": "", "length_m": 41.3, "source_id": "OSM-DERIVED-CORRIDOR-20260808", "source_type": "osm", "confidence": "medium", "geometry_role": "existing_condition"}, "geometry": {"type": "LineString", "coordinates": [[116.33946390000001, 39.9900543], [116.33948619999998, 39.989682499999994]]}}, {"type": "Feature", "id": "RD-00391", "properties": {"id": "RD-00391", "layer": "ROAD_CENTERLINE", "road_class": "local_access", "name_zh": "", "length_m": 212.8, "source_id": "OSM-DERIVED-CORRIDOR-20260808", "source_type": "osm", "confidence": "medium", "geometry_role": "existing_condition"}, "geometry": {"type": "LineString", "coordinates": [[116.34419140000001, 39.98755469999998], [116.3443232, 39.9857953], [116.3443242, 39.98574649999999], [116.34432649999998, 39.9856412]]}}, {"type": "Feature", "id": "RD-00392", "properties": {"id": "RD-00392", "layer": "ROAD_CENTERLINE", "road_class": "secondary", "name_zh": "双清路", "length_m": 402.0, "source_id": "OSM-DERIVED-CORRIDOR-20260808", "source_type": "osm", "confidence": "medium", "geometry_role": "existing_condition"}, "geometry": {"type": "LineString", "coordinates": [[116.33536109999999, 40.0062984], [116.33531160000001, 40.006196499999994], [116.3350164, 40.0055891], [116.33488200000001, 40.0053125], [116.33481200000001, 40.005168600000005], [116.33474540000002, 40.0050438], [116.3345034, 40.0045903], [116.3342758, 40.00412879999999], [116.3342637, 40.004101999999996], [116.3340961, 40.00373079999999], [116.333954, 40.00336169999999], [116.33393950000001, 40.0033241], [116.33390860000002, 40.0032439], [116.33387620000002, 40.0031596], [116.3337735, 40.00289279999999]]}}, {"type": "Feature", "id": "RD-00393", "properties": {"id": "RD-00393", "layer": "ROAD_CENTERLINE", "road_class": "local_access", "name_zh": "校园北路", "length_m": 401.9, "source_id": "OSM-DERIVED-CORRIDOR-20260808", "source_type": "osm", "confidence": "medium", "geometry_role": "existing_condition"}, "geometry": {"type": "LineString", "coordinates": [[116.3343399, 39.9832161], [116.3345143, 39.98321790000001], [116.33458910000002, 39.9831923], [116.3346652, 39.983193], [116.33486479999999, 39.9832059], [116.33592930000002, 39.983243300000005], [116.3379865, 39.98328239999999], [116.3390341, 39.98331659999999]]}}, {"type": "Feature", "id": "RD-00394", "properties": {"id": "RD-00394", "layer": "ROAD_CENTERLINE", "road_class": "local_access", "name_zh": "", "length_m": 212.9, "source_id": "OSM-DERIVED-CORRIDOR-20260808", "source_type": "osm", "confidence": "medium", "geometry_role": "existing_condition"}, "geometry": {"type": "LineString", "coordinates": [[116.3356462, 39.98738290000001], [116.3356706, 39.987031300000005], [116.3356886, 39.9867716], [116.33571359999999, 39.98639140000002], [116.33575950000001, 39.98569210000001], [116.33576160000001, 39.98566009999999], [116.3357731, 39.985500900000005], [116.3357762, 39.98546829999999]]}}, {"type": "Feature", "id": "RD-00395", "properties": {"id": "RD-00395", "layer": "ROAD_CENTERLINE", "road_class": "local_access", "name_zh": "", "length_m": 123.5, "source_id": "OSM-DERIVED-CORRIDOR-20260808", "source_type": "osm", "confidence": "medium", "geometry_role": "existing_condition"}, "geometry": {"type": "LineString", "coordinates": [[116.3370912, 39.987416499999995], [116.3366997, 39.9874074], [116.3356462, 39.98738290000001]]}}, {"type": "Feature", "id": "RD-00396", "properties": {"id": "RD-00396", "layer": "ROAD_CENTERLINE", "road_class": "local_access", "name_zh": "", "length_m": 129.6, "source_id": "OSM-DERIVED-CORRIDOR-20260808", "source_type": "osm", "confidence": "medium", "geometry_role": "existing_condition"}, "geometry": {"type": "LineString", "coordinates": [[116.34567589999999, 39.98934729999999], [116.345709, 39.9887395], [116.3457396, 39.98818080000001]]}}, {"type": "Feature", "id": "RD-00397", "properties": {"id": "RD-00397", "layer": "ROAD_CENTERLINE", "road_class": "local_access", "name_zh": "", "length_m": 50.7, "source_id": "OSM-DERIVED-CORRIDOR-20260808", "source_type": "osm", "confidence": "medium", "geometry_role": "existing_condition"}, "geometry": {"type": "LineString", "coordinates": [[116.3446878, 39.990199700000005], [116.34409509999999, 39.990180200000005]]}}, {"type": "Feature", "id": "RD-00398", "properties": {"id": "RD-00398", "layer": "ROAD_CENTERLINE", "road_class": "local_access", "name_zh": "", "length_m": 74.3, "source_id": "OSM-DERIVED-CORRIDOR-20260808", "source_type": "osm", "confidence": "medium", "geometry_role": "existing_condition"}, "geometry": {"type": "LineString", "coordinates": [[116.34464950000002, 39.99114349999999], [116.34461259999999, 39.9916623], [116.3446079, 39.9917286], [116.344602, 39.99181169999999]]}}, {"type": "Feature", "id": "RD-00399", "properties": {"id": "RD-00399", "layer": "ROAD_CENTERLINE", "road_class": "local_access", "name_zh": "", "length_m": 216.1, "source_id": "OSM-DERIVED-CORRIDOR-20260808", "source_type": "osm", "confidence": "medium", "geometry_role": "existing_condition"}, "geometry": {"type": "LineString", "coordinates": [[116.3410772, 39.9908294], [116.34057919999998, 39.9908171], [116.34047980000001, 39.9908146], [116.3401521, 39.990806500000005], [116.3400335, 39.99080359999999], [116.33936700000001, 39.990787], [116.3392801, 39.99078490000001], [116.3392631, 39.991032000000004], [116.33924099999999, 39.99134759999999]]}}, {"type": "Feature", "id": "RD-00400", "properties": {"id": "RD-00400", "layer": "ROAD_CENTERLINE", "road_class": "branch", "name_zh": "", "length_m": 217.2, "source_id": "OSM-DERIVED-CORRIDOR-20260808", "source_type": "osm", "confidence": "medium", "geometry_role": "existing_condition"}, "geometry": {"type": "LineString", "coordinates": [[116.35071630000002, 39.94670099999998], [116.350633, 39.94713689999999], [116.3509126, 39.94812730000001], [116.3508014, 39.94862209999999]]}}, {"type": "Feature", "id": "RD-00401", "properties": {"id": "RD-00401", "layer": "ROAD_CENTERLINE", "road_class": "local_access", "name_zh": "", "length_m": 109.2, "source_id": "OSM-DERIVED-CORRIDOR-20260808", "source_type": "osm", "confidence": "medium", "geometry_role": "existing_condition"}, "geometry": {"type": "LineString", "coordinates": [[116.33721609999999, 39.99130439999999], [116.33734429999998, 39.991307600000006], [116.33739529999998, 39.991308899999986], [116.3383852, 39.991333600000004], [116.33849359999999, 39.99133629999999]]}}, {"type": "Feature", "id": "RD-00402", "properties": {"id": "RD-00402", "layer": "ROAD_CENTERLINE", "road_class": "local_access", "name_zh": "", "length_m": 173.2, "source_id": "OSM-DERIVED-CORRIDOR-20260808", "source_type": "osm", "confidence": "medium", "geometry_role": "existing_condition"}, "geometry": {"type": "LineString", "coordinates": [[116.3372363, 39.990980099999994], [116.33833660000002, 39.991011799999995], [116.33853080000002, 39.9910174], [116.33860080000001, 39.9910188], [116.3392631, 39.991032000000004]]}}, {"type": "Feature", "id": "RD-00403", "properties": {"id": "RD-00403", "layer": "ROAD_CENTERLINE", "road_class": "local_access", "name_zh": "", "length_m": 227.7, "source_id": "OSM-DERIVED-CORRIDOR-20260808", "source_type": "osm", "confidence": "medium", "geometry_role": "existing_condition"}, "geometry": {"type": "LineString", "coordinates": [[116.344622, 39.96859469999999], [116.34462100000002, 39.968834099999995], [116.34462040000001, 39.9689783], [116.34461779999998, 39.969578199999994], [116.34461640000002, 39.96992399999999], [116.3446148, 39.9702995], [116.3446133, 39.9706457]]}}, {"type": "Feature", "id": "RD-00404", "properties": {"id": "RD-00404", "layer": "ROAD_CENTERLINE", "road_class": "local_access", "name_zh": "", "length_m": 58.6, "source_id": "OSM-DERIVED-CORRIDOR-20260808", "source_type": "osm", "confidence": "medium", "geometry_role": "existing_condition"}, "geometry": {"type": "LineString", "coordinates": [[116.3400609, 40.0137505], [116.3400693, 40.0136723], [116.34011730000002, 40.0132248]]}}, {"type": "Feature", "id": "RD-00405", "properties": {"id": "RD-00405", "layer": "ROAD_CENTERLINE", "road_class": "branch", "name_zh": "北四环中路", "length_m": 138.9, "source_id": "OSM-DERIVED-CORRIDOR-20260808", "source_type": "osm", "confidence": "medium", "geometry_role": "existing_condition"}, "geometry": {"type": "LineString", "coordinates": [[116.34676851471569, 39.98570231607035], [116.3451442, 39.985636199999995]]}}, {"type": "Feature", "id": "RD-00406", "properties": {"id": "RD-00406", "layer": "ROAD_CENTERLINE", "road_class": "branch", "name_zh": "学院路", "length_m": 354.3, "source_id": "OSM-DERIVED-CORRIDOR-20260808", "source_type": "osm", "confidence": "medium", "geometry_role": "existing_condition"}, "geometry": {"type": "LineString", "coordinates": [[116.3471827, 39.9832806], [116.3472041, 39.98283670000001], [116.34730290000002, 39.9812975], [116.34738210000002, 39.980934799999986], [116.34744000000002, 39.9801687], [116.3474453, 39.9800985]]}}, {"type": "Feature", "id": "RD-00407", "properties": {"id": "RD-00407", "layer": "ROAD_CENTERLINE", "road_class": "branch", "name_zh": "学院路", "length_m": 428.2, "source_id": "OSM-DERIVED-CORRIDOR-20260808", "source_type": "osm", "confidence": "medium", "geometry_role": "existing_condition"}, "geometry": {"type": "LineString", "coordinates": [[116.3474453, 39.9800985], [116.34744880000001, 39.980028299999994], [116.34749340000002, 39.97912819999999], [116.34750510000002, 39.9789847], [116.34751479999998, 39.9788651], [116.3475308, 39.978676300000004], [116.3475274, 39.97835919999999], [116.3474831, 39.9776306], [116.34753240000002, 39.976696399999994], [116.34767109999999, 39.9762586]]}}, {"type": "Feature", "id": "RD-00408", "properties": {"id": "RD-00408", "layer": "ROAD_CENTERLINE", "road_class": "branch", "name_zh": "学院路", "length_m": 39.3, "source_id": "OSM-DERIVED-CORRIDOR-20260808", "source_type": "osm", "confidence": "medium", "geometry_role": "existing_condition"}, "geometry": {"type": "LineString", "coordinates": [[116.3475168, 39.975637299999995], [116.34734559999998, 39.975308399999996]]}}, {"type": "Feature", "id": "RD-00409", "properties": {"id": "RD-00409", "layer": "ROAD_CENTERLINE", "road_class": "branch", "name_zh": "西直门北大街", "length_m": 99.5, "source_id": "OSM-DERIVED-CORRIDOR-20260808", "source_type": "osm", "confidence": "medium", "geometry_role": "existing_condition"}, "geometry": {"type": "LineString", "coordinates": [[116.349213, 39.9501784], [116.3492217, 39.9501537], [116.3494444, 39.9495097], [116.34951380000001, 39.949312299999995]]}}, {"type": "Feature", "id": "RD-00410", "properties": {"id": "RD-00410", "layer": "ROAD_CENTERLINE", "road_class": "branch", "name_zh": "西直门北大街", "length_m": 21.8, "source_id": "OSM-DERIVED-CORRIDOR-20260808", "source_type": "osm", "confidence": "medium", "geometry_role": "existing_condition"}, "geometry": {"type": "LineString", "coordinates": [[116.3491635, 39.95037060000001], [116.349171, 39.950341900000005], [116.349213, 39.9501784]]}}, {"type": "Feature", "id": "RD-00411", "properties": {"id": "RD-00411", "layer": "ROAD_CENTERLINE", "road_class": "branch", "name_zh": "西直门北大街", "length_m": 36.7, "source_id": "OSM-DERIVED-CORRIDOR-20260808", "source_type": "osm", "confidence": "medium", "geometry_role": "existing_condition"}, "geometry": {"type": "LineString", "coordinates": [[116.3497186, 39.950026], [116.34961730000002, 39.9503473]]}}, {"type": "Feature", "id": "RD-00412", "properties": {"id": "RD-00412", "layer": "ROAD_CENTERLINE", "road_class": "branch", "name_zh": "西直门北大街", "length_m": 378.0, "source_id": "OSM-DERIVED-CORRIDOR-20260808", "source_type": "osm", "confidence": "medium", "geometry_role": "existing_condition"}, "geometry": {"type": "LineString", "coordinates": [[116.34961730000002, 39.9503473], [116.34960100000002, 39.9504024], [116.34952460000001, 39.950605499999995], [116.34945590000001, 39.9508534], [116.34934199999998, 39.95132649999999], [116.3493103, 39.9516304], [116.3492889, 39.951835300000006], [116.34926240000001, 39.95247769999999], [116.34921500000002, 39.953725600000006]]}}, {"type": "Feature", "id": "RD-00413", "properties": {"id": "RD-00413", "layer": "ROAD_CENTERLINE", "road_class": "local_access", "name_zh": "", "length_m": 129.0, "source_id": "OSM-DERIVED-CORRIDOR-20260808", "source_type": "osm", "confidence": "medium", "geometry_role": "existing_condition"}, "geometry": {"type": "LineString", "coordinates": [[116.33281089999998, 39.9793707], [116.3328765, 39.97926249999999], [116.33309320000001, 39.978233900000006]]}}, {"type": "Feature", "id": "RD-00414", "properties": {"id": "RD-00414", "layer": "ROAD_CENTERLINE", "road_class": "local_access", "name_zh": "", "length_m": 87.4, "source_id": "OSM-DERIVED-CORRIDOR-20260808", "source_type": "osm", "confidence": "medium", "geometry_role": "existing_condition"}, "geometry": {"type": "LineString", "coordinates": [[116.33281089999998, 39.9793707], [116.3327738, 39.9795662], [116.3326823, 39.9801519]]}}, {"type": "Feature", "id": "RD-00415", "properties": {"id": "RD-00415", "layer": "ROAD_CENTERLINE", "road_class": "local_access", "name_zh": "", "length_m": 151.1, "source_id": "OSM-DERIVED-CORRIDOR-20260808", "source_type": "osm", "confidence": "medium", "geometry_role": "existing_condition"}, "geometry": {"type": "LineString", "coordinates": [[116.34565360000002, 39.97374249999999], [116.345199, 39.97372970000001], [116.34388500000001, 39.97375019999999]]}}, {"type": "Feature", "id": "RD-00416", "properties": {"id": "RD-00416", "layer": "ROAD_CENTERLINE", "road_class": "local_access", "name_zh": "", "length_m": 393.8, "source_id": "OSM-DERIVED-CORRIDOR-20260808", "source_type": "osm", "confidence": "medium", "geometry_role": "existing_condition"}, "geometry": {"type": "LineString", "coordinates": [[116.3384169, 39.96562350000001], [116.3385138, 39.964759], [116.3385616, 39.9643325], [116.3385348, 39.9643037], [116.3383311, 39.96423789999999], [116.3357155, 39.963871999999995]]}}, {"type": "Feature", "id": "RD-00417", "properties": {"id": "RD-00417", "layer": "ROAD_CENTERLINE", "road_class": "local_access", "name_zh": "", "length_m": 111.0, "source_id": "OSM-DERIVED-CORRIDOR-20260808", "source_type": "osm", "confidence": "medium", "geometry_role": "existing_condition"}, "geometry": {"type": "LineString", "coordinates": [[116.335934, 39.9674652], [116.33597820000001, 39.96646619999999]]}}, {"type": "Feature", "id": "RD-00418", "properties": {"id": "RD-00418", "layer": "ROAD_CENTERLINE", "road_class": "local_access", "name_zh": "", "length_m": 1106.5, "source_id": "OSM-DERIVED-CORRIDOR-20260808", "source_type": "osm", "confidence": "medium", "geometry_role": "existing_condition"}, "geometry": {"type": "LineString", "coordinates": [[116.3308033, 40.02017599999999], [116.3307727, 40.020185299999994], [116.3302968, 40.02032989999999], [116.3300109, 40.02041679999999], [116.32968220000001, 40.0205352], [116.32933950000002, 40.02065859999999], [116.329274, 40.0206822], [116.3290193, 40.020736499999984], [116.32895550000002, 40.0207275], [116.3283688, 40.020645], [116.3283394, 40.02063139999999], [116.3280628, 40.0205037], [116.32775639999998, 40.02019969999999], [116.3275717, 40.0200521], [116.32742249999998, 40.0199888], [116.32716020000001, 40.0199046], [116.32711490000001, 40.01976580000001], [116.32725020000001, 40.0194051], [116.32740030000001, 40.0192203], [116.3275237, 40.01889990000001], [116.32812270000001, 40.01715190000001], [116.3281675, 40.0170601], [116.328194, 40.0170021], [116.328446, 40.01670219999999], [116.32852110000002, 40.0165051], [116.32852110000002, 40.01640239999998], [116.32852110000002, 40.01609839999999], [116.3283548, 40.0157616], [116.3281564, 40.0153631], [116.32817790000001, 40.01500159999999], [116.32826370000001, 40.014660699999986], [116.32838169999998, 40.0144758], [116.3285881, 40.014165500000004], [116.32862540000002, 40.01410940000001], [116.328671, 40.01358200000001], [116.32880439999998, 40.0135427]]}}, {"type": "Feature", "id": "RD-00419", "properties": {"id": "RD-00419", "layer": "ROAD_CENTERLINE", "road_class": "local_access", "name_zh": "", "length_m": 237.9, "source_id": "OSM-DERIVED-CORRIDOR-20260808", "source_type": "osm", "confidence": "medium", "geometry_role": "existing_condition"}, "geometry": {"type": "LineString", "coordinates": [[116.3310535, 40.015532], [116.33093570000001, 40.015512400000006], [116.3304228, 40.0154271], [116.33005360000001, 40.015402499999986], [116.3296245, 40.01544669999999], [116.32949590000001, 40.01545999999999], [116.3288523, 40.01560369999999], [116.3283548, 40.0157616]]}}, {"type": "Feature", "id": "RD-00420", "properties": {"id": "RD-00420", "layer": "ROAD_CENTERLINE", "road_class": "local_access", "name_zh": "后八家西路", "length_m": 621.3, "source_id": "OSM-DERIVED-CORRIDOR-20260808", "source_type": "osm", "confidence": "medium", "geometry_role": "existing_condition"}, "geometry": {"type": "LineString", "coordinates": [[116.33099219999998, 40.01847810000001], [116.3308866, 40.01843569999999], [116.33020489999998, 40.018237], [116.3297957, 40.01805149999999], [116.32974879999999, 40.01800899999999], [116.32967809999998, 40.017945], [116.3291015, 40.01762879999998], [116.32812270000001, 40.01715190000001], [116.326278, 40.0166791], [116.326152, 40.0166548], [116.3256398, 40.016556], [116.3249962, 40.01646569999999], [116.3243687, 40.016338399999995]]}}, {"type": "Feature", "id": "RD-00421", "properties": {"id": "RD-00421", "layer": "ROAD_CENTERLINE", "road_class": "local_access", "name_zh": "", "length_m": 413.7, "source_id": "OSM-DERIVED-CORRIDOR-20260808", "source_type": "osm", "confidence": "medium", "geometry_role": "existing_condition"}, "geometry": {"type": "LineString", "coordinates": [[116.3286274, 40.0229743], [116.3285846, 40.0231817], [116.3282362, 40.02487099999999], [116.32819820000002, 40.025099899999994], [116.32816130000002, 40.02532179999999], [116.32815749999999, 40.02534459999999], [116.3280997, 40.02543940000001], [116.32806749999999, 40.02556260000001], [116.3279273, 40.0257521], [116.3278288, 40.0258851], [116.32779930000001, 40.02598369999999], [116.3277939, 40.0261048], [116.32785020000001, 40.0264335], [116.3278019, 40.0266019]]}}, {"type": "Feature", "id": "RD-00422", "properties": {"id": "RD-00422", "layer": "ROAD_CENTERLINE", "road_class": "local_access", "name_zh": "毛纺路辅路", "length_m": 63.4, "source_id": "OSM-DERIVED-CORRIDOR-20260808", "source_type": "osm", "confidence": "medium", "geometry_role": "existing_condition"}, "geometry": {"type": "MultiLineString", "coordinates": [[[116.33084468665824, 40.02299949966813], [116.33084046797745, 40.023419280842575]], [[116.33084780000002, 40.02268970000001], [116.33084628028077, 40.02284092347697]]]}}, {"type": "Feature", "id": "RD-00423", "properties": {"id": "RD-00423", "layer": "ROAD_CENTERLINE", "road_class": "local_access", "name_zh": "", "length_m": 296.0, "source_id": "OSM-DERIVED-CORRIDOR-20260808", "source_type": "osm", "confidence": "medium", "geometry_role": "existing_condition"}, "geometry": {"type": "LineString", "coordinates": [[116.33992440000002, 40.009606700000006], [116.34076600000002, 40.00940169999999], [116.34277890000001, 40.009378000000005], [116.3428826, 40.00934079999998], [116.34321009999998, 40.0092235], [116.3433053, 40.009217199999995]]}}, {"type": "Feature", "id": "RD-00424", "properties": {"id": "RD-00424", "layer": "ROAD_CENTERLINE", "road_class": "secondary", "name_zh": "月泉路", "length_m": 462.6, "source_id": "OSM-DERIVED-CORRIDOR-20260808", "source_type": "osm", "confidence": "medium", "geometry_role": "existing_condition"}, "geometry": {"type": "LineString", "coordinates": [[116.33124409999999, 40.01360249999999], [116.3310654, 40.013602899999995], [116.3309661, 40.01360760000001], [116.33010700000001, 40.013588899999995], [116.3290075, 40.0135541], [116.32880439999998, 40.0135427], [116.32871, 40.01354260000001], [116.3283716, 40.0135156], [116.3280721, 40.013466799999996], [116.327773, 40.01341440000001], [116.327338, 40.013297699999995], [116.3265429, 40.013030500000006], [116.3264013, 40.012986399999996], [116.32630180000001, 40.012991899999996], [116.3262005, 40.01300989999999], [116.3261028, 40.01304319999999], [116.3259843, 40.013096899999994]]}}, {"type": "Feature", "id": "RD-00425", "properties": {"id": "RD-00425", "layer": "ROAD_CENTERLINE", "road_class": "secondary", "name_zh": "月泉路", "length_m": 684.6, "source_id": "OSM-DERIVED-CORRIDOR-20260808", "source_type": "osm", "confidence": "medium", "geometry_role": "existing_condition"}, "geometry": {"type": "LineString", "coordinates": [[116.33107169999998, 40.01351320000001], [116.33116430000001, 40.0135121], [116.33124770000002, 40.013513799999984], [116.3313291, 40.0135142], [116.3330541, 40.01358319999999], [116.3333564, 40.013610699999994], [116.33431360000002, 40.0136258], [116.3343767, 40.013628399999995], [116.3346168, 40.01363389999999], [116.3359211, 40.0136607], [116.33658670000001, 40.01368149999999], [116.3367255, 40.0136807], [116.3367827, 40.01367990000001], [116.3374823, 40.01369669999999], [116.33878769999998, 40.013722599999994], [116.33893310000002, 40.013723799999994], [116.33897240000002, 40.01372409999998], [116.339083, 40.01372649999999]]}}, {"type": "Feature", "id": "RD-00426", "properties": {"id": "RD-00426", "layer": "ROAD_CENTERLINE", "road_class": "local_access", "name_zh": "", "length_m": 867.2, "source_id": "OSM-DERIVED-CORRIDOR-20260808", "source_type": "osm", "confidence": "medium", "geometry_role": "existing_condition"}, "geometry": {"type": "LineString", "coordinates": [[116.3346186, 40.0134538], [116.3346276, 40.01332049999999], [116.3346379, 40.01325450000001], [116.3346172, 40.0131984], [116.33456299999999, 40.0131803], [116.33446339999999, 40.01317829999999], [116.33447450000001, 40.01287559999999], [116.33448050000001, 40.012709699999995], [116.3344831, 40.0126365], [116.3344879, 40.0124517], [116.33449639999999, 40.0122688], [116.3344999, 40.01219019999999], [116.3345119, 40.0118377], [116.334513, 40.0118068], [116.33452369999999, 40.0114833], [116.33453120000001, 40.01121989999999], [116.3345404, 40.0110473], [116.33454830000001, 40.01083069999999], [116.33456570000001, 40.0103508], [116.33467090000002, 40.01035099999999], [116.33478140000001, 40.01035099999999], [116.3350747, 40.0103407], [116.33569770000001, 40.0103612], [116.3357654, 40.010364499999994], [116.33583329999999, 40.0103679], [116.3359754, 40.010395499999994], [116.33608110000002, 40.0104647], [116.336148, 40.010541], [116.336269, 40.010667500000004], [116.33643420000001, 40.010887700000005], [116.3364953, 40.010979400000004], [116.3365667, 40.01112139999999], [116.3366166, 40.011294799999995], [116.3366237, 40.0113263], [116.33665050000002, 40.01144399999999], [116.336723, 40.0116418], [116.33679730000001, 40.01182060000001], [116.33691210000002, 40.01197020000001], [116.3370939, 40.01217679999999], [116.3371137, 40.012199200000005], [116.33713590000002, 40.01225819999999], [116.3372654, 40.01233630000001], [116.3373675, 40.012522000000004], [116.3374311, 40.012542999999994], [116.33746670000001, 40.0125811], [116.337468, 40.012638999999986], [116.337435, 40.0126837], [116.3373744, 40.012707400000004], [116.3373641, 40.012934800000004], [116.3373544, 40.01310349999999], [116.33737840000002, 40.0131417], [116.337387, 40.0131942], [116.33738329999998, 40.01328639999999], [116.3373737, 40.0135255]]}}, {"type": "Feature", "id": "RD-00427", "properties": {"id": "RD-00427", "layer": "ROAD_CENTERLINE", "road_class": "local_access", "name_zh": "", "length_m": 335.5, "source_id": "OSM-DERIVED-CORRIDOR-20260808", "source_type": "osm", "confidence": "medium", "geometry_role": "existing_condition"}, "geometry": {"type": "LineString", "coordinates": [[116.33447450000001, 40.01287559999999], [116.33479009999999, 40.012882100000006], [116.334828, 40.0128829], [116.3349579, 40.012885499999996], [116.3351419, 40.01288929999998], [116.3352589, 40.01289170000001], [116.33532449999998, 40.01289299999999], [116.33568720000001, 40.0129005], [116.3359045, 40.0129049], [116.3359559, 40.012906], [116.3360548, 40.01290800000001], [116.3361428, 40.01290980000001], [116.33626480000001, 40.01291230000001], [116.3364547, 40.0129162], [116.3366531, 40.012920300000005], [116.33672730000002, 40.0129218], [116.33697819999999, 40.0129277], [116.33708160000002, 40.012929], [116.3373641, 40.012934800000004], [116.3376687, 40.01294479999999], [116.33778, 40.01294850000001], [116.3378979, 40.0129524], [116.3379701, 40.01295460000001], [116.3383101, 40.01296489999999], [116.33840239999999, 40.012969]]}}, {"type": "Feature", "id": "RD-00428", "properties": {"id": "RD-00428", "layer": "ROAD_CENTERLINE", "road_class": "local_access", "name_zh": "", "length_m": 93.9, "source_id": "OSM-DERIVED-CORRIDOR-20260808", "source_type": "osm", "confidence": "medium", "geometry_role": "existing_condition"}, "geometry": {"type": "LineString", "coordinates": [[116.33569770000001, 40.0103612], [116.3356879, 40.0102998], [116.3357174, 40.0102131], [116.3357209, 40.0100748], [116.3357261, 40.0098652], [116.33573279999999, 40.0095966], [116.33573310000001, 40.00958490000001], [116.33573430000001, 40.00951929999999]]}}, {"type": "Feature", "id": "RD-00429", "properties": {"id": "RD-00429", "layer": "ROAD_CENTERLINE", "road_class": "local_access", "name_zh": "", "length_m": 29.5, "source_id": "OSM-DERIVED-CORRIDOR-20260808", "source_type": "osm", "confidence": "medium", "geometry_role": "existing_condition"}, "geometry": {"type": "LineString", "coordinates": [[116.3373744, 40.012707400000004], [116.3373216, 40.0126893], [116.3372709, 40.012643499999996], [116.33726109999999, 40.0126134], [116.3372696, 40.0125877], [116.337306, 40.012545899999985], [116.3373675, 40.012522000000004]]}}, {"type": "Feature", "id": "RD-00430", "properties": {"id": "RD-00430", "layer": "ROAD_CENTERLINE", "road_class": "local_access", "name_zh": "", "length_m": 25.7, "source_id": "OSM-DERIVED-CORRIDOR-20260808", "source_type": "osm", "confidence": "medium", "geometry_role": "existing_condition"}, "geometry": {"type": "LineString", "coordinates": [[116.338703, 40.01297689999999], [116.3385316, 40.012971400000005], [116.33840239999999, 40.012969]]}}, {"type": "Feature", "id": "RD-00431", "properties": {"id": "RD-00431", "layer": "ROAD_CENTERLINE", "road_class": "secondary", "name_zh": "双清路", "length_m": 89.3, "source_id": "OSM-DERIVED-CORRIDOR-20260808", "source_type": "osm", "confidence": "medium", "geometry_role": "existing_condition"}, "geometry": {"type": "LineString", "coordinates": [[116.339083, 40.01372649999999], [116.33901990000001, 40.01360199999999], [116.338703, 40.01297689999999]]}}, {"type": "Feature", "id": "RD-00432", "properties": {"id": "RD-00432", "layer": "ROAD_CENTERLINE", "road_class": "secondary", "name_zh": "双清路", "length_m": 221.2, "source_id": "OSM-DERIVED-CORRIDOR-20260808", "source_type": "osm", "confidence": "medium", "geometry_role": "existing_condition"}, "geometry": {"type": "LineString", "coordinates": [[116.338703, 40.01297689999999], [116.33781559999998, 40.01110569999999]]}}, {"type": "Feature", "id": "RD-00433", "properties": {"id": "RD-00433", "layer": "ROAD_CENTERLINE", "road_class": "local_access", "name_zh": "", "length_m": 92.4, "source_id": "OSM-DERIVED-CORRIDOR-20260808", "source_type": "osm", "confidence": "medium", "geometry_role": "existing_condition"}, "geometry": {"type": "LineString", "coordinates": [[116.33456570000001, 40.0103508], [116.33457800000001, 40.0100552], [116.3345817, 40.009966799999994], [116.33458940000001, 40.009783399999996], [116.3345971, 40.00959879999999], [116.33459740000002, 40.00959189999999], [116.3346292, 40.00956660000001], [116.334663, 40.00953979999999]]}}, {"type": "Feature", "id": "RD-00434", "properties": {"id": "RD-00434", "layer": "ROAD_CENTERLINE", "road_class": "branch", "name_zh": "", "length_m": 345.8, "source_id": "OSM-DERIVED-CORRIDOR-20260808", "source_type": "osm", "confidence": "medium", "geometry_role": "existing_condition"}, "geometry": {"type": "MultiLineString", "coordinates": [[[116.3456934, 39.941732899999984], [116.34582019999999, 39.94181079999999], [116.34598650000001, 39.94191289999999], [116.346235, 39.94215359999999], [116.34630736571543, 39.94217255126935]], [[116.34635771351822, 39.94218573641368], [116.3465317, 39.94223129999999], [116.34677240000002, 39.9419921], [116.3468657, 39.9417495], [116.34696099999998, 39.94149620000001], [116.3470846, 39.9412164], [116.3471243, 39.94113230000001], [116.3471573, 39.94106260000001], [116.34719870000002, 39.9409749], [116.34723060000002, 39.9409073], [116.3472647, 39.940835099999994], [116.34729810000002, 39.9407699], [116.34734100000001, 39.9407189], [116.3473736, 39.9406899], [116.3474282, 39.9406523], [116.34750700000001, 39.94061990000001], [116.34756930000002, 39.9406007], [116.3476256, 39.9405893], [116.3476873, 39.940579899999996], [116.34774940000001, 39.9405764], [116.34782980000001, 39.940578800000004], [116.347884, 39.9405849], [116.347919, 39.9405902], [116.3479441, 39.9405944], [116.34796000000001, 39.9405966], [116.3479736, 39.940598599999994], [116.3479878, 39.940601], [116.347995, 39.940602399999996], [116.34802870000001, 39.94060679999999], [116.34805729999998, 39.94061129999999], [116.3481216, 39.940623599999995], [116.34814590000002, 39.9406275]]]}}, {"type": "Feature", "id": "RD-00435", "properties": {"id": "RD-00435", "layer": "ROAD_CENTERLINE", "road_class": "branch", "name_zh": "", "length_m": 47.4, "source_id": "OSM-DERIVED-CORRIDOR-20260808", "source_type": "osm", "confidence": "medium", "geometry_role": "existing_condition"}, "geometry": {"type": "LineString", "coordinates": [[116.34527449999999, 39.94251959999998], [116.3451843, 39.94249580000001], [116.34505669999999, 39.9424575], [116.34498830000001, 39.9424081], [116.34493969999998, 39.942310199999994], [116.34493400000001, 39.9422397]]}}, {"type": "Feature", "id": "RD-00436", "properties": {"id": "RD-00436", "layer": "ROAD_CENTERLINE", "road_class": "secondary", "name_zh": "王庄路", "length_m": 60.6, "source_id": "OSM-DERIVED-CORRIDOR-20260808", "source_type": "osm", "confidence": "medium", "geometry_role": "existing_condition"}, "geometry": {"type": "LineString", "coordinates": [[116.33377090000002, 39.9992491], [116.3337732, 39.999150799999995], [116.3337696, 39.999112999999994], [116.3337654, 39.9990467], [116.33377480000001, 39.9987032]]}}, {"type": "Feature", "id": "RD-00437", "properties": {"id": "RD-00437", "layer": "ROAD_CENTERLINE", "road_class": "secondary", "name_zh": "月泉路", "length_m": 562.4, "source_id": "OSM-DERIVED-CORRIDOR-20260808", "source_type": "osm", "confidence": "medium", "geometry_role": "existing_condition"}, "geometry": {"type": "LineString", "coordinates": [[116.339083, 40.01372649999999], [116.33924580000001, 40.01373149999999], [116.339443, 40.013735200000006], [116.3395373, 40.01373699999999], [116.3400609, 40.0137505], [116.3405114, 40.013773099999995], [116.3418892, 40.0137977], [116.34200510000001, 40.013800700000004], [116.34210989999998, 40.01380280000001], [116.34343380000001, 40.0138296], [116.34393540000002, 40.013844399999996], [116.34560780000001, 40.0138936], [116.34566540282961, 40.013897237297115]]}}, {"type": "Feature", "id": "RD-00438", "properties": {"id": "RD-00438", "layer": "ROAD_CENTERLINE", "road_class": "local_access", "name_zh": "前八家北路", "length_m": 96.5, "source_id": "OSM-DERIVED-CORRIDOR-20260808", "source_type": "osm", "confidence": "medium", "geometry_role": "existing_condition"}, "geometry": {"type": "LineString", "coordinates": [[116.3336063, 40.0071712], [116.3335337, 40.007173099999996], [116.3324759, 40.0071906]]}}, {"type": "Feature", "id": "RD-00439", "properties": {"id": "RD-00439", "layer": "ROAD_CENTERLINE", "road_class": "branch", "name_zh": "双清西路", "length_m": 918.1, "source_id": "OSM-DERIVED-CORRIDOR-20260808", "source_type": "osm", "confidence": "medium", "geometry_role": "existing_condition"}, "geometry": {"type": "LineString", "coordinates": [[116.33536109999999, 40.0062984], [116.33518469999999, 40.006343400000006], [116.3350693, 40.0063728], [116.33362810000001, 40.006754699999995], [116.3336063, 40.0071712], [116.33359120000001, 40.0079421], [116.33356620000002, 40.008633999999994], [116.33353549999998, 40.009483100000004], [116.333502, 40.0103334], [116.3334982, 40.01041949999998], [116.33349070000001, 40.010588000000006], [116.3334662, 40.0111389], [116.3334252, 40.01206259999999], [116.33335960000001, 40.01350659999999], [116.33336, 40.01352959999999], [116.3333564, 40.013610699999994]]}}, {"type": "Feature", "id": "RD-00440", "properties": {"id": "RD-00440", "layer": "ROAD_CENTERLINE", "road_class": "local_access", "name_zh": "", "length_m": 382.8, "source_id": "OSM-DERIVED-CORRIDOR-20260808", "source_type": "osm", "confidence": "medium", "geometry_role": "existing_condition"}, "geometry": {"type": "LineString", "coordinates": [[116.32737290000001, 40.01287860000001], [116.327578, 40.012976200000004], [116.3278345, 40.01304989999999], [116.3280994, 40.01310109999999], [116.32871700000001, 40.0131075], [116.3287812, 40.01319500000001], [116.32905759999998, 40.0131971], [116.329388, 40.0131997], [116.32954629999999, 40.013200899999994], [116.3295885, 40.0132012], [116.33022190000001, 40.01320609999999], [116.33117579999998, 40.01321329999999], [116.33172719999999, 40.01323459999999]]}}, {"type": "Feature", "id": "RD-00441", "properties": {"id": "RD-00441", "layer": "ROAD_CENTERLINE", "road_class": "local_access", "name_zh": "", "length_m": 105.0, "source_id": "OSM-DERIVED-CORRIDOR-20260808", "source_type": "osm", "confidence": "medium", "geometry_role": "existing_condition"}, "geometry": {"type": "LineString", "coordinates": [[116.32871700000001, 40.0131075], [116.3287229, 40.01293179999999], [116.32874379999998, 40.012682299999994], [116.32858080000001, 40.012676599999985], [116.3280676, 40.01267949999999]]}}, {"type": "Feature", "id": "RD-00442", "properties": {"id": "RD-00442", "layer": "ROAD_CENTERLINE", "road_class": "local_access", "name_zh": "", "length_m": 89.6, "source_id": "OSM-DERIVED-CORRIDOR-20260808", "source_type": "osm", "confidence": "medium", "geometry_role": "existing_condition"}, "geometry": {"type": "LineString", "coordinates": [[116.32858080000001, 40.012676599999985], [116.3285773, 40.01209759999998], [116.3284688, 40.012096], [116.3282813, 40.012093199999995]]}}, {"type": "Feature", "id": "RD-00443", "properties": {"id": "RD-00443", "layer": "ROAD_CENTERLINE", "road_class": "local_access", "name_zh": "", "length_m": 117.7, "source_id": "OSM-DERIVED-CORRIDOR-20260808", "source_type": "osm", "confidence": "medium", "geometry_role": "existing_condition"}, "geometry": {"type": "LineString", "coordinates": [[116.34271010000002, 40.0009193], [116.3425639, 40.000917599999994], [116.34240719999998, 40.000913000000004], [116.341335, 40.000848500000004]]}}, {"type": "Feature", "id": "RD-00444", "properties": {"id": "RD-00444", "layer": "ROAD_CENTERLINE", "road_class": "local_access", "name_zh": "", "length_m": 191.9, "source_id": "OSM-DERIVED-CORRIDOR-20260808", "source_type": "osm", "confidence": "medium", "geometry_role": "existing_condition"}, "geometry": {"type": "LineString", "coordinates": [[116.3362891, 39.9975839], [116.33627979999999, 39.99775009999999], [116.33619450000002, 39.999123499999996], [116.336192, 39.99920540000001], [116.336192, 39.999310300000005]]}}, {"type": "Feature", "id": "RD-00445", "properties": {"id": "RD-00445", "layer": "ROAD_CENTERLINE", "road_class": "expressway", "name_zh": "北四环西路", "length_m": 275.5, "source_id": "OSM-DERIVED-CORRIDOR-20260808", "source_type": "osm", "confidence": "medium", "geometry_role": "existing_condition"}, "geometry": {"type": "MultiLineString", "coordinates": [[[116.33213969692169, 39.9848543898095], [116.33236988900123, 39.98486524146271]], [[116.33245920480364, 39.984869451840325], [116.33452657729167, 39.984966889122596], [116.33463412552624, 39.984971956959775], [116.3354479, 39.9850103]]]}}, {"type": "Feature", "id": "RD-00446", "properties": {"id": "RD-00446", "layer": "ROAD_CENTERLINE", "road_class": "expressway", "name_zh": "北四环西路", "length_m": 268.0, "source_id": "OSM-DERIVED-CORRIDOR-20260808", "source_type": "osm", "confidence": "medium", "geometry_role": "existing_condition"}, "geometry": {"type": "MultiLineString", "coordinates": [[[116.33234513204263, 39.98502808254997], [116.33211268196366, 39.9850173882519]], [[116.33451740444423, 39.98512799929779], [116.33243151753572, 39.985032056755564]], [[116.3354395, 39.985170399999994], [116.33462622801443, 39.98513300371424]]]}}, {"type": "Feature", "id": "RD-00447", "properties": {"id": "RD-00447", "layer": "ROAD_CENTERLINE", "road_class": "local_access", "name_zh": "", "length_m": 90.5, "source_id": "OSM-DERIVED-CORRIDOR-20260808", "source_type": "osm", "confidence": "medium", "geometry_role": "existing_condition"}, "geometry": {"type": "LineString", "coordinates": [[116.3421307, 39.99103269999999], [116.3410711, 39.991025300000004]]}}, {"type": "Feature", "id": "RD-00448", "properties": {"id": "RD-00448", "layer": "ROAD_CENTERLINE", "road_class": "local_access", "name_zh": "", "length_m": 333.2, "source_id": "OSM-DERIVED-CORRIDOR-20260808", "source_type": "osm", "confidence": "medium", "geometry_role": "existing_condition"}, "geometry": {"type": "LineString", "coordinates": [[116.34197809999999, 39.9949769], [116.3419918, 39.99429239999999], [116.34200510000001, 39.99363009999999], [116.34207230000001, 39.9927237], [116.34212750000002, 39.9919787]]}}, {"type": "Feature", "id": "RD-00449", "properties": {"id": "RD-00449", "layer": "ROAD_CENTERLINE", "road_class": "secondary", "name_zh": "荷清路", "length_m": 175.5, "source_id": "OSM-DERIVED-CORRIDOR-20260808", "source_type": "osm", "confidence": "medium", "geometry_role": "existing_condition"}, "geometry": {"type": "LineString", "coordinates": [[116.33113110000001, 39.99752419999999], [116.33112130000002, 39.997658], [116.3311044, 39.99788849999999], [116.3311042, 39.99794589999999], [116.33105159999998, 39.9989766], [116.33104519999999, 39.9991033]]}}, {"type": "Feature", "id": "RD-00450", "properties": {"id": "RD-00450", "layer": "ROAD_CENTERLINE", "road_class": "secondary", "name_zh": "清华东路", "length_m": 217.5, "source_id": "OSM-DERIVED-CORRIDOR-20260808", "source_type": "osm", "confidence": "medium", "geometry_role": "existing_condition"}, "geometry": {"type": "MultiLineString", "coordinates": [[[116.33104519999999, 39.9991033], [116.33117299999999, 39.9991046], [116.331225, 39.9991059], [116.33136725151716, 39.99910795086145]], [[116.33155860000001, 39.9991116], [116.3316183930287, 39.99911476315788], [116.331793, 39.999124], [116.3318798, 39.99913180000001], [116.3319389, 39.99913709999999], [116.3320847, 39.9991585], [116.3322365, 39.9991899], [116.33248509999999, 39.999201600000006], [116.3325131, 39.99920289999999], [116.3336013, 39.99923400000001], [116.33365510000002, 39.99923879999999], [116.33377090000002, 39.9992491]]]}}, {"type": "Feature", "id": "RD-00451", "properties": {"id": "RD-00451", "layer": "ROAD_CENTERLINE", "road_class": "local_access", "name_zh": "", "length_m": 132.0, "source_id": "OSM-DERIVED-CORRIDOR-20260808", "source_type": "osm", "confidence": "medium", "geometry_role": "existing_condition"}, "geometry": {"type": "LineString", "coordinates": [[116.33577810000001, 39.99291910000001], [116.33578349999999, 39.992779500000005], [116.33584539999998, 39.9927185], [116.33585850000001, 39.9927056], [116.3358853, 39.9926974], [116.33611170000002, 39.99270429999999], [116.3370978, 39.9927343]]}}, {"type": "Feature", "id": "RD-00452", "properties": {"id": "RD-00452", "layer": "ROAD_CENTERLINE", "road_class": "local_access", "name_zh": "", "length_m": 129.9, "source_id": "OSM-DERIVED-CORRIDOR-20260808", "source_type": "osm", "confidence": "medium", "geometry_role": "existing_condition"}, "geometry": {"type": "LineString", "coordinates": [[116.3356685, 39.9934699], [116.33459399999998, 39.993426899999996], [116.33415010000002, 39.99340920000001]]}}, {"type": "Feature", "id": "RD-00453", "properties": {"id": "RD-00453", "layer": "ROAD_CENTERLINE", "road_class": "local_access", "name_zh": "", "length_m": 27.7, "source_id": "OSM-DERIVED-CORRIDOR-20260808", "source_type": "osm", "confidence": "medium", "geometry_role": "existing_condition"}, "geometry": {"type": "LineString", "coordinates": [[116.34578486562806, 40.012471529108595], [116.3457556, 40.01247029999999], [116.34546049999999, 40.0124578]]}}, {"type": "Feature", "id": "RD-00454", "properties": {"id": "RD-00454", "layer": "ROAD_CENTERLINE", "road_class": "local_access", "name_zh": "逸清南路", "length_m": 298.2, "source_id": "OSM-DERIVED-CORRIDOR-20260808", "source_type": "osm", "confidence": "medium", "geometry_role": "existing_condition"}, "geometry": {"type": "LineString", "coordinates": [[116.33353549999998, 40.009483100000004], [116.33364110000001, 40.0095182], [116.33451380000001, 40.0095328], [116.3346042, 40.009536999999995], [116.334663, 40.00953979999999], [116.33489970000001, 40.0095242], [116.3356228, 40.00952170000001], [116.33573430000001, 40.00951929999999], [116.3358205, 40.009518699999994], [116.3367131, 40.009506499999986], [116.3367657, 40.00949939999999], [116.33683170000002, 40.0095052], [116.3368412, 40.009507799999994], [116.3370051, 40.009552299999996]]}}, {"type": "Feature", "id": "RD-00455", "properties": {"id": "RD-00455", "layer": "ROAD_CENTERLINE", "road_class": "secondary", "name_zh": "双清路", "length_m": 185.9, "source_id": "OSM-DERIVED-CORRIDOR-20260808", "source_type": "osm", "confidence": "medium", "geometry_role": "existing_condition"}, "geometry": {"type": "LineString", "coordinates": [[116.33781559999998, 40.01110569999999], [116.3375394, 40.01057219999999], [116.3370659, 40.00965649999999], [116.33705310000002, 40.0096346], [116.3370051, 40.009552299999996]]}}, {"type": "Feature", "id": "RD-00456", "properties": {"id": "RD-00456", "layer": "ROAD_CENTERLINE", "road_class": "local_access", "name_zh": "", "length_m": 23.4, "source_id": "OSM-DERIVED-CORRIDOR-20260808", "source_type": "osm", "confidence": "medium", "geometry_role": "existing_condition"}, "geometry": {"type": "LineString", "coordinates": [[116.34469330000002, 39.94544170000001], [116.34496610000001, 39.9454537]]}}, {"type": "Feature", "id": "RD-00457", "properties": {"id": "RD-00457", "layer": "ROAD_CENTERLINE", "road_class": "local_access", "name_zh": "", "length_m": 39.3, "source_id": "OSM-DERIVED-CORRIDOR-20260808", "source_type": "osm", "confidence": "medium", "geometry_role": "existing_condition"}, "geometry": {"type": "LineString", "coordinates": [[116.33927130000001, 39.999888199999994], [116.3392832, 39.9996899], [116.3392835, 39.999597699999995], [116.3392832, 39.999534499999996]]}}, {"type": "Feature", "id": "RD-00458", "properties": {"id": "RD-00458", "layer": "ROAD_CENTERLINE", "road_class": "local_access", "name_zh": "", "length_m": 196.2, "source_id": "OSM-DERIVED-CORRIDOR-20260808", "source_type": "osm", "confidence": "medium", "geometry_role": "existing_condition"}, "geometry": {"type": "LineString", "coordinates": [[116.32887039999999, 40.0112602], [116.3294017, 40.011271099999995], [116.32940079999999, 40.011561], [116.3293793, 40.011906700000004], [116.3288571, 40.01190080000001], [116.3287138, 40.0120849], [116.3285773, 40.01209759999998]]}}, {"type": "Feature", "id": "RD-00459", "properties": {"id": "RD-00459", "layer": "ROAD_CENTERLINE", "road_class": "local_access", "name_zh": "", "length_m": 113.5, "source_id": "OSM-DERIVED-CORRIDOR-20260808", "source_type": "osm", "confidence": "medium", "geometry_role": "existing_condition"}, "geometry": {"type": "LineString", "coordinates": [[116.3287229, 40.01293179999999], [116.3281547, 40.012927499999996], [116.3276776, 40.0127962], [116.327578, 40.012976200000004]]}}, {"type": "Feature", "id": "RD-00460", "properties": {"id": "RD-00460", "layer": "ROAD_CENTERLINE", "road_class": "local_access", "name_zh": "", "length_m": 44.2, "source_id": "OSM-DERIVED-CORRIDOR-20260808", "source_type": "osm", "confidence": "medium", "geometry_role": "existing_condition"}, "geometry": {"type": "LineString", "coordinates": [[116.34011730000002, 40.0132248], [116.33960109999998, 40.0131947]]}}, {"type": "Feature", "id": "RD-00461", "properties": {"id": "RD-00461", "layer": "ROAD_CENTERLINE", "road_class": "local_access", "name_zh": "", "length_m": 20.0, "source_id": "OSM-DERIVED-CORRIDOR-20260808", "source_type": "osm", "confidence": "medium", "geometry_role": "existing_condition"}, "geometry": {"type": "LineString", "coordinates": [[116.3346186, 40.0134538], [116.334619, 40.0134892], [116.33462000000002, 40.013517099999994], [116.33462030000001, 40.01355219999999], [116.3346168, 40.01363389999999]]}}, {"type": "Feature", "id": "RD-00462", "properties": {"id": "RD-00462", "layer": "ROAD_CENTERLINE", "road_class": "local_access", "name_zh": "", "length_m": 23.4, "source_id": "OSM-DERIVED-CORRIDOR-20260808", "source_type": "osm", "confidence": "medium", "geometry_role": "existing_condition"}, "geometry": {"type": "LineString", "coordinates": [[116.3373737, 40.0135255], [116.3373678, 40.01360110000001], [116.3374016, 40.01365590000001], [116.3374823, 40.01369669999999]]}}, {"type": "Feature", "id": "RD-00463", "properties": {"id": "RD-00463", "layer": "ROAD_CENTERLINE", "road_class": "local_access", "name_zh": "", "length_m": 83.9, "source_id": "OSM-DERIVED-CORRIDOR-20260808", "source_type": "osm", "confidence": "medium", "geometry_role": "existing_condition"}, "geometry": {"type": "LineString", "coordinates": [[116.3359211, 40.0136607], [116.335924, 40.01358859999999], [116.33593080000001, 40.013491200000004], [116.33594190000001, 40.01323159999998], [116.3359559, 40.012906]]}}, {"type": "Feature", "id": "RD-00464", "properties": {"id": "RD-00464", "layer": "ROAD_CENTERLINE", "road_class": "secondary", "name_zh": "双清路", "length_m": 495.5, "source_id": "OSM-DERIVED-CORRIDOR-20260808", "source_type": "osm", "confidence": "medium", "geometry_role": "existing_condition"}, "geometry": {"type": "LineString", "coordinates": [[116.33714550000002, 40.00957359999999], [116.3371677, 40.00961739999999], [116.3377437, 40.01075070000001], [116.3377812, 40.01082439999998], [116.33790190000002, 40.0110616], [116.3382757, 40.01185540000001], [116.3387974, 40.0129635], [116.33913390000001, 40.0135429], [116.3391731, 40.0136089], [116.33924580000001, 40.01373149999999]]}}, {"type": "Feature", "id": "RD-00465", "properties": {"id": "RD-00465", "layer": "ROAD_CENTERLINE", "road_class": "secondary", "name_zh": "双清路", "length_m": 389.9, "source_id": "OSM-DERIVED-CORRIDOR-20260808", "source_type": "osm", "confidence": "medium", "geometry_role": "existing_condition"}, "geometry": {"type": "LineString", "coordinates": [[116.3355062, 40.0062966], [116.33557590000001, 40.006437599999984], [116.3362844, 40.00787119999999], [116.3363822, 40.008076599999995], [116.3364011, 40.0081164], [116.33664219999999, 40.008595199999995], [116.3369724, 40.0092371], [116.33699160000002, 40.0092745], [116.33714550000002, 40.00957359999999]]}}, {"type": "Feature", "id": "RD-00466", "properties": {"id": "RD-00466", "layer": "ROAD_CENTERLINE", "road_class": "secondary", "name_zh": "双清路", "length_m": 784.1, "source_id": "OSM-DERIVED-CORRIDOR-20260808", "source_type": "osm", "confidence": "medium", "geometry_role": "existing_condition"}, "geometry": {"type": "LineString", "coordinates": [[116.3339552, 39.9994595], [116.3339515, 39.9995347], [116.33387090000001, 40.0011745], [116.3338273, 40.0020624], [116.3338568, 40.0024907], [116.33393659999999, 40.0030285], [116.3339553, 40.003079699999994], [116.3339764, 40.00313930000001], [116.33400590000001, 40.00322249999999], [116.33403730000002, 40.003305899999994], [116.3340591, 40.0033638], [116.33428750000002, 40.00391330000001], [116.33460920000002, 40.004555], [116.33502269999998, 40.00535779999999], [116.3354189, 40.006127], [116.33544500000002, 40.0061777], [116.3355062, 40.0062966]]}}, {"type": "Feature", "id": "RD-00467", "properties": {"id": "RD-00467", "layer": "ROAD_CENTERLINE", "road_class": "secondary", "name_zh": "王庄路", "length_m": 650.2, "source_id": "OSM-DERIVED-CORRIDOR-20260808", "source_type": "osm", "confidence": "medium", "geometry_role": "existing_condition"}, "geometry": {"type": "LineString", "coordinates": [[116.33415010000002, 39.99340920000001], [116.3341224, 39.993914300000014], [116.3340381, 39.99545669999999], [116.33402840000001, 39.99563589999999], [116.33402539999999, 39.99600619999999], [116.3339697, 39.9961574], [116.3339499, 39.996548499999996], [116.3339274, 39.996992399999996], [116.33399710000002, 39.997287099999994], [116.33398570000001, 39.99763959999999], [116.33398189999998, 39.9977563], [116.33394880000002, 39.998566600000004], [116.3339364, 39.999046899999996], [116.33393449999998, 39.9991205], [116.33393320000002, 39.999151499999996], [116.33393209999998, 39.999251099999995]]}}, {"type": "Feature", "id": "RD-00468", "properties": {"id": "RD-00468", "layer": "ROAD_CENTERLINE", "road_class": "secondary", "name_zh": "王庄路", "length_m": 185.5, "source_id": "OSM-DERIVED-CORRIDOR-20260808", "source_type": "osm", "confidence": "medium", "geometry_role": "existing_condition"}, "geometry": {"type": "LineString", "coordinates": [[116.33424130000002, 39.991740300000004], [116.3341942, 39.99260169999999], [116.33415010000002, 39.99340920000001]]}}, {"type": "Feature", "id": "RD-00469", "properties": {"id": "RD-00469", "layer": "ROAD_CENTERLINE", "road_class": "local_access", "name_zh": "", "length_m": 185.1, "source_id": "OSM-DERIVED-CORRIDOR-20260808", "source_type": "osm", "confidence": "medium", "geometry_role": "existing_condition"}, "geometry": {"type": "LineString", "coordinates": [[116.338296, 40.00678889999999], [116.33784050000001, 40.006787], [116.33677840000001, 40.0067824], [116.33677969999998, 40.00656129999999], [116.33678220000002, 40.006392799999986], [116.33678449999998, 40.00628209999999]]}}, {"type": "Feature", "id": "RD-00470", "properties": {"id": "RD-00470", "layer": "ROAD_CENTERLINE", "road_class": "local_access", "name_zh": "逸清南路", "length_m": 249.6, "source_id": "OSM-DERIVED-CORRIDOR-20260808", "source_type": "osm", "confidence": "medium", "geometry_role": "existing_condition"}, "geometry": {"type": "LineString", "coordinates": [[116.3370051, 40.009552299999996], [116.33714550000002, 40.00957359999999], [116.33718949999998, 40.009573], [116.33725669999998, 40.00957220000001], [116.3397555, 40.00959449999999], [116.33992440000002, 40.009606700000006]]}}, {"type": "Feature", "id": "RD-00471", "properties": {"id": "RD-00471", "layer": "ROAD_CENTERLINE", "road_class": "local_access", "name_zh": "", "length_m": 145.9, "source_id": "OSM-DERIVED-CORRIDOR-20260808", "source_type": "osm", "confidence": "medium", "geometry_role": "existing_condition"}, "geometry": {"type": "LineString", "coordinates": [[116.3297117, 39.9819346], [116.32971069999999, 39.9819824], [116.32968129999999, 39.9828833], [116.32966809999999, 39.9832477]]}}, {"type": "Feature", "id": "RD-00472", "properties": {"id": "RD-00472", "layer": "ROAD_CENTERLINE", "road_class": "branch", "name_zh": "北四环西路", "length_m": 126.0, "source_id": "OSM-DERIVED-CORRIDOR-20260808", "source_type": "osm", "confidence": "medium", "geometry_role": "existing_condition"}, "geometry": {"type": "LineString", "coordinates": [[116.3273343, 39.984482], [116.32842360000001, 39.9845417], [116.3288051, 39.9845641]]}}, {"type": "Feature", "id": "RD-00473", "properties": {"id": "RD-00473", "layer": "ROAD_CENTERLINE", "road_class": "local_access", "name_zh": "", "length_m": 243.2, "source_id": "OSM-DERIVED-CORRIDOR-20260808", "source_type": "osm", "confidence": "medium", "geometry_role": "existing_condition"}, "geometry": {"type": "LineString", "coordinates": [[116.33189069999999, 39.9950672], [116.3323022, 39.99506399999999], [116.3323508, 39.9950642], [116.3324232, 39.99506439999999], [116.3330827, 39.9950759], [116.33335780000002, 39.99508070000001], [116.33343070000001, 39.9950505], [116.33344080000002, 39.9946914], [116.3334474, 39.99445759999999], [116.33376610000002, 39.994466899999985], [116.33397250000002, 39.994454399999995]]}}, {"type": "Feature", "id": "RD-00474", "properties": {"id": "RD-00474", "layer": "ROAD_CENTERLINE", "road_class": "local_access", "name_zh": "", "length_m": 161.8, "source_id": "OSM-DERIVED-CORRIDOR-20260808", "source_type": "osm", "confidence": "medium", "geometry_role": "existing_condition"}, "geometry": {"type": "LineString", "coordinates": [[116.3334474, 39.99445759999999], [116.33235609999998, 39.994446700000005], [116.33235540000001, 39.99465849999999], [116.3323508, 39.9950642]]}}, {"type": "Feature", "id": "RD-00475", "properties": {"id": "RD-00475", "layer": "ROAD_CENTERLINE", "road_class": "local_access", "name_zh": "", "length_m": 230.0, "source_id": "OSM-DERIVED-CORRIDOR-20260808", "source_type": "osm", "confidence": "medium", "geometry_role": "existing_condition"}, "geometry": {"type": "MultiLineString", "coordinates": [[[116.33336380000001, 39.99621719999999], [116.33335330000001, 39.9963914], [116.3326315, 39.9963803], [116.33263329999998, 39.99619229999999], [116.33336380000001, 39.99621719999999]], [[116.3338794, 39.996012599999986], [116.3337171, 39.996016799999985], [116.33337310000002, 39.9960151], [116.33336380000001, 39.99621719999999]]]}}, {"type": "Feature", "id": "RD-00476", "properties": {"id": "RD-00476", "layer": "ROAD_CENTERLINE", "road_class": "local_access", "name_zh": "", "length_m": 63.1, "source_id": "OSM-DERIVED-CORRIDOR-20260808", "source_type": "osm", "confidence": "medium", "geometry_role": "existing_condition"}, "geometry": {"type": "LineString", "coordinates": [[116.33337310000002, 39.9960151], [116.3331728, 39.9959988], [116.333135, 39.99597529999999], [116.3331408, 39.9955997]]}}, {"type": "Feature", "id": "RD-00477", "properties": {"id": "RD-00477", "layer": "ROAD_CENTERLINE", "road_class": "local_access", "name_zh": "", "length_m": 46.6, "source_id": "OSM-DERIVED-CORRIDOR-20260808", "source_type": "osm", "confidence": "medium", "geometry_role": "existing_condition"}, "geometry": {"type": "LineString", "coordinates": [[116.33337310000002, 39.9960151], [116.3333823, 39.9955957]]}}, {"type": "Feature", "id": "RD-00478", "properties": {"id": "RD-00478", "layer": "ROAD_CENTERLINE", "road_class": "local_access", "name_zh": "", "length_m": 65.1, "source_id": "OSM-DERIVED-CORRIDOR-20260808", "source_type": "osm", "confidence": "medium", "geometry_role": "existing_condition"}, "geometry": {"type": "LineString", "coordinates": [[116.3332579, 39.99549569999999], [116.33365060000001, 39.99549729999999], [116.3336742, 39.9954045], [116.33392129999999, 39.9954085]]}}, {"type": "Feature", "id": "RD-00479", "properties": {"id": "RD-00479", "layer": "ROAD_CENTERLINE", "road_class": "local_access", "name_zh": "", "length_m": 83.1, "source_id": "OSM-DERIVED-CORRIDOR-20260808", "source_type": "osm", "confidence": "medium", "geometry_role": "existing_condition"}, "geometry": {"type": "LineString", "coordinates": [[116.3339499, 39.996548499999996], [116.3346454, 39.9965533], [116.33464280000001, 39.9967669]]}}, {"type": "Feature", "id": "RD-00480", "properties": {"id": "RD-00480", "layer": "ROAD_CENTERLINE", "road_class": "local_access", "name_zh": "", "length_m": 92.7, "source_id": "OSM-DERIVED-CORRIDOR-20260808", "source_type": "osm", "confidence": "medium", "geometry_role": "existing_condition"}, "geometry": {"type": "LineString", "coordinates": [[116.3351558, 39.997187800000006], [116.335141, 39.997112900000005], [116.33509250000002, 39.99708449999998], [116.3341662, 39.99707179999999]]}}, {"type": "Feature", "id": "RD-00481", "properties": {"id": "RD-00481", "layer": "ROAD_CENTERLINE", "road_class": "local_access", "name_zh": "", "length_m": 120.5, "source_id": "OSM-DERIVED-CORRIDOR-20260808", "source_type": "osm", "confidence": "medium", "geometry_role": "existing_condition"}, "geometry": {"type": "LineString", "coordinates": [[116.3423407, 39.9860394], [116.342507, 39.98604069999998], [116.34328689999998, 39.986047], [116.34328200000002, 39.9864044]]}}, {"type": "Feature", "id": "RD-00482", "properties": {"id": "RD-00482", "layer": "ROAD_CENTERLINE", "road_class": "local_access", "name_zh": "", "length_m": 85.5, "source_id": "OSM-DERIVED-CORRIDOR-20260808", "source_type": "osm", "confidence": "medium", "geometry_role": "existing_condition"}, "geometry": {"type": "LineString", "coordinates": [[116.3385478, 40.0092641], [116.3385077, 40.00929179999999], [116.3384579, 40.009307799999995], [116.33840390000002, 40.0093102], [116.33835200000001, 40.00929869999999], [116.3383099, 40.009276099999994], [116.3382793, 40.0092444], [116.33826329999998, 40.009207], [116.3382637, 40.009167600000005], [116.33828030000001, 40.00913030000001], [116.3383114, 40.0090989], [116.338354, 40.0090768], [116.3384035, 40.00906599999999], [116.33845490000002, 40.00906789999999], [116.3385051, 40.0090831], [116.3385459, 40.0091102], [116.3385726, 40.00914620000001], [116.3385822, 40.00918690000001], [116.3385736, 40.00922779999999], [116.3385478, 40.0092641]]}}, {"type": "Feature", "id": "RD-00483", "properties": {"id": "RD-00483", "layer": "ROAD_CENTERLINE", "road_class": "local_access", "name_zh": "", "length_m": 102.1, "source_id": "OSM-DERIVED-CORRIDOR-20260808", "source_type": "osm", "confidence": "medium", "geometry_role": "existing_condition"}, "geometry": {"type": "LineString", "coordinates": [[116.3385736, 40.00922779999999], [116.33919260000002, 40.00926450000001], [116.3392487, 40.0090437], [116.3395309, 40.009041400000015]]}}, {"type": "Feature", "id": "RD-00484", "properties": {"id": "RD-00484", "layer": "ROAD_CENTERLINE", "road_class": "local_access", "name_zh": "", "length_m": 370.5, "source_id": "OSM-DERIVED-CORRIDOR-20260808", "source_type": "osm", "confidence": "medium", "geometry_role": "existing_condition"}, "geometry": {"type": "LineString", "coordinates": [[116.3415501, 40.006335199999995], [116.34155320000002, 40.0064725], [116.3415458, 40.00676649999999], [116.3415456, 40.00679000000001], [116.34154280000001, 40.007065499999996], [116.34153940000002, 40.00740330000001], [116.3413066, 40.0074073], [116.34049660000001, 40.0074214], [116.34044419999998, 40.0073918], [116.34037429999998, 40.0073622], [116.33958930000001, 40.00737469999999], [116.3389919, 40.00738419999999], [116.3386126, 40.007390199999996]]}}, {"type": "Feature", "id": "RD-00485", "properties": {"id": "RD-00485", "layer": "ROAD_CENTERLINE", "road_class": "local_access", "name_zh": "", "length_m": 404.0, "source_id": "OSM-DERIVED-CORRIDOR-20260808", "source_type": "osm", "confidence": "medium", "geometry_role": "existing_condition"}, "geometry": {"type": "MultiLineString", "coordinates": [[[116.33848469999998, 40.0083438], [116.3394287, 40.008339], [116.3394395, 40.00797279999999], [116.33949630000001, 40.00771959999999], [116.3395405, 40.0075222], [116.33958930000001, 40.00737469999999], [116.339564, 40.00715869999999], [116.3395261, 40.0070731], [116.3394395, 40.006999799999996]], [[116.3394395, 40.006999799999996], [116.3386239, 40.006997], [116.33863290000001, 40.006846399999986], [116.3393854, 40.006847799999996], [116.3394611, 40.00692380000001], [116.3394395, 40.006999799999996]]]}}, {"type": "Feature", "id": "RD-00486", "properties": {"id": "RD-00486", "layer": "ROAD_CENTERLINE", "road_class": "local_access", "name_zh": "", "length_m": 202.7, "source_id": "OSM-DERIVED-CORRIDOR-20260808", "source_type": "osm", "confidence": "medium", "geometry_role": "existing_condition"}, "geometry": {"type": "LineString", "coordinates": [[116.3384844, 40.007782799999994], [116.33949630000001, 40.00771959999999], [116.3404509, 40.0077027], [116.34044419999998, 40.0073918]]}}, {"type": "Feature", "id": "RD-00487", "properties": {"id": "RD-00487", "layer": "ROAD_CENTERLINE", "road_class": "local_access", "name_zh": "", "length_m": 185.4, "source_id": "OSM-DERIVED-CORRIDOR-20260808", "source_type": "osm", "confidence": "medium", "geometry_role": "existing_condition"}, "geometry": {"type": "LineString", "coordinates": [[116.3393854, 40.006847799999996], [116.3396088, 40.0067919], [116.3415456, 40.00679000000001]]}}, {"type": "Feature", "id": "RD-00488", "properties": {"id": "RD-00488", "layer": "ROAD_CENTERLINE", "road_class": "local_access", "name_zh": "", "length_m": 155.8, "source_id": "OSM-DERIVED-CORRIDOR-20260808", "source_type": "osm", "confidence": "medium", "geometry_role": "existing_condition"}, "geometry": {"type": "LineString", "coordinates": [[116.3404509, 40.0077027], [116.3404578, 40.0082857], [116.34043200000002, 40.0083301], [116.3394287, 40.008339]]}}, {"type": "Feature", "id": "RD-00489", "properties": {"id": "RD-00489", "layer": "ROAD_CENTERLINE", "road_class": "local_access", "name_zh": "", "length_m": 23.3, "source_id": "OSM-DERIVED-CORRIDOR-20260808", "source_type": "osm", "confidence": "medium", "geometry_role": "existing_condition"}, "geometry": {"type": "LineString", "coordinates": [[116.3382637, 40.009167600000005], [116.33811179999998, 40.0092048], [116.33810090000001, 40.00929179999999]]}}, {"type": "Feature", "id": "RD-00490", "properties": {"id": "RD-00490", "layer": "ROAD_CENTERLINE", "road_class": "local_access", "name_zh": "", "length_m": 130.6, "source_id": "OSM-DERIVED-CORRIDOR-20260808", "source_type": "osm", "confidence": "medium", "geometry_role": "existing_condition"}, "geometry": {"type": "LineString", "coordinates": [[116.33677969999998, 40.00656129999999], [116.33786989999999, 40.0065731], [116.3383088, 40.006577799999995]]}}, {"type": "Feature", "id": "RD-00491", "properties": {"id": "RD-00491", "layer": "ROAD_CENTERLINE", "road_class": "local_access", "name_zh": "", "length_m": 40.6, "source_id": "OSM-DERIVED-CORRIDOR-20260808", "source_type": "osm", "confidence": "medium", "geometry_role": "existing_condition"}, "geometry": {"type": "LineString", "coordinates": [[116.33786989999999, 40.0065731], [116.33784050000001, 40.006787], [116.33783539999999, 40.00693749999999]]}}, {"type": "Feature", "id": "RD-00492", "properties": {"id": "RD-00492", "layer": "ROAD_CENTERLINE", "road_class": "local_access", "name_zh": "", "length_m": 143.0, "source_id": "OSM-DERIVED-CORRIDOR-20260808", "source_type": "osm", "confidence": "medium", "geometry_role": "existing_condition"}, "geometry": {"type": "LineString", "coordinates": [[116.3361812, 40.00791449999999], [116.3362844, 40.00787119999999], [116.33634240000002, 40.007846900000004], [116.33643750000002, 40.0078071], [116.3364714, 40.007793], [116.3365568, 40.00779519999999], [116.3366301, 40.00779430000001], [116.33739880000002, 40.007775], [116.33750890000002, 40.007885599999994], [116.33752330000002, 40.00806659999999]]}}, {"type": "Feature", "id": "RD-00493", "properties": {"id": "RD-00493", "layer": "ROAD_CENTERLINE", "road_class": "local_access", "name_zh": "", "length_m": 543.3, "source_id": "OSM-DERIVED-CORRIDOR-20260808", "source_type": "osm", "confidence": "medium", "geometry_role": "existing_condition"}, "geometry": {"type": "LineString", "coordinates": [[116.3382876, 40.00710250000001], [116.33827960000002, 40.007058199999996], [116.3382469, 40.00702689999999], [116.33663730000002, 40.00700750000001], [116.3366301, 40.00779430000001], [116.3368268, 40.00805], [116.33713000000002, 40.0083361], [116.337305, 40.008358199999996], [116.3380989, 40.0083555], [116.33823290000001, 40.00834710000001], [116.3382694, 40.0083332], [116.3382921, 40.008303000000005], [116.3382876, 40.00710250000001]]}}, {"type": "Feature", "id": "RD-00494", "properties": {"id": "RD-00494", "layer": "ROAD_CENTERLINE", "road_class": "local_access", "name_zh": "", "length_m": 288.4, "source_id": "OSM-DERIVED-CORRIDOR-20260808", "source_type": "osm", "confidence": "medium", "geometry_role": "existing_condition"}, "geometry": {"type": "LineString", "coordinates": [[116.33589300000001, 40.0065666], [116.3359853, 40.0067721], [116.3360066, 40.0068188], [116.33617500000001, 40.00718330000001], [116.3363894, 40.00758689999999], [116.33643750000002, 40.0078071], [116.336546, 40.0079045], [116.337087, 40.0089834]]}}, {"type": "Feature", "id": "RD-00495", "properties": {"id": "RD-00495", "layer": "ROAD_CENTERLINE", "road_class": "local_access", "name_zh": "迎夏街", "length_m": 145.7, "source_id": "OSM-DERIVED-CORRIDOR-20260808", "source_type": "osm", "confidence": "medium", "geometry_role": "existing_condition"}, "geometry": {"type": "LineString", "coordinates": [[116.3335452, 39.974853], [116.3318395, 39.974876399999985]]}}, {"type": "Feature", "id": "RD-00496", "properties": {"id": "RD-00496", "layer": "ROAD_CENTERLINE", "road_class": "branch", "name_zh": "星规路", "length_m": 122.9, "source_id": "OSM-DERIVED-CORRIDOR-20260808", "source_type": "osm", "confidence": "medium", "geometry_role": "existing_condition"}, "geometry": {"type": "LineString", "coordinates": [[116.327698, 39.9768436], [116.3287922, 39.9768776], [116.3289835, 39.97688360000001], [116.32913590000001, 39.9768887]]}}, {"type": "Feature", "id": "RD-00497", "properties": {"id": "RD-00497", "layer": "ROAD_CENTERLINE", "road_class": "secondary", "name_zh": "高梁桥斜街", "length_m": 65.2, "source_id": "OSM-DERIVED-CORRIDOR-20260808", "source_type": "osm", "confidence": "medium", "geometry_role": "existing_condition"}, "geometry": {"type": "LineString", "coordinates": [[116.34446679999999, 39.94258510000001], [116.34472999999998, 39.94243600000001], [116.34482050000001, 39.94235499999999], [116.34493400000001, 39.9422397], [116.3449998, 39.94217280000001]]}}, {"type": "Feature", "id": "RD-00498", "properties": {"id": "RD-00498", "layer": "ROAD_CENTERLINE", "road_class": "local_access", "name_zh": "", "length_m": 154.4, "source_id": "OSM-DERIVED-CORRIDOR-20260808", "source_type": "osm", "confidence": "medium", "geometry_role": "existing_condition"}, "geometry": {"type": "MultiLineString", "coordinates": [[[116.33400800000001, 39.99379499999999], [116.3333408, 39.9937786]], [[116.3333408, 39.9937786], [116.33295420000002, 39.993774800000004], [116.33295879999999, 39.99363209999999], [116.3333453, 39.993639400000006], [116.3333408, 39.9937786]]]}}, {"type": "Feature", "id": "RD-00499", "properties": {"id": "RD-00499", "layer": "ROAD_CENTERLINE", "road_class": "local_access", "name_zh": "", "length_m": 119.1, "source_id": "OSM-DERIVED-CORRIDOR-20260808", "source_type": "osm", "confidence": "medium", "geometry_role": "existing_condition"}, "geometry": {"type": "LineString", "coordinates": [[116.3380249, 39.9950843], [116.33800390000002, 39.9957405], [116.3379906, 39.996156500000005]]}}, {"type": "Feature", "id": "RD-00500", "properties": {"id": "RD-00500", "layer": "ROAD_CENTERLINE", "road_class": "local_access", "name_zh": "", "length_m": 180.1, "source_id": "OSM-DERIVED-CORRIDOR-20260808", "source_type": "osm", "confidence": "medium", "geometry_role": "existing_condition"}, "geometry": {"type": "LineString", "coordinates": [[116.34028450000001, 39.99654180000001], [116.34027150000001, 39.9973071], [116.33915730000001, 39.9973089]]}}, {"type": "Feature", "id": "RD-00501", "properties": {"id": "RD-00501", "layer": "ROAD_CENTERLINE", "road_class": "local_access", "name_zh": "", "length_m": 126.0, "source_id": "OSM-DERIVED-CORRIDOR-20260808", "source_type": "osm", "confidence": "medium", "geometry_role": "existing_condition"}, "geometry": {"type": "LineString", "coordinates": [[116.3419657, 39.9968986], [116.34185029999999, 39.9969035], [116.34104539999998, 39.99689109999999], [116.34049060000001, 39.9968826]]}}, {"type": "Feature", "id": "RD-00502", "properties": {"id": "RD-00502", "layer": "ROAD_CENTERLINE", "road_class": "local_access", "name_zh": "", "length_m": 100.5, "source_id": "OSM-DERIVED-CORRIDOR-20260808", "source_type": "osm", "confidence": "medium", "geometry_role": "existing_condition"}, "geometry": {"type": "LineString", "coordinates": [[116.34104539999998, 39.99689109999999], [116.34099700000002, 39.9969437], [116.3409408, 39.997069800000006], [116.34090130000001, 39.997776699999996]]}}, {"type": "Feature", "id": "RD-00503", "properties": {"id": "RD-00503", "layer": "ROAD_CENTERLINE", "road_class": "secondary", "name_zh": "月泉路", "length_m": 428.4, "source_id": "OSM-DERIVED-CORRIDOR-20260808", "source_type": "osm", "confidence": "medium", "geometry_role": "existing_condition"}, "geometry": {"type": "LineString", "coordinates": [[116.3263947, 40.01274149999999], [116.3263785, 40.01281430000001], [116.3263907, 40.0128696], [116.32641530000001, 40.0129134], [116.3264691, 40.012943799999995], [116.3265815, 40.012980699999986], [116.3273687, 40.0132282], [116.3277469, 40.013341999999994], [116.3281393, 40.0134073], [116.3287233, 40.0134701], [116.32939990000001, 40.01348240000001], [116.3295557, 40.01348550000001], [116.3309346, 40.0135139], [116.3309761, 40.013512], [116.33107169999998, 40.01351320000001]]}}, {"type": "Feature", "id": "RD-00504", "properties": {"id": "RD-00504", "layer": "ROAD_CENTERLINE", "road_class": "branch", "name_zh": "朱房路", "length_m": 235.4, "source_id": "OSM-DERIVED-CORRIDOR-20260808", "source_type": "osm", "confidence": "medium", "geometry_role": "existing_condition"}, "geometry": {"type": "MultiLineString", "coordinates": [[[116.31551260000002, 40.029178299999984], [116.3161667124431, 40.02928464249129]], [[116.31635666155192, 40.029315522761955], [116.3166241, 40.02935899999999], [116.31826539999999, 40.0296274], [116.31840070000001, 40.029649499999984]]]}}, {"type": "Feature", "id": "RD-00505", "properties": {"id": "RD-00505", "layer": "ROAD_CENTERLINE", "road_class": "secondary", "name_zh": "学院南路", "length_m": 81.7, "source_id": "OSM-DERIVED-CORRIDOR-20260808", "source_type": "osm", "confidence": "medium", "geometry_role": "existing_condition"}, "geometry": {"type": "LineString", "coordinates": [[116.34838720000002, 39.95678839999999], [116.34743220000001, 39.956818600000005]]}}, {"type": "Feature", "id": "RD-00506", "properties": {"id": "RD-00506", "layer": "ROAD_CENTERLINE", "road_class": "branch", "name_zh": "西土城路", "length_m": 199.9, "source_id": "OSM-DERIVED-CORRIDOR-20260808", "source_type": "osm", "confidence": "medium", "geometry_role": "existing_condition"}, "geometry": {"type": "LineString", "coordinates": [[116.3473934, 39.95841660000001], [116.34754800000002, 39.9581113], [116.3482695, 39.95695939999999], [116.3482994, 39.9569117], [116.34838720000002, 39.95678839999999]]}}, {"type": "Feature", "id": "RD-00507", "properties": {"id": "RD-00507", "layer": "ROAD_CENTERLINE", "road_class": "local_access", "name_zh": "", "length_m": 149.8, "source_id": "OSM-DERIVED-CORRIDOR-20260808", "source_type": "osm", "confidence": "medium", "geometry_role": "existing_condition"}, "geometry": {"type": "LineString", "coordinates": [[116.33878670000001, 39.9957478], [116.33878800000001, 39.99625549999999], [116.33843249999998, 39.996255999999995], [116.3382694, 39.996140999999994], [116.33827160000001, 39.99574299999999]]}}, {"type": "Feature", "id": "RD-00508", "properties": {"id": "RD-00508", "layer": "ROAD_CENTERLINE", "road_class": "local_access", "name_zh": "", "length_m": 254.0, "source_id": "OSM-DERIVED-CORRIDOR-20260808", "source_type": "osm", "confidence": "medium", "geometry_role": "existing_condition"}, "geometry": {"type": "LineString", "coordinates": [[116.33359120000001, 40.0079421], [116.3336793, 40.0079464], [116.3345121, 40.00795409999999], [116.33451119999998, 40.008639099999996], [116.33450999999998, 40.009461899999984], [116.33451050000001, 40.009470599999986], [116.33451380000001, 40.0095328]]}}, {"type": "Feature", "id": "RD-00509", "properties": {"id": "RD-00509", "layer": "ROAD_CENTERLINE", "road_class": "branch", "name_zh": "北四环中路", "length_m": 79.1, "source_id": "OSM-DERIVED-CORRIDOR-20260808", "source_type": "osm", "confidence": "medium", "geometry_role": "existing_condition"}, "geometry": {"type": "LineString", "coordinates": [[116.3451442, 39.985636199999995], [116.3444762, 39.9856109], [116.34421959999999, 39.9856054]]}}, {"type": "Feature", "id": "RD-00510", "properties": {"id": "RD-00510", "layer": "ROAD_CENTERLINE", "road_class": "branch", "name_zh": "学院路", "length_m": 195.2, "source_id": "OSM-DERIVED-CORRIDOR-20260808", "source_type": "osm", "confidence": "medium", "geometry_role": "existing_condition"}, "geometry": {"type": "LineString", "coordinates": [[116.3468868, 39.9877319], [116.34688799999999, 39.9876208], [116.34695120000002, 39.9860032], [116.3469523, 39.9859749]]}}, {"type": "Feature", "id": "RD-00511", "properties": {"id": "RD-00511", "layer": "ROAD_CENTERLINE", "road_class": "expressway", "name_zh": "北三环", "length_m": 256.6, "source_id": "OSM-DERIVED-CORRIDOR-20260808", "source_type": "osm", "confidence": "medium", "geometry_role": "existing_condition"}, "geometry": {"type": "LineString", "coordinates": [[116.3392705, 39.966203699999994], [116.3422739, 39.96622629999999]]}}, {"type": "Feature", "id": "RD-00512", "properties": {"id": "RD-00512", "layer": "ROAD_CENTERLINE", "road_class": "arterial", "name_zh": "知春路", "length_m": 425.4, "source_id": "OSM-DERIVED-CORRIDOR-20260808", "source_type": "osm", "confidence": "medium", "geometry_role": "existing_condition"}, "geometry": {"type": "MultiLineString", "coordinates": [[[116.33367649999998, 39.97511829999999], [116.33182010000002, 39.9751624]], [[116.33730760000002, 39.975144300000004], [116.3343139, 39.9751148], [116.3341852315392, 39.97511550680833]]]}}, {"type": "Feature", "id": "RD-00513", "properties": {"id": "RD-00513", "layer": "ROAD_CENTERLINE", "road_class": "branch", "name_zh": "知春路", "length_m": 174.4, "source_id": "OSM-DERIVED-CORRIDOR-20260808", "source_type": "osm", "confidence": "medium", "geometry_role": "existing_condition"}, "geometry": {"type": "LineString", "coordinates": [[116.3318237, 39.97522359999999], [116.33043860000001, 39.975246999999996], [116.33006509999998, 39.9752595], [116.3297828, 39.975268899999996]]}}, {"type": "Feature", "id": "RD-00514", "properties": {"id": "RD-00514", "layer": "ROAD_CENTERLINE", "road_class": "branch", "name_zh": "文慧园路", "length_m": 221.1, "source_id": "OSM-DERIVED-CORRIDOR-20260808", "source_type": "osm", "confidence": "medium", "geometry_role": "existing_condition"}, "geometry": {"type": "LineString", "coordinates": [[116.34952460000001, 39.950605499999995], [116.3503379, 39.95064579999999], [116.3509612, 39.95068630000001], [116.3514322, 39.9507815], [116.3520834, 39.95086559999999]]}}, {"type": "Feature", "id": "RD-00515", "properties": {"id": "RD-00515", "layer": "ROAD_CENTERLINE", "road_class": "branch", "name_zh": "西土城路", "length_m": 147.1, "source_id": "OSM-DERIVED-CORRIDOR-20260808", "source_type": "osm", "confidence": "medium", "geometry_role": "existing_condition"}, "geometry": {"type": "LineString", "coordinates": [[116.34720630000001, 39.9651893], [116.3470514, 39.96423659999999], [116.3469898, 39.9638749]]}}, {"type": "Feature", "id": "RD-00516", "properties": {"id": "RD-00516", "layer": "ROAD_CENTERLINE", "road_class": "branch", "name_zh": "北三环西路", "length_m": 82.0, "source_id": "OSM-DERIVED-CORRIDOR-20260808", "source_type": "osm", "confidence": "medium", "geometry_role": "existing_condition"}, "geometry": {"type": "LineString", "coordinates": [[116.3331608, 39.9660597], [116.33332600000001, 39.9660609], [116.33412019999999, 39.9660669]]}}, {"type": "Feature", "id": "RD-00517", "properties": {"id": "RD-00517", "layer": "ROAD_CENTERLINE", "road_class": "local_access", "name_zh": "", "length_m": 153.7, "source_id": "OSM-DERIVED-CORRIDOR-20260808", "source_type": "osm", "confidence": "medium", "geometry_role": "existing_condition"}, "geometry": {"type": "LineString", "coordinates": [[116.3295185, 40.0238055], [116.3294727, 40.0251892]]}}, {"type": "Feature", "id": "RD-00518", "properties": {"id": "RD-00518", "layer": "ROAD_CENTERLINE", "road_class": "local_access", "name_zh": "", "length_m": 148.5, "source_id": "OSM-DERIVED-CORRIDOR-20260808", "source_type": "osm", "confidence": "medium", "geometry_role": "existing_condition"}, "geometry": {"type": "LineString", "coordinates": [[116.3289152, 40.0251799], [116.3294727, 40.0251892], [116.33065480000002, 40.02520899999999]]}}, {"type": "Feature", "id": "RD-00519", "properties": {"id": "RD-00519", "layer": "ROAD_CENTERLINE", "road_class": "branch", "name_zh": "西直门北大街", "length_m": 92.3, "source_id": "OSM-DERIVED-CORRIDOR-20260808", "source_type": "osm", "confidence": "medium", "geometry_role": "existing_condition"}, "geometry": {"type": "LineString", "coordinates": [[116.34951380000001, 39.949312299999995], [116.34973850000002, 39.9484994]]}}, {"type": "Feature", "id": "RD-00520", "properties": {"id": "RD-00520", "layer": "ROAD_CENTERLINE", "road_class": "branch", "name_zh": "西直门北大街", "length_m": 89.0, "source_id": "OSM-DERIVED-CORRIDOR-20260808", "source_type": "osm", "confidence": "medium", "geometry_role": "existing_condition"}, "geometry": {"type": "LineString", "coordinates": [[116.3502978, 39.94591389999999], [116.35029569999999, 39.9464179], [116.35029489999998, 39.94671550000001]]}}, {"type": "Feature", "id": "RD-00521", "properties": {"id": "RD-00521", "layer": "ROAD_CENTERLINE", "road_class": "branch", "name_zh": "北四环中路", "length_m": 68.1, "source_id": "OSM-DERIVED-CORRIDOR-20260808", "source_type": "osm", "confidence": "medium", "geometry_role": "existing_condition"}, "geometry": {"type": "LineString", "coordinates": [[116.3377852, 39.9849792], [116.3385813, 39.9850134]]}}, {"type": "Feature", "id": "RD-00522", "properties": {"id": "RD-00522", "layer": "ROAD_CENTERLINE", "road_class": "branch", "name_zh": "大运村路", "length_m": 275.2, "source_id": "OSM-DERIVED-CORRIDOR-20260808", "source_type": "osm", "confidence": "medium", "geometry_role": "existing_condition"}, "geometry": {"type": "LineString", "coordinates": [[116.33730489999999, 39.9752203], [116.33722939999998, 39.9752668], [116.33713689999999, 39.975329499999994], [116.3369036, 39.97548549999999], [116.3366783, 39.9756361], [116.3364664, 39.9757778], [116.33589990000002, 39.976179], [116.33572980000001, 39.97636349999999], [116.3357195, 39.9763747], [116.33559090000001, 39.976586799999986], [116.3353997, 39.9770572], [116.33537700000001, 39.977121499999996]]}}, {"type": "Feature", "id": "RD-00523", "properties": {"id": "RD-00523", "layer": "ROAD_CENTERLINE", "road_class": "branch", "name_zh": "北四环中路", "length_m": 72.2, "source_id": "OSM-DERIVED-CORRIDOR-20260808", "source_type": "osm", "confidence": "medium", "geometry_role": "existing_condition"}, "geometry": {"type": "LineString", "coordinates": [[116.3389635, 39.98547349999999], [116.33811989999998, 39.98543149999999]]}}, {"type": "Feature", "id": "RD-00524", "properties": {"id": "RD-00524", "layer": "ROAD_CENTERLINE", "road_class": "local_access", "name_zh": "北林银杏大道", "length_m": 111.9, "source_id": "OSM-DERIVED-CORRIDOR-20260808", "source_type": "osm", "confidence": "medium", "geometry_role": "existing_condition"}, "geometry": {"type": "LineString", "coordinates": [[116.33704420000001, 40.000464199999996], [116.33708469999999, 39.99958110000001], [116.3370867, 39.99954069999999], [116.33709220000001, 39.9994574]]}}, {"type": "Feature", "id": "RD-00525", "properties": {"id": "RD-00525", "layer": "ROAD_CENTERLINE", "road_class": "branch", "name_zh": "", "length_m": 96.6, "source_id": "OSM-DERIVED-CORRIDOR-20260808", "source_type": "osm", "confidence": "medium", "geometry_role": "existing_condition"}, "geometry": {"type": "LineString", "coordinates": [[116.3236024, 40.029632400000004], [116.3236122, 40.029344], [116.3238643, 40.028795800000005]]}}, {"type": "Feature", "id": "RD-00526", "properties": {"id": "RD-00526", "layer": "ROAD_CENTERLINE", "road_class": "local_access", "name_zh": "", "length_m": 301.1, "source_id": "OSM-DERIVED-CORRIDOR-20260808", "source_type": "osm", "confidence": "medium", "geometry_role": "existing_condition"}, "geometry": {"type": "LineString", "coordinates": [[116.3508246, 39.9451248], [116.35083830000002, 39.94604330000001], [116.35083870000001, 39.9460537], [116.35084, 39.9460644], [116.35084210000001, 39.9460742], [116.35084470000001, 39.94608399999999], [116.3508463, 39.94608890000001], [116.3508482, 39.9460938], [116.35085010000002, 39.94609729999999], [116.3508524, 39.94610110000001], [116.3508551, 39.946104500000004], [116.35085820000002, 39.9461078], [116.35086340000001, 39.94611270000001], [116.35086930000001, 39.94611749999999], [116.3508728, 39.9461197], [116.35087710000002, 39.946121899999994], [116.3508816, 39.94612349999999], [116.35088679999998, 39.946124999999995], [116.35089180000001, 39.94612599999999], [116.3508968, 39.94612659999999], [116.3509018, 39.9461271], [116.3509075, 39.94612750000001], [116.3509184, 39.9461282], [116.3509301, 39.9461285], [116.3512225, 39.94612849999999], [116.3512343, 39.94612800000001], [116.3512462, 39.9461266], [116.351257, 39.94612479999999], [116.3512676, 39.94612209999999], [116.3512734, 39.9461196], [116.3512781, 39.9461168], [116.3512826, 39.946113], [116.3512862, 39.9461091], [116.35128960000002, 39.9461045], [116.35129269999999, 39.9460999], [116.35129570000001, 39.946094899999984], [116.3512984, 39.94609], [116.35130010000002, 39.94608560000001], [116.3513018, 39.9460812], [116.35130380000001, 39.9460719], [116.3513048, 39.946062999999995], [116.35130500000001, 39.9460539], [116.3513053, 39.9459402], [116.3513599, 39.94585440000001], [116.3513546, 39.94473800000001]]}}, {"type": "Feature", "id": "RD-00527", "properties": {"id": "RD-00527", "layer": "ROAD_CENTERLINE", "road_class": "local_access", "name_zh": "", "length_m": 43.0, "source_id": "OSM-DERIVED-CORRIDOR-20260808", "source_type": "osm", "confidence": "medium", "geometry_role": "existing_condition"}, "geometry": {"type": "LineString", "coordinates": [[116.3508187, 39.944737499999995], [116.3508246, 39.9451248]]}}, {"type": "Feature", "id": "RD-00528", "properties": {"id": "RD-00528", "layer": "ROAD_CENTERLINE", "road_class": "local_access", "name_zh": "", "length_m": 172.4, "source_id": "OSM-DERIVED-CORRIDOR-20260808", "source_type": "osm", "confidence": "medium", "geometry_role": "existing_condition"}, "geometry": {"type": "LineString", "coordinates": [[116.3526465, 39.9439616], [116.3531239, 39.944113200000004], [116.35312700000001, 39.9445812], [116.3531244, 39.944811], [116.3531248, 39.9449291], [116.3531262, 39.944958099999994], [116.353128, 39.9449858], [116.35312970000001, 39.94500219999999], [116.35313180000001, 39.9450167], [116.35313420000001, 39.94503120000001], [116.3531374, 39.9450457], [116.3531415, 39.9450604], [116.3531464, 39.94507500000001], [116.3531575, 39.945103800000005], [116.3531694, 39.9451326], [116.3531823, 39.945161700000014], [116.35319549999998, 39.9451896], [116.353209, 39.945217799999995], [116.3532271, 39.94525670000001]]}}, {"type": "Feature", "id": "RD-00529", "properties": {"id": "RD-00529", "layer": "ROAD_CENTERLINE", "road_class": "local_access", "name_zh": "小区内部路", "length_m": 69.0, "source_id": "OSM-DERIVED-CORRIDOR-20260808", "source_type": "osm", "confidence": "medium", "geometry_role": "existing_condition"}, "geometry": {"type": "LineString", "coordinates": [[116.35135080000002, 39.944118800000005], [116.3513615, 39.9441325], [116.3513546, 39.94473800000001]]}}, {"type": "Feature", "id": "RD-00530", "properties": {"id": "RD-00530", "layer": "ROAD_CENTERLINE", "road_class": "branch", "name_zh": "中关村东路", "length_m": 849.2, "source_id": "OSM-DERIVED-CORRIDOR-20260808", "source_type": "osm", "confidence": "medium", "geometry_role": "existing_condition"}, "geometry": {"type": "LineString", "coordinates": [[116.327698, 39.9768436], [116.3276637, 39.97753869999999], [116.32749830000002, 39.97988779999999], [116.327472, 39.98141840000001], [116.3273755, 39.9833702], [116.3274103, 39.98358809999998], [116.327351, 39.984348399999995], [116.3273343, 39.984482]]}}, {"type": "Feature", "id": "RD-00531", "properties": {"id": "RD-00531", "layer": "ROAD_CENTERLINE", "road_class": "local_access", "name_zh": "", "length_m": 255.9, "source_id": "OSM-DERIVED-CORRIDOR-20260808", "source_type": "osm", "confidence": "medium", "geometry_role": "existing_condition"}, "geometry": {"type": "LineString", "coordinates": [[116.3312827, 39.98939279999999], [116.3313514, 39.98939560000001], [116.3318255, 39.98941489999999], [116.3318926, 39.98941639999999], [116.332028, 39.9894235], [116.3322337, 39.9894344], [116.3324741, 39.98944060000001], [116.3338017, 39.989475], [116.33415559999999, 39.989481100000006], [116.3342761, 39.989483699999994]]}}, {"type": "Feature", "id": "RD-00532", "properties": {"id": "RD-00532", "layer": "ROAD_CENTERLINE", "road_class": "branch", "name_zh": "北三环西路", "length_m": 52.8, "source_id": "OSM-DERIVED-CORRIDOR-20260808", "source_type": "osm", "confidence": "medium", "geometry_role": "existing_condition"}, "geometry": {"type": "LineString", "coordinates": [[116.3467493, 39.9665093], [116.34619820000002, 39.9665059], [116.3461315, 39.9665055]]}}, {"type": "Feature", "id": "RD-00533", "properties": {"id": "RD-00533", "layer": "ROAD_CENTERLINE", "road_class": "branch", "name_zh": "四道口路", "length_m": 510.9, "source_id": "OSM-DERIVED-CORRIDOR-20260808", "source_type": "osm", "confidence": "medium", "geometry_role": "existing_condition"}, "geometry": {"type": "LineString", "coordinates": [[116.3400019, 39.9568857], [116.33996590000001, 39.956957800000005], [116.339942, 39.957005699999996], [116.3386537, 39.959586], [116.3384001, 39.95988270000001], [116.3382732, 39.9600112], [116.33819459999998, 39.96008089999999], [116.33796100000002, 39.9602736], [116.3371701, 39.96084669999999]]}}, {"type": "Feature", "id": "RD-00534", "properties": {"id": "RD-00534", "layer": "ROAD_CENTERLINE", "road_class": "local_access", "name_zh": "", "length_m": 29.1, "source_id": "OSM-DERIVED-CORRIDOR-20260808", "source_type": "osm", "confidence": "medium", "geometry_role": "existing_condition"}, "geometry": {"type": "LineString", "coordinates": [[116.34748780000001, 39.956719400000004], [116.34748900000001, 39.956652099999985], [116.3474996, 39.9564572]]}}, {"type": "Feature", "id": "RD-00535", "properties": {"id": "RD-00535", "layer": "ROAD_CENTERLINE", "road_class": "expressway", "name_zh": "北二环", "length_m": 206.9, "source_id": "OSM-DERIVED-CORRIDOR-20260808", "source_type": "osm", "confidence": "medium", "geometry_role": "existing_condition"}, "geometry": {"type": "LineString", "coordinates": [[116.3527348, 39.943313700000004], [116.35169790000002, 39.9430311], [116.3507198, 39.9427544], [116.3505961, 39.94271710000001], [116.35049280000001, 39.94268460000001], [116.3504611, 39.942674]]}}, {"type": "Feature", "id": "RD-00536", "properties": {"id": "RD-00536", "layer": "ROAD_CENTERLINE", "road_class": "branch", "name_zh": "德胜门西大街", "length_m": 29.8, "source_id": "OSM-DERIVED-CORRIDOR-20260808", "source_type": "osm", "confidence": "medium", "geometry_role": "existing_condition"}, "geometry": {"type": "LineString", "coordinates": [[116.35315160000002, 39.943552899999986], [116.3529016, 39.943483699999994], [116.3528238, 39.9434609]]}}, {"type": "Feature", "id": "RD-00537", "properties": {"id": "RD-00537", "layer": "ROAD_CENTERLINE", "road_class": "branch", "name_zh": "大运村路", "length_m": 96.0, "source_id": "OSM-DERIVED-CORRIDOR-20260808", "source_type": "osm", "confidence": "medium", "geometry_role": "existing_condition"}, "geometry": {"type": "LineString", "coordinates": [[116.33456960000001, 39.9837833], [116.3346456, 39.9838624], [116.33465180000002, 39.98455200000001], [116.33465210000001, 39.98459110000001], [116.33464960000002, 39.98462889999999]]}}, {"type": "Feature", "id": "RD-00538", "properties": {"id": "RD-00538", "layer": "ROAD_CENTERLINE", "road_class": "local_access", "name_zh": "笑祖北路", "length_m": 76.2, "source_id": "OSM-DERIVED-CORRIDOR-20260808", "source_type": "osm", "confidence": "medium", "geometry_role": "existing_condition"}, "geometry": {"type": "LineString", "coordinates": [[116.3471318, 39.95059020000001], [116.3470998, 39.950226400000005], [116.3471308, 39.9499061]]}}, {"type": "Feature", "id": "RD-00539", "properties": {"id": "RD-00539", "layer": "ROAD_CENTERLINE", "road_class": "branch", "name_zh": "中关村南四街", "length_m": 93.5, "source_id": "OSM-DERIVED-CORRIDOR-20260808", "source_type": "osm", "confidence": "medium", "geometry_role": "existing_condition"}, "geometry": {"type": "LineString", "coordinates": [[116.32801919999999, 39.9822849], [116.3281147, 39.98144580000001]]}}, {"type": "Feature", "id": "RD-00540", "properties": {"id": "RD-00540", "layer": "ROAD_CENTERLINE", "road_class": "branch", "name_zh": "", "length_m": 37.4, "source_id": "OSM-DERIVED-CORRIDOR-20260808", "source_type": "osm", "confidence": "medium", "geometry_role": "existing_condition"}, "geometry": {"type": "LineString", "coordinates": [[116.34653888882502, 39.94140775002042], [116.3465935656939, 39.941419207214956], [116.34664506882922, 39.941429999346525], [116.34675278410191, 39.94145257026426], [116.34696099999998, 39.94149620000001]]}}, {"type": "Feature", "id": "RD-00541", "properties": {"id": "RD-00541", "layer": "ROAD_CENTERLINE", "road_class": "local_access", "name_zh": "", "length_m": 183.9, "source_id": "OSM-DERIVED-CORRIDOR-20260808", "source_type": "osm", "confidence": "medium", "geometry_role": "existing_condition"}, "geometry": {"type": "LineString", "coordinates": [[116.3323378, 39.986221699999994], [116.33291010000002, 39.986278], [116.3330357, 39.9862517], [116.3334297, 39.98630699999998], [116.3339961, 39.986386399999994], [116.33412040000002, 39.98645069999999], [116.3342046, 39.986454499999994], [116.3343292, 39.9864601], [116.3344396, 39.9864627]]}}, {"type": "Feature", "id": "RD-00542", "properties": {"id": "RD-00542", "layer": "ROAD_CENTERLINE", "road_class": "local_access", "name_zh": "", "length_m": 198.4, "source_id": "OSM-DERIVED-CORRIDOR-20260808", "source_type": "osm", "confidence": "medium", "geometry_role": "existing_condition"}, "geometry": {"type": "LineString", "coordinates": [[116.3321594, 39.987432899999995], [116.3323627, 39.987470999999985], [116.3327294, 39.98759809999999], [116.3327123, 39.9883757], [116.33341230000002, 39.98839099999999]]}}, {"type": "Feature", "id": "RD-00543", "properties": {"id": "RD-00543", "layer": "ROAD_CENTERLINE", "road_class": "local_access", "name_zh": "", "length_m": 159.3, "source_id": "OSM-DERIVED-CORRIDOR-20260808", "source_type": "osm", "confidence": "medium", "geometry_role": "existing_condition"}, "geometry": {"type": "LineString", "coordinates": [[116.33112250000002, 39.9805504], [116.3311646, 39.980258400000004], [116.3311885, 39.980092899999995], [116.3312743, 39.9791204]]}}, {"type": "Feature", "id": "RD-00544", "properties": {"id": "RD-00544", "layer": "ROAD_CENTERLINE", "road_class": "branch", "name_zh": "大运村路", "length_m": 93.5, "source_id": "OSM-DERIVED-CORRIDOR-20260808", "source_type": "osm", "confidence": "medium", "geometry_role": "existing_condition"}, "geometry": {"type": "LineString", "coordinates": [[116.33454320000001, 39.98462469999998], [116.33454499999999, 39.98458719999999], [116.33454619999999, 39.9845477], [116.33456960000001, 39.9837833]]}}, {"type": "Feature", "id": "RD-00545", "properties": {"id": "RD-00545", "layer": "ROAD_CENTERLINE", "road_class": "branch", "name_zh": "学清路", "length_m": 292.9, "source_id": "OSM-DERIVED-CORRIDOR-20260808", "source_type": "osm", "confidence": "medium", "geometry_role": "existing_condition"}, "geometry": {"type": "LineString", "coordinates": [[116.3461337, 40.0063353], [116.34600269999999, 40.00619350000001], [116.3459791, 40.0061679], [116.34599030000001, 40.0058585], [116.34601260000001, 40.0052401], [116.34602330000001, 40.004946399999994], [116.3460284, 40.004804], [116.34604769999999, 40.004656600000004], [116.34608660000002, 40.0037372]]}}, {"type": "Feature", "id": "RD-00546", "properties": {"id": "RD-00546", "layer": "ROAD_CENTERLINE", "road_class": "local_access", "name_zh": "", "length_m": 237.6, "source_id": "OSM-DERIVED-CORRIDOR-20260808", "source_type": "osm", "confidence": "medium", "geometry_role": "existing_condition"}, "geometry": {"type": "LineString", "coordinates": [[116.3400127, 40.0044068], [116.34139810000002, 40.004402799999994], [116.342596, 40.0044112], [116.34279560000002, 40.00440999999999]]}}, {"type": "Feature", "id": "RD-00547", "properties": {"id": "RD-00547", "layer": "ROAD_CENTERLINE", "road_class": "local_access", "name_zh": "", "length_m": 72.5, "source_id": "OSM-DERIVED-CORRIDOR-20260808", "source_type": "osm", "confidence": "medium", "geometry_role": "existing_condition"}, "geometry": {"type": "LineString", "coordinates": [[116.33693140000001, 39.99657549999999], [116.3377797, 39.9966027]]}}, {"type": "Feature", "id": "RD-00548", "properties": {"id": "RD-00548", "layer": "ROAD_CENTERLINE", "road_class": "local_access", "name_zh": "", "length_m": 115.1, "source_id": "OSM-DERIVED-CORRIDOR-20260808", "source_type": "osm", "confidence": "medium", "geometry_role": "existing_condition"}, "geometry": {"type": "LineString", "coordinates": [[116.3368865, 39.99761180000001], [116.33693140000001, 39.99657549999999]]}}, {"type": "Feature", "id": "RD-00549", "properties": {"id": "RD-00549", "layer": "ROAD_CENTERLINE", "road_class": "local_access", "name_zh": "", "length_m": 91.0, "source_id": "OSM-DERIVED-CORRIDOR-20260808", "source_type": "osm", "confidence": "medium", "geometry_role": "existing_condition"}, "geometry": {"type": "LineString", "coordinates": [[116.3377072, 39.9976685], [116.3387694, 39.997734200000004]]}}, {"type": "Feature", "id": "RD-00550", "properties": {"id": "RD-00550", "layer": "ROAD_CENTERLINE", "road_class": "local_access", "name_zh": "", "length_m": 108.8, "source_id": "OSM-DERIVED-CORRIDOR-20260808", "source_type": "osm", "confidence": "medium", "geometry_role": "existing_condition"}, "geometry": {"type": "LineString", "coordinates": [[116.33810090000001, 39.997315199999996], [116.33812229999998, 39.99692480000001], [116.33814380000001, 39.99661660000001], [116.3377797, 39.9966027]]}}, {"type": "Feature", "id": "RD-00551", "properties": {"id": "RD-00551", "layer": "ROAD_CENTERLINE", "road_class": "local_access", "name_zh": "", "length_m": 133.1, "source_id": "OSM-DERIVED-CORRIDOR-20260808", "source_type": "osm", "confidence": "medium", "geometry_role": "existing_condition"}, "geometry": {"type": "LineString", "coordinates": [[116.32905759999998, 40.0131971], [116.3290664, 40.01284560000001], [116.32907280000002, 40.01270120000001], [116.32874379999998, 40.012682299999994], [116.32877490000001, 40.012234]]}}, {"type": "Feature", "id": "RD-00552", "properties": {"id": "RD-00552", "layer": "ROAD_CENTERLINE", "road_class": "local_access", "name_zh": "", "length_m": 98.8, "source_id": "OSM-DERIVED-CORRIDOR-20260808", "source_type": "osm", "confidence": "medium", "geometry_role": "existing_condition"}, "geometry": {"type": "LineString", "coordinates": [[116.3290664, 40.01284560000001], [116.3293925, 40.012849300000006], [116.32959460000001, 40.01285159999999], [116.32972269999999, 40.012853], [116.3299202, 40.01285529999999], [116.33022400000002, 40.01285870000001]]}}, {"type": "Feature", "id": "RD-00553", "properties": {"id": "RD-00553", "layer": "ROAD_CENTERLINE", "road_class": "local_access", "name_zh": "", "length_m": 229.6, "source_id": "OSM-DERIVED-CORRIDOR-20260808", "source_type": "osm", "confidence": "medium", "geometry_role": "existing_condition"}, "geometry": {"type": "LineString", "coordinates": [[116.3243687, 40.016338399999995], [116.3242522, 40.016749600000004], [116.32424240000002, 40.0171196], [116.3241832, 40.0175462], [116.32415360000002, 40.01792759999999], [116.3241695, 40.01801029999999], [116.32424240000002, 40.0183881]]}}, {"type": "Feature", "id": "RD-00554", "properties": {"id": "RD-00554", "layer": "ROAD_CENTERLINE", "road_class": "local_access", "name_zh": "", "length_m": 307.0, "source_id": "OSM-DERIVED-CORRIDOR-20260808", "source_type": "osm", "confidence": "medium", "geometry_role": "existing_condition"}, "geometry": {"type": "LineString", "coordinates": [[116.32424240000002, 40.0183881], [116.3244202, 40.018685899999994], [116.3247415, 40.01901780000001], [116.32516740000001, 40.01930960000001], [116.3254679, 40.0194775], [116.3257727, 40.0195328], [116.3264452, 40.0196527], [116.32677980000001, 40.0197039], [116.32711490000001, 40.01976580000001]]}}, {"type": "Feature", "id": "RD-00555", "properties": {"id": "RD-00555", "layer": "ROAD_CENTERLINE", "road_class": "local_access", "name_zh": "", "length_m": 131.1, "source_id": "OSM-DERIVED-CORRIDOR-20260808", "source_type": "osm", "confidence": "medium", "geometry_role": "existing_condition"}, "geometry": {"type": "LineString", "coordinates": [[116.3309347, 40.0193305], [116.33081209999999, 40.0193209], [116.3306826, 40.0193107], [116.3305233, 40.0193816], [116.330229, 40.0193192], [116.3300716, 40.01960989999999], [116.3297057, 40.01952359999999]]}}, {"type": "Feature", "id": "RD-00556", "properties": {"id": "RD-00556", "layer": "ROAD_CENTERLINE", "road_class": "local_access", "name_zh": "", "length_m": 105.1, "source_id": "OSM-DERIVED-CORRIDOR-20260808", "source_type": "osm", "confidence": "medium", "geometry_role": "existing_condition"}, "geometry": {"type": "LineString", "coordinates": [[116.3213474, 40.0148034], [116.32132149999998, 40.01574980000001]]}}, {"type": "Feature", "id": "RD-00557", "properties": {"id": "RD-00557", "layer": "ROAD_CENTERLINE", "road_class": "local_access", "name_zh": "", "length_m": 137.3, "source_id": "OSM-DERIVED-CORRIDOR-20260808", "source_type": "osm", "confidence": "medium", "geometry_role": "existing_condition"}, "geometry": {"type": "LineString", "coordinates": [[116.3325527, 40.0065233], [116.3321994, 40.0065036], [116.33226260000002, 40.00607209999999], [116.33201580000001, 40.00605259999999], [116.33182740000001, 40.0060377], [116.33157750000001, 40.006017899999996]]}}, {"type": "Feature", "id": "RD-00558", "properties": {"id": "RD-00558", "layer": "ROAD_CENTERLINE", "road_class": "local_access", "name_zh": "", "length_m": 71.1, "source_id": "OSM-DERIVED-CORRIDOR-20260808", "source_type": "osm", "confidence": "medium", "geometry_role": "existing_condition"}, "geometry": {"type": "LineString", "coordinates": [[116.33182740000001, 40.0060377], [116.331902, 40.0054001]]}}, {"type": "Feature", "id": "RD-00559", "properties": {"id": "RD-00559", "layer": "ROAD_CENTERLINE", "road_class": "local_access", "name_zh": "", "length_m": 80.6, "source_id": "OSM-DERIVED-CORRIDOR-20260808", "source_type": "osm", "confidence": "medium", "geometry_role": "existing_condition"}, "geometry": {"type": "LineString", "coordinates": [[116.3321994, 40.0065036], [116.33217510000001, 40.00664809999999], [116.3319281, 40.00663290000001], [116.3317861, 40.0066197], [116.3314238, 40.00659329999999]]}}, {"type": "Feature", "id": "RD-00560", "properties": {"id": "RD-00560", "layer": "ROAD_CENTERLINE", "road_class": "local_access", "name_zh": "", "length_m": 54.6, "source_id": "OSM-DERIVED-CORRIDOR-20260808", "source_type": "osm", "confidence": "medium", "geometry_role": "existing_condition"}, "geometry": {"type": "LineString", "coordinates": [[116.3317861, 40.0066197], [116.3317376, 40.00711020000001]]}}, {"type": "Feature", "id": "RD-00561", "properties": {"id": "RD-00561", "layer": "ROAD_CENTERLINE", "road_class": "local_access", "name_zh": "", "length_m": 85.3, "source_id": "OSM-DERIVED-CORRIDOR-20260808", "source_type": "osm", "confidence": "medium", "geometry_role": "existing_condition"}, "geometry": {"type": "LineString", "coordinates": [[116.3325527, 40.0065233], [116.33308440000002, 40.0065405], [116.3330448, 40.00689799999999]]}}, {"type": "Feature", "id": "RD-00562", "properties": {"id": "RD-00562", "layer": "ROAD_CENTERLINE", "road_class": "local_access", "name_zh": "", "length_m": 35.0, "source_id": "OSM-DERIVED-CORRIDOR-20260808", "source_type": "osm", "confidence": "medium", "geometry_role": "existing_condition"}, "geometry": {"type": "LineString", "coordinates": [[116.33308440000002, 40.0065405], [116.3334936, 40.00655179999999]]}}, {"type": "Feature", "id": "RD-00563", "properties": {"id": "RD-00563", "layer": "ROAD_CENTERLINE", "road_class": "local_access", "name_zh": "", "length_m": 103.1, "source_id": "OSM-DERIVED-CORRIDOR-20260808", "source_type": "osm", "confidence": "medium", "geometry_role": "existing_condition"}, "geometry": {"type": "LineString", "coordinates": [[116.3397555, 40.00959449999999], [116.3397821, 40.0102615], [116.3400335, 40.010437]]}}, {"type": "Feature", "id": "RD-00564", "properties": {"id": "RD-00564", "layer": "ROAD_CENTERLINE", "road_class": "local_access", "name_zh": "", "length_m": 39.8, "source_id": "OSM-DERIVED-CORRIDOR-20260808", "source_type": "osm", "confidence": "medium", "geometry_role": "existing_condition"}, "geometry": {"type": "LineString", "coordinates": [[116.3400335, 40.010437], [116.34003240000001, 40.01079519999999]]}}, {"type": "Feature", "id": "RD-00565", "properties": {"id": "RD-00565", "layer": "ROAD_CENTERLINE", "road_class": "local_access", "name_zh": "", "length_m": 183.3, "source_id": "OSM-DERIVED-CORRIDOR-20260808", "source_type": "osm", "confidence": "medium", "geometry_role": "existing_condition"}, "geometry": {"type": "LineString", "coordinates": [[116.3428826, 40.00934079999998], [116.34286760000002, 40.0109912]]}}, {"type": "Feature", "id": "RD-00566", "properties": {"id": "RD-00566", "layer": "ROAD_CENTERLINE", "road_class": "local_access", "name_zh": "", "length_m": 175.7, "source_id": "OSM-DERIVED-CORRIDOR-20260808", "source_type": "osm", "confidence": "medium", "geometry_role": "existing_condition"}, "geometry": {"type": "LineString", "coordinates": [[116.34286760000002, 40.0109912], [116.3418171, 40.01103509999999], [116.3408151, 40.0109677]]}}, {"type": "Feature", "id": "RD-00567", "properties": {"id": "RD-00567", "layer": "ROAD_CENTERLINE", "road_class": "local_access", "name_zh": "", "length_m": 122.3, "source_id": "OSM-DERIVED-CORRIDOR-20260808", "source_type": "osm", "confidence": "medium", "geometry_role": "existing_condition"}, "geometry": {"type": "LineString", "coordinates": [[116.3408151, 40.0109677], [116.3408033, 40.010458500000006], [116.3400335, 40.010437]]}}, {"type": "Feature", "id": "RD-00568", "properties": {"id": "RD-00568", "layer": "ROAD_CENTERLINE", "road_class": "local_access", "name_zh": "", "length_m": 113.1, "source_id": "OSM-DERIVED-CORRIDOR-20260808", "source_type": "osm", "confidence": "medium", "geometry_role": "existing_condition"}, "geometry": {"type": "LineString", "coordinates": [[116.33268270000002, 40.0005237], [116.3332533, 40.0005271], [116.33324910000002, 40.0007007], [116.33332849999998, 40.000702600000004], [116.33368970000001, 40.000711599999995], [116.3337764, 40.00071380000001]]}}, {"type": "Feature", "id": "RD-00569", "properties": {"id": "RD-00569", "layer": "ROAD_CENTERLINE", "road_class": "local_access", "name_zh": "", "length_m": 58.5, "source_id": "OSM-DERIVED-CORRIDOR-20260808", "source_type": "osm", "confidence": "medium", "geometry_role": "existing_condition"}, "geometry": {"type": "LineString", "coordinates": [[116.33332849999998, 40.000702600000004], [116.33330710000001, 40.00098259999999], [116.3333963, 40.00121899999999]]}}, {"type": "Feature", "id": "RD-00570", "properties": {"id": "RD-00570", "layer": "ROAD_CENTERLINE", "road_class": "local_access", "name_zh": "", "length_m": 29.6, "source_id": "OSM-DERIVED-CORRIDOR-20260808", "source_type": "osm", "confidence": "medium", "geometry_role": "existing_condition"}, "geometry": {"type": "LineString", "coordinates": [[116.3330955, 40.0014709], [116.3334257, 40.001390099999995]]}}, {"type": "Feature", "id": "RD-00571", "properties": {"id": "RD-00571", "layer": "ROAD_CENTERLINE", "road_class": "local_access", "name_zh": "", "length_m": 201.4, "source_id": "OSM-DERIVED-CORRIDOR-20260808", "source_type": "osm", "confidence": "medium", "geometry_role": "existing_condition"}, "geometry": {"type": "LineString", "coordinates": [[116.3330827, 39.9950759], [116.3330622, 39.995392], [116.33304159999999, 39.9957073], [116.3323357, 39.9957023], [116.33234550000002, 39.9953753], [116.3323508, 39.9950642]]}}, {"type": "Feature", "id": "RD-00572", "properties": {"id": "RD-00572", "layer": "ROAD_CENTERLINE", "road_class": "local_access", "name_zh": "", "length_m": 61.2, "source_id": "OSM-DERIVED-CORRIDOR-20260808", "source_type": "osm", "confidence": "medium", "geometry_role": "existing_condition"}, "geometry": {"type": "LineString", "coordinates": [[116.33234550000002, 39.9953753], [116.3330622, 39.995392]]}}, {"type": "Feature", "id": "RD-00573", "properties": {"id": "RD-00573", "layer": "ROAD_CENTERLINE", "road_class": "local_access", "name_zh": "", "length_m": 92.8, "source_id": "OSM-DERIVED-CORRIDOR-20260808", "source_type": "osm", "confidence": "medium", "geometry_role": "existing_condition"}, "geometry": {"type": "LineString", "coordinates": [[116.33235540000001, 39.99465849999999], [116.33344080000002, 39.9946914]]}}, {"type": "Feature", "id": "RD-00574", "properties": {"id": "RD-00574", "layer": "ROAD_CENTERLINE", "road_class": "local_access", "name_zh": "", "length_m": 100.9, "source_id": "OSM-DERIVED-CORRIDOR-20260808", "source_type": "osm", "confidence": "medium", "geometry_role": "existing_condition"}, "geometry": {"type": "LineString", "coordinates": [[116.3419578, 39.9770773], [116.34189550000002, 39.9770747], [116.34134830000002, 39.977049900000004], [116.3407784, 39.9770298]]}}, {"type": "Feature", "id": "RD-00575", "properties": {"id": "RD-00575", "layer": "ROAD_CENTERLINE", "road_class": "local_access", "name_zh": "", "length_m": 102.0, "source_id": "OSM-DERIVED-CORRIDOR-20260808", "source_type": "osm", "confidence": "medium", "geometry_role": "existing_condition"}, "geometry": {"type": "LineString", "coordinates": [[116.34134830000002, 39.977049900000004], [116.3415127, 39.9773387], [116.3414967, 39.977605899999986], [116.34187439999998, 39.9776159], [116.3419333, 39.97761739999999]]}}, {"type": "Feature", "id": "RD-00576", "properties": {"id": "RD-00576", "layer": "ROAD_CENTERLINE", "road_class": "local_access", "name_zh": "", "length_m": 116.3, "source_id": "OSM-DERIVED-CORRIDOR-20260808", "source_type": "osm", "confidence": "medium", "geometry_role": "existing_condition"}, "geometry": {"type": "LineString", "coordinates": [[116.34196550000001, 39.9764897], [116.3419258, 39.9764886], [116.34135230000001, 39.97647489999999], [116.34134830000002, 39.977049900000004]]}}, {"type": "Feature", "id": "RD-00577", "properties": {"id": "RD-00577", "layer": "ROAD_CENTERLINE", "road_class": "local_access", "name_zh": "", "length_m": 168.1, "source_id": "OSM-DERIVED-CORRIDOR-20260808", "source_type": "osm", "confidence": "medium", "geometry_role": "existing_condition"}, "geometry": {"type": "LineString", "coordinates": [[116.3407784, 39.9770298], [116.3404423, 39.976756], [116.34045840000002, 39.9763716], [116.3413114, 39.97638400000001], [116.34135230000001, 39.97647489999999]]}}, {"type": "Feature", "id": "RD-00578", "properties": {"id": "RD-00578", "layer": "ROAD_CENTERLINE", "road_class": "local_access", "name_zh": "", "length_m": 20.3, "source_id": "OSM-DERIVED-CORRIDOR-20260808", "source_type": "osm", "confidence": "medium", "geometry_role": "existing_condition"}, "geometry": {"type": "LineString", "coordinates": [[116.3280994, 40.01310109999999], [116.32810100000002, 40.0130159], [116.3281547, 40.012927499999996]]}}, {"type": "Feature", "id": "RD-00579", "properties": {"id": "RD-00579", "layer": "ROAD_CENTERLINE", "road_class": "local_access", "name_zh": "校园南路", "length_m": 230.4, "source_id": "OSM-DERIVED-CORRIDOR-20260808", "source_type": "osm", "confidence": "medium", "geometry_role": "existing_condition"}, "geometry": {"type": "LineString", "coordinates": [[116.3354569, 39.9797483], [116.3368716, 39.97978959999999], [116.3374602, 39.9798068], [116.3381526, 39.979827]]}}, {"type": "Feature", "id": "RD-00580", "properties": {"id": "RD-00580", "layer": "ROAD_CENTERLINE", "road_class": "local_access", "name_zh": "明光路", "length_m": 329.1, "source_id": "OSM-DERIVED-CORRIDOR-20260808", "source_type": "osm", "confidence": "medium", "geometry_role": "existing_condition"}, "geometry": {"type": "LineString", "coordinates": [[116.34178420000002, 39.9630594], [116.3416896, 39.964285100000005], [116.3414163, 39.966008600000016]]}}, {"type": "Feature", "id": "RD-00581", "properties": {"id": "RD-00581", "layer": "ROAD_CENTERLINE", "road_class": "local_access", "name_zh": "", "length_m": 242.4, "source_id": "OSM-DERIVED-CORRIDOR-20260808", "source_type": "osm", "confidence": "medium", "geometry_role": "existing_condition"}, "geometry": {"type": "LineString", "coordinates": [[116.32974879999999, 40.01800899999999], [116.3296874, 40.01808619999999], [116.32957300000001, 40.018483399999994], [116.3294883, 40.01850069999999], [116.32864080000002, 40.018382], [116.32859549999999, 40.01842220000001], [116.32834, 40.01930309999999]]}}, {"type": "Feature", "id": "RD-00582", "properties": {"id": "RD-00582", "layer": "ROAD_CENTERLINE", "road_class": "local_access", "name_zh": "", "length_m": 82.5, "source_id": "OSM-DERIVED-CORRIDOR-20260808", "source_type": "osm", "confidence": "medium", "geometry_role": "existing_condition"}, "geometry": {"type": "LineString", "coordinates": [[116.34568220000001, 39.9651644], [116.34493369999998, 39.9651461], [116.3447172, 39.9651408]]}}, {"type": "Feature", "id": "RD-00583", "properties": {"id": "RD-00583", "layer": "ROAD_CENTERLINE", "road_class": "local_access", "name_zh": "", "length_m": 45.0, "source_id": "OSM-DERIVED-CORRIDOR-20260808", "source_type": "osm", "confidence": "medium", "geometry_role": "existing_condition"}, "geometry": {"type": "LineString", "coordinates": [[116.34493369999998, 39.9651461], [116.3449559, 39.96485499999999], [116.34496450000002, 39.96474160000001]]}}, {"type": "Feature", "id": "RD-00584", "properties": {"id": "RD-00584", "layer": "ROAD_CENTERLINE", "road_class": "local_access", "name_zh": "", "length_m": 20.5, "source_id": "OSM-DERIVED-CORRIDOR-20260808", "source_type": "osm", "confidence": "medium", "geometry_role": "existing_condition"}, "geometry": {"type": "LineString", "coordinates": [[116.3441672, 39.96470569999999], [116.34438820000001, 39.9647088], [116.34440740000001, 39.964709]]}}, {"type": "Feature", "id": "RD-00585", "properties": {"id": "RD-00585", "layer": "ROAD_CENTERLINE", "road_class": "local_access", "name_zh": "", "length_m": 176.2, "source_id": "OSM-DERIVED-CORRIDOR-20260808", "source_type": "osm", "confidence": "medium", "geometry_role": "existing_condition"}, "geometry": {"type": "LineString", "coordinates": [[116.34651570000001, 39.96424460000001], [116.3459206, 39.96422259999999], [116.34445480000001, 39.9641887]]}}, {"type": "Feature", "id": "RD-00586", "properties": {"id": "RD-00586", "layer": "ROAD_CENTERLINE", "road_class": "local_access", "name_zh": "", "length_m": 195.8, "source_id": "OSM-DERIVED-CORRIDOR-20260808", "source_type": "osm", "confidence": "medium", "geometry_role": "existing_condition"}, "geometry": {"type": "LineString", "coordinates": [[116.33979639999998, 40.0124895], [116.34036610000001, 40.01252289999999], [116.3413464, 40.012598000000004], [116.34186500000001, 40.0126416], [116.3420796, 40.0126549]]}}, {"type": "Feature", "id": "RD-00587", "properties": {"id": "RD-00587", "layer": "ROAD_CENTERLINE", "road_class": "local_access", "name_zh": "", "length_m": 112.5, "source_id": "OSM-DERIVED-CORRIDOR-20260808", "source_type": "osm", "confidence": "medium", "geometry_role": "existing_condition"}, "geometry": {"type": "LineString", "coordinates": [[116.3304525, 39.980708799999995], [116.3305147, 39.9802009], [116.3311646, 39.980258400000004]]}}, {"type": "Feature", "id": "RD-00588", "properties": {"id": "RD-00588", "layer": "ROAD_CENTERLINE", "road_class": "local_access", "name_zh": "", "length_m": 108.4, "source_id": "OSM-DERIVED-CORRIDOR-20260808", "source_type": "osm", "confidence": "medium", "geometry_role": "existing_condition"}, "geometry": {"type": "LineString", "coordinates": [[116.33731969999998, 39.9896367], [116.33677929999999, 39.989611399999994], [116.3362721, 39.9895965], [116.3360522, 39.9895901]]}}, {"type": "Feature", "id": "RD-00589", "properties": {"id": "RD-00589", "layer": "ROAD_CENTERLINE", "road_class": "local_access", "name_zh": "", "length_m": 239.0, "source_id": "OSM-DERIVED-CORRIDOR-20260808", "source_type": "osm", "confidence": "medium", "geometry_role": "existing_condition"}, "geometry": {"type": "LineString", "coordinates": [[116.34194029999999, 40.006339499999996], [116.34191390000001, 40.0066837], [116.34190640000001, 40.008491299999996]]}}, {"type": "Feature", "id": "RD-00590", "properties": {"id": "RD-00590", "layer": "ROAD_CENTERLINE", "road_class": "local_access", "name_zh": "", "length_m": 26.8, "source_id": "OSM-DERIVED-CORRIDOR-20260808", "source_type": "osm", "confidence": "medium", "geometry_role": "existing_condition"}, "geometry": {"type": "LineString", "coordinates": [[116.3360522, 39.9895901], [116.33593059999998, 39.989506000000006], [116.3358625, 39.9894028]]}}, {"type": "Feature", "id": "RD-00591", "properties": {"id": "RD-00591", "layer": "ROAD_CENTERLINE", "road_class": "local_access", "name_zh": "", "length_m": 25.8, "source_id": "OSM-DERIVED-CORRIDOR-20260808", "source_type": "osm", "confidence": "medium", "geometry_role": "existing_condition"}, "geometry": {"type": "LineString", "coordinates": [[116.34212750000002, 39.9919787], [116.34212839999999, 39.9919407], [116.34213029999998, 39.99187739999999], [116.3421313, 39.9918127], [116.34213290000001, 39.991746500000005]]}}, {"type": "Feature", "id": "RD-00592", "properties": {"id": "RD-00592", "layer": "ROAD_CENTERLINE", "road_class": "local_access", "name_zh": "地大南路", "length_m": 292.3, "source_id": "OSM-DERIVED-CORRIDOR-20260808", "source_type": "osm", "confidence": "medium", "geometry_role": "existing_condition"}, "geometry": {"type": "LineString", "coordinates": [[116.3388299, 39.9874494], [116.33971199999999, 39.98747139999998], [116.3422507, 39.98751690000001]]}}, {"type": "Feature", "id": "RD-00593", "properties": {"id": "RD-00593", "layer": "ROAD_CENTERLINE", "road_class": "local_access", "name_zh": "", "length_m": 218.3, "source_id": "OSM-DERIVED-CORRIDOR-20260808", "source_type": "osm", "confidence": "medium", "geometry_role": "existing_condition"}, "geometry": {"type": "LineString", "coordinates": [[116.3422507, 39.98751690000001], [116.34229100000002, 39.9868546], [116.34232400000002, 39.98631319999999], [116.3423407, 39.9860394], [116.3423583, 39.985749999999996], [116.34236339999998, 39.9856665], [116.3423637, 39.9856596], [116.34236789999999, 39.98555309999999]]}}, {"type": "Feature", "id": "RD-00594", "properties": {"id": "RD-00594", "layer": "ROAD_CENTERLINE", "road_class": "local_access", "name_zh": "", "length_m": 77.8, "source_id": "OSM-DERIVED-CORRIDOR-20260808", "source_type": "osm", "confidence": "medium", "geometry_role": "existing_condition"}, "geometry": {"type": "LineString", "coordinates": [[116.34165659999998, 39.98973229999999], [116.3416795, 39.989032200000004]]}}, {"type": "Feature", "id": "RD-00595", "properties": {"id": "RD-00595", "layer": "ROAD_CENTERLINE", "road_class": "local_access", "name_zh": "", "length_m": 123.7, "source_id": "OSM-DERIVED-CORRIDOR-20260808", "source_type": "osm", "confidence": "medium", "geometry_role": "existing_condition"}, "geometry": {"type": "LineString", "coordinates": [[116.33504640000001, 39.987683100000005], [116.3350867, 39.9870187], [116.3356706, 39.987031300000005]]}}, {"type": "Feature", "id": "RD-00596", "properties": {"id": "RD-00596", "layer": "ROAD_CENTERLINE", "road_class": "local_access", "name_zh": "", "length_m": 79.3, "source_id": "OSM-DERIVED-CORRIDOR-20260808", "source_type": "osm", "confidence": "medium", "geometry_role": "existing_condition"}, "geometry": {"type": "LineString", "coordinates": [[116.3370434, 39.9881296], [116.33704660000001, 39.988082299999995], [116.33705350000001, 39.98797879999999], [116.3370695, 39.98773969999999], [116.3370912, 39.987416499999995]]}}, {"type": "Feature", "id": "RD-00597", "properties": {"id": "RD-00597", "layer": "ROAD_CENTERLINE", "road_class": "local_access", "name_zh": "", "length_m": 172.4, "source_id": "OSM-DERIVED-CORRIDOR-20260808", "source_type": "osm", "confidence": "medium", "geometry_role": "existing_condition"}, "geometry": {"type": "LineString", "coordinates": [[116.33502990000001, 39.9880159], [116.3360986, 39.988051199999994], [116.3366612, 39.98806979999999], [116.33704660000001, 39.988082299999995]]}}, {"type": "Feature", "id": "RD-00598", "properties": {"id": "RD-00598", "layer": "ROAD_CENTERLINE", "road_class": "local_access", "name_zh": "", "length_m": 287.8, "source_id": "OSM-DERIVED-CORRIDOR-20260808", "source_type": "osm", "confidence": "medium", "geometry_role": "existing_condition"}, "geometry": {"type": "LineString", "coordinates": [[116.3388263, 39.988883599999994], [116.3398985, 39.98892469999999], [116.3411901, 39.9889658], [116.34219290000001, 39.9889847]]}}, {"type": "Feature", "id": "RD-00599", "properties": {"id": "RD-00599", "layer": "ROAD_CENTERLINE", "road_class": "local_access", "name_zh": "", "length_m": 81.9, "source_id": "OSM-DERIVED-CORRIDOR-20260808", "source_type": "osm", "confidence": "medium", "geometry_role": "existing_condition"}, "geometry": {"type": "LineString", "coordinates": [[116.3400335, 39.99080359999999], [116.3400485, 39.99039580000001], [116.34006060000002, 39.990066399999996]]}}, {"type": "Feature", "id": "RD-00600", "properties": {"id": "RD-00600", "layer": "ROAD_CENTERLINE", "road_class": "local_access", "name_zh": "", "length_m": 82.2, "source_id": "OSM-DERIVED-CORRIDOR-20260808", "source_type": "osm", "confidence": "medium", "geometry_role": "existing_condition"}, "geometry": {"type": "LineString", "coordinates": [[116.34057919999998, 39.9908171], [116.3405951, 39.9904086], [116.34060790000001, 39.99007749999999]]}}, {"type": "Feature", "id": "RD-00601", "properties": {"id": "RD-00601", "layer": "ROAD_CENTERLINE", "road_class": "local_access", "name_zh": "", "length_m": 225.7, "source_id": "OSM-DERIVED-CORRIDOR-20260808", "source_type": "osm", "confidence": "medium", "geometry_role": "existing_condition"}, "geometry": {"type": "LineString", "coordinates": [[116.3344257, 39.9932271], [116.3356795, 39.993262099999995], [116.33706459999999, 39.99332789999999]]}}, {"type": "Feature", "id": "RD-00602", "properties": {"id": "RD-00602", "layer": "ROAD_CENTERLINE", "road_class": "local_access", "name_zh": "", "length_m": 192.8, "source_id": "OSM-DERIVED-CORRIDOR-20260808", "source_type": "osm", "confidence": "medium", "geometry_role": "existing_condition"}, "geometry": {"type": "LineString", "coordinates": [[116.33706459999999, 39.99332789999999], [116.33699170000001, 39.99493469999999], [116.33698819999998, 39.995011], [116.33699, 39.99506290000002]]}}, {"type": "Feature", "id": "RD-00603", "properties": {"id": "RD-00603", "layer": "ROAD_CENTERLINE", "road_class": "local_access", "name_zh": "", "length_m": 66.0, "source_id": "OSM-DERIVED-CORRIDOR-20260808", "source_type": "osm", "confidence": "medium", "geometry_role": "existing_condition"}, "geometry": {"type": "LineString", "coordinates": [[116.3370978, 39.9927343], [116.33706459999999, 39.99332789999999]]}}, {"type": "Feature", "id": "RD-00604", "properties": {"id": "RD-00604", "layer": "ROAD_CENTERLINE", "road_class": "local_access", "name_zh": "", "length_m": 89.4, "source_id": "OSM-DERIVED-CORRIDOR-20260808", "source_type": "osm", "confidence": "medium", "geometry_role": "existing_condition"}, "geometry": {"type": "LineString", "coordinates": [[116.33454830000001, 39.994231199999994], [116.3345554, 39.994106499999994], [116.33459399999998, 39.993426899999996]]}}, {"type": "Feature", "id": "RD-00605", "properties": {"id": "RD-00605", "layer": "ROAD_CENTERLINE", "road_class": "local_access", "name_zh": "", "length_m": 199.3, "source_id": "OSM-DERIVED-CORRIDOR-20260808", "source_type": "osm", "confidence": "medium", "geometry_role": "existing_condition"}, "geometry": {"type": "LineString", "coordinates": [[116.3345554, 39.994106499999994], [116.3352172, 39.99413059999999], [116.3355264, 39.9941244], [116.3356363, 39.994081200000004], [116.3358392, 39.99405039999999], [116.33686809999999, 39.9941033]]}}, {"type": "Feature", "id": "RD-00606", "properties": {"id": "RD-00606", "layer": "ROAD_CENTERLINE", "road_class": "local_access", "name_zh": "", "length_m": 123.9, "source_id": "OSM-DERIVED-CORRIDOR-20260808", "source_type": "osm", "confidence": "medium", "geometry_role": "existing_condition"}, "geometry": {"type": "LineString", "coordinates": [[116.3356706, 39.987031300000005], [116.33586749999999, 39.9870501], [116.3363317, 39.98709430000001], [116.3371097, 39.9871684]]}}, {"type": "Feature", "id": "RD-00607", "properties": {"id": "RD-00607", "layer": "ROAD_CENTERLINE", "road_class": "local_access", "name_zh": "", "length_m": 141.5, "source_id": "OSM-DERIVED-CORRIDOR-20260808", "source_type": "osm", "confidence": "medium", "geometry_role": "existing_condition"}, "geometry": {"type": "LineString", "coordinates": [[116.34055330000001, 39.98854209999999], [116.3422086, 39.9885858]]}}, {"type": "Feature", "id": "RD-00608", "properties": {"id": "RD-00608", "layer": "ROAD_CENTERLINE", "road_class": "local_access", "name_zh": "", "length_m": 63.8, "source_id": "OSM-DERIVED-CORRIDOR-20260808", "source_type": "osm", "confidence": "medium", "geometry_role": "existing_condition"}, "geometry": {"type": "LineString", "coordinates": [[116.33849359999999, 39.99133629999999], [116.33924099999999, 39.99134759999999]]}}, {"type": "Feature", "id": "RD-00609", "properties": {"id": "RD-00609", "layer": "ROAD_CENTERLINE", "road_class": "local_access", "name_zh": "", "length_m": 63.8, "source_id": "OSM-DERIVED-CORRIDOR-20260808", "source_type": "osm", "confidence": "medium", "geometry_role": "existing_condition"}, "geometry": {"type": "LineString", "coordinates": [[116.3468591, 39.98893499999999], [116.3461129, 39.988917300000004]]}}, {"type": "Feature", "id": "RD-00610", "properties": {"id": "RD-00610", "layer": "ROAD_CENTERLINE", "road_class": "local_access", "name_zh": "", "length_m": 64.1, "source_id": "OSM-DERIVED-CORRIDOR-20260808", "source_type": "osm", "confidence": "medium", "geometry_role": "existing_condition"}, "geometry": {"type": "LineString", "coordinates": [[116.3461244, 39.9886129], [116.3468752, 39.9886226]]}}, {"type": "Feature", "id": "RD-00611", "properties": {"id": "RD-00611", "layer": "ROAD_CENTERLINE", "road_class": "local_access", "name_zh": "", "length_m": 37.0, "source_id": "OSM-DERIVED-CORRIDOR-20260808", "source_type": "osm", "confidence": "medium", "geometry_role": "existing_condition"}, "geometry": {"type": "LineString", "coordinates": [[116.33502990000001, 39.9880159], [116.33504640000001, 39.987683100000005]]}}, {"type": "Feature", "id": "RD-00612", "properties": {"id": "RD-00612", "layer": "ROAD_CENTERLINE", "road_class": "branch", "name_zh": "四道口路", "length_m": 701.6, "source_id": "OSM-DERIVED-CORRIDOR-20260808", "source_type": "osm", "confidence": "medium", "geometry_role": "existing_condition"}, "geometry": {"type": "LineString", "coordinates": [[116.3371701, 39.96084669999999], [116.3370393, 39.9609805], [116.3365088, 39.96138870000001], [116.3361041, 39.96171489999999], [116.33469959999998, 39.96278780000001], [116.33441500000002, 39.96299969999999], [116.33433370000002, 39.963068199999995], [116.33423210000001, 39.96315859999999], [116.3341305, 39.96324899999999], [116.3340146, 39.96336109999999], [116.3339394, 39.96344529999999], [116.33382550000002, 39.96359170000001], [116.3337381, 39.96372410000001], [116.3336324, 39.963879899999995], [116.33356740000002, 39.96399679999999], [116.33348809999998, 39.9641495], [116.3334393, 39.9642679], [116.33339260000001, 39.96440650000001], [116.33336410000001, 39.9645203], [116.3333316, 39.9646543], [116.33330920000002, 39.9648007], [116.33329090000001, 39.964947200000005], [116.33317210000001, 39.9659632], [116.3331703, 39.96597819999999], [116.3331608, 39.9660597]]}}, {"type": "Feature", "id": "RD-00613", "properties": {"id": "RD-00613", "layer": "ROAD_CENTERLINE", "road_class": "secondary", "name_zh": "荷清路", "length_m": 93.6, "source_id": "OSM-DERIVED-CORRIDOR-20260808", "source_type": "osm", "confidence": "medium", "geometry_role": "existing_condition"}, "geometry": {"type": "LineString", "coordinates": [[116.32097229999998, 40.01199919999999], [116.3214915, 40.012012299999995], [116.3218858, 40.012029399999996], [116.3220384, 40.012105999999996]]}}, {"type": "Feature", "id": "RD-00614", "properties": {"id": "RD-00614", "layer": "ROAD_CENTERLINE", "road_class": "secondary", "name_zh": "荷清路", "length_m": 93.8, "source_id": "OSM-DERIVED-CORRIDOR-20260808", "source_type": "osm", "confidence": "medium", "geometry_role": "existing_condition"}, "geometry": {"type": "LineString", "coordinates": [[116.3220384, 40.012105999999996], [116.3214604, 40.012093699999994], [116.32111419999998, 40.0120937], [116.32094010000002, 40.0120937]]}}, {"type": "Feature", "id": "RD-00615", "properties": {"id": "RD-00615", "layer": "ROAD_CENTERLINE", "road_class": "local_access", "name_zh": "", "length_m": 73.5, "source_id": "OSM-DERIVED-CORRIDOR-20260808", "source_type": "osm", "confidence": "medium", "geometry_role": "existing_condition"}, "geometry": {"type": "LineString", "coordinates": [[116.3428309, 40.00334780000001], [116.343691, 40.00336949999999]]}}, {"type": "Feature", "id": "RD-00616", "properties": {"id": "RD-00616", "layer": "ROAD_CENTERLINE", "road_class": "local_access", "name_zh": "", "length_m": 264.4, "source_id": "OSM-DERIVED-CORRIDOR-20260808", "source_type": "osm", "confidence": "medium", "geometry_role": "existing_condition"}, "geometry": {"type": "LineString", "coordinates": [[116.34374829999999, 40.002543100000004], [116.343691, 40.00336949999999], [116.3436617, 40.0042847], [116.34352740000001, 40.004487600000004], [116.343516, 40.004897799999995]]}}, {"type": "Feature", "id": "RD-00617", "properties": {"id": "RD-00617", "layer": "ROAD_CENTERLINE", "road_class": "branch", "name_zh": "", "length_m": 27.7, "source_id": "OSM-DERIVED-CORRIDOR-20260808", "source_type": "osm", "confidence": "medium", "geometry_role": "existing_condition"}, "geometry": {"type": "LineString", "coordinates": [[116.34676859999999, 39.98513710000001], [116.3470517, 39.98501520000001]]}}, {"type": "Feature", "id": "RD-00618", "properties": {"id": "RD-00618", "layer": "ROAD_CENTERLINE", "road_class": "branch", "name_zh": "", "length_m": 25.0, "source_id": "OSM-DERIVED-CORRIDOR-20260808", "source_type": "osm", "confidence": "medium", "geometry_role": "existing_condition"}, "geometry": {"type": "LineString", "coordinates": [[116.3469523, 39.9859749], [116.3467685, 39.9857998]]}}, {"type": "Feature", "id": "RD-00619", "properties": {"id": "RD-00619", "layer": "ROAD_CENTERLINE", "road_class": "local_access", "name_zh": "", "length_m": 695.7, "source_id": "OSM-DERIVED-CORRIDOR-20260808", "source_type": "osm", "confidence": "medium", "geometry_role": "existing_condition"}, "geometry": {"type": "LineString", "coordinates": [[116.34348930000002, 39.956782], [116.3434586, 39.9568485], [116.34076540000001, 39.96268589999998]]}}]}